Using cpu device
Wrapping the env with a `Monitor` wrapper
Wrapping the env in a DummyVecEnv.
-----------------------------
| time/              |      |
|    fps             | 2115 |
|    iterations      | 1    |
|    time_elapsed    | 0    |
|    total_timesteps | 1024 |
-----------------------------
-------------------------------------------
| rollout/                |               |
|    ep_len_mean          | 1.44e+03      |
|    ep_rew_mean          | 1.43e+03      |
| time/                   |               |
|    fps                  | 1990          |
|    iterations           | 2             |
|    time_elapsed         | 1             |
|    total_timesteps      | 2048          |
| train/                  |               |
|    approx_kl            | 0.011907086   |
|    clip_fraction        | 0.183         |
|    clip_range           | 0.2           |
|    entropy_loss         | -17           |
|    explained_variance   | -0.0027481318 |
|    learning_rate        | 0.0003        |
|    loss                 | 91.3          |
|    n_updates            | 10            |
|    policy_gradient_loss | -0.0136       |
|    std                  | 1             |
|    value_loss           | 227           |
-------------------------------------------
------------------------------------------
| rollout/                |              |
|    ep_len_mean          | 1.44e+03     |
|    ep_rew_mean          | 1.43e+03     |
| time/                   |              |
|    fps                  | 1951         |
|    iterations           | 3            |
|    time_elapsed         | 1            |
|    total_timesteps      | 3072         |
| train/                  |              |
|    approx_kl            | 0.010869515  |
|    clip_fraction        | 0.138        |
|    clip_range           | 0.2          |
|    entropy_loss         | -17          |
|    explained_variance   | 0.0015403628 |
|    learning_rate        | 0.0003       |
|    loss                 | 86           |
|    n_updates            | 20           |
|    policy_gradient_loss | -0.0119      |
|    std                  | 0.999        |
|    value_loss           | 210          |
------------------------------------------
------------------------------------------
| rollout/                |              |
|    ep_len_mean          | 1.44e+03     |
|    ep_rew_mean          | 1.43e+03     |
| time/                   |              |
|    fps                  | 1932         |
|    iterations           | 4            |
|    time_elapsed         | 2            |
|    total_timesteps      | 4096         |
| train/                  |              |
|    approx_kl            | 0.010359284  |
|    clip_fraction        | 0.129        |
|    clip_range           | 0.2          |
|    entropy_loss         | -17          |
|    explained_variance   | -0.007695198 |
|    learning_rate        | 0.0003       |
|    loss                 | 91.8         |
|    n_updates            | 30           |
|    policy_gradient_loss | -0.0111      |
|    std                  | 0.997        |
|    value_loss           | 208          |
------------------------------------------
-------------------------------------------
| rollout/                |               |
|    ep_len_mean          | 1.44e+03      |
|    ep_rew_mean          | 1.43e+03      |
| time/                   |               |
|    fps                  | 1923          |
|    iterations           | 5             |
|    time_elapsed         | 2             |
|    total_timesteps      | 5120          |
| train/                  |               |
|    approx_kl            | 0.017156813   |
|    clip_fraction        | 0.171         |
|    clip_range           | 0.2           |
|    entropy_loss         | -17           |
|    explained_variance   | -0.0076714754 |
|    learning_rate        | 0.0003        |
|    loss                 | 98.1          |
|    n_updates            | 40            |
|    policy_gradient_loss | -0.011        |
|    std                  | 0.998         |
|    value_loss           | 214           |
-------------------------------------------
-------------------------------------------
| rollout/                |               |
|    ep_len_mean          | 1.44e+03      |
|    ep_rew_mean          | 1.43e+03      |
| time/                   |               |
|    fps                  | 1917          |
|    iterations           | 6             |
|    time_elapsed         | 3             |
|    total_timesteps      | 6144          |
| train/                  |               |
|    approx_kl            | 0.015175957   |
|    clip_fraction        | 0.144         |
|    clip_range           | 0.2           |
|    entropy_loss         | -17           |
|    explained_variance   | 0.00072580576 |
|    learning_rate        | 0.0003        |
|    loss                 | 94.5          |
|    n_updates            | 50            |
|    policy_gradient_loss | -0.0111       |
|    std                  | 0.998         |
|    value_loss           | 206           |
-------------------------------------------
------------------------------------------
| rollout/                |              |
|    ep_len_mean          | 1.44e+03     |
|    ep_rew_mean          | 1.43e+03     |
| time/                   |              |
|    fps                  | 1916         |
|    iterations           | 7            |
|    time_elapsed         | 3            |
|    total_timesteps      | 7168         |
| train/                  |              |
|    approx_kl            | 0.00981809   |
|    clip_fraction        | 0.133        |
|    clip_range           | 0.2          |
|    entropy_loss         | -17          |
|    explained_variance   | 0.0017473102 |
|    learning_rate        | 0.0003       |
|    loss                 | 95.5         |
|    n_updates            | 60           |
|    policy_gradient_loss | -0.011       |
|    std                  | 0.998        |
|    value_loss           | 204          |
------------------------------------------
-------------------------------------------
| rollout/                |               |
|    ep_len_mean          | 1.44e+03      |
|    ep_rew_mean          | 1.43e+03      |
| time/                   |               |
|    fps                  | 1917          |
|    iterations           | 8             |
|    time_elapsed         | 4             |
|    total_timesteps      | 8192          |
| train/                  |               |
|    approx_kl            | 0.019416427   |
|    clip_fraction        | 0.185         |
|    clip_range           | 0.2           |
|    entropy_loss         | -17           |
|    explained_variance   | -0.0015398264 |
|    learning_rate        | 0.0003        |
|    loss                 | 95.8          |
|    n_updates            | 70            |
|    policy_gradient_loss | -0.0117       |
|    std                  | 0.998         |
|    value_loss           | 205           |
-------------------------------------------
-------------------------------------------
| rollout/                |               |
|    ep_len_mean          | 1.44e+03      |
|    ep_rew_mean          | 1.43e+03      |
| time/                   |               |
|    fps                  | 1918          |
|    iterations           | 9             |
|    time_elapsed         | 4             |
|    total_timesteps      | 9216          |
| train/                  |               |
|    approx_kl            | 0.01305482    |
|    clip_fraction        | 0.14          |
|    clip_range           | 0.2           |
|    entropy_loss         | -17           |
|    explained_variance   | -0.0005803108 |
|    learning_rate        | 0.0003        |
|    loss                 | 91.7          |
|    n_updates            | 80            |
|    policy_gradient_loss | -0.0111       |
|    std                  | 0.998         |
|    value_loss           | 195           |
-------------------------------------------
-------------------------------------------
| rollout/                |               |
|    ep_len_mean          | 1.44e+03      |
|    ep_rew_mean          | 1.43e+03      |
| time/                   |               |
|    fps                  | 1920          |
|    iterations           | 10            |
|    time_elapsed         | 5             |
|    total_timesteps      | 10240         |
| train/                  |               |
|    approx_kl            | 0.011432671   |
|    clip_fraction        | 0.139         |
|    clip_range           | 0.2           |
|    entropy_loss         | -17           |
|    explained_variance   | -0.0006722212 |
|    learning_rate        | 0.0003        |
|    loss                 | 89.5          |
|    n_updates            | 90            |
|    policy_gradient_loss | -0.0107       |
|    std                  | 0.999         |
|    value_loss           | 190           |
-------------------------------------------
-------------------------------------------
| rollout/                |               |
|    ep_len_mean          | 1.44e+03      |
|    ep_rew_mean          | 1.43e+03      |
| time/                   |               |
|    fps                  | 1923          |
|    iterations           | 11            |
|    time_elapsed         | 5             |
|    total_timesteps      | 11264         |
| train/                  |               |
|    approx_kl            | 0.013611339   |
|    clip_fraction        | 0.183         |
|    clip_range           | 0.2           |
|    entropy_loss         | -17           |
|    explained_variance   | -0.0001513958 |
|    learning_rate        | 0.0003        |
|    loss                 | 88.8          |
|    n_updates            | 100           |
|    policy_gradient_loss | -0.0138       |
|    std                  | 1             |
|    value_loss           | 187           |
-------------------------------------------
-------------------------------------------
| rollout/                |               |
|    ep_len_mean          | 1.44e+03      |
|    ep_rew_mean          | 1.43e+03      |
| time/                   |               |
|    fps                  | 1924          |
|    iterations           | 12            |
|    time_elapsed         | 6             |
|    total_timesteps      | 12288         |
| train/                  |               |
|    approx_kl            | 0.017120054   |
|    clip_fraction        | 0.173         |
|    clip_range           | 0.2           |
|    entropy_loss         | -17           |
|    explained_variance   | -0.0008174181 |
|    learning_rate        | 0.0003        |
|    loss                 | 87.5          |
|    n_updates            | 110           |
|    policy_gradient_loss | -0.0112       |
|    std                  | 0.999         |
|    value_loss           | 187           |
-------------------------------------------
-------------------------------------------
| rollout/                |               |
|    ep_len_mean          | 1.44e+03      |
|    ep_rew_mean          | 1.43e+03      |
| time/                   |               |
|    fps                  | 1924          |
|    iterations           | 13            |
|    time_elapsed         | 6             |
|    total_timesteps      | 13312         |
| train/                  |               |
|    approx_kl            | 0.010991575   |
|    clip_fraction        | 0.151         |
|    clip_range           | 0.2           |
|    entropy_loss         | -17           |
|    explained_variance   | 0.00066161156 |
|    learning_rate        | 0.0003        |
|    loss                 | 84.6          |
|    n_updates            | 120           |
|    policy_gradient_loss | -0.0121       |
|    std                  | 0.998         |
|    value_loss           | 178           |
-------------------------------------------
--------------------------------------------
| rollout/                |                |
|    ep_len_mean          | 1.44e+03       |
|    ep_rew_mean          | 1.43e+03       |
| time/                   |                |
|    fps                  | 1925           |
|    iterations           | 14             |
|    time_elapsed         | 7              |
|    total_timesteps      | 14336          |
| train/                  |                |
|    approx_kl            | 0.018246103    |
|    clip_fraction        | 0.204          |
|    clip_range           | 0.2            |
|    entropy_loss         | -17            |
|    explained_variance   | -0.00015830994 |
|    learning_rate        | 0.0003         |
|    loss                 | 83.3           |
|    n_updates            | 130            |
|    policy_gradient_loss | -0.0141        |
|    std                  | 0.998          |
|    value_loss           | 176            |
--------------------------------------------
-------------------------------------------
| rollout/                |               |
|    ep_len_mean          | 1.44e+03      |
|    ep_rew_mean          | 1.43e+03      |
| time/                   |               |
|    fps                  | 1924          |
|    iterations           | 15            |
|    time_elapsed         | 7             |
|    total_timesteps      | 15360         |
| train/                  |               |
|    approx_kl            | 0.014875262   |
|    clip_fraction        | 0.194         |
|    clip_range           | 0.2           |
|    entropy_loss         | -17           |
|    explained_variance   | -0.0002951622 |
|    learning_rate        | 0.0003        |
|    loss                 | 83.4          |
|    n_updates            | 140           |
|    policy_gradient_loss | -0.0153       |
|    std                  | 0.998         |
|    value_loss           | 175           |
-------------------------------------------
-------------------------------------------
| rollout/                |               |
|    ep_len_mean          | 1.44e+03      |
|    ep_rew_mean          | 1.43e+03      |
| time/                   |               |
|    fps                  | 1923          |
|    iterations           | 16            |
|    time_elapsed         | 8             |
|    total_timesteps      | 16384         |
| train/                  |               |
|    approx_kl            | 0.007995752   |
|    clip_fraction        | 0.123         |
|    clip_range           | 0.2           |
|    entropy_loss         | -17           |
|    explained_variance   | 0.00029301643 |
|    learning_rate        | 0.0003        |
|    loss                 | 78            |
|    n_updates            | 150           |
|    policy_gradient_loss | -0.0136       |
|    std                  | 0.997         |
|    value_loss           | 168           |
-------------------------------------------
-------------------------------------------
| rollout/                |               |
|    ep_len_mean          | 1.44e+03      |
|    ep_rew_mean          | 1.43e+03      |
| time/                   |               |
|    fps                  | 1923          |
|    iterations           | 17            |
|    time_elapsed         | 9             |
|    total_timesteps      | 17408         |
| train/                  |               |
|    approx_kl            | 0.012606198   |
|    clip_fraction        | 0.145         |
|    clip_range           | 0.2           |
|    entropy_loss         | -17           |
|    explained_variance   | 0.00031024218 |
|    learning_rate        | 0.0003        |
|    loss                 | 76.2          |
|    n_updates            | 160           |
|    policy_gradient_loss | -0.0124       |
|    std                  | 0.996         |
|    value_loss           | 165           |
-------------------------------------------
--------------------------------------------
| rollout/                |                |
|    ep_len_mean          | 1.44e+03       |
|    ep_rew_mean          | 1.43e+03       |
| time/                   |                |
|    fps                  | 1922           |
|    iterations           | 18             |
|    time_elapsed         | 9              |
|    total_timesteps      | 18432          |
| train/                  |                |
|    approx_kl            | 0.007272342    |
|    clip_fraction        | 0.109          |
|    clip_range           | 0.2            |
|    entropy_loss         | -17            |
|    explained_variance   | -0.00019466877 |
|    learning_rate        | 0.0003         |
|    loss                 | 74.7           |
|    n_updates            | 170            |
|    policy_gradient_loss | -0.0112        |
|    std                  | 0.998          |
|    value_loss           | 163            |
--------------------------------------------
--------------------------------------------
| rollout/                |                |
|    ep_len_mean          | 1.44e+03       |
|    ep_rew_mean          | 1.43e+03       |
| time/                   |                |
|    fps                  | 1922           |
|    iterations           | 19             |
|    time_elapsed         | 10             |
|    total_timesteps      | 19456          |
| train/                  |                |
|    approx_kl            | 0.020131696    |
|    clip_fraction        | 0.245          |
|    clip_range           | 0.2            |
|    entropy_loss         | -17            |
|    explained_variance   | -0.00024580956 |
|    learning_rate        | 0.0003         |
|    loss                 | 75             |
|    n_updates            | 180            |
|    policy_gradient_loss | -0.0149        |
|    std                  | 0.997          |
|    value_loss           | 162            |
--------------------------------------------
--------------------------------------------
| rollout/                |                |
|    ep_len_mean          | 1.44e+03       |
|    ep_rew_mean          | 1.43e+03       |
| time/                   |                |
|    fps                  | 1922           |
|    iterations           | 20             |
|    time_elapsed         | 10             |
|    total_timesteps      | 20480          |
| train/                  |                |
|    approx_kl            | 0.011918748    |
|    clip_fraction        | 0.14           |
|    clip_range           | 0.2            |
|    entropy_loss         | -17            |
|    explained_variance   | -0.00023722649 |
|    learning_rate        | 0.0003         |
|    loss                 | 74             |
|    n_updates            | 190            |
|    policy_gradient_loss | -0.0113        |
|    std                  | 0.995          |
|    value_loss           | 155            |
--------------------------------------------
--------------------------------------------
| rollout/                |                |
|    ep_len_mean          | 1.44e+03       |
|    ep_rew_mean          | 1.43e+03       |
| time/                   |                |
|    fps                  | 1922           |
|    iterations           | 21             |
|    time_elapsed         | 11             |
|    total_timesteps      | 21504          |
| train/                  |                |
|    approx_kl            | 0.016147448    |
|    clip_fraction        | 0.228          |
|    clip_range           | 0.2            |
|    entropy_loss         | -17            |
|    explained_variance   | -0.00034797192 |
|    learning_rate        | 0.0003         |
|    loss                 | 70.2           |
|    n_updates            | 200            |
|    policy_gradient_loss | -0.0157        |
|    std                  | 0.995          |
|    value_loss           | 151            |
--------------------------------------------
--------------------------------------------
| rollout/                |                |
|    ep_len_mean          | 1.44e+03       |
|    ep_rew_mean          | 1.43e+03       |
| time/                   |                |
|    fps                  | 1922           |
|    iterations           | 22             |
|    time_elapsed         | 11             |
|    total_timesteps      | 22528          |
| train/                  |                |
|    approx_kl            | 0.014615219    |
|    clip_fraction        | 0.205          |
|    clip_range           | 0.2            |
|    entropy_loss         | -17            |
|    explained_variance   | -0.00030124187 |
|    learning_rate        | 0.0003         |
|    loss                 | 70.2           |
|    n_updates            | 210            |
|    policy_gradient_loss | -0.0138        |
|    std                  | 0.995          |
|    value_loss           | 152            |
--------------------------------------------
------------------------------------------
| rollout/                |              |
|    ep_len_mean          | 1.44e+03     |
|    ep_rew_mean          | 1.43e+03     |
| time/                   |              |
|    fps                  | 1923         |
|    iterations           | 23           |
|    time_elapsed         | 12           |
|    total_timesteps      | 23552        |
| train/                  |              |
|    approx_kl            | 0.012949223  |
|    clip_fraction        | 0.176        |
|    clip_range           | 0.2          |
|    entropy_loss         | -17          |
|    explained_variance   | 0.0014485717 |
|    learning_rate        | 0.0003       |
|    loss                 | 69.3         |
|    n_updates            | 220          |
|    policy_gradient_loss | -0.0138      |
|    std                  | 0.996        |
|    value_loss           | 146          |
------------------------------------------
-------------------------------------------
| rollout/                |               |
|    ep_len_mean          | 1.44e+03      |
|    ep_rew_mean          | 1.43e+03      |
| time/                   |               |
|    fps                  | 1923          |
|    iterations           | 24            |
|    time_elapsed         | 12            |
|    total_timesteps      | 24576         |
| train/                  |               |
|    approx_kl            | 0.008783446   |
|    clip_fraction        | 0.134         |
|    clip_range           | 0.2           |
|    entropy_loss         | -17           |
|    explained_variance   | 0.00018835068 |
|    learning_rate        | 0.0003        |
|    loss                 | 66.9          |
|    n_updates            | 230           |
|    policy_gradient_loss | -0.0137       |
|    std                  | 0.996         |
|    value_loss           | 144           |
-------------------------------------------
-------------------------------------------
| rollout/                |               |
|    ep_len_mean          | 1.44e+03      |
|    ep_rew_mean          | 1.43e+03      |
| time/                   |               |
|    fps                  | 1924          |
|    iterations           | 25            |
|    time_elapsed         | 13            |
|    total_timesteps      | 25600         |
| train/                  |               |
|    approx_kl            | 0.008419562   |
|    clip_fraction        | 0.0981        |
|    clip_range           | 0.2           |
|    entropy_loss         | -17           |
|    explained_variance   | 0.00021284819 |
|    learning_rate        | 0.0003        |
|    loss                 | 66.6          |
|    n_updates            | 240           |
|    policy_gradient_loss | -0.00998      |
|    std                  | 0.993         |
|    value_loss           | 141           |
-------------------------------------------
------------------------------------------
| rollout/                |              |
|    ep_len_mean          | 1.44e+03     |
|    ep_rew_mean          | 1.43e+03     |
| time/                   |              |
|    fps                  | 1924         |
|    iterations           | 26           |
|    time_elapsed         | 13           |
|    total_timesteps      | 26624        |
| train/                  |              |
|    approx_kl            | 0.012000109  |
|    clip_fraction        | 0.164        |
|    clip_range           | 0.2          |
|    entropy_loss         | -16.9        |
|    explained_variance   | -8.08239e-05 |
|    learning_rate        | 0.0003       |
|    loss                 | 66.5         |
|    n_updates            | 250          |
|    policy_gradient_loss | -0.0146      |
|    std                  | 0.992        |
|    value_loss           | 142          |
------------------------------------------
-------------------------------------------
| rollout/                |               |
|    ep_len_mean          | 1.44e+03      |
|    ep_rew_mean          | 1.43e+03      |
| time/                   |               |
|    fps                  | 1924          |
|    iterations           | 27            |
|    time_elapsed         | 14            |
|    total_timesteps      | 27648         |
| train/                  |               |
|    approx_kl            | 0.015185108   |
|    clip_fraction        | 0.152         |
|    clip_range           | 0.2           |
|    entropy_loss         | -16.9         |
|    explained_variance   | -0.0001693964 |
|    learning_rate        | 0.0003        |
|    loss                 | 63.1          |
|    n_updates            | 260           |
|    policy_gradient_loss | -0.0133       |
|    std                  | 0.993         |
|    value_loss           | 135           |
-------------------------------------------
-------------------------------------------
| rollout/                |               |
|    ep_len_mean          | 1.44e+03      |
|    ep_rew_mean          | 1.43e+03      |
| time/                   |               |
|    fps                  | 1925          |
|    iterations           | 28            |
|    time_elapsed         | 14            |
|    total_timesteps      | 28672         |
| train/                  |               |
|    approx_kl            | 0.0063041383  |
|    clip_fraction        | 0.0437        |
|    clip_range           | 0.2           |
|    entropy_loss         | -16.9         |
|    explained_variance   | 0.00014674664 |
|    learning_rate        | 0.0003        |
|    loss                 | 62.2          |
|    n_updates            | 270           |
|    policy_gradient_loss | -0.00856      |
|    std                  | 0.99          |
|    value_loss           | 132           |
-------------------------------------------
-------------------------------------------
| rollout/                |               |
|    ep_len_mean          | 1.44e+03      |
|    ep_rew_mean          | 1.43e+03      |
| time/                   |               |
|    fps                  | 1925          |
|    iterations           | 29            |
|    time_elapsed         | 15            |
|    total_timesteps      | 29696         |
| train/                  |               |
|    approx_kl            | 0.015636032   |
|    clip_fraction        | 0.199         |
|    clip_range           | 0.2           |
|    entropy_loss         | -16.9         |
|    explained_variance   | 0.00014132261 |
|    learning_rate        | 0.0003        |
|    loss                 | 60.9          |
|    n_updates            | 280           |
|    policy_gradient_loss | -0.0132       |
|    std                  | 0.993         |
|    value_loss           | 131           |
-------------------------------------------
-------------------------------------------
| rollout/                |               |
|    ep_len_mean          | 1.44e+03      |
|    ep_rew_mean          | 1.43e+03      |
| time/                   |               |
|    fps                  | 1925          |
|    iterations           | 30            |
|    time_elapsed         | 15            |
|    total_timesteps      | 30720         |
| train/                  |               |
|    approx_kl            | 0.012308974   |
|    clip_fraction        | 0.157         |
|    clip_range           | 0.2           |
|    entropy_loss         | -16.9         |
|    explained_variance   | 1.8715858e-05 |
|    learning_rate        | 0.0003        |
|    loss                 | 58.7          |
|    n_updates            | 290           |
|    policy_gradient_loss | -0.0143       |
|    std                  | 0.993         |
|    value_loss           | 126           |
-------------------------------------------
-------------------------------------------
| rollout/                |               |
|    ep_len_mean          | 1.44e+03      |
|    ep_rew_mean          | 1.43e+03      |
| time/                   |               |
|    fps                  | 1926          |
|    iterations           | 31            |
|    time_elapsed         | 16            |
|    total_timesteps      | 31744         |
| train/                  |               |
|    approx_kl            | 0.013834631   |
|    clip_fraction        | 0.129         |
|    clip_range           | 0.2           |
|    entropy_loss         | -16.9         |
|    explained_variance   | -8.440018e-05 |
|    learning_rate        | 0.0003        |
|    loss                 | 57.1          |
|    n_updates            | 300           |
|    policy_gradient_loss | -0.0136       |
|    std                  | 0.993         |
|    value_loss           | 123           |
-------------------------------------------
-------------------------------------------
| rollout/                |               |
|    ep_len_mean          | 1.44e+03      |
|    ep_rew_mean          | 1.43e+03      |
| time/                   |               |
|    fps                  | 1925          |
|    iterations           | 32            |
|    time_elapsed         | 17            |
|    total_timesteps      | 32768         |
| train/                  |               |
|    approx_kl            | 0.007934742   |
|    clip_fraction        | 0.0703        |
|    clip_range           | 0.2           |
|    entropy_loss         | -16.9         |
|    explained_variance   | 2.0205975e-05 |
|    learning_rate        | 0.0003        |
|    loss                 | 56.1          |
|    n_updates            | 310           |
|    policy_gradient_loss | -0.0122       |
|    std                  | 0.991         |
|    value_loss           | 120           |
-------------------------------------------
-------------------------------------------
| rollout/                |               |
|    ep_len_mean          | 1.44e+03      |
|    ep_rew_mean          | 1.43e+03      |
| time/                   |               |
|    fps                  | 1926          |
|    iterations           | 33            |
|    time_elapsed         | 17            |
|    total_timesteps      | 33792         |
| train/                  |               |
|    approx_kl            | 0.011532599   |
|    clip_fraction        | 0.136         |
|    clip_range           | 0.2           |
|    entropy_loss         | -16.9         |
|    explained_variance   | 0.00034976006 |
|    learning_rate        | 0.0003        |
|    loss                 | 56            |
|    n_updates            | 320           |
|    policy_gradient_loss | -0.0123       |
|    std                  | 0.992         |
|    value_loss           | 121           |
-------------------------------------------
------------------------------------------
| rollout/                |              |
|    ep_len_mean          | 1.44e+03     |
|    ep_rew_mean          | 1.43e+03     |
| time/                   |              |
|    fps                  | 1926         |
|    iterations           | 34           |
|    time_elapsed         | 18           |
|    total_timesteps      | 34816        |
| train/                  |              |
|    approx_kl            | 0.009115045  |
|    clip_fraction        | 0.0948       |
|    clip_range           | 0.2          |
|    entropy_loss         | -16.9        |
|    explained_variance   | 2.783537e-05 |
|    learning_rate        | 0.0003       |
|    loss                 | 53.8         |
|    n_updates            | 330          |
|    policy_gradient_loss | -0.0113      |
|    std                  | 0.993        |
|    value_loss           | 115          |
------------------------------------------
-------------------------------------------
| rollout/                |               |
|    ep_len_mean          | 1.44e+03      |
|    ep_rew_mean          | 1.43e+03      |
| time/                   |               |
|    fps                  | 1926          |
|    iterations           | 35            |
|    time_elapsed         | 18            |
|    total_timesteps      | 35840         |
| train/                  |               |
|    approx_kl            | 0.010006285   |
|    clip_fraction        | 0.166         |
|    clip_range           | 0.2           |
|    entropy_loss         | -16.9         |
|    explained_variance   | 0.00021094084 |
|    learning_rate        | 0.0003        |
|    loss                 | 51.7          |
|    n_updates            | 340           |
|    policy_gradient_loss | -0.0175       |
|    std                  | 0.993         |
|    value_loss           | 111           |
-------------------------------------------
--------------------------------------------
| rollout/                |                |
|    ep_len_mean          | 1.44e+03       |
|    ep_rew_mean          | 1.43e+03       |
| time/                   |                |
|    fps                  | 1926           |
|    iterations           | 36             |
|    time_elapsed         | 19             |
|    total_timesteps      | 36864          |
| train/                  |                |
|    approx_kl            | 0.012048053    |
|    clip_fraction        | 0.202          |
|    clip_range           | 0.2            |
|    entropy_loss         | -16.9          |
|    explained_variance   | -0.00013661385 |
|    learning_rate        | 0.0003         |
|    loss                 | 51.9           |
|    n_updates            | 350            |
|    policy_gradient_loss | -0.0148        |
|    std                  | 0.992          |
|    value_loss           | 111            |
--------------------------------------------
-------------------------------------------
| rollout/                |               |
|    ep_len_mean          | 1.44e+03      |
|    ep_rew_mean          | 1.43e+03      |
| time/                   |               |
|    fps                  | 1926          |
|    iterations           | 37            |
|    time_elapsed         | 19            |
|    total_timesteps      | 37888         |
| train/                  |               |
|    approx_kl            | 0.0133260675  |
|    clip_fraction        | 0.164         |
|    clip_range           | 0.2           |
|    entropy_loss         | -16.9         |
|    explained_variance   | -9.858608e-05 |
|    learning_rate        | 0.0003        |
|    loss                 | 50.1          |
|    n_updates            | 360           |
|    policy_gradient_loss | -0.0143       |
|    std                  | 0.993         |
|    value_loss           | 107           |
-------------------------------------------
--------------------------------------------
| rollout/                |                |
|    ep_len_mean          | 1.44e+03       |
|    ep_rew_mean          | 1.43e+03       |
| time/                   |                |
|    fps                  | 1925           |
|    iterations           | 38             |
|    time_elapsed         | 20             |
|    total_timesteps      | 38912          |
| train/                  |                |
|    approx_kl            | 0.010046657    |
|    clip_fraction        | 0.106          |
|    clip_range           | 0.2            |
|    entropy_loss         | -16.9          |
|    explained_variance   | -5.5909157e-05 |
|    learning_rate        | 0.0003         |
|    loss                 | 48.3           |
|    n_updates            | 370            |
|    policy_gradient_loss | -0.0139        |
|    std                  | 0.994          |
|    value_loss           | 105            |
--------------------------------------------
--------------------------------------------
| rollout/                |                |
|    ep_len_mean          | 1.44e+03       |
|    ep_rew_mean          | 1.43e+03       |
| time/                   |                |
|    fps                  | 1925           |
|    iterations           | 39             |
|    time_elapsed         | 20             |
|    total_timesteps      | 39936          |
| train/                  |                |
|    approx_kl            | 0.015415154    |
|    clip_fraction        | 0.193          |
|    clip_range           | 0.2            |
|    entropy_loss         | -16.9          |
|    explained_variance   | -6.0796738e-06 |
|    learning_rate        | 0.0003         |
|    loss                 | 46.2           |
|    n_updates            | 380            |
|    policy_gradient_loss | -0.0154        |
|    std                  | 0.993          |
|    value_loss           | 102            |
--------------------------------------------
-------------------------------------------
| rollout/                |               |
|    ep_len_mean          | 1.44e+03      |
|    ep_rew_mean          | 1.43e+03      |
| time/                   |               |
|    fps                  | 1926          |
|    iterations           | 40            |
|    time_elapsed         | 21            |
|    total_timesteps      | 40960         |
| train/                  |               |
|    approx_kl            | 0.019542411   |
|    clip_fraction        | 0.209         |
|    clip_range           | 0.2           |
|    entropy_loss         | -16.9         |
|    explained_variance   | 1.3291836e-05 |
|    learning_rate        | 0.0003        |
|    loss                 | 47            |
|    n_updates            | 390           |
|    policy_gradient_loss | -0.0162       |
|    std                  | 0.991         |
|    value_loss           | 102           |
-------------------------------------------
-------------------------------------------
| rollout/                |               |
|    ep_len_mean          | 1.44e+03      |
|    ep_rew_mean          | 1.43e+03      |
| time/                   |               |
|    fps                  | 1926          |
|    iterations           | 41            |
|    time_elapsed         | 21            |
|    total_timesteps      | 41984         |
| train/                  |               |
|    approx_kl            | 0.012497404   |
|    clip_fraction        | 0.21          |
|    clip_range           | 0.2           |
|    entropy_loss         | -16.9         |
|    explained_variance   | -8.416176e-05 |
|    learning_rate        | 0.0003        |
|    loss                 | 44.1          |
|    n_updates            | 400           |
|    policy_gradient_loss | -0.0178       |
|    std                  | 0.991         |
|    value_loss           | 95.7          |
-------------------------------------------
--------------------------------------------
| rollout/                |                |
|    ep_len_mean          | 1.44e+03       |
|    ep_rew_mean          | 1.43e+03       |
| time/                   |                |
|    fps                  | 1926           |
|    iterations           | 42             |
|    time_elapsed         | 22             |
|    total_timesteps      | 43008          |
| train/                  |                |
|    approx_kl            | 0.017056122    |
|    clip_fraction        | 0.184          |
|    clip_range           | 0.2            |
|    entropy_loss         | -16.9          |
|    explained_variance   | -6.4492226e-05 |
|    learning_rate        | 0.0003         |
|    loss                 | 43.6           |
|    n_updates            | 410            |
|    policy_gradient_loss | -0.0137        |
|    std                  | 0.992          |
|    value_loss           | 93.3           |
--------------------------------------------
-------------------------------------------
| rollout/                |               |
|    ep_len_mean          | 1.44e+03      |
|    ep_rew_mean          | 1.43e+03      |
| time/                   |               |
|    fps                  | 1926          |
|    iterations           | 43            |
|    time_elapsed         | 22            |
|    total_timesteps      | 44032         |
| train/                  |               |
|    approx_kl            | 0.010910749   |
|    clip_fraction        | 0.0998        |
|    clip_range           | 0.2           |
|    entropy_loss         | -16.9         |
|    explained_variance   | 0.00021886826 |
|    learning_rate        | 0.0003        |
|    loss                 | 43.5          |
|    n_updates            | 420           |
|    policy_gradient_loss | -0.0138       |
|    std                  | 0.994         |
|    value_loss           | 93.5          |
-------------------------------------------
------------------------------------------
| rollout/                |              |
|    ep_len_mean          | 1.44e+03     |
|    ep_rew_mean          | 1.43e+03     |
| time/                   |              |
|    fps                  | 1926         |
|    iterations           | 44           |
|    time_elapsed         | 23           |
|    total_timesteps      | 45056        |
| train/                  |              |
|    approx_kl            | 0.009119285  |
|    clip_fraction        | 0.115        |
|    clip_range           | 0.2          |
|    entropy_loss         | -17          |
|    explained_variance   | 3.194809e-05 |
|    learning_rate        | 0.0003       |
|    loss                 | 41.6         |
|    n_updates            | 430          |
|    policy_gradient_loss | -0.0148      |
|    std                  | 0.995        |
|    value_loss           | 89.2         |
------------------------------------------
--------------------------------------------
| rollout/                |                |
|    ep_len_mean          | 1.44e+03       |
|    ep_rew_mean          | 1.43e+03       |
| time/                   |                |
|    fps                  | 1926           |
|    iterations           | 45             |
|    time_elapsed         | 23             |
|    total_timesteps      | 46080          |
| train/                  |                |
|    approx_kl            | 0.018046364    |
|    clip_fraction        | 0.209          |
|    clip_range           | 0.2            |
|    entropy_loss         | -17            |
|    explained_variance   | -3.5881996e-05 |
|    learning_rate        | 0.0003         |
|    loss                 | 39.9           |
|    n_updates            | 440            |
|    policy_gradient_loss | -0.0177        |
|    std                  | 0.993          |
|    value_loss           | 86.4           |
--------------------------------------------
-------------------------------------------
| rollout/                |               |
|    ep_len_mean          | 1.44e+03      |
|    ep_rew_mean          | 1.43e+03      |
| time/                   |               |
|    fps                  | 1926          |
|    iterations           | 46            |
|    time_elapsed         | 24            |
|    total_timesteps      | 47104         |
| train/                  |               |
|    approx_kl            | 0.012876411   |
|    clip_fraction        | 0.173         |
|    clip_range           | 0.2           |
|    entropy_loss         | -16.9         |
|    explained_variance   | 3.6537647e-05 |
|    learning_rate        | 0.0003        |
|    loss                 | 39.5          |
|    n_updates            | 450           |
|    policy_gradient_loss | -0.0149       |
|    std                  | 0.992         |
|    value_loss           | 85.6          |
-------------------------------------------
-------------------------------------------
| rollout/                |               |
|    ep_len_mean          | 1.44e+03      |
|    ep_rew_mean          | 1.43e+03      |
| time/                   |               |
|    fps                  | 1926          |
|    iterations           | 47            |
|    time_elapsed         | 24            |
|    total_timesteps      | 48128         |
| train/                  |               |
|    approx_kl            | 0.013552276   |
|    clip_fraction        | 0.203         |
|    clip_range           | 0.2           |
|    entropy_loss         | -16.9         |
|    explained_variance   | -8.833408e-05 |
|    learning_rate        | 0.0003        |
|    loss                 | 38.7          |
|    n_updates            | 460           |
|    policy_gradient_loss | -0.0142       |
|    std                  | 0.994         |
|    value_loss           | 83.8          |
-------------------------------------------
-------------------------------------------
| rollout/                |               |
|    ep_len_mean          | 1.44e+03      |
|    ep_rew_mean          | 1.43e+03      |
| time/                   |               |
|    fps                  | 1926          |
|    iterations           | 48            |
|    time_elapsed         | 25            |
|    total_timesteps      | 49152         |
| train/                  |               |
|    approx_kl            | 0.011069874   |
|    clip_fraction        | 0.131         |
|    clip_range           | 0.2           |
|    entropy_loss         | -17           |
|    explained_variance   | 3.6895275e-05 |
|    learning_rate        | 0.0003        |
|    loss                 | 36.1          |
|    n_updates            | 470           |
|    policy_gradient_loss | -0.0136       |
|    std                  | 0.994         |
|    value_loss           | 79.1          |
-------------------------------------------
------------------------------------------
| rollout/                |              |
|    ep_len_mean          | 1.44e+03     |
|    ep_rew_mean          | 1.43e+03     |
| time/                   |              |
|    fps                  | 1926         |
|    iterations           | 49           |
|    time_elapsed         | 26           |
|    total_timesteps      | 50176        |
| train/                  |              |
|    approx_kl            | 0.010290594  |
|    clip_fraction        | 0.14         |
|    clip_range           | 0.2          |
|    entropy_loss         | -16.9        |
|    explained_variance   | -6.92606e-05 |
|    learning_rate        | 0.0003       |
|    loss                 | 35.2         |
|    n_updates            | 480          |
|    policy_gradient_loss | -0.017       |
|    std                  | 0.993        |
|    value_loss           | 77           |
------------------------------------------
-------------------------------------------
| rollout/                |               |
|    ep_len_mean          | 1.44e+03      |
|    ep_rew_mean          | 1.43e+03      |
| time/                   |               |
|    fps                  | 1926          |
|    iterations           | 50            |
|    time_elapsed         | 26            |
|    total_timesteps      | 51200         |
| train/                  |               |
|    approx_kl            | 0.011795325   |
|    clip_fraction        | 0.192         |
|    clip_range           | 0.2           |
|    entropy_loss         | -16.9         |
|    explained_variance   | 0.00019830465 |
|    learning_rate        | 0.0003        |
|    loss                 | 35.2          |
|    n_updates            | 490           |
|    policy_gradient_loss | -0.0164       |
|    std                  | 0.992         |
|    value_loss           | 76.9          |
-------------------------------------------
---------------------------------------------
| rollout/                |                 |
|    ep_len_mean          | 1.44e+03        |
|    ep_rew_mean          | 1.43e+03        |
| time/                   |                 |
|    fps                  | 1926            |
|    iterations           | 51              |
|    time_elapsed         | 27              |
|    total_timesteps      | 52224           |
| train/                  |                 |
|    approx_kl            | 0.012501345     |
|    clip_fraction        | 0.17            |
|    clip_range           | 0.2             |
|    entropy_loss         | -16.9           |
|    explained_variance   | -0.000106573105 |
|    learning_rate        | 0.0003          |
|    loss                 | 33.6            |
|    n_updates            | 500             |
|    policy_gradient_loss | -0.0154         |
|    std                  | 0.992           |
|    value_loss           | 72.3            |
---------------------------------------------
-------------------------------------------
| rollout/                |               |
|    ep_len_mean          | 1.44e+03      |
|    ep_rew_mean          | 1.43e+03      |
| time/                   |               |
|    fps                  | 1926          |
|    iterations           | 52            |
|    time_elapsed         | 27            |
|    total_timesteps      | 53248         |
| train/                  |               |
|    approx_kl            | 0.014277692   |
|    clip_fraction        | 0.128         |
|    clip_range           | 0.2           |
|    entropy_loss         | -16.9         |
|    explained_variance   | -8.273125e-05 |
|    learning_rate        | 0.0003        |
|    loss                 | 31.9          |
|    n_updates            | 510           |
|    policy_gradient_loss | -0.0162       |
|    std                  | 0.99          |
|    value_loss           | 70.3          |
-------------------------------------------
------------------------------------------
| rollout/                |              |
|    ep_len_mean          | 1.44e+03     |
|    ep_rew_mean          | 1.43e+03     |
| time/                   |              |
|    fps                  | 1926         |
|    iterations           | 53           |
|    time_elapsed         | 28           |
|    total_timesteps      | 54272        |
| train/                  |              |
|    approx_kl            | 0.0102467965 |
|    clip_fraction        | 0.1          |
|    clip_range           | 0.2          |
|    entropy_loss         | -16.9        |
|    explained_variance   | -6.92606e-05 |
|    learning_rate        | 0.0003       |
|    loss                 | 32.2         |
|    n_updates            | 520          |
|    policy_gradient_loss | -0.0111      |
|    std                  | 0.99         |
|    value_loss           | 70.7         |
------------------------------------------
--------------------------------------------
| rollout/                |                |
|    ep_len_mean          | 1.44e+03       |
|    ep_rew_mean          | 1.43e+03       |
| time/                   |                |
|    fps                  | 1926           |
|    iterations           | 54             |
|    time_elapsed         | 28             |
|    total_timesteps      | 55296          |
| train/                  |                |
|    approx_kl            | 0.01097871     |
|    clip_fraction        | 0.146          |
|    clip_range           | 0.2            |
|    entropy_loss         | -16.9          |
|    explained_variance   | -5.4240227e-05 |
|    learning_rate        | 0.0003         |
|    loss                 | 30.4           |
|    n_updates            | 530            |
|    policy_gradient_loss | -0.0142        |
|    std                  | 0.992          |
|    value_loss           | 67.1           |
--------------------------------------------
-------------------------------------------
| rollout/                |               |
|    ep_len_mean          | 1.44e+03      |
|    ep_rew_mean          | 1.43e+03      |
| time/                   |               |
|    fps                  | 1926          |
|    iterations           | 55            |
|    time_elapsed         | 29            |
|    total_timesteps      | 56320         |
| train/                  |               |
|    approx_kl            | 0.0151747875  |
|    clip_fraction        | 0.183         |
|    clip_range           | 0.2           |
|    entropy_loss         | -16.9         |
|    explained_variance   | 5.3226948e-05 |
|    learning_rate        | 0.0003        |
|    loss                 | 29.4          |
|    n_updates            | 540           |
|    policy_gradient_loss | -0.0172       |
|    std                  | 0.994         |
|    value_loss           | 64.3          |
-------------------------------------------
-----------------------------------------
| rollout/                |             |
|    ep_len_mean          | 1.44e+03    |
|    ep_rew_mean          | 1.43e+03    |
| time/                   |             |
|    fps                  | 1926        |
|    iterations           | 56          |
|    time_elapsed         | 29          |
|    total_timesteps      | 57344       |
| train/                  |             |
|    approx_kl            | 0.014437567 |
|    clip_fraction        | 0.217       |
|    clip_range           | 0.2         |
|    entropy_loss         | -16.9       |
|    explained_variance   | 3.33786e-05 |
|    learning_rate        | 0.0003      |
|    loss                 | 28.3        |
|    n_updates            | 550         |
|    policy_gradient_loss | -0.0173     |
|    std                  | 0.994       |
|    value_loss           | 62.3        |
-----------------------------------------
--------------------------------------------
| rollout/                |                |
|    ep_len_mean          | 1.44e+03       |
|    ep_rew_mean          | 1.43e+03       |
| time/                   |                |
|    fps                  | 1926           |
|    iterations           | 57             |
|    time_elapsed         | 30             |
|    total_timesteps      | 58368          |
| train/                  |                |
|    approx_kl            | 0.011795531    |
|    clip_fraction        | 0.185          |
|    clip_range           | 0.2            |
|    entropy_loss         | -16.9          |
|    explained_variance   | -3.9100647e-05 |
|    learning_rate        | 0.0003         |
|    loss                 | 27.9           |
|    n_updates            | 560            |
|    policy_gradient_loss | -0.0145        |
|    std                  | 0.992          |
|    value_loss           | 61.9           |
--------------------------------------------
--------------------------------------------
| rollout/                |                |
|    ep_len_mean          | 1.44e+03       |
|    ep_rew_mean          | 1.43e+03       |
| time/                   |                |
|    fps                  | 1927           |
|    iterations           | 58             |
|    time_elapsed         | 30             |
|    total_timesteps      | 59392          |
| train/                  |                |
|    approx_kl            | 0.01333818     |
|    clip_fraction        | 0.146          |
|    clip_range           | 0.2            |
|    entropy_loss         | -16.9          |
|    explained_variance   | -1.7642975e-05 |
|    learning_rate        | 0.0003         |
|    loss                 | 26.1           |
|    n_updates            | 570            |
|    policy_gradient_loss | -0.0143        |
|    std                  | 0.992          |
|    value_loss           | 58.5           |
--------------------------------------------
------------------------------------------
| rollout/                |              |
|    ep_len_mean          | 1.44e+03     |
|    ep_rew_mean          | 1.43e+03     |
| time/                   |              |
|    fps                  | 1927         |
|    iterations           | 59           |
|    time_elapsed         | 31           |
|    total_timesteps      | 60416        |
| train/                  |              |
|    approx_kl            | 0.011520721  |
|    clip_fraction        | 0.172        |
|    clip_range           | 0.2          |
|    entropy_loss         | -16.9        |
|    explained_variance   | 1.579523e-05 |
|    learning_rate        | 0.0003       |
|    loss                 | 25.5         |
|    n_updates            | 580          |
|    policy_gradient_loss | -0.0167      |
|    std                  | 0.994        |
|    value_loss           | 57           |
------------------------------------------
------------------------------------------
| rollout/                |              |
|    ep_len_mean          | 1.44e+03     |
|    ep_rew_mean          | 1.43e+03     |
| time/                   |              |
|    fps                  | 1927         |
|    iterations           | 60           |
|    time_elapsed         | 31           |
|    total_timesteps      | 61440        |
| train/                  |              |
|    approx_kl            | 0.010984676  |
|    clip_fraction        | 0.105        |
|    clip_range           | 0.2          |
|    entropy_loss         | -17          |
|    explained_variance   | 3.373623e-05 |
|    learning_rate        | 0.0003       |
|    loss                 | 25.1         |
|    n_updates            | 590          |
|    policy_gradient_loss | -0.013       |
|    std                  | 0.995        |
|    value_loss           | 55.9         |
------------------------------------------
-------------------------------------------
| rollout/                |               |
|    ep_len_mean          | 1.44e+03      |
|    ep_rew_mean          | 1.43e+03      |
| time/                   |               |
|    fps                  | 1927          |
|    iterations           | 61            |
|    time_elapsed         | 32            |
|    total_timesteps      | 62464         |
| train/                  |               |
|    approx_kl            | 0.014390923   |
|    clip_fraction        | 0.173         |
|    clip_range           | 0.2           |
|    entropy_loss         | -17           |
|    explained_variance   | 3.5107136e-05 |
|    learning_rate        | 0.0003        |
|    loss                 | 23.7          |
|    n_updates            | 600           |
|    policy_gradient_loss | -0.0154       |
|    std                  | 0.999         |
|    value_loss           | 52.7          |
-------------------------------------------
------------------------------------------
| rollout/                |              |
|    ep_len_mean          | 1.44e+03     |
|    ep_rew_mean          | 1.43e+03     |
| time/                   |              |
|    fps                  | 1926         |
|    iterations           | 62           |
|    time_elapsed         | 32           |
|    total_timesteps      | 63488        |
| train/                  |              |
|    approx_kl            | 0.014125833  |
|    clip_fraction        | 0.145        |
|    clip_range           | 0.2          |
|    entropy_loss         | -17          |
|    explained_variance   | 6.699562e-05 |
|    learning_rate        | 0.0003       |
|    loss                 | 22.9         |
|    n_updates            | 610          |
|    policy_gradient_loss | -0.0149      |
|    std                  | 1            |
|    value_loss           | 51.2         |
------------------------------------------
-------------------------------------------
| rollout/                |               |
|    ep_len_mean          | 1.44e+03      |
|    ep_rew_mean          | 1.43e+03      |
| time/                   |               |
|    fps                  | 1926          |
|    iterations           | 63            |
|    time_elapsed         | 33            |
|    total_timesteps      | 64512         |
| train/                  |               |
|    approx_kl            | 0.017326044   |
|    clip_fraction        | 0.176         |
|    clip_range           | 0.2           |
|    entropy_loss         | -17           |
|    explained_variance   | -8.022785e-05 |
|    learning_rate        | 0.0003        |
|    loss                 | 21.8          |
|    n_updates            | 620           |
|    policy_gradient_loss | -0.0183       |
|    std                  | 1             |
|    value_loss           | 49            |
-------------------------------------------
-----------------------------------------
| rollout/                |             |
|    ep_len_mean          | 1.44e+03    |
|    ep_rew_mean          | 1.43e+03    |
| time/                   |             |
|    fps                  | 1926        |
|    iterations           | 64          |
|    time_elapsed         | 34          |
|    total_timesteps      | 65536       |
| train/                  |             |
|    approx_kl            | 0.013214314 |
|    clip_fraction        | 0.194       |
|    clip_range           | 0.2         |
|    entropy_loss         | -17         |
|    explained_variance   | 4.36306e-05 |
|    learning_rate        | 0.0003      |
|    loss                 | 21.5        |
|    n_updates            | 630         |
|    policy_gradient_loss | -0.0186     |
|    std                  | 1           |
|    value_loss           | 48.5        |
-----------------------------------------
--------------------------------------------
| rollout/                |                |
|    ep_len_mean          | 1.44e+03       |
|    ep_rew_mean          | 1.43e+03       |
| time/                   |                |
|    fps                  | 1926           |
|    iterations           | 65             |
|    time_elapsed         | 34             |
|    total_timesteps      | 66560          |
| train/                  |                |
|    approx_kl            | 0.015459325    |
|    clip_fraction        | 0.21           |
|    clip_range           | 0.2            |
|    entropy_loss         | -17            |
|    explained_variance   | 0.000111579895 |
|    learning_rate        | 0.0003         |
|    loss                 | 20.3           |
|    n_updates            | 640            |
|    policy_gradient_loss | -0.019         |
|    std                  | 1              |
|    value_loss           | 45.4           |
--------------------------------------------
--------------------------------------------
| rollout/                |                |
|    ep_len_mean          | 1.44e+03       |
|    ep_rew_mean          | 1.43e+03       |
| time/                   |                |
|    fps                  | 1926           |
|    iterations           | 66             |
|    time_elapsed         | 35             |
|    total_timesteps      | 67584          |
| train/                  |                |
|    approx_kl            | 0.0151594505   |
|    clip_fraction        | 0.177          |
|    clip_range           | 0.2            |
|    entropy_loss         | -17            |
|    explained_variance   | -2.5391579e-05 |
|    learning_rate        | 0.0003         |
|    loss                 | 19.3           |
|    n_updates            | 650            |
|    policy_gradient_loss | -0.0148        |
|    std                  | 1              |
|    value_loss           | 43.9           |
--------------------------------------------
-------------------------------------------
| rollout/                |               |
|    ep_len_mean          | 1.44e+03      |
|    ep_rew_mean          | 1.43e+03      |
| time/                   |               |
|    fps                  | 1925          |
|    iterations           | 67            |
|    time_elapsed         | 35            |
|    total_timesteps      | 68608         |
| train/                  |               |
|    approx_kl            | 0.011886666   |
|    clip_fraction        | 0.162         |
|    clip_range           | 0.2           |
|    entropy_loss         | -17.1         |
|    explained_variance   | 7.6413155e-05 |
|    learning_rate        | 0.0003        |
|    loss                 | 19            |
|    n_updates            | 660           |
|    policy_gradient_loss | -0.0148       |
|    std                  | 1             |
|    value_loss           | 43.1          |
-------------------------------------------
-------------------------------------------
| rollout/                |               |
|    ep_len_mean          | 1.44e+03      |
|    ep_rew_mean          | 1.43e+03      |
| time/                   |               |
|    fps                  | 1925          |
|    iterations           | 68            |
|    time_elapsed         | 36            |
|    total_timesteps      | 69632         |
| train/                  |               |
|    approx_kl            | 0.015515817   |
|    clip_fraction        | 0.159         |
|    clip_range           | 0.2           |
|    entropy_loss         | -17.1         |
|    explained_variance   | 5.4717064e-05 |
|    learning_rate        | 0.0003        |
|    loss                 | 17.6          |
|    n_updates            | 670           |
|    policy_gradient_loss | -0.0192       |
|    std                  | 1.01          |
|    value_loss           | 40.3          |
-------------------------------------------
-------------------------------------------
| rollout/                |               |
|    ep_len_mean          | 1.44e+03      |
|    ep_rew_mean          | 1.43e+03      |
| time/                   |               |
|    fps                  | 1925          |
|    iterations           | 69            |
|    time_elapsed         | 36            |
|    total_timesteps      | 70656         |
| train/                  |               |
|    approx_kl            | 0.014973559   |
|    clip_fraction        | 0.159         |
|    clip_range           | 0.2           |
|    entropy_loss         | -17.1         |
|    explained_variance   | 4.4584274e-05 |
|    learning_rate        | 0.0003        |
|    loss                 | 16.9          |
|    n_updates            | 680           |
|    policy_gradient_loss | -0.0183       |
|    std                  | 1.01          |
|    value_loss           | 38.9          |
-------------------------------------------
------------------------------------------
| rollout/                |              |
|    ep_len_mean          | 1.44e+03     |
|    ep_rew_mean          | 1.43e+03     |
| time/                   |              |
|    fps                  | 1925         |
|    iterations           | 70           |
|    time_elapsed         | 37           |
|    total_timesteps      | 71680        |
| train/                  |              |
|    approx_kl            | 0.0146728875 |
|    clip_fraction        | 0.189        |
|    clip_range           | 0.2          |
|    entropy_loss         | -17.1        |
|    explained_variance   | 9.649992e-05 |
|    learning_rate        | 0.0003       |
|    loss                 | 16.1         |
|    n_updates            | 690          |
|    policy_gradient_loss | -0.0192      |
|    std                  | 1.01         |
|    value_loss           | 36.8         |
------------------------------------------
------------------------------------------
| rollout/                |              |
|    ep_len_mean          | 1.44e+03     |
|    ep_rew_mean          | 1.43e+03     |
| time/                   |              |
|    fps                  | 1926         |
|    iterations           | 71           |
|    time_elapsed         | 37           |
|    total_timesteps      | 72704        |
| train/                  |              |
|    approx_kl            | 0.01049328   |
|    clip_fraction        | 0.104        |
|    clip_range           | 0.2          |
|    entropy_loss         | -17.2        |
|    explained_variance   | 1.168251e-05 |
|    learning_rate        | 0.0003       |
|    loss                 | 16.2         |
|    n_updates            | 700          |
|    policy_gradient_loss | -0.0144      |
|    std                  | 1.01         |
|    value_loss           | 36.9         |
------------------------------------------
-------------------------------------------
| rollout/                |               |
|    ep_len_mean          | 1.44e+03      |
|    ep_rew_mean          | 1.43e+03      |
| time/                   |               |
|    fps                  | 1925          |
|    iterations           | 72            |
|    time_elapsed         | 38            |
|    total_timesteps      | 73728         |
| train/                  |               |
|    approx_kl            | 0.018311467   |
|    clip_fraction        | 0.223         |
|    clip_range           | 0.2           |
|    entropy_loss         | -17.2         |
|    explained_variance   | -9.536743e-07 |
|    learning_rate        | 0.0003        |
|    loss                 | 15.2          |
|    n_updates            | 710           |
|    policy_gradient_loss | -0.0193       |
|    std                  | 1.01          |
|    value_loss           | 34.6          |
-------------------------------------------
--------------------------------------------
| rollout/                |                |
|    ep_len_mean          | 1.44e+03       |
|    ep_rew_mean          | 1.43e+03       |
| time/                   |                |
|    fps                  | 1925           |
|    iterations           | 73             |
|    time_elapsed         | 38             |
|    total_timesteps      | 74752          |
| train/                  |                |
|    approx_kl            | 0.016906247    |
|    clip_fraction        | 0.213          |
|    clip_range           | 0.2            |
|    entropy_loss         | -17.2          |
|    explained_variance   | -2.5391579e-05 |
|    learning_rate        | 0.0003         |
|    loss                 | 14.3           |
|    n_updates            | 720            |
|    policy_gradient_loss | -0.0191        |
|    std                  | 1.01           |
|    value_loss           | 32.6           |
--------------------------------------------
-------------------------------------------
| rollout/                |               |
|    ep_len_mean          | 1.44e+03      |
|    ep_rew_mean          | 1.43e+03      |
| time/                   |               |
|    fps                  | 1925          |
|    iterations           | 74            |
|    time_elapsed         | 39            |
|    total_timesteps      | 75776         |
| train/                  |               |
|    approx_kl            | 0.017579678   |
|    clip_fraction        | 0.207         |
|    clip_range           | 0.2           |
|    entropy_loss         | -17.2         |
|    explained_variance   | 3.3557415e-05 |
|    learning_rate        | 0.0003        |
|    loss                 | 13.9          |
|    n_updates            | 730           |
|    policy_gradient_loss | -0.0156       |
|    std                  | 1.01          |
|    value_loss           | 32            |
-------------------------------------------
--------------------------------------------
| rollout/                |                |
|    ep_len_mean          | 1.44e+03       |
|    ep_rew_mean          | 1.43e+03       |
| time/                   |                |
|    fps                  | 1925           |
|    iterations           | 75             |
|    time_elapsed         | 39             |
|    total_timesteps      | 76800          |
| train/                  |                |
|    approx_kl            | 0.0118994415   |
|    clip_fraction        | 0.136          |
|    clip_range           | 0.2            |
|    entropy_loss         | -17.2          |
|    explained_variance   | -1.9431114e-05 |
|    learning_rate        | 0.0003         |
|    loss                 | 12.8           |
|    n_updates            | 740            |
|    policy_gradient_loss | -0.0162        |
|    std                  | 1.01           |
|    value_loss           | 29.7           |
--------------------------------------------
-------------------------------------------
| rollout/                |               |
|    ep_len_mean          | 1.44e+03      |
|    ep_rew_mean          | 1.43e+03      |
| time/                   |               |
|    fps                  | 1925          |
|    iterations           | 76            |
|    time_elapsed         | 40            |
|    total_timesteps      | 77824         |
| train/                  |               |
|    approx_kl            | 0.013576907   |
|    clip_fraction        | 0.145         |
|    clip_range           | 0.2           |
|    entropy_loss         | -17.2         |
|    explained_variance   | 0.00010180473 |
|    learning_rate        | 0.0003        |
|    loss                 | 12.3          |
|    n_updates            | 750           |
|    policy_gradient_loss | -0.0169       |
|    std                  | 1.02          |
|    value_loss           | 28.4          |
-------------------------------------------
------------------------------------------
| rollout/                |              |
|    ep_len_mean          | 1.44e+03     |
|    ep_rew_mean          | 1.43e+03     |
| time/                   |              |
|    fps                  | 1925         |
|    iterations           | 77           |
|    time_elapsed         | 40           |
|    total_timesteps      | 78848        |
| train/                  |              |
|    approx_kl            | 0.012752569  |
|    clip_fraction        | 0.159        |
|    clip_range           | 0.2          |
|    entropy_loss         | -17.2        |
|    explained_variance   | 6.389618e-05 |
|    learning_rate        | 0.0003       |
|    loss                 | 11.6         |
|    n_updates            | 760          |
|    policy_gradient_loss | -0.0199      |
|    std                  | 1.02         |
|    value_loss           | 27.2         |
------------------------------------------
--------------------------------------------
| rollout/                |                |
|    ep_len_mean          | 1.44e+03       |
|    ep_rew_mean          | 1.43e+03       |
| time/                   |                |
|    fps                  | 1925           |
|    iterations           | 78             |
|    time_elapsed         | 41             |
|    total_timesteps      | 79872          |
| train/                  |                |
|    approx_kl            | 0.016318938    |
|    clip_fraction        | 0.186          |
|    clip_range           | 0.2            |
|    entropy_loss         | -17.2          |
|    explained_variance   | -5.6385994e-05 |
|    learning_rate        | 0.0003         |
|    loss                 | 11.3           |
|    n_updates            | 770            |
|    policy_gradient_loss | -0.0191        |
|    std                  | 1.02           |
|    value_loss           | 26.3           |
--------------------------------------------
--------------------------------------------
| rollout/                |                |
|    ep_len_mean          | 1.44e+03       |
|    ep_rew_mean          | 1.43e+03       |
| time/                   |                |
|    fps                  | 1924           |
|    iterations           | 79             |
|    time_elapsed         | 42             |
|    total_timesteps      | 80896          |
| train/                  |                |
|    approx_kl            | 0.0140108615   |
|    clip_fraction        | 0.195          |
|    clip_range           | 0.2            |
|    entropy_loss         | -17.2          |
|    explained_variance   | -1.2755394e-05 |
|    learning_rate        | 0.0003         |
|    loss                 | 10.5           |
|    n_updates            | 780            |
|    policy_gradient_loss | -0.0198        |
|    std                  | 1.02           |
|    value_loss           | 24.9           |
--------------------------------------------
--------------------------------------------
| rollout/                |                |
|    ep_len_mean          | 1.44e+03       |
|    ep_rew_mean          | 1.43e+03       |
| time/                   |                |
|    fps                  | 1924           |
|    iterations           | 80             |
|    time_elapsed         | 42             |
|    total_timesteps      | 81920          |
| train/                  |                |
|    approx_kl            | 0.01703091     |
|    clip_fraction        | 0.17           |
|    clip_range           | 0.2            |
|    entropy_loss         | -17.2          |
|    explained_variance   | -2.4557114e-05 |
|    learning_rate        | 0.0003         |
|    loss                 | 10             |
|    n_updates            | 790            |
|    policy_gradient_loss | -0.0172        |
|    std                  | 1.01           |
|    value_loss           | 23.3           |
--------------------------------------------
-------------------------------------------
| rollout/                |               |
|    ep_len_mean          | 1.44e+03      |
|    ep_rew_mean          | 1.43e+03      |
| time/                   |               |
|    fps                  | 1924          |
|    iterations           | 81            |
|    time_elapsed         | 43            |
|    total_timesteps      | 82944         |
| train/                  |               |
|    approx_kl            | 0.012101657   |
|    clip_fraction        | 0.163         |
|    clip_range           | 0.2           |
|    entropy_loss         | -17.2         |
|    explained_variance   | 2.3186207e-05 |
|    learning_rate        | 0.0003        |
|    loss                 | 9.72          |
|    n_updates            | 800           |
|    policy_gradient_loss | -0.0164       |
|    std                  | 1.01          |
|    value_loss           | 22.7          |
-------------------------------------------
--------------------------------------------
| rollout/                |                |
|    ep_len_mean          | 1.44e+03       |
|    ep_rew_mean          | 1.43e+03       |
| time/                   |                |
|    fps                  | 1924           |
|    iterations           | 82             |
|    time_elapsed         | 43             |
|    total_timesteps      | 83968          |
| train/                  |                |
|    approx_kl            | 0.01568311     |
|    clip_fraction        | 0.186          |
|    clip_range           | 0.2            |
|    entropy_loss         | -17.2          |
|    explained_variance   | -9.3221664e-05 |
|    learning_rate        | 0.0003         |
|    loss                 | 8.76           |
|    n_updates            | 810            |
|    policy_gradient_loss | -0.0145        |
|    std                  | 1.01           |
|    value_loss           | 20.9           |
--------------------------------------------
-------------------------------------------
| rollout/                |               |
|    ep_len_mean          | 1.44e+03      |
|    ep_rew_mean          | 1.43e+03      |
| time/                   |               |
|    fps                  | 1923          |
|    iterations           | 83            |
|    time_elapsed         | 44            |
|    total_timesteps      | 84992         |
| train/                  |               |
|    approx_kl            | 0.016124686   |
|    clip_fraction        | 0.183         |
|    clip_range           | 0.2           |
|    entropy_loss         | -17.2         |
|    explained_variance   | 3.5762787e-07 |
|    learning_rate        | 0.0003        |
|    loss                 | 8.33          |
|    n_updates            | 820           |
|    policy_gradient_loss | -0.0185       |
|    std                  | 1.02          |
|    value_loss           | 20.2          |
-------------------------------------------
-------------------------------------------
| rollout/                |               |
|    ep_len_mean          | 1.44e+03      |
|    ep_rew_mean          | 1.43e+03      |
| time/                   |               |
|    fps                  | 1923          |
|    iterations           | 84            |
|    time_elapsed         | 44            |
|    total_timesteps      | 86016         |
| train/                  |               |
|    approx_kl            | 0.020037357   |
|    clip_fraction        | 0.231         |
|    clip_range           | 0.2           |
|    entropy_loss         | -17.2         |
|    explained_variance   | -6.556511e-05 |
|    learning_rate        | 0.0003        |
|    loss                 | 7.61          |
|    n_updates            | 830           |
|    policy_gradient_loss | -0.0231       |
|    std                  | 1.02          |
|    value_loss           | 18.6          |
-------------------------------------------
------------------------------------------
| rollout/                |              |
|    ep_len_mean          | 1.44e+03     |
|    ep_rew_mean          | 1.43e+03     |
| time/                   |              |
|    fps                  | 1923         |
|    iterations           | 85           |
|    time_elapsed         | 45           |
|    total_timesteps      | 87040        |
| train/                  |              |
|    approx_kl            | 0.012628689  |
|    clip_fraction        | 0.139        |
|    clip_range           | 0.2          |
|    entropy_loss         | -17.2        |
|    explained_variance   | 3.093481e-05 |
|    learning_rate        | 0.0003       |
|    loss                 | 7.53         |
|    n_updates            | 840          |
|    policy_gradient_loss | -0.0149      |
|    std                  | 1.02         |
|    value_loss           | 18.3         |
------------------------------------------
--------------------------------------------
| rollout/                |                |
|    ep_len_mean          | 1.44e+03       |
|    ep_rew_mean          | 1.43e+03       |
| time/                   |                |
|    fps                  | 1923           |
|    iterations           | 86             |
|    time_elapsed         | 45             |
|    total_timesteps      | 88064          |
| train/                  |                |
|    approx_kl            | 0.018168015    |
|    clip_fraction        | 0.188          |
|    clip_range           | 0.2            |
|    entropy_loss         | -17.2          |
|    explained_variance   | -7.2717667e-06 |
|    learning_rate        | 0.0003         |
|    loss                 | 6.7            |
|    n_updates            | 850            |
|    policy_gradient_loss | -0.0197        |
|    std                  | 1.02           |
|    value_loss           | 16.5           |
--------------------------------------------
---------------------------------------------
| rollout/                |                 |
|    ep_len_mean          | 1.44e+03        |
|    ep_rew_mean          | 1.43e+03        |
| time/                   |                 |
|    fps                  | 1922            |
|    iterations           | 87              |
|    time_elapsed         | 46              |
|    total_timesteps      | 89088           |
| train/                  |                 |
|    approx_kl            | 0.0209159       |
|    clip_fraction        | 0.22            |
|    clip_range           | 0.2             |
|    entropy_loss         | -17.2           |
|    explained_variance   | -1.04904175e-05 |
|    learning_rate        | 0.0003          |
|    loss                 | 6.07            |
|    n_updates            | 860             |
|    policy_gradient_loss | -0.0212         |
|    std                  | 1.01            |
|    value_loss           | 15.1            |
---------------------------------------------
-------------------------------------------
| rollout/                |               |
|    ep_len_mean          | 1.44e+03      |
|    ep_rew_mean          | 1.43e+03      |
| time/                   |               |
|    fps                  | 1922          |
|    iterations           | 88            |
|    time_elapsed         | 46            |
|    total_timesteps      | 90112         |
| train/                  |               |
|    approx_kl            | 0.020031096   |
|    clip_fraction        | 0.243         |
|    clip_range           | 0.2           |
|    entropy_loss         | -17.2         |
|    explained_variance   | 6.7174435e-05 |
|    learning_rate        | 0.0003        |
|    loss                 | 6.01          |
|    n_updates            | 870           |
|    policy_gradient_loss | -0.0207       |
|    std                  | 1.02          |
|    value_loss           | 14.9          |
-------------------------------------------
-------------------------------------------
| rollout/                |               |
|    ep_len_mean          | 1.44e+03      |
|    ep_rew_mean          | 1.43e+03      |
| time/                   |               |
|    fps                  | 1922          |
|    iterations           | 89            |
|    time_elapsed         | 47            |
|    total_timesteps      | 91136         |
| train/                  |               |
|    approx_kl            | 0.01671319    |
|    clip_fraction        | 0.196         |
|    clip_range           | 0.2           |
|    entropy_loss         | -17.2         |
|    explained_variance   | 4.9173832e-05 |
|    learning_rate        | 0.0003        |
|    loss                 | 5.51          |
|    n_updates            | 880           |
|    policy_gradient_loss | -0.0172       |
|    std                  | 1.02          |
|    value_loss           | 13.7          |
-------------------------------------------
--------------------------------------------
| rollout/                |                |
|    ep_len_mean          | 1.44e+03       |
|    ep_rew_mean          | 1.43e+03       |
| time/                   |                |
|    fps                  | 1922           |
|    iterations           | 90             |
|    time_elapsed         | 47             |
|    total_timesteps      | 92160          |
| train/                  |                |
|    approx_kl            | 0.016126765    |
|    clip_fraction        | 0.198          |
|    clip_range           | 0.2            |
|    entropy_loss         | -17.2          |
|    explained_variance   | -2.8371811e-05 |
|    learning_rate        | 0.0003         |
|    loss                 | 5.12           |
|    n_updates            | 890            |
|    policy_gradient_loss | -0.0194        |
|    std                  | 1.02           |
|    value_loss           | 12.7           |
--------------------------------------------
--------------------------------------------
| rollout/                |                |
|    ep_len_mean          | 1.44e+03       |
|    ep_rew_mean          | 1.43e+03       |
| time/                   |                |
|    fps                  | 1922           |
|    iterations           | 91             |
|    time_elapsed         | 48             |
|    total_timesteps      | 93184          |
| train/                  |                |
|    approx_kl            | 0.018758398    |
|    clip_fraction        | 0.223          |
|    clip_range           | 0.2            |
|    entropy_loss         | -17.2          |
|    explained_variance   | -8.6545944e-05 |
|    learning_rate        | 0.0003         |
|    loss                 | 4.79           |
|    n_updates            | 900            |
|    policy_gradient_loss | -0.0188        |
|    std                  | 1.02           |
|    value_loss           | 12.3           |
--------------------------------------------
--------------------------------------------
| rollout/                |                |
|    ep_len_mean          | 1.44e+03       |
|    ep_rew_mean          | 1.43e+03       |
| time/                   |                |
|    fps                  | 1922           |
|    iterations           | 92             |
|    time_elapsed         | 48             |
|    total_timesteps      | 94208          |
| train/                  |                |
|    approx_kl            | 0.011361636    |
|    clip_fraction        | 0.158          |
|    clip_range           | 0.2            |
|    entropy_loss         | -17.2          |
|    explained_variance   | -5.6743622e-05 |
|    learning_rate        | 0.0003         |
|    loss                 | 4.58           |
|    n_updates            | 910            |
|    policy_gradient_loss | -0.0188        |
|    std                  | 1.02           |
|    value_loss           | 11.8           |
--------------------------------------------
-------------------------------------------
| rollout/                |               |
|    ep_len_mean          | 1.44e+03      |
|    ep_rew_mean          | 1.43e+03      |
| time/                   |               |
|    fps                  | 1923          |
|    iterations           | 93            |
|    time_elapsed         | 49            |
|    total_timesteps      | 95232         |
| train/                  |               |
|    approx_kl            | 0.017476138   |
|    clip_fraction        | 0.212         |
|    clip_range           | 0.2           |
|    entropy_loss         | -17.2         |
|    explained_variance   | 9.8228455e-05 |
|    learning_rate        | 0.0003        |
|    loss                 | 4.08          |
|    n_updates            | 920           |
|    policy_gradient_loss | -0.0232       |
|    std                  | 1.02          |
|    value_loss           | 10.4          |
-------------------------------------------
-------------------------------------------
| rollout/                |               |
|    ep_len_mean          | 1.44e+03      |
|    ep_rew_mean          | 1.43e+03      |
| time/                   |               |
|    fps                  | 1922          |
|    iterations           | 94            |
|    time_elapsed         | 50            |
|    total_timesteps      | 96256         |
| train/                  |               |
|    approx_kl            | 0.013301888   |
|    clip_fraction        | 0.148         |
|    clip_range           | 0.2           |
|    entropy_loss         | -17.3         |
|    explained_variance   | 2.8669834e-05 |
|    learning_rate        | 0.0003        |
|    loss                 | 3.64          |
|    n_updates            | 930           |
|    policy_gradient_loss | -0.016        |
|    std                  | 1.02          |
|    value_loss           | 9.51          |
-------------------------------------------
-------------------------------------------
| rollout/                |               |
|    ep_len_mean          | 1.44e+03      |
|    ep_rew_mean          | 1.43e+03      |
| time/                   |               |
|    fps                  | 1922          |
|    iterations           | 95            |
|    time_elapsed         | 50            |
|    total_timesteps      | 97280         |
| train/                  |               |
|    approx_kl            | 0.01973718    |
|    clip_fraction        | 0.22          |
|    clip_range           | 0.2           |
|    entropy_loss         | -17.3         |
|    explained_variance   | 7.8082085e-06 |
|    learning_rate        | 0.0003        |
|    loss                 | 3.36          |
|    n_updates            | 940           |
|    policy_gradient_loss | -0.0225       |
|    std                  | 1.02          |
|    value_loss           | 9.19          |
-------------------------------------------
-------------------------------------------
| rollout/                |               |
|    ep_len_mean          | 1.44e+03      |
|    ep_rew_mean          | 1.43e+03      |
| time/                   |               |
|    fps                  | 1922          |
|    iterations           | 96            |
|    time_elapsed         | 51            |
|    total_timesteps      | 98304         |
| train/                  |               |
|    approx_kl            | 0.015037474   |
|    clip_fraction        | 0.161         |
|    clip_range           | 0.2           |
|    entropy_loss         | -17.3         |
|    explained_variance   | 5.2273273e-05 |
|    learning_rate        | 0.0003        |
|    loss                 | 2.98          |
|    n_updates            | 950           |
|    policy_gradient_loss | -0.0192       |
|    std                  | 1.02          |
|    value_loss           | 8             |
-------------------------------------------
--------------------------------------------
| rollout/                |                |
|    ep_len_mean          | 1.44e+03       |
|    ep_rew_mean          | 1.43e+03       |
| time/                   |                |
|    fps                  | 1922           |
|    iterations           | 97             |
|    time_elapsed         | 51             |
|    total_timesteps      | 99328          |
| train/                  |                |
|    approx_kl            | 0.0197555      |
|    clip_fraction        | 0.235          |
|    clip_range           | 0.2            |
|    entropy_loss         | -17.2          |
|    explained_variance   | -5.2452087e-05 |
|    learning_rate        | 0.0003         |
|    loss                 | 2.69           |
|    n_updates            | 960            |
|    policy_gradient_loss | -0.0233        |
|    std                  | 1.02           |
|    value_loss           | 7.43           |
--------------------------------------------
-------------------------------------------
| rollout/                |               |
|    ep_len_mean          | 1.44e+03      |
|    ep_rew_mean          | 1.43e+03      |
| time/                   |               |
|    fps                  | 1921          |
|    iterations           | 98            |
|    time_elapsed         | 52            |
|    total_timesteps      | 100352        |
| train/                  |               |
|    approx_kl            | 0.014999511   |
|    clip_fraction        | 0.171         |
|    clip_range           | 0.2           |
|    entropy_loss         | -17.2         |
|    explained_variance   | -2.503395e-05 |
|    learning_rate        | 0.0003        |
|    loss                 | 2.37          |
|    n_updates            | 970           |
|    policy_gradient_loss | -0.0203       |
|    std                  | 1.02          |
|    value_loss           | 6.72          |
-------------------------------------------
-------------------------------------------
| rollout/                |               |
|    ep_len_mean          | 1.44e+03      |
|    ep_rew_mean          | 1.43e+03      |
| time/                   |               |
|    fps                  | 1921          |
|    iterations           | 99            |
|    time_elapsed         | 52            |
|    total_timesteps      | 101376        |
| train/                  |               |
|    approx_kl            | 0.016261747   |
|    clip_fraction        | 0.185         |
|    clip_range           | 0.2           |
|    entropy_loss         | -17.2         |
|    explained_variance   | 4.7266483e-05 |
|    learning_rate        | 0.0003        |
|    loss                 | 2.13          |
|    n_updates            | 980           |
|    policy_gradient_loss | -0.0224       |
|    std                  | 1.01          |
|    value_loss           | 6.02          |
-------------------------------------------
-------------------------------------------
| rollout/                |               |
|    ep_len_mean          | 1.44e+03      |
|    ep_rew_mean          | 1.43e+03      |
| time/                   |               |
|    fps                  | 1921          |
|    iterations           | 100           |
|    time_elapsed         | 53            |
|    total_timesteps      | 102400        |
| train/                  |               |
|    approx_kl            | 0.015333502   |
|    clip_fraction        | 0.208         |
|    clip_range           | 0.2           |
|    entropy_loss         | -17.2         |
|    explained_variance   | 5.0008297e-05 |
|    learning_rate        | 0.0003        |
|    loss                 | 1.85          |
|    n_updates            | 990           |
|    policy_gradient_loss | -0.0222       |
|    std                  | 1.01          |
|    value_loss           | 5.43          |
-------------------------------------------
-------------------------------------------
| rollout/                |               |
|    ep_len_mean          | 1.44e+03      |
|    ep_rew_mean          | 1.43e+03      |
| time/                   |               |
|    fps                  | 1921          |
|    iterations           | 101           |
|    time_elapsed         | 53            |
|    total_timesteps      | 103424        |
| train/                  |               |
|    approx_kl            | 0.019359516   |
|    clip_fraction        | 0.211         |
|    clip_range           | 0.2           |
|    entropy_loss         | -17.2         |
|    explained_variance   | -3.540516e-05 |
|    learning_rate        | 0.0003        |
|    loss                 | 1.6           |
|    n_updates            | 1000          |
|    policy_gradient_loss | -0.0192       |
|    std                  | 1.02          |
|    value_loss           | 4.79          |
-------------------------------------------
--------------------------------------------
| rollout/                |                |
|    ep_len_mean          | 1.44e+03       |
|    ep_rew_mean          | 1.43e+03       |
| time/                   |                |
|    fps                  | 1920           |
|    iterations           | 102            |
|    time_elapsed         | 54             |
|    total_timesteps      | 104448         |
| train/                  |                |
|    approx_kl            | 0.018662963    |
|    clip_fraction        | 0.194          |
|    clip_range           | 0.2            |
|    entropy_loss         | -17.2          |
|    explained_variance   | -0.00014305115 |
|    learning_rate        | 0.0003         |
|    loss                 | 1.46           |
|    n_updates            | 1010           |
|    policy_gradient_loss | -0.0178        |
|    std                  | 1.01           |
|    value_loss           | 4.48           |
--------------------------------------------
-------------------------------------------
| rollout/                |               |
|    ep_len_mean          | 1.44e+03      |
|    ep_rew_mean          | 1.44e+03      |
| time/                   |               |
|    fps                  | 1920          |
|    iterations           | 103           |
|    time_elapsed         | 54            |
|    total_timesteps      | 105472        |
| train/                  |               |
|    approx_kl            | 0.01886895    |
|    clip_fraction        | 0.21          |
|    clip_range           | 0.2           |
|    entropy_loss         | -17.2         |
|    explained_variance   | -9.536743e-07 |
|    learning_rate        | 0.0003        |
|    loss                 | 1.11          |
|    n_updates            | 1020          |
|    policy_gradient_loss | -0.0209       |
|    std                  | 1.01          |
|    value_loss           | 3.64          |
-------------------------------------------
------------------------------------------
| rollout/                |              |
|    ep_len_mean          | 1.44e+03     |
|    ep_rew_mean          | 1.44e+03     |
| time/                   |              |
|    fps                  | 1920         |
|    iterations           | 104          |
|    time_elapsed         | 55           |
|    total_timesteps      | 106496       |
| train/                  |              |
|    approx_kl            | 0.014342567  |
|    clip_fraction        | 0.218        |
|    clip_range           | 0.2          |
|    entropy_loss         | -17.2        |
|    explained_variance   | -6.92606e-05 |
|    learning_rate        | 0.0003       |
|    loss                 | 0.975        |
|    n_updates            | 1030         |
|    policy_gradient_loss | -0.0228      |
|    std                  | 1.01         |
|    value_loss           | 3.26         |
------------------------------------------
-------------------------------------------
| rollout/                |               |
|    ep_len_mean          | 1.44e+03      |
|    ep_rew_mean          | 1.44e+03      |
| time/                   |               |
|    fps                  | 1920          |
|    iterations           | 105           |
|    time_elapsed         | 55            |
|    total_timesteps      | 107520        |
| train/                  |               |
|    approx_kl            | 0.019988257   |
|    clip_fraction        | 0.218         |
|    clip_range           | 0.2           |
|    entropy_loss         | -17.2         |
|    explained_variance   | 4.3928623e-05 |
|    learning_rate        | 0.0003        |
|    loss                 | 0.84          |
|    n_updates            | 1040          |
|    policy_gradient_loss | -0.0197       |
|    std                  | 1.01          |
|    value_loss           | 2.95          |
-------------------------------------------
-------------------------------------------
| rollout/                |               |
|    ep_len_mean          | 1.44e+03      |
|    ep_rew_mean          | 1.44e+03      |
| time/                   |               |
|    fps                  | 1920          |
|    iterations           | 106           |
|    time_elapsed         | 56            |
|    total_timesteps      | 108544        |
| train/                  |               |
|    approx_kl            | 0.021454759   |
|    clip_fraction        | 0.241         |
|    clip_range           | 0.2           |
|    entropy_loss         | -17.2         |
|    explained_variance   | -7.593632e-05 |
|    learning_rate        | 0.0003        |
|    loss                 | 0.65          |
|    n_updates            | 1050          |
|    policy_gradient_loss | -0.0197       |
|    std                  | 1.01          |
|    value_loss           | 2.39          |
-------------------------------------------
--------------------------------------------
| rollout/                |                |
|    ep_len_mean          | 1.44e+03       |
|    ep_rew_mean          | 1.44e+03       |
| time/                   |                |
|    fps                  | 1921           |
|    iterations           | 107            |
|    time_elapsed         | 57             |
|    total_timesteps      | 109568         |
| train/                  |                |
|    approx_kl            | 0.021928579    |
|    clip_fraction        | 0.221          |
|    clip_range           | 0.2            |
|    entropy_loss         | -17.2          |
|    explained_variance   | -3.8981438e-05 |
|    learning_rate        | 0.0003         |
|    loss                 | 0.533          |
|    n_updates            | 1060           |
|    policy_gradient_loss | -0.0228        |
|    std                  | 1.01           |
|    value_loss           | 2.12           |
--------------------------------------------
--------------------------------------------
| rollout/                |                |
|    ep_len_mean          | 1.44e+03       |
|    ep_rew_mean          | 1.44e+03       |
| time/                   |                |
|    fps                  | 1921           |
|    iterations           | 108            |
|    time_elapsed         | 57             |
|    total_timesteps      | 110592         |
| train/                  |                |
|    approx_kl            | 0.019806588    |
|    clip_fraction        | 0.192          |
|    clip_range           | 0.2            |
|    entropy_loss         | -17.2          |
|    explained_variance   | -0.00011587143 |
|    learning_rate        | 0.0003         |
|    loss                 | 0.378          |
|    n_updates            | 1070           |
|    policy_gradient_loss | -0.0218        |
|    std                  | 1.01           |
|    value_loss           | 1.71           |
--------------------------------------------
--------------------------------------------
| rollout/                |                |
|    ep_len_mean          | 1.44e+03       |
|    ep_rew_mean          | 1.44e+03       |
| time/                   |                |
|    fps                  | 1921           |
|    iterations           | 109            |
|    time_elapsed         | 58             |
|    total_timesteps      | 111616         |
| train/                  |                |
|    approx_kl            | 0.023398068    |
|    clip_fraction        | 0.24           |
|    clip_range           | 0.2            |
|    entropy_loss         | -17.2          |
|    explained_variance   | -1.2993813e-05 |
|    learning_rate        | 0.0003         |
|    loss                 | 0.314          |
|    n_updates            | 1080           |
|    policy_gradient_loss | -0.021         |
|    std                  | 1.01           |
|    value_loss           | 1.48           |
--------------------------------------------
--------------------------------------------
| rollout/                |                |
|    ep_len_mean          | 1.44e+03       |
|    ep_rew_mean          | 1.44e+03       |
| time/                   |                |
|    fps                  | 1921           |
|    iterations           | 110            |
|    time_elapsed         | 58             |
|    total_timesteps      | 112640         |
| train/                  |                |
|    approx_kl            | 0.023010045    |
|    clip_fraction        | 0.239          |
|    clip_range           | 0.2            |
|    entropy_loss         | -17.1          |
|    explained_variance   | -7.6293945e-05 |
|    learning_rate        | 0.0003         |
|    loss                 | 0.178          |
|    n_updates            | 1090           |
|    policy_gradient_loss | -0.0254        |
|    std                  | 1.01           |
|    value_loss           | 1.14           |
--------------------------------------------
-------------------------------------------
| rollout/                |               |
|    ep_len_mean          | 1.44e+03      |
|    ep_rew_mean          | 1.44e+03      |
| time/                   |               |
|    fps                  | 1921          |
|    iterations           | 111           |
|    time_elapsed         | 59            |
|    total_timesteps      | 113664        |
| train/                  |               |
|    approx_kl            | 0.018782292   |
|    clip_fraction        | 0.221         |
|    clip_range           | 0.2           |
|    entropy_loss         | -17.1         |
|    explained_variance   | 1.4662743e-05 |
|    learning_rate        | 0.0003        |
|    loss                 | 0.114         |
|    n_updates            | 1100          |
|    policy_gradient_loss | -0.0228       |
|    std                  | 1.01          |
|    value_loss           | 0.834         |
-------------------------------------------
-------------------------------------------
| rollout/                |               |
|    ep_len_mean          | 1.44e+03      |
|    ep_rew_mean          | 1.44e+03      |
| time/                   |               |
|    fps                  | 1921          |
|    iterations           | 112           |
|    time_elapsed         | 59            |
|    total_timesteps      | 114688        |
| train/                  |               |
|    approx_kl            | 0.018687349   |
|    clip_fraction        | 0.26          |
|    clip_range           | 0.2           |
|    entropy_loss         | -17.1         |
|    explained_variance   | -8.070469e-05 |
|    learning_rate        | 0.0003        |
|    loss                 | 0.0585        |
|    n_updates            | 1110          |
|    policy_gradient_loss | -0.0231       |
|    std                  | 1             |
|    value_loss           | 0.677         |
-------------------------------------------
--------------------------------------------
| rollout/                |                |
|    ep_len_mean          | 1.44e+03       |
|    ep_rew_mean          | 1.44e+03       |
| time/                   |                |
|    fps                  | 1921           |
|    iterations           | 113            |
|    time_elapsed         | 60             |
|    total_timesteps      | 115712         |
| train/                  |                |
|    approx_kl            | 0.021069549    |
|    clip_fraction        | 0.206          |
|    clip_range           | 0.2            |
|    entropy_loss         | -17.1          |
|    explained_variance   | -6.3180923e-06 |
|    learning_rate        | 0.0003         |
|    loss                 | 0.0304         |
|    n_updates            | 1120           |
|    policy_gradient_loss | -0.0236        |
|    std                  | 1              |
|    value_loss           | 0.506          |
--------------------------------------------
-------------------------------------------
| rollout/                |               |
|    ep_len_mean          | 1.44e+03      |
|    ep_rew_mean          | 1.44e+03      |
| time/                   |               |
|    fps                  | 1921          |
|    iterations           | 114           |
|    time_elapsed         | 60            |
|    total_timesteps      | 116736        |
| train/                  |               |
|    approx_kl            | 0.02388951    |
|    clip_fraction        | 0.231         |
|    clip_range           | 0.2           |
|    entropy_loss         | -17           |
|    explained_variance   | 0.00013518333 |
|    learning_rate        | 0.0003        |
|    loss                 | -0.0262       |
|    n_updates            | 1130          |
|    policy_gradient_loss | -0.0223       |
|    std                  | 0.997         |
|    value_loss           | 0.313         |
-------------------------------------------
------------------------------------------
| rollout/                |              |
|    ep_len_mean          | 1.44e+03     |
|    ep_rew_mean          | 1.44e+03     |
| time/                   |              |
|    fps                  | 1921         |
|    iterations           | 115          |
|    time_elapsed         | 61           |
|    total_timesteps      | 117760       |
| train/                  |              |
|    approx_kl            | 0.02724645   |
|    clip_fraction        | 0.219        |
|    clip_range           | 0.2          |
|    entropy_loss         | -16.9        |
|    explained_variance   | 5.799532e-05 |
|    learning_rate        | 0.0003       |
|    loss                 | -0.0291      |
|    n_updates            | 1140         |
|    policy_gradient_loss | -0.0222      |
|    std                  | 0.993        |
|    value_loss           | 0.239        |
------------------------------------------
--------------------------------------------
| rollout/                |                |
|    ep_len_mean          | 1.44e+03       |
|    ep_rew_mean          | 1.44e+03       |
| time/                   |                |
|    fps                  | 1921           |
|    iterations           | 116            |
|    time_elapsed         | 61             |
|    total_timesteps      | 118784         |
| train/                  |                |
|    approx_kl            | 0.01848893     |
|    clip_fraction        | 0.247          |
|    clip_range           | 0.2            |
|    entropy_loss         | -16.9          |
|    explained_variance   | -5.1021576e-05 |
|    learning_rate        | 0.0003         |
|    loss                 | -0.0375        |
|    n_updates            | 1150           |
|    policy_gradient_loss | -0.0234        |
|    std                  | 0.993          |
|    value_loss           | 0.207          |
--------------------------------------------
---------------------------------------------
| rollout/                |                 |
|    ep_len_mean          | 1.44e+03        |
|    ep_rew_mean          | 1.44e+03        |
| time/                   |                 |
|    fps                  | 1922            |
|    iterations           | 117             |
|    time_elapsed         | 62              |
|    total_timesteps      | 119808          |
| train/                  |                 |
|    approx_kl            | 0.022883449     |
|    clip_fraction        | 0.207           |
|    clip_range           | 0.2             |
|    entropy_loss         | -16.9           |
|    explained_variance   | -0.000101566315 |
|    learning_rate        | 0.0003          |
|    loss                 | -0.0253         |
|    n_updates            | 1160            |
|    policy_gradient_loss | -0.0218         |
|    std                  | 0.989           |
|    value_loss           | 0.134           |
---------------------------------------------
-------------------------------------------
| rollout/                |               |
|    ep_len_mean          | 1.44e+03      |
|    ep_rew_mean          | 1.44e+03      |
| time/                   |               |
|    fps                  | 1922          |
|    iterations           | 118           |
|    time_elapsed         | 62            |
|    total_timesteps      | 120832        |
| train/                  |               |
|    approx_kl            | 0.021047553   |
|    clip_fraction        | 0.227         |
|    clip_range           | 0.2           |
|    entropy_loss         | -16.8         |
|    explained_variance   | 1.2457371e-05 |
|    learning_rate        | 0.0003        |
|    loss                 | -0.0354       |
|    n_updates            | 1170          |
|    policy_gradient_loss | -0.0261       |
|    std                  | 0.985         |
|    value_loss           | 0.0693        |
-------------------------------------------
-------------------------------------------
| rollout/                |               |
|    ep_len_mean          | 1.44e+03      |
|    ep_rew_mean          | 1.44e+03      |
| time/                   |               |
|    fps                  | 1922          |
|    iterations           | 119           |
|    time_elapsed         | 63            |
|    total_timesteps      | 121856        |
| train/                  |               |
|    approx_kl            | 0.02146837    |
|    clip_fraction        | 0.222         |
|    clip_range           | 0.2           |
|    entropy_loss         | -16.8         |
|    explained_variance   | -9.214878e-05 |
|    learning_rate        | 0.0003        |
|    loss                 | -0.0132       |
|    n_updates            | 1180          |
|    policy_gradient_loss | -0.0245       |
|    std                  | 0.979         |
|    value_loss           | 0.0645        |
-------------------------------------------
--------------------------------------------
| rollout/                |                |
|    ep_len_mean          | 1.44e+03       |
|    ep_rew_mean          | 1.44e+03       |
| time/                   |                |
|    fps                  | 1922           |
|    iterations           | 120            |
|    time_elapsed         | 63             |
|    total_timesteps      | 122880         |
| train/                  |                |
|    approx_kl            | 0.016660746    |
|    clip_fraction        | 0.149          |
|    clip_range           | 0.2            |
|    entropy_loss         | -16.7          |
|    explained_variance   | -4.3034554e-05 |
|    learning_rate        | 0.0003         |
|    loss                 | -0.0171        |
|    n_updates            | 1190           |
|    policy_gradient_loss | -0.0193        |
|    std                  | 0.975          |
|    value_loss           | 0.0539         |
--------------------------------------------
------------------------------------------
| rollout/                |              |
|    ep_len_mean          | 1.44e+03     |
|    ep_rew_mean          | 1.44e+03     |
| time/                   |              |
|    fps                  | 1922         |
|    iterations           | 121          |
|    time_elapsed         | 64           |
|    total_timesteps      | 123904       |
| train/                  |              |
|    approx_kl            | 0.020387325  |
|    clip_fraction        | 0.215        |
|    clip_range           | 0.2          |
|    entropy_loss         | -16.7        |
|    explained_variance   | 3.993511e-06 |
|    learning_rate        | 0.0003       |
|    loss                 | -0.0387      |
|    n_updates            | 1200         |
|    policy_gradient_loss | -0.0265      |
|    std                  | 0.976        |
|    value_loss           | 0.0333       |
------------------------------------------
-------------------------------------------
| rollout/                |               |
|    ep_len_mean          | 1.44e+03      |
|    ep_rew_mean          | 1.44e+03      |
| time/                   |               |
|    fps                  | 1922          |
|    iterations           | 122           |
|    time_elapsed         | 64            |
|    total_timesteps      | 124928        |
| train/                  |               |
|    approx_kl            | 0.019618222   |
|    clip_fraction        | 0.206         |
|    clip_range           | 0.2           |
|    entropy_loss         | -16.7         |
|    explained_variance   | 2.8014183e-06 |
|    learning_rate        | 0.0003        |
|    loss                 | -0.0318       |
|    n_updates            | 1210          |
|    policy_gradient_loss | -0.0286       |
|    std                  | 0.977         |
|    value_loss           | 0.021         |
-------------------------------------------
-------------------------------------------
| rollout/                |               |
|    ep_len_mean          | 1.44e+03      |
|    ep_rew_mean          | 1.44e+03      |
| time/                   |               |
|    fps                  | 1921          |
|    iterations           | 123           |
|    time_elapsed         | 65            |
|    total_timesteps      | 125952        |
| train/                  |               |
|    approx_kl            | 0.020103471   |
|    clip_fraction        | 0.235         |
|    clip_range           | 0.2           |
|    entropy_loss         | -16.7         |
|    explained_variance   | -0.0001603365 |
|    learning_rate        | 0.0003        |
|    loss                 | -0.0413       |
|    n_updates            | 1220          |
|    policy_gradient_loss | -0.0283       |
|    std                  | 0.978         |
|    value_loss           | 0.0275        |
-------------------------------------------
-------------------------------------------
| rollout/                |               |
|    ep_len_mean          | 1.44e+03      |
|    ep_rew_mean          | 1.44e+03      |
| time/                   |               |
|    fps                  | 1922          |
|    iterations           | 124           |
|    time_elapsed         | 66            |
|    total_timesteps      | 126976        |
| train/                  |               |
|    approx_kl            | 0.015696844   |
|    clip_fraction        | 0.165         |
|    clip_range           | 0.2           |
|    entropy_loss         | -16.7         |
|    explained_variance   | -0.0001680851 |
|    learning_rate        | 0.0003        |
|    loss                 | -0.0332       |
|    n_updates            | 1230          |
|    policy_gradient_loss | -0.0237       |
|    std                  | 0.976         |
|    value_loss           | 0.0224        |
-------------------------------------------
------------------------------------------
| rollout/                |              |
|    ep_len_mean          | 1.44e+03     |
|    ep_rew_mean          | 1.44e+03     |
| time/                   |              |
|    fps                  | 1921         |
|    iterations           | 125          |
|    time_elapsed         | 66           |
|    total_timesteps      | 128000       |
| train/                  |              |
|    approx_kl            | 0.017569065  |
|    clip_fraction        | 0.189        |
|    clip_range           | 0.2          |
|    entropy_loss         | -16.7        |
|    explained_variance   | -8.59499e-05 |
|    learning_rate        | 0.0003       |
|    loss                 | -0.0366      |
|    n_updates            | 1240         |
|    policy_gradient_loss | -0.0266      |
|    std                  | 0.975        |
|    value_loss           | 0.0162       |
------------------------------------------
-------------------------------------------
| rollout/                |               |
|    ep_len_mean          | 1.44e+03      |
|    ep_rew_mean          | 1.44e+03      |
| time/                   |               |
|    fps                  | 1921          |
|    iterations           | 126           |
|    time_elapsed         | 67            |
|    total_timesteps      | 129024        |
| train/                  |               |
|    approx_kl            | 0.016230829   |
|    clip_fraction        | 0.189         |
|    clip_range           | 0.2           |
|    entropy_loss         | -16.7         |
|    explained_variance   | 1.4364719e-05 |
|    learning_rate        | 0.0003        |
|    loss                 | -0.0373       |
|    n_updates            | 1250          |
|    policy_gradient_loss | -0.0247       |
|    std                  | 0.974         |
|    value_loss           | 0.0192        |
-------------------------------------------
-------------------------------------------
| rollout/                |               |
|    ep_len_mean          | 1.44e+03      |
|    ep_rew_mean          | 1.44e+03      |
| time/                   |               |
|    fps                  | 1921          |
|    iterations           | 127           |
|    time_elapsed         | 67            |
|    total_timesteps      | 130048        |
| train/                  |               |
|    approx_kl            | 0.022145992   |
|    clip_fraction        | 0.21          |
|    clip_range           | 0.2           |
|    entropy_loss         | -16.7         |
|    explained_variance   | -4.196167e-05 |
|    learning_rate        | 0.0003        |
|    loss                 | -0.0247       |
|    n_updates            | 1260          |
|    policy_gradient_loss | -0.0259       |
|    std                  | 0.971         |
|    value_loss           | 0.0163        |
-------------------------------------------
--------------------------------------------
| rollout/                |                |
|    ep_len_mean          | 1.44e+03       |
|    ep_rew_mean          | 1.44e+03       |
| time/                   |                |
|    fps                  | 1922           |
|    iterations           | 128            |
|    time_elapsed         | 68             |
|    total_timesteps      | 131072         |
| train/                  |                |
|    approx_kl            | 0.018934134    |
|    clip_fraction        | 0.173          |
|    clip_range           | 0.2            |
|    entropy_loss         | -16.6          |
|    explained_variance   | -0.00024831295 |
|    learning_rate        | 0.0003         |
|    loss                 | -0.0438        |
|    n_updates            | 1270           |
|    policy_gradient_loss | -0.0232        |
|    std                  | 0.971          |
|    value_loss           | 0.0102         |
--------------------------------------------
--------------------------------------------
| rollout/                |                |
|    ep_len_mean          | 1.44e+03       |
|    ep_rew_mean          | 1.44e+03       |
| time/                   |                |
|    fps                  | 1922           |
|    iterations           | 129            |
|    time_elapsed         | 68             |
|    total_timesteps      | 132096         |
| train/                  |                |
|    approx_kl            | 0.014214845    |
|    clip_fraction        | 0.184          |
|    clip_range           | 0.2            |
|    entropy_loss         | -16.6          |
|    explained_variance   | 0.000104784966 |
|    learning_rate        | 0.0003         |
|    loss                 | -0.0304        |
|    n_updates            | 1280           |
|    policy_gradient_loss | -0.0259        |
|    std                  | 0.968          |
|    value_loss           | 0.0151         |
--------------------------------------------
------------------------------------------
| rollout/                |              |
|    ep_len_mean          | 1.44e+03     |
|    ep_rew_mean          | 1.44e+03     |
| time/                   |              |
|    fps                  | 1922         |
|    iterations           | 130          |
|    time_elapsed         | 69           |
|    total_timesteps      | 133120       |
| train/                  |              |
|    approx_kl            | 0.01772104   |
|    clip_fraction        | 0.241        |
|    clip_range           | 0.2          |
|    entropy_loss         | -16.6        |
|    explained_variance   | -5.00679e-05 |
|    learning_rate        | 0.0003       |
|    loss                 | -0.0461      |
|    n_updates            | 1290         |
|    policy_gradient_loss | -0.0327      |
|    std                  | 0.966        |
|    value_loss           | 0.0124       |
------------------------------------------
--------------------------------------------
| rollout/                |                |
|    ep_len_mean          | 1.44e+03       |
|    ep_rew_mean          | 1.44e+03       |
| time/                   |                |
|    fps                  | 1922           |
|    iterations           | 131            |
|    time_elapsed         | 69             |
|    total_timesteps      | 134144         |
| train/                  |                |
|    approx_kl            | 0.017644359    |
|    clip_fraction        | 0.208          |
|    clip_range           | 0.2            |
|    entropy_loss         | -16.6          |
|    explained_variance   | -0.00011539459 |
|    learning_rate        | 0.0003         |
|    loss                 | -0.0432        |
|    n_updates            | 1300           |
|    policy_gradient_loss | -0.0258        |
|    std                  | 0.963          |
|    value_loss           | 0.017          |
--------------------------------------------
--------------------------------------------
| rollout/                |                |
|    ep_len_mean          | 1.44e+03       |
|    ep_rew_mean          | 1.44e+03       |
| time/                   |                |
|    fps                  | 1922           |
|    iterations           | 132            |
|    time_elapsed         | 70             |
|    total_timesteps      | 135168         |
| train/                  |                |
|    approx_kl            | 0.016965574    |
|    clip_fraction        | 0.187          |
|    clip_range           | 0.2            |
|    entropy_loss         | -16.5          |
|    explained_variance   | -2.2768974e-05 |
|    learning_rate        | 0.0003         |
|    loss                 | -0.027         |
|    n_updates            | 1310           |
|    policy_gradient_loss | -0.0266        |
|    std                  | 0.963          |
|    value_loss           | 0.0143         |
--------------------------------------------
-------------------------------------------
| rollout/                |               |
|    ep_len_mean          | 1.44e+03      |
|    ep_rew_mean          | 1.44e+03      |
| time/                   |               |
|    fps                  | 1922          |
|    iterations           | 133           |
|    time_elapsed         | 70            |
|    total_timesteps      | 136192        |
| train/                  |               |
|    approx_kl            | 0.014725865   |
|    clip_fraction        | 0.183         |
|    clip_range           | 0.2           |
|    entropy_loss         | -16.5         |
|    explained_variance   | -6.556511e-05 |
|    learning_rate        | 0.0003        |
|    loss                 | -0.0348       |
|    n_updates            | 1320          |
|    policy_gradient_loss | -0.0219       |
|    std                  | 0.961         |
|    value_loss           | 0.0119        |
-------------------------------------------
--------------------------------------------
| rollout/                |                |
|    ep_len_mean          | 1.44e+03       |
|    ep_rew_mean          | 1.44e+03       |
| time/                   |                |
|    fps                  | 1922           |
|    iterations           | 134            |
|    time_elapsed         | 71             |
|    total_timesteps      | 137216         |
| train/                  |                |
|    approx_kl            | 0.0145340385   |
|    clip_fraction        | 0.168          |
|    clip_range           | 0.2            |
|    entropy_loss         | -16.5          |
|    explained_variance   | -5.8293343e-05 |
|    learning_rate        | 0.0003         |
|    loss                 | -0.00989       |
|    n_updates            | 1330           |
|    policy_gradient_loss | -0.023         |
|    std                  | 0.959          |
|    value_loss           | 0.0146         |
--------------------------------------------
-------------------------------------------
| rollout/                |               |
|    ep_len_mean          | 1.44e+03      |
|    ep_rew_mean          | 1.44e+03      |
| time/                   |               |
|    fps                  | 1922          |
|    iterations           | 135           |
|    time_elapsed         | 71            |
|    total_timesteps      | 138240        |
| train/                  |               |
|    approx_kl            | 0.015648244   |
|    clip_fraction        | 0.195         |
|    clip_range           | 0.2           |
|    entropy_loss         | -16.5         |
|    explained_variance   | -7.939339e-05 |
|    learning_rate        | 0.0003        |
|    loss                 | -0.0316       |
|    n_updates            | 1340          |
|    policy_gradient_loss | -0.0257       |
|    std                  | 0.956         |
|    value_loss           | 0.0142        |
-------------------------------------------
--------------------------------------------
| rollout/                |                |
|    ep_len_mean          | 1.44e+03       |
|    ep_rew_mean          | 1.44e+03       |
| time/                   |                |
|    fps                  | 1922           |
|    iterations           | 136            |
|    time_elapsed         | 72             |
|    total_timesteps      | 139264         |
| train/                  |                |
|    approx_kl            | 0.019195367    |
|    clip_fraction        | 0.205          |
|    clip_range           | 0.2            |
|    entropy_loss         | -16.4          |
|    explained_variance   | -0.00016498566 |
|    learning_rate        | 0.0003         |
|    loss                 | -0.0376        |
|    n_updates            | 1350           |
|    policy_gradient_loss | -0.0259        |
|    std                  | 0.953          |
|    value_loss           | 0.0101         |
--------------------------------------------
-------------------------------------------
| rollout/                |               |
|    ep_len_mean          | 1.44e+03      |
|    ep_rew_mean          | 1.44e+03      |
| time/                   |               |
|    fps                  | 1922          |
|    iterations           | 137           |
|    time_elapsed         | 72            |
|    total_timesteps      | 140288        |
| train/                  |               |
|    approx_kl            | 0.01579202    |
|    clip_fraction        | 0.199         |
|    clip_range           | 0.2           |
|    entropy_loss         | -16.4         |
|    explained_variance   | -0.0003361702 |
|    learning_rate        | 0.0003        |
|    loss                 | -0.0384       |
|    n_updates            | 1360          |
|    policy_gradient_loss | -0.0273       |
|    std                  | 0.952         |
|    value_loss           | 0.0123        |
-------------------------------------------
--------------------------------------------
| rollout/                |                |
|    ep_len_mean          | 1.44e+03       |
|    ep_rew_mean          | 1.44e+03       |
| time/                   |                |
|    fps                  | 1922           |
|    iterations           | 138            |
|    time_elapsed         | 73             |
|    total_timesteps      | 141312         |
| train/                  |                |
|    approx_kl            | 0.017201226    |
|    clip_fraction        | 0.179          |
|    clip_range           | 0.2            |
|    entropy_loss         | -16.4          |
|    explained_variance   | -1.3113022e-06 |
|    learning_rate        | 0.0003         |
|    loss                 | -0.0212        |
|    n_updates            | 1370           |
|    policy_gradient_loss | -0.0235        |
|    std                  | 0.949          |
|    value_loss           | 0.0116         |
--------------------------------------------
-------------------------------------------
| rollout/                |               |
|    ep_len_mean          | 1.44e+03      |
|    ep_rew_mean          | 1.44e+03      |
| time/                   |               |
|    fps                  | 1922          |
|    iterations           | 139           |
|    time_elapsed         | 74            |
|    total_timesteps      | 142336        |
| train/                  |               |
|    approx_kl            | 0.016304912   |
|    clip_fraction        | 0.195         |
|    clip_range           | 0.2           |
|    entropy_loss         | -16.3         |
|    explained_variance   | -9.894371e-05 |
|    learning_rate        | 0.0003        |
|    loss                 | -0.0333       |
|    n_updates            | 1380          |
|    policy_gradient_loss | -0.0273       |
|    std                  | 0.947         |
|    value_loss           | 0.0131        |
-------------------------------------------
-------------------------------------------
| rollout/                |               |
|    ep_len_mean          | 1.44e+03      |
|    ep_rew_mean          | 1.44e+03      |
| time/                   |               |
|    fps                  | 1922          |
|    iterations           | 140           |
|    time_elapsed         | 74            |
|    total_timesteps      | 143360        |
| train/                  |               |
|    approx_kl            | 0.012586798   |
|    clip_fraction        | 0.147         |
|    clip_range           | 0.2           |
|    entropy_loss         | -16.3         |
|    explained_variance   | -0.0001553297 |
|    learning_rate        | 0.0003        |
|    loss                 | -0.026        |
|    n_updates            | 1390          |
|    policy_gradient_loss | -0.0206       |
|    std                  | 0.947         |
|    value_loss           | 0.0139        |
-------------------------------------------
--------------------------------------------
| rollout/                |                |
|    ep_len_mean          | 1.44e+03       |
|    ep_rew_mean          | 1.44e+03       |
| time/                   |                |
|    fps                  | 1922           |
|    iterations           | 141            |
|    time_elapsed         | 75             |
|    total_timesteps      | 144384         |
| train/                  |                |
|    approx_kl            | 0.014668309    |
|    clip_fraction        | 0.179          |
|    clip_range           | 0.2            |
|    entropy_loss         | -16.3          |
|    explained_variance   | -9.6440315e-05 |
|    learning_rate        | 0.0003         |
|    loss                 | -0.0262        |
|    n_updates            | 1400           |
|    policy_gradient_loss | -0.0226        |
|    std                  | 0.946          |
|    value_loss           | 0.0117         |
--------------------------------------------
--------------------------------------------
| rollout/                |                |
|    ep_len_mean          | 1.44e+03       |
|    ep_rew_mean          | 1.44e+03       |
| time/                   |                |
|    fps                  | 1922           |
|    iterations           | 142            |
|    time_elapsed         | 75             |
|    total_timesteps      | 145408         |
| train/                  |                |
|    approx_kl            | 0.015426271    |
|    clip_fraction        | 0.195          |
|    clip_range           | 0.2            |
|    entropy_loss         | -16.3          |
|    explained_variance   | -0.00016820431 |
|    learning_rate        | 0.0003         |
|    loss                 | -0.0355        |
|    n_updates            | 1410           |
|    policy_gradient_loss | -0.0236        |
|    std                  | 0.945          |
|    value_loss           | 0.0123         |
--------------------------------------------
------------------------------------------
| rollout/                |              |
|    ep_len_mean          | 1.44e+03     |
|    ep_rew_mean          | 1.44e+03     |
| time/                   |              |
|    fps                  | 1923         |
|    iterations           | 143          |
|    time_elapsed         | 76           |
|    total_timesteps      | 146432       |
| train/                  |              |
|    approx_kl            | 0.016153086  |
|    clip_fraction        | 0.193        |
|    clip_range           | 0.2          |
|    entropy_loss         | -16.3        |
|    explained_variance   | 3.373623e-05 |
|    learning_rate        | 0.0003       |
|    loss                 | -0.0295      |
|    n_updates            | 1420         |
|    policy_gradient_loss | -0.0264      |
|    std                  | 0.944        |
|    value_loss           | 0.0104       |
------------------------------------------
-------------------------------------------
| rollout/                |               |
|    ep_len_mean          | 1.44e+03      |
|    ep_rew_mean          | 1.44e+03      |
| time/                   |               |
|    fps                  | 1923          |
|    iterations           | 144           |
|    time_elapsed         | 76            |
|    total_timesteps      | 147456        |
| train/                  |               |
|    approx_kl            | 0.017785715   |
|    clip_fraction        | 0.192         |
|    clip_range           | 0.2           |
|    entropy_loss         | -16.3         |
|    explained_variance   | -0.0002193451 |
|    learning_rate        | 0.0003        |
|    loss                 | -0.0418       |
|    n_updates            | 1430          |
|    policy_gradient_loss | -0.0253       |
|    std                  | 0.943         |
|    value_loss           | 0.0134        |
-------------------------------------------
--------------------------------------------
| rollout/                |                |
|    ep_len_mean          | 1.44e+03       |
|    ep_rew_mean          | 1.44e+03       |
| time/                   |                |
|    fps                  | 1923           |
|    iterations           | 145            |
|    time_elapsed         | 77             |
|    total_timesteps      | 148480         |
| train/                  |                |
|    approx_kl            | 0.016020544    |
|    clip_fraction        | 0.155          |
|    clip_range           | 0.2            |
|    entropy_loss         | -16.3          |
|    explained_variance   | -0.00039839745 |
|    learning_rate        | 0.0003         |
|    loss                 | -0.0299        |
|    n_updates            | 1440           |
|    policy_gradient_loss | -0.0214        |
|    std                  | 0.941          |
|    value_loss           | 0.0119         |
--------------------------------------------
--------------------------------------------
| rollout/                |                |
|    ep_len_mean          | 1.44e+03       |
|    ep_rew_mean          | 1.44e+03       |
| time/                   |                |
|    fps                  | 1923           |
|    iterations           | 146            |
|    time_elapsed         | 77             |
|    total_timesteps      | 149504         |
| train/                  |                |
|    approx_kl            | 0.014838156    |
|    clip_fraction        | 0.212          |
|    clip_range           | 0.2            |
|    entropy_loss         | -16.3          |
|    explained_variance   | -0.00022864342 |
|    learning_rate        | 0.0003         |
|    loss                 | -0.039         |
|    n_updates            | 1450           |
|    policy_gradient_loss | -0.0284        |
|    std                  | 0.94           |
|    value_loss           | 0.0119         |
--------------------------------------------
--------------------------------------------
| rollout/                |                |
|    ep_len_mean          | 1.44e+03       |
|    ep_rew_mean          | 1.44e+03       |
| time/                   |                |
|    fps                  | 1923           |
|    iterations           | 147            |
|    time_elapsed         | 78             |
|    total_timesteps      | 150528         |
| train/                  |                |
|    approx_kl            | 0.019109312    |
|    clip_fraction        | 0.227          |
|    clip_range           | 0.2            |
|    entropy_loss         | -16.2          |
|    explained_variance   | -0.00014865398 |
|    learning_rate        | 0.0003         |
|    loss                 | -0.0361        |
|    n_updates            | 1460           |
|    policy_gradient_loss | -0.0273        |
|    std                  | 0.939          |
|    value_loss           | 0.0153         |
--------------------------------------------
--------------------------------------------
| rollout/                |                |
|    ep_len_mean          | 1.44e+03       |
|    ep_rew_mean          | 1.44e+03       |
| time/                   |                |
|    fps                  | 1923           |
|    iterations           | 148            |
|    time_elapsed         | 78             |
|    total_timesteps      | 151552         |
| train/                  |                |
|    approx_kl            | 0.015414875    |
|    clip_fraction        | 0.145          |
|    clip_range           | 0.2            |
|    entropy_loss         | -16.2          |
|    explained_variance   | -1.1920929e-05 |
|    learning_rate        | 0.0003         |
|    loss                 | -0.0164        |
|    n_updates            | 1470           |
|    policy_gradient_loss | -0.0207        |
|    std                  | 0.938          |
|    value_loss           | 0.0124         |
--------------------------------------------
-------------------------------------------
| rollout/                |               |
|    ep_len_mean          | 1.44e+03      |
|    ep_rew_mean          | 1.44e+03      |
| time/                   |               |
|    fps                  | 1923          |
|    iterations           | 149           |
|    time_elapsed         | 79            |
|    total_timesteps      | 152576        |
| train/                  |               |
|    approx_kl            | 0.011162903   |
|    clip_fraction        | 0.148         |
|    clip_range           | 0.2           |
|    entropy_loss         | -16.2         |
|    explained_variance   | 0.00014328957 |
|    learning_rate        | 0.0003        |
|    loss                 | -0.0274       |
|    n_updates            | 1480          |
|    policy_gradient_loss | -0.0189       |
|    std                  | 0.937         |
|    value_loss           | 0.00946       |
-------------------------------------------
--------------------------------------------
| rollout/                |                |
|    ep_len_mean          | 1.44e+03       |
|    ep_rew_mean          | 1.44e+03       |
| time/                   |                |
|    fps                  | 1924           |
|    iterations           | 150            |
|    time_elapsed         | 79             |
|    total_timesteps      | 153600         |
| train/                  |                |
|    approx_kl            | 0.015818844    |
|    clip_fraction        | 0.189          |
|    clip_range           | 0.2            |
|    entropy_loss         | -16.2          |
|    explained_variance   | -0.00029814243 |
|    learning_rate        | 0.0003         |
|    loss                 | -0.0266        |
|    n_updates            | 1490           |
|    policy_gradient_loss | -0.0233        |
|    std                  | 0.935          |
|    value_loss           | 0.00968        |
--------------------------------------------
--------------------------------------------
| rollout/                |                |
|    ep_len_mean          | 1.44e+03       |
|    ep_rew_mean          | 1.44e+03       |
| time/                   |                |
|    fps                  | 1924           |
|    iterations           | 151            |
|    time_elapsed         | 80             |
|    total_timesteps      | 154624         |
| train/                  |                |
|    approx_kl            | 0.017214138    |
|    clip_fraction        | 0.195          |
|    clip_range           | 0.2            |
|    entropy_loss         | -16.2          |
|    explained_variance   | -8.6426735e-05 |
|    learning_rate        | 0.0003         |
|    loss                 | -0.0226        |
|    n_updates            | 1500           |
|    policy_gradient_loss | -0.0227        |
|    std                  | 0.933          |
|    value_loss           | 0.00844        |
--------------------------------------------
-------------------------------------------
| rollout/                |               |
|    ep_len_mean          | 1.44e+03      |
|    ep_rew_mean          | 1.44e+03      |
| time/                   |               |
|    fps                  | 1924          |
|    iterations           | 152           |
|    time_elapsed         | 80            |
|    total_timesteps      | 155648        |
| train/                  |               |
|    approx_kl            | 0.014872053   |
|    clip_fraction        | 0.189         |
|    clip_range           | 0.2           |
|    entropy_loss         | -16.2         |
|    explained_variance   | -0.0001077652 |
|    learning_rate        | 0.0003        |
|    loss                 | -0.0446       |
|    n_updates            | 1510          |
|    policy_gradient_loss | -0.0237       |
|    std                  | 0.934         |
|    value_loss           | 0.00942       |
-------------------------------------------
--------------------------------------------
| rollout/                |                |
|    ep_len_mean          | 1.44e+03       |
|    ep_rew_mean          | 1.44e+03       |
| time/                   |                |
|    fps                  | 1924           |
|    iterations           | 153            |
|    time_elapsed         | 81             |
|    total_timesteps      | 156672         |
| train/                  |                |
|    approx_kl            | 0.015277581    |
|    clip_fraction        | 0.195          |
|    clip_range           | 0.2            |
|    entropy_loss         | -16.2          |
|    explained_variance   | -2.3126602e-05 |
|    learning_rate        | 0.0003         |
|    loss                 | -0.0374        |
|    n_updates            | 1520           |
|    policy_gradient_loss | -0.0237        |
|    std                  | 0.933          |
|    value_loss           | 0.012          |
--------------------------------------------
---------------------------------------------
| rollout/                |                 |
|    ep_len_mean          | 1.44e+03        |
|    ep_rew_mean          | 1.44e+03        |
| time/                   |                 |
|    fps                  | 1924            |
|    iterations           | 154             |
|    time_elapsed         | 81              |
|    total_timesteps      | 157696          |
| train/                  |                 |
|    approx_kl            | 0.013718015     |
|    clip_fraction        | 0.17            |
|    clip_range           | 0.2             |
|    entropy_loss         | -16.1           |
|    explained_variance   | -0.000121712685 |
|    learning_rate        | 0.0003          |
|    loss                 | -0.0447         |
|    n_updates            | 1530            |
|    policy_gradient_loss | -0.0276         |
|    std                  | 0.929           |
|    value_loss           | 0.00937         |
---------------------------------------------
------------------------------------------
| rollout/                |              |
|    ep_len_mean          | 1.44e+03     |
|    ep_rew_mean          | 1.44e+03     |
| time/                   |              |
|    fps                  | 1924         |
|    iterations           | 155          |
|    time_elapsed         | 82           |
|    total_timesteps      | 158720       |
| train/                  |              |
|    approx_kl            | 0.016339835  |
|    clip_fraction        | 0.175        |
|    clip_range           | 0.2          |
|    entropy_loss         | -16.1        |
|    explained_variance   | 5.298853e-05 |
|    learning_rate        | 0.0003       |
|    loss                 | -0.0361      |
|    n_updates            | 1540         |
|    policy_gradient_loss | -0.0255      |
|    std                  | 0.927        |
|    value_loss           | 0.00927      |
------------------------------------------
------------------------------------------
| rollout/                |              |
|    ep_len_mean          | 1.44e+03     |
|    ep_rew_mean          | 1.44e+03     |
| time/                   |              |
|    fps                  | 1925         |
|    iterations           | 156          |
|    time_elapsed         | 82           |
|    total_timesteps      | 159744       |
| train/                  |              |
|    approx_kl            | 0.01814519   |
|    clip_fraction        | 0.205        |
|    clip_range           | 0.2          |
|    entropy_loss         | -16.1        |
|    explained_variance   | -8.72612e-05 |
|    learning_rate        | 0.0003       |
|    loss                 | -0.0517      |
|    n_updates            | 1550         |
|    policy_gradient_loss | -0.0267      |
|    std                  | 0.924        |
|    value_loss           | 0.0085       |
------------------------------------------
-------------------------------------------
| rollout/                |               |
|    ep_len_mean          | 1.44e+03      |
|    ep_rew_mean          | 1.44e+03      |
| time/                   |               |
|    fps                  | 1925          |
|    iterations           | 157           |
|    time_elapsed         | 83            |
|    total_timesteps      | 160768        |
| train/                  |               |
|    approx_kl            | 0.015571089   |
|    clip_fraction        | 0.19          |
|    clip_range           | 0.2           |
|    entropy_loss         | -16.1         |
|    explained_variance   | -0.0001475811 |
|    learning_rate        | 0.0003        |
|    loss                 | -0.0355       |
|    n_updates            | 1560          |
|    policy_gradient_loss | -0.0247       |
|    std                  | 0.924         |
|    value_loss           | 0.0103        |
-------------------------------------------
--------------------------------------------
| rollout/                |                |
|    ep_len_mean          | 1.44e+03       |
|    ep_rew_mean          | 1.44e+03       |
| time/                   |                |
|    fps                  | 1925           |
|    iterations           | 158            |
|    time_elapsed         | 84             |
|    total_timesteps      | 161792         |
| train/                  |                |
|    approx_kl            | 0.016101832    |
|    clip_fraction        | 0.18           |
|    clip_range           | 0.2            |
|    entropy_loss         | -16            |
|    explained_variance   | -5.9247017e-05 |
|    learning_rate        | 0.0003         |
|    loss                 | -0.0136        |
|    n_updates            | 1570           |
|    policy_gradient_loss | -0.0245        |
|    std                  | 0.922          |
|    value_loss           | 0.00683        |
--------------------------------------------
-------------------------------------------
| rollout/                |               |
|    ep_len_mean          | 1.44e+03      |
|    ep_rew_mean          | 1.44e+03      |
| time/                   |               |
|    fps                  | 1925          |
|    iterations           | 159           |
|    time_elapsed         | 84            |
|    total_timesteps      | 162816        |
| train/                  |               |
|    approx_kl            | 0.017131357   |
|    clip_fraction        | 0.208         |
|    clip_range           | 0.2           |
|    entropy_loss         | -16           |
|    explained_variance   | -7.390976e-06 |
|    learning_rate        | 0.0003        |
|    loss                 | -0.0318       |
|    n_updates            | 1580          |
|    policy_gradient_loss | -0.0244       |
|    std                  | 0.921         |
|    value_loss           | 0.0102        |
-------------------------------------------
------------------------------------------
| rollout/                |              |
|    ep_len_mean          | 1.44e+03     |
|    ep_rew_mean          | 1.44e+03     |
| time/                   |              |
|    fps                  | 1925         |
|    iterations           | 160          |
|    time_elapsed         | 85           |
|    total_timesteps      | 163840       |
| train/                  |              |
|    approx_kl            | 0.0146080125 |
|    clip_fraction        | 0.186        |
|    clip_range           | 0.2          |
|    entropy_loss         | -16          |
|    explained_variance   | -0.000269413 |
|    learning_rate        | 0.0003       |
|    loss                 | -0.0391      |
|    n_updates            | 1590         |
|    policy_gradient_loss | -0.0232      |
|    std                  | 0.918        |
|    value_loss           | 0.0094       |
------------------------------------------
-------------------------------------------
| rollout/                |               |
|    ep_len_mean          | 1.44e+03      |
|    ep_rew_mean          | 1.44e+03      |
| time/                   |               |
|    fps                  | 1925          |
|    iterations           | 161           |
|    time_elapsed         | 85            |
|    total_timesteps      | 164864        |
| train/                  |               |
|    approx_kl            | 0.01456068    |
|    clip_fraction        | 0.172         |
|    clip_range           | 0.2           |
|    entropy_loss         | -16           |
|    explained_variance   | 0.00016450882 |
|    learning_rate        | 0.0003        |
|    loss                 | -0.0315       |
|    n_updates            | 1600          |
|    policy_gradient_loss | -0.0247       |
|    std                  | 0.917         |
|    value_loss           | 0.00945       |
-------------------------------------------
-------------------------------------------
| rollout/                |               |
|    ep_len_mean          | 1.44e+03      |
|    ep_rew_mean          | 1.44e+03      |
| time/                   |               |
|    fps                  | 1926          |
|    iterations           | 162           |
|    time_elapsed         | 86            |
|    total_timesteps      | 165888        |
| train/                  |               |
|    approx_kl            | 0.011058996   |
|    clip_fraction        | 0.133         |
|    clip_range           | 0.2           |
|    entropy_loss         | -16           |
|    explained_variance   | 1.4781952e-05 |
|    learning_rate        | 0.0003        |
|    loss                 | -0.0307       |
|    n_updates            | 1610          |
|    policy_gradient_loss | -0.0206       |
|    std                  | 0.917         |
|    value_loss           | 0.00994       |
-------------------------------------------
------------------------------------------
| rollout/                |              |
|    ep_len_mean          | 1.44e+03     |
|    ep_rew_mean          | 1.44e+03     |
| time/                   |              |
|    fps                  | 1926         |
|    iterations           | 163          |
|    time_elapsed         | 86           |
|    total_timesteps      | 166912       |
| train/                  |              |
|    approx_kl            | 0.01968737   |
|    clip_fraction        | 0.198        |
|    clip_range           | 0.2          |
|    entropy_loss         | -16          |
|    explained_variance   | 8.356571e-05 |
|    learning_rate        | 0.0003       |
|    loss                 | -0.028       |
|    n_updates            | 1620         |
|    policy_gradient_loss | -0.0287      |
|    std                  | 0.918        |
|    value_loss           | 0.00723      |
------------------------------------------
-------------------------------------------
| rollout/                |               |
|    ep_len_mean          | 1.44e+03      |
|    ep_rew_mean          | 1.44e+03      |
| time/                   |               |
|    fps                  | 1926          |
|    iterations           | 164           |
|    time_elapsed         | 87            |
|    total_timesteps      | 167936        |
| train/                  |               |
|    approx_kl            | 0.015545196   |
|    clip_fraction        | 0.171         |
|    clip_range           | 0.2           |
|    entropy_loss         | -16           |
|    explained_variance   | -9.346008e-05 |
|    learning_rate        | 0.0003        |
|    loss                 | -0.0293       |
|    n_updates            | 1630          |
|    policy_gradient_loss | -0.0218       |
|    std                  | 0.918         |
|    value_loss           | 0.006         |
-------------------------------------------
--------------------------------------------
| rollout/                |                |
|    ep_len_mean          | 1.44e+03       |
|    ep_rew_mean          | 1.44e+03       |
| time/                   |                |
|    fps                  | 1926           |
|    iterations           | 165            |
|    time_elapsed         | 87             |
|    total_timesteps      | 168960         |
| train/                  |                |
|    approx_kl            | 0.018018723    |
|    clip_fraction        | 0.193          |
|    clip_range           | 0.2            |
|    entropy_loss         | -15.9          |
|    explained_variance   | -0.00026237965 |
|    learning_rate        | 0.0003         |
|    loss                 | -0.0273        |
|    n_updates            | 1640           |
|    policy_gradient_loss | -0.0262        |
|    std                  | 0.915          |
|    value_loss           | 0.00684        |
--------------------------------------------
---------------------------------------------
| rollout/                |                 |
|    ep_len_mean          | 1.44e+03        |
|    ep_rew_mean          | 1.45e+03        |
| time/                   |                 |
|    fps                  | 1926            |
|    iterations           | 166             |
|    time_elapsed         | 88              |
|    total_timesteps      | 169984          |
| train/                  |                 |
|    approx_kl            | 0.014211144     |
|    clip_fraction        | 0.178           |
|    clip_range           | 0.2             |
|    entropy_loss         | -15.9           |
|    explained_variance   | -0.000101447105 |
|    learning_rate        | 0.0003          |
|    loss                 | -0.0213         |
|    n_updates            | 1650            |
|    policy_gradient_loss | -0.022          |
|    std                  | 0.913           |
|    value_loss           | 0.0102          |
---------------------------------------------
--------------------------------------------
| rollout/                |                |
|    ep_len_mean          | 1.44e+03       |
|    ep_rew_mean          | 1.45e+03       |
| time/                   |                |
|    fps                  | 1926           |
|    iterations           | 167            |
|    time_elapsed         | 88             |
|    total_timesteps      | 171008         |
| train/                  |                |
|    approx_kl            | 0.015715027    |
|    clip_fraction        | 0.169          |
|    clip_range           | 0.2            |
|    entropy_loss         | -15.9          |
|    explained_variance   | -0.00016450882 |
|    learning_rate        | 0.0003         |
|    loss                 | -0.0339        |
|    n_updates            | 1660           |
|    policy_gradient_loss | -0.023         |
|    std                  | 0.912          |
|    value_loss           | 0.00625        |
--------------------------------------------
-------------------------------------------
| rollout/                |               |
|    ep_len_mean          | 1.44e+03      |
|    ep_rew_mean          | 1.45e+03      |
| time/                   |               |
|    fps                  | 1926          |
|    iterations           | 168           |
|    time_elapsed         | 89            |
|    total_timesteps      | 172032        |
| train/                  |               |
|    approx_kl            | 0.015206495   |
|    clip_fraction        | 0.187         |
|    clip_range           | 0.2           |
|    entropy_loss         | -15.9         |
|    explained_variance   | -5.877018e-05 |
|    learning_rate        | 0.0003        |
|    loss                 | -0.0374       |
|    n_updates            | 1670          |
|    policy_gradient_loss | -0.0233       |
|    std                  | 0.914         |
|    value_loss           | 0.00998       |
-------------------------------------------
------------------------------------------
| rollout/                |              |
|    ep_len_mean          | 1.44e+03     |
|    ep_rew_mean          | 1.45e+03     |
| time/                   |              |
|    fps                  | 1926         |
|    iterations           | 169          |
|    time_elapsed         | 89           |
|    total_timesteps      | 173056       |
| train/                  |              |
|    approx_kl            | 0.01312731   |
|    clip_fraction        | 0.162        |
|    clip_range           | 0.2          |
|    entropy_loss         | -15.9        |
|    explained_variance   | 9.596348e-06 |
|    learning_rate        | 0.0003       |
|    loss                 | -0.0359      |
|    n_updates            | 1680         |
|    policy_gradient_loss | -0.0206      |
|    std                  | 0.912        |
|    value_loss           | 0.0046       |
------------------------------------------
-------------------------------------------
| rollout/                |               |
|    ep_len_mean          | 1.44e+03      |
|    ep_rew_mean          | 1.45e+03      |
| time/                   |               |
|    fps                  | 1926          |
|    iterations           | 170           |
|    time_elapsed         | 90            |
|    total_timesteps      | 174080        |
| train/                  |               |
|    approx_kl            | 0.017297223   |
|    clip_fraction        | 0.201         |
|    clip_range           | 0.2           |
|    entropy_loss         | -15.9         |
|    explained_variance   | -8.785725e-05 |
|    learning_rate        | 0.0003        |
|    loss                 | -0.0316       |
|    n_updates            | 1690          |
|    policy_gradient_loss | -0.027        |
|    std                  | 0.911         |
|    value_loss           | 0.00936       |
-------------------------------------------
---------------------------------------------
| rollout/                |                 |
|    ep_len_mean          | 1.44e+03        |
|    ep_rew_mean          | 1.45e+03        |
| time/                   |                 |
|    fps                  | 1926            |
|    iterations           | 171             |
|    time_elapsed         | 90              |
|    total_timesteps      | 175104          |
| train/                  |                 |
|    approx_kl            | 0.013979244     |
|    clip_fraction        | 0.178           |
|    clip_range           | 0.2             |
|    entropy_loss         | -15.9           |
|    explained_variance   | -0.000103235245 |
|    learning_rate        | 0.0003          |
|    loss                 | -0.0312         |
|    n_updates            | 1700            |
|    policy_gradient_loss | -0.0221         |
|    std                  | 0.909           |
|    value_loss           | 0.00873         |
---------------------------------------------
--------------------------------------------
| rollout/                |                |
|    ep_len_mean          | 1.44e+03       |
|    ep_rew_mean          | 1.45e+03       |
| time/                   |                |
|    fps                  | 1926           |
|    iterations           | 172            |
|    time_elapsed         | 91             |
|    total_timesteps      | 176128         |
| train/                  |                |
|    approx_kl            | 0.014516296    |
|    clip_fraction        | 0.148          |
|    clip_range           | 0.2            |
|    entropy_loss         | -15.8          |
|    explained_variance   | -1.5497208e-06 |
|    learning_rate        | 0.0003         |
|    loss                 | -0.0323        |
|    n_updates            | 1710           |
|    policy_gradient_loss | -0.0206        |
|    std                  | 0.908          |
|    value_loss           | 0.00819        |
--------------------------------------------
------------------------------------------
| rollout/                |              |
|    ep_len_mean          | 1.44e+03     |
|    ep_rew_mean          | 1.45e+03     |
| time/                   |              |
|    fps                  | 1926         |
|    iterations           | 173          |
|    time_elapsed         | 91           |
|    total_timesteps      | 177152       |
| train/                  |              |
|    approx_kl            | 0.013644165  |
|    clip_fraction        | 0.147        |
|    clip_range           | 0.2          |
|    entropy_loss         | -15.8        |
|    explained_variance   | 7.927418e-05 |
|    learning_rate        | 0.0003       |
|    loss                 | -0.0428      |
|    n_updates            | 1720         |
|    policy_gradient_loss | -0.0214      |
|    std                  | 0.906        |
|    value_loss           | 0.00772      |
------------------------------------------
--------------------------------------------
| rollout/                |                |
|    ep_len_mean          | 1.44e+03       |
|    ep_rew_mean          | 1.45e+03       |
| time/                   |                |
|    fps                  | 1927           |
|    iterations           | 174            |
|    time_elapsed         | 92             |
|    total_timesteps      | 178176         |
| train/                  |                |
|    approx_kl            | 0.013525182    |
|    clip_fraction        | 0.141          |
|    clip_range           | 0.2            |
|    entropy_loss         | -15.8          |
|    explained_variance   | -7.1525574e-05 |
|    learning_rate        | 0.0003         |
|    loss                 | -0.0245        |
|    n_updates            | 1730           |
|    policy_gradient_loss | -0.0189        |
|    std                  | 0.905          |
|    value_loss           | 0.00889        |
--------------------------------------------
-------------------------------------------
| rollout/                |               |
|    ep_len_mean          | 1.44e+03      |
|    ep_rew_mean          | 1.45e+03      |
| time/                   |               |
|    fps                  | 1927          |
|    iterations           | 175           |
|    time_elapsed         | 92            |
|    total_timesteps      | 179200        |
| train/                  |               |
|    approx_kl            | 0.016537745   |
|    clip_fraction        | 0.175         |
|    clip_range           | 0.2           |
|    entropy_loss         | -15.8         |
|    explained_variance   | 0.00021213293 |
|    learning_rate        | 0.0003        |
|    loss                 | -0.0347       |
|    n_updates            | 1740          |
|    policy_gradient_loss | -0.0245       |
|    std                  | 0.903         |
|    value_loss           | 0.00633       |
-------------------------------------------
--------------------------------------------
| rollout/                |                |
|    ep_len_mean          | 1.44e+03       |
|    ep_rew_mean          | 1.45e+03       |
| time/                   |                |
|    fps                  | 1927           |
|    iterations           | 176            |
|    time_elapsed         | 93             |
|    total_timesteps      | 180224         |
| train/                  |                |
|    approx_kl            | 0.011875832    |
|    clip_fraction        | 0.144          |
|    clip_range           | 0.2            |
|    entropy_loss         | -15.8          |
|    explained_variance   | 0.000108361244 |
|    learning_rate        | 0.0003         |
|    loss                 | -0.0147        |
|    n_updates            | 1750           |
|    policy_gradient_loss | -0.0189        |
|    std                  | 0.901          |
|    value_loss           | 0.0111         |
--------------------------------------------
-------------------------------------------
| rollout/                |               |
|    ep_len_mean          | 1.44e+03      |
|    ep_rew_mean          | 1.45e+03      |
| time/                   |               |
|    fps                  | 1927          |
|    iterations           | 177           |
|    time_elapsed         | 94            |
|    total_timesteps      | 181248        |
| train/                  |               |
|    approx_kl            | 0.016239893   |
|    clip_fraction        | 0.199         |
|    clip_range           | 0.2           |
|    entropy_loss         | -15.7         |
|    explained_variance   | 0.00011211634 |
|    learning_rate        | 0.0003        |
|    loss                 | -0.0317       |
|    n_updates            | 1760          |
|    policy_gradient_loss | -0.0259       |
|    std                  | 0.9           |
|    value_loss           | 0.01          |
-------------------------------------------
-------------------------------------------
| rollout/                |               |
|    ep_len_mean          | 1.44e+03      |
|    ep_rew_mean          | 1.45e+03      |
| time/                   |               |
|    fps                  | 1927          |
|    iterations           | 178           |
|    time_elapsed         | 94            |
|    total_timesteps      | 182272        |
| train/                  |               |
|    approx_kl            | 0.013589777   |
|    clip_fraction        | 0.179         |
|    clip_range           | 0.2           |
|    entropy_loss         | -15.7         |
|    explained_variance   | 0.00015795231 |
|    learning_rate        | 0.0003        |
|    loss                 | -0.0186       |
|    n_updates            | 1770          |
|    policy_gradient_loss | -0.0234       |
|    std                  | 0.898         |
|    value_loss           | 0.00628       |
-------------------------------------------
-------------------------------------------
| rollout/                |               |
|    ep_len_mean          | 1.44e+03      |
|    ep_rew_mean          | 1.45e+03      |
| time/                   |               |
|    fps                  | 1927          |
|    iterations           | 179           |
|    time_elapsed         | 95            |
|    total_timesteps      | 183296        |
| train/                  |               |
|    approx_kl            | 0.015467832   |
|    clip_fraction        | 0.183         |
|    clip_range           | 0.2           |
|    entropy_loss         | -15.7         |
|    explained_variance   | 0.00014227629 |
|    learning_rate        | 0.0003        |
|    loss                 | -0.0372       |
|    n_updates            | 1780          |
|    policy_gradient_loss | -0.0266       |
|    std                  | 0.898         |
|    value_loss           | 0.0116        |
-------------------------------------------
-------------------------------------------
| rollout/                |               |
|    ep_len_mean          | 1.44e+03      |
|    ep_rew_mean          | 1.45e+03      |
| time/                   |               |
|    fps                  | 1927          |
|    iterations           | 180           |
|    time_elapsed         | 95            |
|    total_timesteps      | 184320        |
| train/                  |               |
|    approx_kl            | 0.014672673   |
|    clip_fraction        | 0.194         |
|    clip_range           | 0.2           |
|    entropy_loss         | -15.7         |
|    explained_variance   | 0.00023084879 |
|    learning_rate        | 0.0003        |
|    loss                 | -0.0343       |
|    n_updates            | 1790          |
|    policy_gradient_loss | -0.0273       |
|    std                  | 0.897         |
|    value_loss           | 0.00686       |
-------------------------------------------
-------------------------------------------
| rollout/                |               |
|    ep_len_mean          | 1.44e+03      |
|    ep_rew_mean          | 1.45e+03      |
| time/                   |               |
|    fps                  | 1927          |
|    iterations           | 181           |
|    time_elapsed         | 96            |
|    total_timesteps      | 185344        |
| train/                  |               |
|    approx_kl            | 0.014221507   |
|    clip_fraction        | 0.17          |
|    clip_range           | 0.2           |
|    entropy_loss         | -15.7         |
|    explained_variance   | 2.1517277e-05 |
|    learning_rate        | 0.0003        |
|    loss                 | -0.0263       |
|    n_updates            | 1800          |
|    policy_gradient_loss | -0.0214       |
|    std                  | 0.897         |
|    value_loss           | 0.0102        |
-------------------------------------------
-------------------------------------------
| rollout/                |               |
|    ep_len_mean          | 1.44e+03      |
|    ep_rew_mean          | 1.45e+03      |
| time/                   |               |
|    fps                  | 1927          |
|    iterations           | 182           |
|    time_elapsed         | 96            |
|    total_timesteps      | 186368        |
| train/                  |               |
|    approx_kl            | 0.016093927   |
|    clip_fraction        | 0.196         |
|    clip_range           | 0.2           |
|    entropy_loss         | -15.7         |
|    explained_variance   | 0.00015038252 |
|    learning_rate        | 0.0003        |
|    loss                 | -0.0291       |
|    n_updates            | 1810          |
|    policy_gradient_loss | -0.0239       |
|    std                  | 0.896         |
|    value_loss           | 0.00925       |
-------------------------------------------
-------------------------------------------
| rollout/                |               |
|    ep_len_mean          | 1.44e+03      |
|    ep_rew_mean          | 1.45e+03      |
| time/                   |               |
|    fps                  | 1927          |
|    iterations           | 183           |
|    time_elapsed         | 97            |
|    total_timesteps      | 187392        |
| train/                  |               |
|    approx_kl            | 0.017714797   |
|    clip_fraction        | 0.199         |
|    clip_range           | 0.2           |
|    entropy_loss         | -15.7         |
|    explained_variance   | 0.00018656254 |
|    learning_rate        | 0.0003        |
|    loss                 | -0.0498       |
|    n_updates            | 1820          |
|    policy_gradient_loss | -0.0279       |
|    std                  | 0.896         |
|    value_loss           | 0.0124        |
-------------------------------------------
-------------------------------------------
| rollout/                |               |
|    ep_len_mean          | 1.44e+03      |
|    ep_rew_mean          | 1.45e+03      |
| time/                   |               |
|    fps                  | 1927          |
|    iterations           | 184           |
|    time_elapsed         | 97            |
|    total_timesteps      | 188416        |
| train/                  |               |
|    approx_kl            | 0.016606173   |
|    clip_fraction        | 0.182         |
|    clip_range           | 0.2           |
|    entropy_loss         | -15.7         |
|    explained_variance   | 0.00031161308 |
|    learning_rate        | 0.0003        |
|    loss                 | -0.0309       |
|    n_updates            | 1830          |
|    policy_gradient_loss | -0.0234       |
|    std                  | 0.894         |
|    value_loss           | 0.00654       |
-------------------------------------------
------------------------------------------
| rollout/                |              |
|    ep_len_mean          | 1.44e+03     |
|    ep_rew_mean          | 1.45e+03     |
| time/                   |              |
|    fps                  | 1927         |
|    iterations           | 185          |
|    time_elapsed         | 98           |
|    total_timesteps      | 189440       |
| train/                  |              |
|    approx_kl            | 0.015722618  |
|    clip_fraction        | 0.179        |
|    clip_range           | 0.2          |
|    entropy_loss         | -15.6        |
|    explained_variance   | 4.595518e-05 |
|    learning_rate        | 0.0003       |
|    loss                 | -0.0312      |
|    n_updates            | 1840         |
|    policy_gradient_loss | -0.0252      |
|    std                  | 0.894        |
|    value_loss           | 0.00829      |
------------------------------------------
------------------------------------------
| rollout/                |              |
|    ep_len_mean          | 1.44e+03     |
|    ep_rew_mean          | 1.45e+03     |
| time/                   |              |
|    fps                  | 1927         |
|    iterations           | 186          |
|    time_elapsed         | 98           |
|    total_timesteps      | 190464       |
| train/                  |              |
|    approx_kl            | 0.01307081   |
|    clip_fraction        | 0.165        |
|    clip_range           | 0.2          |
|    entropy_loss         | -15.6        |
|    explained_variance   | 0.0001989007 |
|    learning_rate        | 0.0003       |
|    loss                 | -0.031       |
|    n_updates            | 1850         |
|    policy_gradient_loss | -0.0253      |
|    std                  | 0.893        |
|    value_loss           | 0.00935      |
------------------------------------------
------------------------------------------
| rollout/                |              |
|    ep_len_mean          | 1.44e+03     |
|    ep_rew_mean          | 1.45e+03     |
| time/                   |              |
|    fps                  | 1927         |
|    iterations           | 187          |
|    time_elapsed         | 99           |
|    total_timesteps      | 191488       |
| train/                  |              |
|    approx_kl            | 0.020984765  |
|    clip_fraction        | 0.194        |
|    clip_range           | 0.2          |
|    entropy_loss         | -15.6        |
|    explained_variance   | 0.0001975298 |
|    learning_rate        | 0.0003       |
|    loss                 | -0.0351      |
|    n_updates            | 1860         |
|    policy_gradient_loss | -0.0258      |
|    std                  | 0.894        |
|    value_loss           | 0.0123       |
------------------------------------------
-------------------------------------------
| rollout/                |               |
|    ep_len_mean          | 1.44e+03      |
|    ep_rew_mean          | 1.45e+03      |
| time/                   |               |
|    fps                  | 1928          |
|    iterations           | 188           |
|    time_elapsed         | 99            |
|    total_timesteps      | 192512        |
| train/                  |               |
|    approx_kl            | 0.014677025   |
|    clip_fraction        | 0.192         |
|    clip_range           | 0.2           |
|    entropy_loss         | -15.6         |
|    explained_variance   | 0.00036478043 |
|    learning_rate        | 0.0003        |
|    loss                 | -0.0383       |
|    n_updates            | 1870          |
|    policy_gradient_loss | -0.0266       |
|    std                  | 0.893         |
|    value_loss           | 0.00726       |
-------------------------------------------
--------------------------------------------
| rollout/                |                |
|    ep_len_mean          | 1.44e+03       |
|    ep_rew_mean          | 1.45e+03       |
| time/                   |                |
|    fps                  | 1928           |
|    iterations           | 189            |
|    time_elapsed         | 100            |
|    total_timesteps      | 193536         |
| train/                  |                |
|    approx_kl            | 0.014514102    |
|    clip_fraction        | 0.176          |
|    clip_range           | 0.2            |
|    entropy_loss         | -15.6          |
|    explained_variance   | -2.6345253e-05 |
|    learning_rate        | 0.0003         |
|    loss                 | -0.0328        |
|    n_updates            | 1880           |
|    policy_gradient_loss | -0.0244        |
|    std                  | 0.893          |
|    value_loss           | 0.012          |
--------------------------------------------
-------------------------------------------
| rollout/                |               |
|    ep_len_mean          | 1.44e+03      |
|    ep_rew_mean          | 1.45e+03      |
| time/                   |               |
|    fps                  | 1928          |
|    iterations           | 190           |
|    time_elapsed         | 100           |
|    total_timesteps      | 194560        |
| train/                  |               |
|    approx_kl            | 0.015920533   |
|    clip_fraction        | 0.213         |
|    clip_range           | 0.2           |
|    entropy_loss         | -15.6         |
|    explained_variance   | -7.176399e-05 |
|    learning_rate        | 0.0003        |
|    loss                 | -0.0353       |
|    n_updates            | 1890          |
|    policy_gradient_loss | -0.0256       |
|    std                  | 0.893         |
|    value_loss           | 0.0103        |
-------------------------------------------
-------------------------------------------
| rollout/                |               |
|    ep_len_mean          | 1.44e+03      |
|    ep_rew_mean          | 1.45e+03      |
| time/                   |               |
|    fps                  | 1928          |
|    iterations           | 191           |
|    time_elapsed         | 101           |
|    total_timesteps      | 195584        |
| train/                  |               |
|    approx_kl            | 0.013627219   |
|    clip_fraction        | 0.148         |
|    clip_range           | 0.2           |
|    entropy_loss         | -15.6         |
|    explained_variance   | 0.00032550097 |
|    learning_rate        | 0.0003        |
|    loss                 | -0.0379       |
|    n_updates            | 1900          |
|    policy_gradient_loss | -0.0213       |
|    std                  | 0.891         |
|    value_loss           | 0.00618       |
-------------------------------------------
--------------------------------------------
| rollout/                |                |
|    ep_len_mean          | 1.44e+03       |
|    ep_rew_mean          | 1.45e+03       |
| time/                   |                |
|    fps                  | 1928           |
|    iterations           | 192            |
|    time_elapsed         | 101            |
|    total_timesteps      | 196608         |
| train/                  |                |
|    approx_kl            | 0.01566136     |
|    clip_fraction        | 0.164          |
|    clip_range           | 0.2            |
|    entropy_loss         | -15.6          |
|    explained_variance   | 0.000109136105 |
|    learning_rate        | 0.0003         |
|    loss                 | -0.0321        |
|    n_updates            | 1910           |
|    policy_gradient_loss | -0.0238        |
|    std                  | 0.888          |
|    value_loss           | 0.0105         |
--------------------------------------------
-------------------------------------------
| rollout/                |               |
|    ep_len_mean          | 1.44e+03      |
|    ep_rew_mean          | 1.45e+03      |
| time/                   |               |
|    fps                  | 1928          |
|    iterations           | 193           |
|    time_elapsed         | 102           |
|    total_timesteps      | 197632        |
| train/                  |               |
|    approx_kl            | 0.013819073   |
|    clip_fraction        | 0.18          |
|    clip_range           | 0.2           |
|    entropy_loss         | -15.6         |
|    explained_variance   | 0.00079357624 |
|    learning_rate        | 0.0003        |
|    loss                 | -0.0283       |
|    n_updates            | 1920          |
|    policy_gradient_loss | -0.0254       |
|    std                  | 0.888         |
|    value_loss           | 0.00653       |
-------------------------------------------
--------------------------------------------
| rollout/                |                |
|    ep_len_mean          | 1.44e+03       |
|    ep_rew_mean          | 1.45e+03       |
| time/                   |                |
|    fps                  | 1928           |
|    iterations           | 194            |
|    time_elapsed         | 102            |
|    total_timesteps      | 198656         |
| train/                  |                |
|    approx_kl            | 0.018003576    |
|    clip_fraction        | 0.219          |
|    clip_range           | 0.2            |
|    entropy_loss         | -15.6          |
|    explained_variance   | -6.0081482e-05 |
|    learning_rate        | 0.0003         |
|    loss                 | -0.0422        |
|    n_updates            | 1930           |
|    policy_gradient_loss | -0.0284        |
|    std                  | 0.888          |
|    value_loss           | 0.0116         |
--------------------------------------------
--------------------------------------------
| rollout/                |                |
|    ep_len_mean          | 1.44e+03       |
|    ep_rew_mean          | 1.45e+03       |
| time/                   |                |
|    fps                  | 1929           |
|    iterations           | 195            |
|    time_elapsed         | 103            |
|    total_timesteps      | 199680         |
| train/                  |                |
|    approx_kl            | 0.011257751    |
|    clip_fraction        | 0.13           |
|    clip_range           | 0.2            |
|    entropy_loss         | -15.6          |
|    explained_variance   | -0.00016701221 |
|    learning_rate        | 0.0003         |
|    loss                 | -0.0356        |
|    n_updates            | 1940           |
|    policy_gradient_loss | -0.0197        |
|    std                  | 0.886          |
|    value_loss           | 0.0113         |
--------------------------------------------
------------------------------------------
| rollout/                |              |
|    ep_len_mean          | 1.44e+03     |
|    ep_rew_mean          | 1.45e+03     |
| time/                   |              |
|    fps                  | 1929         |
|    iterations           | 196          |
|    time_elapsed         | 104          |
|    total_timesteps      | 200704       |
| train/                  |              |
|    approx_kl            | 0.013586814  |
|    clip_fraction        | 0.154        |
|    clip_range           | 0.2          |
|    entropy_loss         | -15.5        |
|    explained_variance   | 9.572506e-05 |
|    learning_rate        | 0.0003       |
|    loss                 | -0.034       |
|    n_updates            | 1950         |
|    policy_gradient_loss | -0.0228      |
|    std                  | 0.885        |
|    value_loss           | 0.013        |
------------------------------------------
Política MuJoCo guardada en /home/pavilion/Documentos/Cuadrupedo/Experimentos/campana_step_estabilidad_w32_20260928/mujoco/step_semilla_23/policy.zip
