+ /home/juli/unitree_ros2/nova-spot-micro-tesis/.venv-mujoco/bin/python /home/juli/unitree_ros2/nova-spot-micro-tesis/Experimentos/entrenar_ppo_mujoco.py --gait step --timesteps 200000 --seed 23 --episode-cycles 5 --output Experimentos/campana_distribuida_step_s23_20260928/mujoco
/home/juli/.config/matplotlib is not a writable directory
Matplotlib created a temporary cache directory at /tmp/matplotlib-_ax_t_iw because there was an issue with the default path (/home/juli/.config/matplotlib); it is highly recommended to set the MPLCONFIGDIR environment variable to a writable directory, in particular to speed up the import of Matplotlib and to better support multiprocessing.
/home/juli/unitree_ros2/nova-spot-micro-tesis/.venv-mujoco/lib/python3.10/site-packages/torch/cuda/__init__.py:619: UserWarning: Can't initialize NVML
  warnings.warn("Can't initialize NVML")
Using cpu device
Wrapping the env with a `Monitor` wrapper
Wrapping the env in a DummyVecEnv.
-----------------------------
| time/              |      |
|    fps             | 1212 |
|    iterations      | 1    |
|    time_elapsed    | 0    |
|    total_timesteps | 1024 |
-----------------------------
-------------------------------------------
| rollout/                |               |
|    ep_len_mean          | 1.44e+03      |
|    ep_rew_mean          | 1.44e+03      |
| time/                   |               |
|    fps                  | 1118          |
|    iterations           | 2             |
|    time_elapsed         | 1             |
|    total_timesteps      | 2048          |
| train/                  |               |
|    approx_kl            | 0.012011763   |
|    clip_fraction        | 0.177         |
|    clip_range           | 0.2           |
|    entropy_loss         | -17           |
|    explained_variance   | -0.0020669699 |
|    learning_rate        | 0.0003        |
|    loss                 | 93.1          |
|    n_updates            | 10            |
|    policy_gradient_loss | -0.0137       |
|    std                  | 1             |
|    value_loss           | 232           |
-------------------------------------------
--------------------------------------------
| rollout/                |                |
|    ep_len_mean          | 1.44e+03       |
|    ep_rew_mean          | 1.44e+03       |
| time/                   |                |
|    fps                  | 1090           |
|    iterations           | 3              |
|    time_elapsed         | 2              |
|    total_timesteps      | 3072           |
| train/                  |                |
|    approx_kl            | 0.011096628    |
|    clip_fraction        | 0.143          |
|    clip_range           | 0.2            |
|    entropy_loss         | -17            |
|    explained_variance   | -5.9604645e-07 |
|    learning_rate        | 0.0003         |
|    loss                 | 87.8           |
|    n_updates            | 20             |
|    policy_gradient_loss | -0.0119        |
|    std                  | 0.999          |
|    value_loss           | 214            |
--------------------------------------------
-------------------------------------------
| rollout/                |               |
|    ep_len_mean          | 1.44e+03      |
|    ep_rew_mean          | 1.44e+03      |
| time/                   |               |
|    fps                  | 1078          |
|    iterations           | 4             |
|    time_elapsed         | 3             |
|    total_timesteps      | 4096          |
| train/                  |               |
|    approx_kl            | 0.0114103     |
|    clip_fraction        | 0.142         |
|    clip_range           | 0.2           |
|    entropy_loss         | -17           |
|    explained_variance   | -0.0052850246 |
|    learning_rate        | 0.0003        |
|    loss                 | 93.8          |
|    n_updates            | 30            |
|    policy_gradient_loss | -0.0117       |
|    std                  | 0.997         |
|    value_loss           | 212           |
-------------------------------------------
-------------------------------------------
| rollout/                |               |
|    ep_len_mean          | 1.44e+03      |
|    ep_rew_mean          | 1.44e+03      |
| time/                   |               |
|    fps                  | 1056          |
|    iterations           | 5             |
|    time_elapsed         | 4             |
|    total_timesteps      | 5120          |
| train/                  |               |
|    approx_kl            | 0.017125037   |
|    clip_fraction        | 0.172         |
|    clip_range           | 0.2           |
|    entropy_loss         | -17           |
|    explained_variance   | -0.0076924562 |
|    learning_rate        | 0.0003        |
|    loss                 | 100           |
|    n_updates            | 40            |
|    policy_gradient_loss | -0.0109       |
|    std                  | 0.998         |
|    value_loss           | 218           |
-------------------------------------------
-------------------------------------------
| rollout/                |               |
|    ep_len_mean          | 1.44e+03      |
|    ep_rew_mean          | 1.44e+03      |
| time/                   |               |
|    fps                  | 1054          |
|    iterations           | 6             |
|    time_elapsed         | 5             |
|    total_timesteps      | 6144          |
| train/                  |               |
|    approx_kl            | 0.014510782   |
|    clip_fraction        | 0.139         |
|    clip_range           | 0.2           |
|    entropy_loss         | -17           |
|    explained_variance   | 0.00019180775 |
|    learning_rate        | 0.0003        |
|    loss                 | 96.1          |
|    n_updates            | 50            |
|    policy_gradient_loss | -0.0108       |
|    std                  | 0.999         |
|    value_loss           | 210           |
-------------------------------------------
------------------------------------------
| rollout/                |              |
|    ep_len_mean          | 1.44e+03     |
|    ep_rew_mean          | 1.44e+03     |
| time/                   |              |
|    fps                  | 1042         |
|    iterations           | 7            |
|    time_elapsed         | 6            |
|    total_timesteps      | 7168         |
| train/                  |              |
|    approx_kl            | 0.010592263  |
|    clip_fraction        | 0.139        |
|    clip_range           | 0.2          |
|    entropy_loss         | -17          |
|    explained_variance   | 0.0022187233 |
|    learning_rate        | 0.0003       |
|    loss                 | 96.9         |
|    n_updates            | 60           |
|    policy_gradient_loss | -0.011       |
|    std                  | 0.999        |
|    value_loss           | 207          |
------------------------------------------
-------------------------------------------
| rollout/                |               |
|    ep_len_mean          | 1.44e+03      |
|    ep_rew_mean          | 1.44e+03      |
| time/                   |               |
|    fps                  | 1034          |
|    iterations           | 8             |
|    time_elapsed         | 7             |
|    total_timesteps      | 8192          |
| train/                  |               |
|    approx_kl            | 0.019132823   |
|    clip_fraction        | 0.19          |
|    clip_range           | 0.2           |
|    entropy_loss         | -17           |
|    explained_variance   | -0.0013695955 |
|    learning_rate        | 0.0003        |
|    loss                 | 97.4          |
|    n_updates            | 70            |
|    policy_gradient_loss | -0.012        |
|    std                  | 0.999         |
|    value_loss           | 208           |
-------------------------------------------
------------------------------------------
| rollout/                |              |
|    ep_len_mean          | 1.44e+03     |
|    ep_rew_mean          | 1.44e+03     |
| time/                   |              |
|    fps                  | 1027         |
|    iterations           | 9            |
|    time_elapsed         | 8            |
|    total_timesteps      | 9216         |
| train/                  |              |
|    approx_kl            | 0.013466014  |
|    clip_fraction        | 0.143        |
|    clip_range           | 0.2          |
|    entropy_loss         | -17          |
|    explained_variance   | -0.000608325 |
|    learning_rate        | 0.0003       |
|    loss                 | 93.9         |
|    n_updates            | 80           |
|    policy_gradient_loss | -0.0109      |
|    std                  | 0.999        |
|    value_loss           | 199          |
------------------------------------------
-------------------------------------------
| rollout/                |               |
|    ep_len_mean          | 1.44e+03      |
|    ep_rew_mean          | 1.44e+03      |
| time/                   |               |
|    fps                  | 1021          |
|    iterations           | 10            |
|    time_elapsed         | 10            |
|    total_timesteps      | 10240         |
| train/                  |               |
|    approx_kl            | 0.010724577   |
|    clip_fraction        | 0.138         |
|    clip_range           | 0.2           |
|    entropy_loss         | -17           |
|    explained_variance   | -0.0011742115 |
|    learning_rate        | 0.0003        |
|    loss                 | 91.5          |
|    n_updates            | 90            |
|    policy_gradient_loss | -0.0107       |
|    std                  | 1             |
|    value_loss           | 194           |
-------------------------------------------
-------------------------------------------
| rollout/                |               |
|    ep_len_mean          | 1.44e+03      |
|    ep_rew_mean          | 1.44e+03      |
| time/                   |               |
|    fps                  | 1016          |
|    iterations           | 11            |
|    time_elapsed         | 11            |
|    total_timesteps      | 11264         |
| train/                  |               |
|    approx_kl            | 0.015204842   |
|    clip_fraction        | 0.191         |
|    clip_range           | 0.2           |
|    entropy_loss         | -17           |
|    explained_variance   | 0.00044059753 |
|    learning_rate        | 0.0003        |
|    loss                 | 90.9          |
|    n_updates            | 100           |
|    policy_gradient_loss | -0.0139       |
|    std                  | 1             |
|    value_loss           | 191           |
-------------------------------------------
--------------------------------------------
| rollout/                |                |
|    ep_len_mean          | 1.44e+03       |
|    ep_rew_mean          | 1.44e+03       |
| time/                   |                |
|    fps                  | 1013           |
|    iterations           | 12             |
|    time_elapsed         | 12             |
|    total_timesteps      | 12288          |
| train/                  |                |
|    approx_kl            | 0.019984622    |
|    clip_fraction        | 0.2            |
|    clip_range           | 0.2            |
|    entropy_loss         | -17            |
|    explained_variance   | -0.00065612793 |
|    learning_rate        | 0.0003         |
|    loss                 | 89.6           |
|    n_updates            | 110            |
|    policy_gradient_loss | -0.0121        |
|    std                  | 1              |
|    value_loss           | 191            |
--------------------------------------------
------------------------------------------
| rollout/                |              |
|    ep_len_mean          | 1.44e+03     |
|    ep_rew_mean          | 1.44e+03     |
| time/                   |              |
|    fps                  | 1010         |
|    iterations           | 13           |
|    time_elapsed         | 13           |
|    total_timesteps      | 13312        |
| train/                  |              |
|    approx_kl            | 0.011046406  |
|    clip_fraction        | 0.149        |
|    clip_range           | 0.2          |
|    entropy_loss         | -17          |
|    explained_variance   | 0.0005405545 |
|    learning_rate        | 0.0003       |
|    loss                 | 86.8         |
|    n_updates            | 120          |
|    policy_gradient_loss | -0.0116      |
|    std                  | 0.999        |
|    value_loss           | 182          |
------------------------------------------
-----------------------------------------
| rollout/                |             |
|    ep_len_mean          | 1.44e+03    |
|    ep_rew_mean          | 1.44e+03    |
| time/                   |             |
|    fps                  | 1007        |
|    iterations           | 14          |
|    time_elapsed         | 14          |
|    total_timesteps      | 14336       |
| train/                  |             |
|    approx_kl            | 0.018516602 |
|    clip_fraction        | 0.206       |
|    clip_range           | 0.2         |
|    entropy_loss         | -17         |
|    explained_variance   | 0.001303792 |
|    learning_rate        | 0.0003      |
|    loss                 | 85          |
|    n_updates            | 130         |
|    policy_gradient_loss | -0.0145     |
|    std                  | 0.999       |
|    value_loss           | 179         |
-----------------------------------------
--------------------------------------------
| rollout/                |                |
|    ep_len_mean          | 1.44e+03       |
|    ep_rew_mean          | 1.44e+03       |
| time/                   |                |
|    fps                  | 1010           |
|    iterations           | 15             |
|    time_elapsed         | 15             |
|    total_timesteps      | 15360          |
| train/                  |                |
|    approx_kl            | 0.014208572    |
|    clip_fraction        | 0.189          |
|    clip_range           | 0.2            |
|    entropy_loss         | -17            |
|    explained_variance   | -0.00033962727 |
|    learning_rate        | 0.0003         |
|    loss                 | 85.4           |
|    n_updates            | 140            |
|    policy_gradient_loss | -0.0148        |
|    std                  | 0.999          |
|    value_loss           | 180            |
--------------------------------------------
-------------------------------------------
| rollout/                |               |
|    ep_len_mean          | 1.44e+03      |
|    ep_rew_mean          | 1.44e+03      |
| time/                   |               |
|    fps                  | 1013          |
|    iterations           | 16            |
|    time_elapsed         | 16            |
|    total_timesteps      | 16384         |
| train/                  |               |
|    approx_kl            | 0.008532496   |
|    clip_fraction        | 0.129         |
|    clip_range           | 0.2           |
|    entropy_loss         | -17           |
|    explained_variance   | 0.00045758486 |
|    learning_rate        | 0.0003        |
|    loss                 | 79.9          |
|    n_updates            | 150           |
|    policy_gradient_loss | -0.0134       |
|    std                  | 0.999         |
|    value_loss           | 172           |
-------------------------------------------
-------------------------------------------
| rollout/                |               |
|    ep_len_mean          | 1.44e+03      |
|    ep_rew_mean          | 1.44e+03      |
| time/                   |               |
|    fps                  | 1014          |
|    iterations           | 17            |
|    time_elapsed         | 17            |
|    total_timesteps      | 17408         |
| train/                  |               |
|    approx_kl            | 0.011894687   |
|    clip_fraction        | 0.163         |
|    clip_range           | 0.2           |
|    entropy_loss         | -17           |
|    explained_variance   | 0.00024211407 |
|    learning_rate        | 0.0003        |
|    loss                 | 77.8          |
|    n_updates            | 160           |
|    policy_gradient_loss | -0.0119       |
|    std                  | 0.998         |
|    value_loss           | 168           |
-------------------------------------------
--------------------------------------------
| rollout/                |                |
|    ep_len_mean          | 1.44e+03       |
|    ep_rew_mean          | 1.44e+03       |
| time/                   |                |
|    fps                  | 1016           |
|    iterations           | 18             |
|    time_elapsed         | 18             |
|    total_timesteps      | 18432          |
| train/                  |                |
|    approx_kl            | 0.0071289325   |
|    clip_fraction        | 0.111          |
|    clip_range           | 0.2            |
|    entropy_loss         | -17            |
|    explained_variance   | -0.00038337708 |
|    learning_rate        | 0.0003         |
|    loss                 | 75.9           |
|    n_updates            | 170            |
|    policy_gradient_loss | -0.0104        |
|    std                  | 0.999          |
|    value_loss           | 165            |
--------------------------------------------
--------------------------------------------
| rollout/                |                |
|    ep_len_mean          | 1.44e+03       |
|    ep_rew_mean          | 1.44e+03       |
| time/                   |                |
|    fps                  | 1017           |
|    iterations           | 19             |
|    time_elapsed         | 19             |
|    total_timesteps      | 19456          |
| train/                  |                |
|    approx_kl            | 0.022724433    |
|    clip_fraction        | 0.25           |
|    clip_range           | 0.2            |
|    entropy_loss         | -17            |
|    explained_variance   | -0.00027012825 |
|    learning_rate        | 0.0003         |
|    loss                 | 76.9           |
|    n_updates            | 180            |
|    policy_gradient_loss | -0.0143        |
|    std                  | 0.999          |
|    value_loss           | 165            |
--------------------------------------------
-------------------------------------------
| rollout/                |               |
|    ep_len_mean          | 1.44e+03      |
|    ep_rew_mean          | 1.44e+03      |
| time/                   |               |
|    fps                  | 1020          |
|    iterations           | 20            |
|    time_elapsed         | 20            |
|    total_timesteps      | 20480         |
| train/                  |               |
|    approx_kl            | 0.013686415   |
|    clip_fraction        | 0.157         |
|    clip_range           | 0.2           |
|    entropy_loss         | -17           |
|    explained_variance   | 0.00024580956 |
|    learning_rate        | 0.0003        |
|    loss                 | 75.7          |
|    n_updates            | 190           |
|    policy_gradient_loss | -0.0127       |
|    std                  | 0.997         |
|    value_loss           | 158           |
-------------------------------------------
-------------------------------------------
| rollout/                |               |
|    ep_len_mean          | 1.44e+03      |
|    ep_rew_mean          | 1.44e+03      |
| time/                   |               |
|    fps                  | 1022          |
|    iterations           | 21            |
|    time_elapsed         | 21            |
|    total_timesteps      | 21504         |
| train/                  |               |
|    approx_kl            | 0.015966112   |
|    clip_fraction        | 0.236         |
|    clip_range           | 0.2           |
|    entropy_loss         | -17           |
|    explained_variance   | -0.0002964735 |
|    learning_rate        | 0.0003        |
|    loss                 | 71.8          |
|    n_updates            | 200           |
|    policy_gradient_loss | -0.0168       |
|    std                  | 0.997         |
|    value_loss           | 155           |
-------------------------------------------
--------------------------------------------
| rollout/                |                |
|    ep_len_mean          | 1.44e+03       |
|    ep_rew_mean          | 1.44e+03       |
| time/                   |                |
|    fps                  | 1024           |
|    iterations           | 22             |
|    time_elapsed         | 21             |
|    total_timesteps      | 22528          |
| train/                  |                |
|    approx_kl            | 0.014335869    |
|    clip_fraction        | 0.212          |
|    clip_range           | 0.2            |
|    entropy_loss         | -17            |
|    explained_variance   | -8.9645386e-05 |
|    learning_rate        | 0.0003         |
|    loss                 | 71.7           |
|    n_updates            | 210            |
|    policy_gradient_loss | -0.0138        |
|    std                  | 0.997          |
|    value_loss           | 155            |
--------------------------------------------
-----------------------------------------
| rollout/                |             |
|    ep_len_mean          | 1.44e+03    |
|    ep_rew_mean          | 1.44e+03    |
| time/                   |             |
|    fps                  | 1026        |
|    iterations           | 23          |
|    time_elapsed         | 22          |
|    total_timesteps      | 23552       |
| train/                  |             |
|    approx_kl            | 0.014612267 |
|    clip_fraction        | 0.188       |
|    clip_range           | 0.2         |
|    entropy_loss         | -17         |
|    explained_variance   | 0.000680089 |
|    learning_rate        | 0.0003      |
|    loss                 | 70.5        |
|    n_updates            | 220         |
|    policy_gradient_loss | -0.0164     |
|    std                  | 0.998       |
|    value_loss           | 149         |
-----------------------------------------
------------------------------------------
| rollout/                |              |
|    ep_len_mean          | 1.44e+03     |
|    ep_rew_mean          | 1.44e+03     |
| time/                   |              |
|    fps                  | 1028         |
|    iterations           | 24           |
|    time_elapsed         | 23           |
|    total_timesteps      | 24576        |
| train/                  |              |
|    approx_kl            | 0.008966317  |
|    clip_fraction        | 0.14         |
|    clip_range           | 0.2          |
|    entropy_loss         | -17          |
|    explained_variance   | 0.0001707077 |
|    learning_rate        | 0.0003       |
|    loss                 | 68           |
|    n_updates            | 230          |
|    policy_gradient_loss | -0.0128      |
|    std                  | 0.998        |
|    value_loss           | 146          |
------------------------------------------
-------------------------------------------
| rollout/                |               |
|    ep_len_mean          | 1.44e+03      |
|    ep_rew_mean          | 1.44e+03      |
| time/                   |               |
|    fps                  | 1029          |
|    iterations           | 25            |
|    time_elapsed         | 24            |
|    total_timesteps      | 25600         |
| train/                  |               |
|    approx_kl            | 0.0086795725  |
|    clip_fraction        | 0.104         |
|    clip_range           | 0.2           |
|    entropy_loss         | -17           |
|    explained_variance   | 0.00028532743 |
|    learning_rate        | 0.0003        |
|    loss                 | 67.7          |
|    n_updates            | 240           |
|    policy_gradient_loss | -0.0103       |
|    std                  | 0.995         |
|    value_loss           | 143           |
-------------------------------------------
--------------------------------------------
| rollout/                |                |
|    ep_len_mean          | 1.44e+03       |
|    ep_rew_mean          | 1.44e+03       |
| time/                   |                |
|    fps                  | 1030           |
|    iterations           | 26             |
|    time_elapsed         | 25             |
|    total_timesteps      | 26624          |
| train/                  |                |
|    approx_kl            | 0.011800679    |
|    clip_fraction        | 0.155          |
|    clip_range           | 0.2            |
|    entropy_loss         | -17            |
|    explained_variance   | -1.5616417e-05 |
|    learning_rate        | 0.0003         |
|    loss                 | 67.5           |
|    n_updates            | 250            |
|    policy_gradient_loss | -0.0142        |
|    std                  | 0.994          |
|    value_loss           | 144            |
--------------------------------------------
--------------------------------------------
| rollout/                |                |
|    ep_len_mean          | 1.44e+03       |
|    ep_rew_mean          | 1.44e+03       |
| time/                   |                |
|    fps                  | 1030           |
|    iterations           | 27             |
|    time_elapsed         | 26             |
|    total_timesteps      | 27648          |
| train/                  |                |
|    approx_kl            | 0.014771689    |
|    clip_fraction        | 0.167          |
|    clip_range           | 0.2            |
|    entropy_loss         | -17            |
|    explained_variance   | -0.00015234947 |
|    learning_rate        | 0.0003         |
|    loss                 | 64.2           |
|    n_updates            | 260            |
|    policy_gradient_loss | -0.014         |
|    std                  | 0.995          |
|    value_loss           | 137            |
--------------------------------------------
------------------------------------------
| rollout/                |              |
|    ep_len_mean          | 1.44e+03     |
|    ep_rew_mean          | 1.44e+03     |
| time/                   |              |
|    fps                  | 1030         |
|    iterations           | 28           |
|    time_elapsed         | 27           |
|    total_timesteps      | 28672        |
| train/                  |              |
|    approx_kl            | 0.0062047746 |
|    clip_fraction        | 0.0438       |
|    clip_range           | 0.2          |
|    entropy_loss         | -17          |
|    explained_variance   | 4.887581e-06 |
|    learning_rate        | 0.0003       |
|    loss                 | 63.2         |
|    n_updates            | 270          |
|    policy_gradient_loss | -0.00901     |
|    std                  | 0.993        |
|    value_loss           | 134          |
------------------------------------------
------------------------------------------
| rollout/                |              |
|    ep_len_mean          | 1.44e+03     |
|    ep_rew_mean          | 1.44e+03     |
| time/                   |              |
|    fps                  | 1028         |
|    iterations           | 29           |
|    time_elapsed         | 28           |
|    total_timesteps      | 29696        |
| train/                  |              |
|    approx_kl            | 0.015500434  |
|    clip_fraction        | 0.174        |
|    clip_range           | 0.2          |
|    entropy_loss         | -16.9        |
|    explained_variance   | 0.0006005764 |
|    learning_rate        | 0.0003       |
|    loss                 | 62.1         |
|    n_updates            | 280          |
|    policy_gradient_loss | -0.0136      |
|    std                  | 0.995        |
|    value_loss           | 134          |
------------------------------------------
-------------------------------------------
| rollout/                |               |
|    ep_len_mean          | 1.44e+03      |
|    ep_rew_mean          | 1.44e+03      |
| time/                   |               |
|    fps                  | 1026          |
|    iterations           | 30            |
|    time_elapsed         | 29            |
|    total_timesteps      | 30720         |
| train/                  |               |
|    approx_kl            | 0.013146197   |
|    clip_fraction        | 0.169         |
|    clip_range           | 0.2           |
|    entropy_loss         | -17           |
|    explained_variance   | 6.0737133e-05 |
|    learning_rate        | 0.0003        |
|    loss                 | 59.6          |
|    n_updates            | 290           |
|    policy_gradient_loss | -0.0151       |
|    std                  | 0.996         |
|    value_loss           | 128           |
-------------------------------------------
--------------------------------------------
| rollout/                |                |
|    ep_len_mean          | 1.44e+03       |
|    ep_rew_mean          | 1.44e+03       |
| time/                   |                |
|    fps                  | 1025           |
|    iterations           | 31             |
|    time_elapsed         | 30             |
|    total_timesteps      | 31744          |
| train/                  |                |
|    approx_kl            | 0.0135512      |
|    clip_fraction        | 0.126          |
|    clip_range           | 0.2            |
|    entropy_loss         | -17            |
|    explained_variance   | -2.5749207e-05 |
|    learning_rate        | 0.0003         |
|    loss                 | 58.2           |
|    n_updates            | 300            |
|    policy_gradient_loss | -0.0131        |
|    std                  | 0.996          |
|    value_loss           | 125            |
--------------------------------------------
-------------------------------------------
| rollout/                |               |
|    ep_len_mean          | 1.44e+03      |
|    ep_rew_mean          | 1.44e+03      |
| time/                   |               |
|    fps                  | 1023          |
|    iterations           | 32            |
|    time_elapsed         | 32            |
|    total_timesteps      | 32768         |
| train/                  |               |
|    approx_kl            | 0.009092911   |
|    clip_fraction        | 0.0761        |
|    clip_range           | 0.2           |
|    entropy_loss         | -17           |
|    explained_variance   | 0.00014233589 |
|    learning_rate        | 0.0003        |
|    loss                 | 57.5          |
|    n_updates            | 310           |
|    policy_gradient_loss | -0.0138       |
|    std                  | 0.994         |
|    value_loss           | 123           |
-------------------------------------------
-------------------------------------------
| rollout/                |               |
|    ep_len_mean          | 1.44e+03      |
|    ep_rew_mean          | 1.44e+03      |
| time/                   |               |
|    fps                  | 1022          |
|    iterations           | 33            |
|    time_elapsed         | 33            |
|    total_timesteps      | 33792         |
| train/                  |               |
|    approx_kl            | 0.012325532   |
|    clip_fraction        | 0.12          |
|    clip_range           | 0.2           |
|    entropy_loss         | -17           |
|    explained_variance   | 0.00050008297 |
|    learning_rate        | 0.0003        |
|    loss                 | 57.1          |
|    n_updates            | 320           |
|    policy_gradient_loss | -0.0118       |
|    std                  | 0.995         |
|    value_loss           | 123           |
-------------------------------------------
-------------------------------------------
| rollout/                |               |
|    ep_len_mean          | 1.44e+03      |
|    ep_rew_mean          | 1.44e+03      |
| time/                   |               |
|    fps                  | 1020          |
|    iterations           | 34            |
|    time_elapsed         | 34            |
|    total_timesteps      | 34816         |
| train/                  |               |
|    approx_kl            | 0.008740265   |
|    clip_fraction        | 0.0969        |
|    clip_range           | 0.2           |
|    entropy_loss         | -17           |
|    explained_variance   | 2.2232533e-05 |
|    learning_rate        | 0.0003        |
|    loss                 | 54.9          |
|    n_updates            | 330           |
|    policy_gradient_loss | -0.0107       |
|    std                  | 0.996         |
|    value_loss           | 117           |
-------------------------------------------
-------------------------------------------
| rollout/                |               |
|    ep_len_mean          | 1.44e+03      |
|    ep_rew_mean          | 1.44e+03      |
| time/                   |               |
|    fps                  | 1021          |
|    iterations           | 35            |
|    time_elapsed         | 35            |
|    total_timesteps      | 35840         |
| train/                  |               |
|    approx_kl            | 0.012313125   |
|    clip_fraction        | 0.171         |
|    clip_range           | 0.2           |
|    entropy_loss         | -17           |
|    explained_variance   | 0.00012201071 |
|    learning_rate        | 0.0003        |
|    loss                 | 52.8          |
|    n_updates            | 340           |
|    policy_gradient_loss | -0.0161       |
|    std                  | 0.996         |
|    value_loss           | 114           |
-------------------------------------------
--------------------------------------------
| rollout/                |                |
|    ep_len_mean          | 1.44e+03       |
|    ep_rew_mean          | 1.44e+03       |
| time/                   |                |
|    fps                  | 1022           |
|    iterations           | 36             |
|    time_elapsed         | 36             |
|    total_timesteps      | 36864          |
| train/                  |                |
|    approx_kl            | 0.013222434    |
|    clip_fraction        | 0.198          |
|    clip_range           | 0.2            |
|    entropy_loss         | -17            |
|    explained_variance   | -7.6174736e-05 |
|    learning_rate        | 0.0003         |
|    loss                 | 53.2           |
|    n_updates            | 350            |
|    policy_gradient_loss | -0.0145        |
|    std                  | 0.995          |
|    value_loss           | 114            |
--------------------------------------------
-------------------------------------------
| rollout/                |               |
|    ep_len_mean          | 1.44e+03      |
|    ep_rew_mean          | 1.44e+03      |
| time/                   |               |
|    fps                  | 1023          |
|    iterations           | 37            |
|    time_elapsed         | 37            |
|    total_timesteps      | 37888         |
| train/                  |               |
|    approx_kl            | 0.011696308   |
|    clip_fraction        | 0.154         |
|    clip_range           | 0.2           |
|    entropy_loss         | -17           |
|    explained_variance   | -9.441376e-05 |
|    learning_rate        | 0.0003        |
|    loss                 | 51.2          |
|    n_updates            | 360           |
|    policy_gradient_loss | -0.013        |
|    std                  | 0.996         |
|    value_loss           | 109           |
-------------------------------------------
------------------------------------------
| rollout/                |              |
|    ep_len_mean          | 1.44e+03     |
|    ep_rew_mean          | 1.44e+03     |
| time/                   |              |
|    fps                  | 1023         |
|    iterations           | 38           |
|    time_elapsed         | 38           |
|    total_timesteps      | 38912        |
| train/                  |              |
|    approx_kl            | 0.010893848  |
|    clip_fraction        | 0.109        |
|    clip_range           | 0.2          |
|    entropy_loss         | -17          |
|    explained_variance   | 8.940697e-07 |
|    learning_rate        | 0.0003       |
|    loss                 | 49.1         |
|    n_updates            | 370          |
|    policy_gradient_loss | -0.0139      |
|    std                  | 0.996        |
|    value_loss           | 106          |
------------------------------------------
-------------------------------------------
| rollout/                |               |
|    ep_len_mean          | 1.44e+03      |
|    ep_rew_mean          | 1.44e+03      |
| time/                   |               |
|    fps                  | 1023          |
|    iterations           | 39            |
|    time_elapsed         | 39            |
|    total_timesteps      | 39936         |
| train/                  |               |
|    approx_kl            | 0.01774035    |
|    clip_fraction        | 0.184         |
|    clip_range           | 0.2           |
|    entropy_loss         | -17           |
|    explained_variance   | -7.092953e-05 |
|    learning_rate        | 0.0003        |
|    loss                 | 47.1          |
|    n_updates            | 380           |
|    policy_gradient_loss | -0.0146       |
|    std                  | 0.995         |
|    value_loss           | 104           |
-------------------------------------------
-------------------------------------------
| rollout/                |               |
|    ep_len_mean          | 1.44e+03      |
|    ep_rew_mean          | 1.44e+03      |
| time/                   |               |
|    fps                  | 1024          |
|    iterations           | 40            |
|    time_elapsed         | 39            |
|    total_timesteps      | 40960         |
| train/                  |               |
|    approx_kl            | 0.020389501   |
|    clip_fraction        | 0.208         |
|    clip_range           | 0.2           |
|    entropy_loss         | -16.9         |
|    explained_variance   | 1.1980534e-05 |
|    learning_rate        | 0.0003        |
|    loss                 | 47.9          |
|    n_updates            | 390           |
|    policy_gradient_loss | -0.0158       |
|    std                  | 0.993         |
|    value_loss           | 104           |
-------------------------------------------
--------------------------------------------
| rollout/                |                |
|    ep_len_mean          | 1.44e+03       |
|    ep_rew_mean          | 1.44e+03       |
| time/                   |                |
|    fps                  | 1024           |
|    iterations           | 41             |
|    time_elapsed         | 40             |
|    total_timesteps      | 41984          |
| train/                  |                |
|    approx_kl            | 0.013584966    |
|    clip_fraction        | 0.213          |
|    clip_range           | 0.2            |
|    entropy_loss         | -16.9          |
|    explained_variance   | -6.1154366e-05 |
|    learning_rate        | 0.0003         |
|    loss                 | 45.2           |
|    n_updates            | 400            |
|    policy_gradient_loss | -0.018         |
|    std                  | 0.993          |
|    value_loss           | 98.1           |
--------------------------------------------
--------------------------------------------
| rollout/                |                |
|    ep_len_mean          | 1.44e+03       |
|    ep_rew_mean          | 1.44e+03       |
| time/                   |                |
|    fps                  | 1024           |
|    iterations           | 42             |
|    time_elapsed         | 41             |
|    total_timesteps      | 43008          |
| train/                  |                |
|    approx_kl            | 0.017006267    |
|    clip_fraction        | 0.202          |
|    clip_range           | 0.2            |
|    entropy_loss         | -16.9          |
|    explained_variance   | -5.6028366e-05 |
|    learning_rate        | 0.0003         |
|    loss                 | 44.9           |
|    n_updates            | 410            |
|    policy_gradient_loss | -0.0145        |
|    std                  | 0.994          |
|    value_loss           | 95.8           |
--------------------------------------------
-------------------------------------------
| rollout/                |               |
|    ep_len_mean          | 1.44e+03      |
|    ep_rew_mean          | 1.44e+03      |
| time/                   |               |
|    fps                  | 1025          |
|    iterations           | 43            |
|    time_elapsed         | 42            |
|    total_timesteps      | 44032         |
| train/                  |               |
|    approx_kl            | 0.011500565   |
|    clip_fraction        | 0.104         |
|    clip_range           | 0.2           |
|    entropy_loss         | -17           |
|    explained_variance   | 0.00031024218 |
|    learning_rate        | 0.0003        |
|    loss                 | 44.6          |
|    n_updates            | 420           |
|    policy_gradient_loss | -0.0134       |
|    std                  | 0.997         |
|    value_loss           | 95.7          |
-------------------------------------------
------------------------------------------
| rollout/                |              |
|    ep_len_mean          | 1.44e+03     |
|    ep_rew_mean          | 1.44e+03     |
| time/                   |              |
|    fps                  | 1025         |
|    iterations           | 44           |
|    time_elapsed         | 43           |
|    total_timesteps      | 45056        |
| train/                  |              |
|    approx_kl            | 0.008926927  |
|    clip_fraction        | 0.116        |
|    clip_range           | 0.2          |
|    entropy_loss         | -17          |
|    explained_variance   | 3.695488e-05 |
|    learning_rate        | 0.0003       |
|    loss                 | 42.6         |
|    n_updates            | 430          |
|    policy_gradient_loss | -0.0137      |
|    std                  | 0.998        |
|    value_loss           | 91.2         |
------------------------------------------
-------------------------------------------
| rollout/                |               |
|    ep_len_mean          | 1.44e+03      |
|    ep_rew_mean          | 1.44e+03      |
| time/                   |               |
|    fps                  | 1025          |
|    iterations           | 45            |
|    time_elapsed         | 44            |
|    total_timesteps      | 46080         |
| train/                  |               |
|    approx_kl            | 0.020203754   |
|    clip_fraction        | 0.221         |
|    clip_range           | 0.2           |
|    entropy_loss         | -17           |
|    explained_variance   | -8.225441e-06 |
|    learning_rate        | 0.0003        |
|    loss                 | 40.9          |
|    n_updates            | 440           |
|    policy_gradient_loss | -0.0177       |
|    std                  | 0.996         |
|    value_loss           | 88.5          |
-------------------------------------------
--------------------------------------------
| rollout/                |                |
|    ep_len_mean          | 1.44e+03       |
|    ep_rew_mean          | 1.44e+03       |
| time/                   |                |
|    fps                  | 1026           |
|    iterations           | 46             |
|    time_elapsed         | 45             |
|    total_timesteps      | 47104          |
| train/                  |                |
|    approx_kl            | 0.013927661    |
|    clip_fraction        | 0.213          |
|    clip_range           | 0.2            |
|    entropy_loss         | -17            |
|    explained_variance   | -1.5258789e-05 |
|    learning_rate        | 0.0003         |
|    loss                 | 40.6           |
|    n_updates            | 450            |
|    policy_gradient_loss | -0.0143        |
|    std                  | 0.996          |
|    value_loss           | 88             |
--------------------------------------------
--------------------------------------------
| rollout/                |                |
|    ep_len_mean          | 1.44e+03       |
|    ep_rew_mean          | 1.44e+03       |
| time/                   |                |
|    fps                  | 1026           |
|    iterations           | 47             |
|    time_elapsed         | 46             |
|    total_timesteps      | 48128          |
| train/                  |                |
|    approx_kl            | 0.013600799    |
|    clip_fraction        | 0.198          |
|    clip_range           | 0.2            |
|    entropy_loss         | -17            |
|    explained_variance   | -0.00010967255 |
|    learning_rate        | 0.0003         |
|    loss                 | 39.6           |
|    n_updates            | 460            |
|    policy_gradient_loss | -0.0146        |
|    std                  | 0.998          |
|    value_loss           | 85.6           |
--------------------------------------------
-------------------------------------------
| rollout/                |               |
|    ep_len_mean          | 1.44e+03      |
|    ep_rew_mean          | 1.44e+03      |
| time/                   |               |
|    fps                  | 1026          |
|    iterations           | 48            |
|    time_elapsed         | 47            |
|    total_timesteps      | 49152         |
| train/                  |               |
|    approx_kl            | 0.010803221   |
|    clip_fraction        | 0.122         |
|    clip_range           | 0.2           |
|    entropy_loss         | -17           |
|    explained_variance   | 6.0021877e-05 |
|    learning_rate        | 0.0003        |
|    loss                 | 37.3          |
|    n_updates            | 470           |
|    policy_gradient_loss | -0.0126       |
|    std                  | 0.997         |
|    value_loss           | 81.5          |
-------------------------------------------
--------------------------------------------
| rollout/                |                |
|    ep_len_mean          | 1.44e+03       |
|    ep_rew_mean          | 1.44e+03       |
| time/                   |                |
|    fps                  | 1026           |
|    iterations           | 49             |
|    time_elapsed         | 48             |
|    total_timesteps      | 50176          |
| train/                  |                |
|    approx_kl            | 0.00988155     |
|    clip_fraction        | 0.142          |
|    clip_range           | 0.2            |
|    entropy_loss         | -17            |
|    explained_variance   | -2.1576881e-05 |
|    learning_rate        | 0.0003         |
|    loss                 | 36.1           |
|    n_updates            | 480            |
|    policy_gradient_loss | -0.0168        |
|    std                  | 0.996          |
|    value_loss           | 79             |
--------------------------------------------
-------------------------------------------
| rollout/                |               |
|    ep_len_mean          | 1.44e+03      |
|    ep_rew_mean          | 1.44e+03      |
| time/                   |               |
|    fps                  | 1027          |
|    iterations           | 50            |
|    time_elapsed         | 49            |
|    total_timesteps      | 51200         |
| train/                  |               |
|    approx_kl            | 0.011769138   |
|    clip_fraction        | 0.203         |
|    clip_range           | 0.2           |
|    entropy_loss         | -17           |
|    explained_variance   | 0.00024563074 |
|    learning_rate        | 0.0003        |
|    loss                 | 35.9          |
|    n_updates            | 490           |
|    policy_gradient_loss | -0.0161       |
|    std                  | 0.994         |
|    value_loss           | 78.5          |
-------------------------------------------
---------------------------------------------
| rollout/                |                 |
|    ep_len_mean          | 1.44e+03        |
|    ep_rew_mean          | 1.44e+03        |
| time/                   |                 |
|    fps                  | 1027            |
|    iterations           | 51              |
|    time_elapsed         | 50              |
|    total_timesteps      | 52224           |
| train/                  |                 |
|    approx_kl            | 0.012104809     |
|    clip_fraction        | 0.179           |
|    clip_range           | 0.2             |
|    entropy_loss         | -17             |
|    explained_variance   | -0.000115156174 |
|    learning_rate        | 0.0003          |
|    loss                 | 34.5            |
|    n_updates            | 500             |
|    policy_gradient_loss | -0.0142         |
|    std                  | 0.994           |
|    value_loss           | 74.3            |
---------------------------------------------
--------------------------------------------
| rollout/                |                |
|    ep_len_mean          | 1.44e+03       |
|    ep_rew_mean          | 1.44e+03       |
| time/                   |                |
|    fps                  | 1028           |
|    iterations           | 52             |
|    time_elapsed         | 51             |
|    total_timesteps      | 53248          |
| train/                  |                |
|    approx_kl            | 0.012429257    |
|    clip_fraction        | 0.122          |
|    clip_range           | 0.2            |
|    entropy_loss         | -16.9          |
|    explained_variance   | -6.1035156e-05 |
|    learning_rate        | 0.0003         |
|    loss                 | 32.8           |
|    n_updates            | 510            |
|    policy_gradient_loss | -0.0152        |
|    std                  | 0.993          |
|    value_loss           | 72.2           |
--------------------------------------------
-------------------------------------------
| rollout/                |               |
|    ep_len_mean          | 1.44e+03      |
|    ep_rew_mean          | 1.44e+03      |
| time/                   |               |
|    fps                  | 1028          |
|    iterations           | 53            |
|    time_elapsed         | 52            |
|    total_timesteps      | 54272         |
| train/                  |               |
|    approx_kl            | 0.009185638   |
|    clip_fraction        | 0.124         |
|    clip_range           | 0.2           |
|    entropy_loss         | -16.9         |
|    explained_variance   | 1.9788742e-05 |
|    learning_rate        | 0.0003        |
|    loss                 | 33            |
|    n_updates            | 520           |
|    policy_gradient_loss | -0.012        |
|    std                  | 0.993         |
|    value_loss           | 72.3          |
-------------------------------------------
-------------------------------------------
| rollout/                |               |
|    ep_len_mean          | 1.44e+03      |
|    ep_rew_mean          | 1.44e+03      |
| time/                   |               |
|    fps                  | 1028          |
|    iterations           | 54            |
|    time_elapsed         | 53            |
|    total_timesteps      | 55296         |
| train/                  |               |
|    approx_kl            | 0.008798167   |
|    clip_fraction        | 0.147         |
|    clip_range           | 0.2           |
|    entropy_loss         | -16.9         |
|    explained_variance   | -5.722046e-06 |
|    learning_rate        | 0.0003        |
|    loss                 | 31.1          |
|    n_updates            | 530           |
|    policy_gradient_loss | -0.0128       |
|    std                  | 0.994         |
|    value_loss           | 68.5          |
-------------------------------------------
------------------------------------------
| rollout/                |              |
|    ep_len_mean          | 1.44e+03     |
|    ep_rew_mean          | 1.44e+03     |
| time/                   |              |
|    fps                  | 1028         |
|    iterations           | 55           |
|    time_elapsed         | 54           |
|    total_timesteps      | 56320        |
| train/                  |              |
|    approx_kl            | 0.013911765  |
|    clip_fraction        | 0.176        |
|    clip_range           | 0.2          |
|    entropy_loss         | -17          |
|    explained_variance   | 7.933378e-05 |
|    learning_rate        | 0.0003       |
|    loss                 | 30.1         |
|    n_updates            | 540          |
|    policy_gradient_loss | -0.0161      |
|    std                  | 0.997        |
|    value_loss           | 65.9         |
------------------------------------------
-------------------------------------------
| rollout/                |               |
|    ep_len_mean          | 1.44e+03      |
|    ep_rew_mean          | 1.44e+03      |
| time/                   |               |
|    fps                  | 1028          |
|    iterations           | 56            |
|    time_elapsed         | 55            |
|    total_timesteps      | 57344         |
| train/                  |               |
|    approx_kl            | 0.01211226    |
|    clip_fraction        | 0.22          |
|    clip_range           | 0.2           |
|    entropy_loss         | -17           |
|    explained_variance   | 3.7014484e-05 |
|    learning_rate        | 0.0003        |
|    loss                 | 28.9          |
|    n_updates            | 550           |
|    policy_gradient_loss | -0.016        |
|    std                  | 0.996         |
|    value_loss           | 63.7          |
-------------------------------------------
--------------------------------------------
| rollout/                |                |
|    ep_len_mean          | 1.44e+03       |
|    ep_rew_mean          | 1.44e+03       |
| time/                   |                |
|    fps                  | 1029           |
|    iterations           | 57             |
|    time_elapsed         | 56             |
|    total_timesteps      | 58368          |
| train/                  |                |
|    approx_kl            | 0.011065359    |
|    clip_fraction        | 0.197          |
|    clip_range           | 0.2            |
|    entropy_loss         | -17            |
|    explained_variance   | -4.2915344e-06 |
|    learning_rate        | 0.0003         |
|    loss                 | 28.6           |
|    n_updates            | 560            |
|    policy_gradient_loss | -0.014         |
|    std                  | 0.995          |
|    value_loss           | 63.5           |
--------------------------------------------
--------------------------------------------
| rollout/                |                |
|    ep_len_mean          | 1.44e+03       |
|    ep_rew_mean          | 1.44e+03       |
| time/                   |                |
|    fps                  | 1029           |
|    iterations           | 58             |
|    time_elapsed         | 57             |
|    total_timesteps      | 59392          |
| train/                  |                |
|    approx_kl            | 0.011396744    |
|    clip_fraction        | 0.146          |
|    clip_range           | 0.2            |
|    entropy_loss         | -17            |
|    explained_variance   | -3.4689903e-05 |
|    learning_rate        | 0.0003         |
|    loss                 | 26.9           |
|    n_updates            | 570            |
|    policy_gradient_loss | -0.0133        |
|    std                  | 0.995          |
|    value_loss           | 60.2           |
--------------------------------------------
------------------------------------------
| rollout/                |              |
|    ep_len_mean          | 1.44e+03     |
|    ep_rew_mean          | 1.44e+03     |
| time/                   |              |
|    fps                  | 1028         |
|    iterations           | 59           |
|    time_elapsed         | 58           |
|    total_timesteps      | 60416        |
| train/                  |              |
|    approx_kl            | 0.012705885  |
|    clip_fraction        | 0.184        |
|    clip_range           | 0.2          |
|    entropy_loss         | -17          |
|    explained_variance   | 5.799532e-05 |
|    learning_rate        | 0.0003       |
|    loss                 | 26.1         |
|    n_updates            | 580          |
|    policy_gradient_loss | -0.0168      |
|    std                  | 0.997        |
|    value_loss           | 58.3         |
------------------------------------------
-------------------------------------------
| rollout/                |               |
|    ep_len_mean          | 1.44e+03      |
|    ep_rew_mean          | 1.44e+03      |
| time/                   |               |
|    fps                  | 1028          |
|    iterations           | 60            |
|    time_elapsed         | 59            |
|    total_timesteps      | 61440         |
| train/                  |               |
|    approx_kl            | 0.011286121   |
|    clip_fraction        | 0.115         |
|    clip_range           | 0.2           |
|    entropy_loss         | -17           |
|    explained_variance   | 3.9041042e-05 |
|    learning_rate        | 0.0003        |
|    loss                 | 25.8          |
|    n_updates            | 590           |
|    policy_gradient_loss | -0.0121       |
|    std                  | 0.999         |
|    value_loss           | 57.4          |
-------------------------------------------
-------------------------------------------
| rollout/                |               |
|    ep_len_mean          | 1.44e+03      |
|    ep_rew_mean          | 1.44e+03      |
| time/                   |               |
|    fps                  | 1028          |
|    iterations           | 61            |
|    time_elapsed         | 60            |
|    total_timesteps      | 62464         |
| train/                  |               |
|    approx_kl            | 0.011718198   |
|    clip_fraction        | 0.186         |
|    clip_range           | 0.2           |
|    entropy_loss         | -17           |
|    explained_variance   | -5.733967e-05 |
|    learning_rate        | 0.0003        |
|    loss                 | 24.4          |
|    n_updates            | 600           |
|    policy_gradient_loss | -0.0146       |
|    std                  | 1             |
|    value_loss           | 54.1          |
-------------------------------------------
--------------------------------------------
| rollout/                |                |
|    ep_len_mean          | 1.44e+03       |
|    ep_rew_mean          | 1.44e+03       |
| time/                   |                |
|    fps                  | 1028           |
|    iterations           | 62             |
|    time_elapsed         | 61             |
|    total_timesteps      | 63488          |
| train/                  |                |
|    approx_kl            | 0.011883656    |
|    clip_fraction        | 0.148          |
|    clip_range           | 0.2            |
|    entropy_loss         | -17.1          |
|    explained_variance   | 0.000106692314 |
|    learning_rate        | 0.0003         |
|    loss                 | 23.5           |
|    n_updates            | 610            |
|    policy_gradient_loss | -0.0138        |
|    std                  | 1              |
|    value_loss           | 52.4           |
--------------------------------------------
--------------------------------------------
| rollout/                |                |
|    ep_len_mean          | 1.44e+03       |
|    ep_rew_mean          | 1.44e+03       |
| time/                   |                |
|    fps                  | 1029           |
|    iterations           | 63             |
|    time_elapsed         | 62             |
|    total_timesteps      | 64512          |
| train/                  |                |
|    approx_kl            | 0.017668083    |
|    clip_fraction        | 0.179          |
|    clip_range           | 0.2            |
|    entropy_loss         | -17.1          |
|    explained_variance   | -0.00010883808 |
|    learning_rate        | 0.0003         |
|    loss                 | 22.5           |
|    n_updates            | 620            |
|    policy_gradient_loss | -0.0176        |
|    std                  | 1              |
|    value_loss           | 50.6           |
--------------------------------------------
-------------------------------------------
| rollout/                |               |
|    ep_len_mean          | 1.44e+03      |
|    ep_rew_mean          | 1.44e+03      |
| time/                   |               |
|    fps                  | 1029          |
|    iterations           | 64            |
|    time_elapsed         | 63            |
|    total_timesteps      | 65536         |
| train/                  |               |
|    approx_kl            | 0.016514728   |
|    clip_fraction        | 0.246         |
|    clip_range           | 0.2           |
|    entropy_loss         | -17.1         |
|    explained_variance   | 1.0251999e-05 |
|    learning_rate        | 0.0003        |
|    loss                 | 22.3          |
|    n_updates            | 630           |
|    policy_gradient_loss | -0.0181       |
|    std                  | 1.01          |
|    value_loss           | 50.1          |
-------------------------------------------
-------------------------------------------
| rollout/                |               |
|    ep_len_mean          | 1.44e+03      |
|    ep_rew_mean          | 1.44e+03      |
| time/                   |               |
|    fps                  | 1029          |
|    iterations           | 65            |
|    time_elapsed         | 64            |
|    total_timesteps      | 66560         |
| train/                  |               |
|    approx_kl            | 0.014734307   |
|    clip_fraction        | 0.232         |
|    clip_range           | 0.2           |
|    entropy_loss         | -17.1         |
|    explained_variance   | 0.00012379885 |
|    learning_rate        | 0.0003        |
|    loss                 | 21            |
|    n_updates            | 640           |
|    policy_gradient_loss | -0.019        |
|    std                  | 1.01          |
|    value_loss           | 46.8          |
-------------------------------------------
--------------------------------------------
| rollout/                |                |
|    ep_len_mean          | 1.44e+03       |
|    ep_rew_mean          | 1.44e+03       |
| time/                   |                |
|    fps                  | 1029           |
|    iterations           | 66             |
|    time_elapsed         | 65             |
|    total_timesteps      | 67584          |
| train/                  |                |
|    approx_kl            | 0.014575809    |
|    clip_fraction        | 0.167          |
|    clip_range           | 0.2            |
|    entropy_loss         | -17.1          |
|    explained_variance   | -2.1576881e-05 |
|    learning_rate        | 0.0003         |
|    loss                 | 20             |
|    n_updates            | 650            |
|    policy_gradient_loss | -0.0149        |
|    std                  | 1.01           |
|    value_loss           | 45.3           |
--------------------------------------------
-------------------------------------------
| rollout/                |               |
|    ep_len_mean          | 1.44e+03      |
|    ep_rew_mean          | 1.44e+03      |
| time/                   |               |
|    fps                  | 1030          |
|    iterations           | 67            |
|    time_elapsed         | 66            |
|    total_timesteps      | 68608         |
| train/                  |               |
|    approx_kl            | 0.013504439   |
|    clip_fraction        | 0.174         |
|    clip_range           | 0.2           |
|    entropy_loss         | -17.1         |
|    explained_variance   | 5.0902367e-05 |
|    learning_rate        | 0.0003        |
|    loss                 | 19.7          |
|    n_updates            | 660           |
|    policy_gradient_loss | -0.014        |
|    std                  | 1.01          |
|    value_loss           | 44.6          |
-------------------------------------------
------------------------------------------
| rollout/                |              |
|    ep_len_mean          | 1.44e+03     |
|    ep_rew_mean          | 1.44e+03     |
| time/                   |              |
|    fps                  | 1029         |
|    iterations           | 68           |
|    time_elapsed         | 67           |
|    total_timesteps      | 69632        |
| train/                  |              |
|    approx_kl            | 0.017097358  |
|    clip_fraction        | 0.155        |
|    clip_range           | 0.2          |
|    entropy_loss         | -17.1        |
|    explained_variance   | 4.428625e-05 |
|    learning_rate        | 0.0003       |
|    loss                 | 18.3         |
|    n_updates            | 670          |
|    policy_gradient_loss | -0.0173      |
|    std                  | 1.01         |
|    value_loss           | 41.8         |
------------------------------------------
-------------------------------------------
| rollout/                |               |
|    ep_len_mean          | 1.44e+03      |
|    ep_rew_mean          | 1.44e+03      |
| time/                   |               |
|    fps                  | 1030          |
|    iterations           | 69            |
|    time_elapsed         | 68            |
|    total_timesteps      | 70656         |
| train/                  |               |
|    approx_kl            | 0.013830122   |
|    clip_fraction        | 0.176         |
|    clip_range           | 0.2           |
|    entropy_loss         | -17.2         |
|    explained_variance   | 2.7358532e-05 |
|    learning_rate        | 0.0003        |
|    loss                 | 17.5          |
|    n_updates            | 680           |
|    policy_gradient_loss | -0.0164       |
|    std                  | 1.01          |
|    value_loss           | 40.1          |
-------------------------------------------
-------------------------------------------
| rollout/                |               |
|    ep_len_mean          | 1.44e+03      |
|    ep_rew_mean          | 1.44e+03      |
| time/                   |               |
|    fps                  | 1030          |
|    iterations           | 70            |
|    time_elapsed         | 69            |
|    total_timesteps      | 71680         |
| train/                  |               |
|    approx_kl            | 0.014729133   |
|    clip_fraction        | 0.193         |
|    clip_range           | 0.2           |
|    entropy_loss         | -17.2         |
|    explained_variance   | 0.00010341406 |
|    learning_rate        | 0.0003        |
|    loss                 | 16.8          |
|    n_updates            | 690           |
|    policy_gradient_loss | -0.0188       |
|    std                  | 1.01          |
|    value_loss           | 38.2          |
-------------------------------------------
-------------------------------------------
| rollout/                |               |
|    ep_len_mean          | 1.44e+03      |
|    ep_rew_mean          | 1.44e+03      |
| time/                   |               |
|    fps                  | 1030          |
|    iterations           | 71            |
|    time_elapsed         | 70            |
|    total_timesteps      | 72704         |
| train/                  |               |
|    approx_kl            | 0.011685666   |
|    clip_fraction        | 0.103         |
|    clip_range           | 0.2           |
|    entropy_loss         | -17.2         |
|    explained_variance   | 5.0246716e-05 |
|    learning_rate        | 0.0003        |
|    loss                 | 16.7          |
|    n_updates            | 700           |
|    policy_gradient_loss | -0.0144       |
|    std                  | 1.02          |
|    value_loss           | 38.1          |
-------------------------------------------
------------------------------------------
| rollout/                |              |
|    ep_len_mean          | 1.44e+03     |
|    ep_rew_mean          | 1.44e+03     |
| time/                   |              |
|    fps                  | 1030         |
|    iterations           | 72           |
|    time_elapsed         | 71           |
|    total_timesteps      | 73728        |
| train/                  |              |
|    approx_kl            | 0.016999563  |
|    clip_fraction        | 0.224        |
|    clip_range           | 0.2          |
|    entropy_loss         | -17.2        |
|    explained_variance   | -4.36306e-05 |
|    learning_rate        | 0.0003       |
|    loss                 | 15.7         |
|    n_updates            | 710          |
|    policy_gradient_loss | -0.0188      |
|    std                  | 1.02         |
|    value_loss           | 35.7         |
------------------------------------------
--------------------------------------------
| rollout/                |                |
|    ep_len_mean          | 1.44e+03       |
|    ep_rew_mean          | 1.44e+03       |
| time/                   |                |
|    fps                  | 1030           |
|    iterations           | 73             |
|    time_elapsed         | 72             |
|    total_timesteps      | 74752          |
| train/                  |                |
|    approx_kl            | 0.01655211     |
|    clip_fraction        | 0.215          |
|    clip_range           | 0.2            |
|    entropy_loss         | -17.2          |
|    explained_variance   | -5.2332878e-05 |
|    learning_rate        | 0.0003         |
|    loss                 | 14.9           |
|    n_updates            | 720            |
|    policy_gradient_loss | -0.0194        |
|    std                  | 1.02           |
|    value_loss           | 33.9           |
--------------------------------------------
------------------------------------------
| rollout/                |              |
|    ep_len_mean          | 1.44e+03     |
|    ep_rew_mean          | 1.44e+03     |
| time/                   |              |
|    fps                  | 1030         |
|    iterations           | 74           |
|    time_elapsed         | 73           |
|    total_timesteps      | 75776        |
| train/                  |              |
|    approx_kl            | 0.013499751  |
|    clip_fraction        | 0.169        |
|    clip_range           | 0.2          |
|    entropy_loss         | -17.2        |
|    explained_variance   | 5.865097e-05 |
|    learning_rate        | 0.0003       |
|    loss                 | 14.4         |
|    n_updates            | 730          |
|    policy_gradient_loss | -0.0149      |
|    std                  | 1.02         |
|    value_loss           | 33.2         |
------------------------------------------
-------------------------------------------
| rollout/                |               |
|    ep_len_mean          | 1.44e+03      |
|    ep_rew_mean          | 1.44e+03      |
| time/                   |               |
|    fps                  | 1031          |
|    iterations           | 75            |
|    time_elapsed         | 74            |
|    total_timesteps      | 76800         |
| train/                  |               |
|    approx_kl            | 0.011699421   |
|    clip_fraction        | 0.143         |
|    clip_range           | 0.2           |
|    entropy_loss         | -17.2         |
|    explained_variance   | -9.059906e-06 |
|    learning_rate        | 0.0003        |
|    loss                 | 13.3          |
|    n_updates            | 740           |
|    policy_gradient_loss | -0.0155       |
|    std                  | 1.02          |
|    value_loss           | 30.9          |
-------------------------------------------
------------------------------------------
| rollout/                |              |
|    ep_len_mean          | 1.44e+03     |
|    ep_rew_mean          | 1.44e+03     |
| time/                   |              |
|    fps                  | 1031         |
|    iterations           | 76           |
|    time_elapsed         | 75           |
|    total_timesteps      | 77824        |
| train/                  |              |
|    approx_kl            | 0.012733113  |
|    clip_fraction        | 0.15         |
|    clip_range           | 0.2          |
|    entropy_loss         | -17.2        |
|    explained_variance   | 8.636713e-05 |
|    learning_rate        | 0.0003       |
|    loss                 | 12.7         |
|    n_updates            | 750          |
|    policy_gradient_loss | -0.0173      |
|    std                  | 1.02         |
|    value_loss           | 29.4         |
------------------------------------------
------------------------------------------
| rollout/                |              |
|    ep_len_mean          | 1.44e+03     |
|    ep_rew_mean          | 1.44e+03     |
| time/                   |              |
|    fps                  | 1031         |
|    iterations           | 77           |
|    time_elapsed         | 76           |
|    total_timesteps      | 78848        |
| train/                  |              |
|    approx_kl            | 0.012547592  |
|    clip_fraction        | 0.177        |
|    clip_range           | 0.2          |
|    entropy_loss         | -17.3        |
|    explained_variance   | 6.335974e-05 |
|    learning_rate        | 0.0003       |
|    loss                 | 12           |
|    n_updates            | 760          |
|    policy_gradient_loss | -0.0176      |
|    std                  | 1.02         |
|    value_loss           | 28.2         |
------------------------------------------
-------------------------------------------
| rollout/                |               |
|    ep_len_mean          | 1.44e+03      |
|    ep_rew_mean          | 1.44e+03      |
| time/                   |               |
|    fps                  | 1031          |
|    iterations           | 78            |
|    time_elapsed         | 77            |
|    total_timesteps      | 79872         |
| train/                  |               |
|    approx_kl            | 0.015833596   |
|    clip_fraction        | 0.21          |
|    clip_range           | 0.2           |
|    entropy_loss         | -17.3         |
|    explained_variance   | -6.151199e-05 |
|    learning_rate        | 0.0003        |
|    loss                 | 11.8          |
|    n_updates            | 770           |
|    policy_gradient_loss | -0.017        |
|    std                  | 1.02          |
|    value_loss           | 27.4          |
-------------------------------------------
--------------------------------------------
| rollout/                |                |
|    ep_len_mean          | 1.44e+03       |
|    ep_rew_mean          | 1.44e+03       |
| time/                   |                |
|    fps                  | 1031           |
|    iterations           | 79             |
|    time_elapsed         | 78             |
|    total_timesteps      | 80896          |
| train/                  |                |
|    approx_kl            | 0.010729109    |
|    clip_fraction        | 0.18           |
|    clip_range           | 0.2            |
|    entropy_loss         | -17.3          |
|    explained_variance   | -2.3722649e-05 |
|    learning_rate        | 0.0003         |
|    loss                 | 10.8           |
|    n_updates            | 780            |
|    policy_gradient_loss | -0.0174        |
|    std                  | 1.02           |
|    value_loss           | 25.4           |
--------------------------------------------
-------------------------------------------
| rollout/                |               |
|    ep_len_mean          | 1.44e+03      |
|    ep_rew_mean          | 1.44e+03      |
| time/                   |               |
|    fps                  | 1032          |
|    iterations           | 80            |
|    time_elapsed         | 79            |
|    total_timesteps      | 81920         |
| train/                  |               |
|    approx_kl            | 0.016106825   |
|    clip_fraction        | 0.187         |
|    clip_range           | 0.2           |
|    entropy_loss         | -17.3         |
|    explained_variance   | -1.835823e-05 |
|    learning_rate        | 0.0003        |
|    loss                 | 10.4          |
|    n_updates            | 790           |
|    policy_gradient_loss | -0.0165       |
|    std                  | 1.02          |
|    value_loss           | 24.1          |
-------------------------------------------
------------------------------------------
| rollout/                |              |
|    ep_len_mean          | 1.44e+03     |
|    ep_rew_mean          | 1.44e+03     |
| time/                   |              |
|    fps                  | 1032         |
|    iterations           | 81           |
|    time_elapsed         | 80           |
|    total_timesteps      | 82944        |
| train/                  |              |
|    approx_kl            | 0.011516072  |
|    clip_fraction        | 0.183        |
|    clip_range           | 0.2          |
|    entropy_loss         | -17.3        |
|    explained_variance   | 3.540516e-05 |
|    learning_rate        | 0.0003       |
|    loss                 | 10.2         |
|    n_updates            | 800          |
|    policy_gradient_loss | -0.0155      |
|    std                  | 1.02         |
|    value_loss           | 23.6         |
------------------------------------------
--------------------------------------------
| rollout/                |                |
|    ep_len_mean          | 1.44e+03       |
|    ep_rew_mean          | 1.44e+03       |
| time/                   |                |
|    fps                  | 1032           |
|    iterations           | 82             |
|    time_elapsed         | 81             |
|    total_timesteps      | 83968          |
| train/                  |                |
|    approx_kl            | 0.014104457    |
|    clip_fraction        | 0.177          |
|    clip_range           | 0.2            |
|    entropy_loss         | -17.3          |
|    explained_variance   | -2.3841858e-05 |
|    learning_rate        | 0.0003         |
|    loss                 | 9.12           |
|    n_updates            | 810            |
|    policy_gradient_loss | -0.0143        |
|    std                  | 1.02           |
|    value_loss           | 21.7           |
--------------------------------------------
-------------------------------------------
| rollout/                |               |
|    ep_len_mean          | 1.44e+03      |
|    ep_rew_mean          | 1.44e+03      |
| time/                   |               |
|    fps                  | 1032          |
|    iterations           | 83            |
|    time_elapsed         | 82            |
|    total_timesteps      | 84992         |
| train/                  |               |
|    approx_kl            | 0.01571948    |
|    clip_fraction        | 0.199         |
|    clip_range           | 0.2           |
|    entropy_loss         | -17.3         |
|    explained_variance   | 1.7404556e-05 |
|    learning_rate        | 0.0003        |
|    loss                 | 8.64          |
|    n_updates            | 820           |
|    policy_gradient_loss | -0.0191       |
|    std                  | 1.02          |
|    value_loss           | 20.8          |
-------------------------------------------
--------------------------------------------
| rollout/                |                |
|    ep_len_mean          | 1.44e+03       |
|    ep_rew_mean          | 1.44e+03       |
| time/                   |                |
|    fps                  | 1032           |
|    iterations           | 84             |
|    time_elapsed         | 83             |
|    total_timesteps      | 86016          |
| train/                  |                |
|    approx_kl            | 0.015616951    |
|    clip_fraction        | 0.228          |
|    clip_range           | 0.2            |
|    entropy_loss         | -17.3          |
|    explained_variance   | -7.7962875e-05 |
|    learning_rate        | 0.0003         |
|    loss                 | 7.99           |
|    n_updates            | 830            |
|    policy_gradient_loss | -0.0212        |
|    std                  | 1.02           |
|    value_loss           | 19.3           |
--------------------------------------------
------------------------------------------
| rollout/                |              |
|    ep_len_mean          | 1.44e+03     |
|    ep_rew_mean          | 1.44e+03     |
| time/                   |              |
|    fps                  | 1032         |
|    iterations           | 85           |
|    time_elapsed         | 84           |
|    total_timesteps      | 87040        |
| train/                  |              |
|    approx_kl            | 0.012106361  |
|    clip_fraction        | 0.143        |
|    clip_range           | 0.2          |
|    entropy_loss         | -17.3        |
|    explained_variance   | 3.874302e-05 |
|    learning_rate        | 0.0003       |
|    loss                 | 7.8          |
|    n_updates            | 840          |
|    policy_gradient_loss | -0.0145      |
|    std                  | 1.03         |
|    value_loss           | 18.9         |
------------------------------------------
-------------------------------------------
| rollout/                |               |
|    ep_len_mean          | 1.44e+03      |
|    ep_rew_mean          | 1.44e+03      |
| time/                   |               |
|    fps                  | 1032          |
|    iterations           | 86            |
|    time_elapsed         | 85            |
|    total_timesteps      | 88064         |
| train/                  |               |
|    approx_kl            | 0.015866727   |
|    clip_fraction        | 0.18          |
|    clip_range           | 0.2           |
|    entropy_loss         | -17.3         |
|    explained_variance   | 2.4914742e-05 |
|    learning_rate        | 0.0003        |
|    loss                 | 7.07          |
|    n_updates            | 850           |
|    policy_gradient_loss | -0.0179       |
|    std                  | 1.02          |
|    value_loss           | 17.2          |
-------------------------------------------
-------------------------------------------
| rollout/                |               |
|    ep_len_mean          | 1.44e+03      |
|    ep_rew_mean          | 1.44e+03      |
| time/                   |               |
|    fps                  | 1033          |
|    iterations           | 87            |
|    time_elapsed         | 86            |
|    total_timesteps      | 89088         |
| train/                  |               |
|    approx_kl            | 0.017922595   |
|    clip_fraction        | 0.205         |
|    clip_range           | 0.2           |
|    entropy_loss         | -17.3         |
|    explained_variance   | -6.687641e-05 |
|    learning_rate        | 0.0003        |
|    loss                 | 6.45          |
|    n_updates            | 860           |
|    policy_gradient_loss | -0.0207       |
|    std                  | 1.02          |
|    value_loss           | 15.9          |
-------------------------------------------
-------------------------------------------
| rollout/                |               |
|    ep_len_mean          | 1.44e+03      |
|    ep_rew_mean          | 1.44e+03      |
| time/                   |               |
|    fps                  | 1033          |
|    iterations           | 88            |
|    time_elapsed         | 87            |
|    total_timesteps      | 90112         |
| train/                  |               |
|    approx_kl            | 0.016335875   |
|    clip_fraction        | 0.21          |
|    clip_range           | 0.2           |
|    entropy_loss         | -17.3         |
|    explained_variance   | 0.00012516975 |
|    learning_rate        | 0.0003        |
|    loss                 | 6.37          |
|    n_updates            | 870           |
|    policy_gradient_loss | -0.0169       |
|    std                  | 1.02          |
|    value_loss           | 15.7          |
-------------------------------------------
-------------------------------------------
| rollout/                |               |
|    ep_len_mean          | 1.44e+03      |
|    ep_rew_mean          | 1.44e+03      |
| time/                   |               |
|    fps                  | 1033          |
|    iterations           | 89            |
|    time_elapsed         | 88            |
|    total_timesteps      | 91136         |
| train/                  |               |
|    approx_kl            | 0.017808177   |
|    clip_fraction        | 0.2           |
|    clip_range           | 0.2           |
|    entropy_loss         | -17.3         |
|    explained_variance   | 4.6670437e-05 |
|    learning_rate        | 0.0003        |
|    loss                 | 5.76          |
|    n_updates            | 880           |
|    policy_gradient_loss | -0.0161       |
|    std                  | 1.02          |
|    value_loss           | 14.2          |
-------------------------------------------
-------------------------------------------
| rollout/                |               |
|    ep_len_mean          | 1.44e+03      |
|    ep_rew_mean          | 1.44e+03      |
| time/                   |               |
|    fps                  | 1034          |
|    iterations           | 90            |
|    time_elapsed         | 89            |
|    total_timesteps      | 92160         |
| train/                  |               |
|    approx_kl            | 0.0149705475  |
|    clip_fraction        | 0.164         |
|    clip_range           | 0.2           |
|    entropy_loss         | -17.3         |
|    explained_variance   | 1.7642975e-05 |
|    learning_rate        | 0.0003        |
|    loss                 | 5.43          |
|    n_updates            | 890           |
|    policy_gradient_loss | -0.0173       |
|    std                  | 1.02          |
|    value_loss           | 13.4          |
-------------------------------------------
--------------------------------------------
| rollout/                |                |
|    ep_len_mean          | 1.44e+03       |
|    ep_rew_mean          | 1.44e+03       |
| time/                   |                |
|    fps                  | 1034           |
|    iterations           | 91             |
|    time_elapsed         | 90             |
|    total_timesteps      | 93184          |
| train/                  |                |
|    approx_kl            | 0.01731161     |
|    clip_fraction        | 0.181          |
|    clip_range           | 0.2            |
|    entropy_loss         | -17.3          |
|    explained_variance   | -5.6505203e-05 |
|    learning_rate        | 0.0003         |
|    loss                 | 5.06           |
|    n_updates            | 900            |
|    policy_gradient_loss | -0.0182        |
|    std                  | 1.03           |
|    value_loss           | 12.9           |
--------------------------------------------
--------------------------------------------
| rollout/                |                |
|    ep_len_mean          | 1.44e+03       |
|    ep_rew_mean          | 1.44e+03       |
| time/                   |                |
|    fps                  | 1034           |
|    iterations           | 92             |
|    time_elapsed         | 91             |
|    total_timesteps      | 94208          |
| train/                  |                |
|    approx_kl            | 0.0138917295   |
|    clip_fraction        | 0.184          |
|    clip_range           | 0.2            |
|    entropy_loss         | -17.3          |
|    explained_variance   | -8.2850456e-05 |
|    learning_rate        | 0.0003         |
|    loss                 | 4.81           |
|    n_updates            | 910            |
|    policy_gradient_loss | -0.0187        |
|    std                  | 1.03           |
|    value_loss           | 12.3           |
--------------------------------------------
------------------------------------------
| rollout/                |              |
|    ep_len_mean          | 1.44e+03     |
|    ep_rew_mean          | 1.44e+03     |
| time/                   |              |
|    fps                  | 1034         |
|    iterations           | 93           |
|    time_elapsed         | 92           |
|    total_timesteps      | 95232        |
| train/                  |              |
|    approx_kl            | 0.01591479   |
|    clip_fraction        | 0.208        |
|    clip_range           | 0.2          |
|    entropy_loss         | -17.3        |
|    explained_variance   | 8.457899e-05 |
|    learning_rate        | 0.0003       |
|    loss                 | 4.4          |
|    n_updates            | 920          |
|    policy_gradient_loss | -0.0228      |
|    std                  | 1.03         |
|    value_loss           | 11.2         |
------------------------------------------
-------------------------------------------
| rollout/                |               |
|    ep_len_mean          | 1.44e+03      |
|    ep_rew_mean          | 1.44e+03      |
| time/                   |               |
|    fps                  | 1033          |
|    iterations           | 94            |
|    time_elapsed         | 93            |
|    total_timesteps      | 96256         |
| train/                  |               |
|    approx_kl            | 0.01610287    |
|    clip_fraction        | 0.167         |
|    clip_range           | 0.2           |
|    entropy_loss         | -17.3         |
|    explained_variance   | 5.4180622e-05 |
|    learning_rate        | 0.0003        |
|    loss                 | 3.95          |
|    n_updates            | 930           |
|    policy_gradient_loss | -0.017        |
|    std                  | 1.03          |
|    value_loss           | 10.2          |
-------------------------------------------
-------------------------------------------
| rollout/                |               |
|    ep_len_mean          | 1.44e+03      |
|    ep_rew_mean          | 1.44e+03      |
| time/                   |               |
|    fps                  | 1032          |
|    iterations           | 95            |
|    time_elapsed         | 94            |
|    total_timesteps      | 97280         |
| train/                  |               |
|    approx_kl            | 0.015894694   |
|    clip_fraction        | 0.22          |
|    clip_range           | 0.2           |
|    entropy_loss         | -17.4         |
|    explained_variance   | -9.417534e-06 |
|    learning_rate        | 0.0003        |
|    loss                 | 3.6           |
|    n_updates            | 940           |
|    policy_gradient_loss | -0.0214       |
|    std                  | 1.03          |
|    value_loss           | 9.73          |
-------------------------------------------
------------------------------------------
| rollout/                |              |
|    ep_len_mean          | 1.44e+03     |
|    ep_rew_mean          | 1.44e+03     |
| time/                   |              |
|    fps                  | 1031         |
|    iterations           | 96           |
|    time_elapsed         | 95           |
|    total_timesteps      | 98304        |
| train/                  |              |
|    approx_kl            | 0.018627318  |
|    clip_fraction        | 0.18         |
|    clip_range           | 0.2          |
|    entropy_loss         | -17.3        |
|    explained_variance   | 7.921457e-05 |
|    learning_rate        | 0.0003       |
|    loss                 | 3.28         |
|    n_updates            | 950          |
|    policy_gradient_loss | -0.0218      |
|    std                  | 1.03         |
|    value_loss           | 8.7          |
------------------------------------------
--------------------------------------------
| rollout/                |                |
|    ep_len_mean          | 1.44e+03       |
|    ep_rew_mean          | 1.44e+03       |
| time/                   |                |
|    fps                  | 1030           |
|    iterations           | 97             |
|    time_elapsed         | 96             |
|    total_timesteps      | 99328          |
| train/                  |                |
|    approx_kl            | 0.020344377    |
|    clip_fraction        | 0.238          |
|    clip_range           | 0.2            |
|    entropy_loss         | -17.3          |
|    explained_variance   | -1.2993813e-05 |
|    learning_rate        | 0.0003         |
|    loss                 | 2.99           |
|    n_updates            | 960            |
|    policy_gradient_loss | -0.0208        |
|    std                  | 1.02           |
|    value_loss           | 8.08           |
--------------------------------------------
-------------------------------------------
| rollout/                |               |
|    ep_len_mean          | 1.44e+03      |
|    ep_rew_mean          | 1.44e+03      |
| time/                   |               |
|    fps                  | 1030          |
|    iterations           | 98            |
|    time_elapsed         | 97            |
|    total_timesteps      | 100352        |
| train/                  |               |
|    approx_kl            | 0.017686678   |
|    clip_fraction        | 0.192         |
|    clip_range           | 0.2           |
|    entropy_loss         | -17.3         |
|    explained_variance   | -8.392334e-05 |
|    learning_rate        | 0.0003        |
|    loss                 | 2.67          |
|    n_updates            | 970           |
|    policy_gradient_loss | -0.0191       |
|    std                  | 1.02          |
|    value_loss           | 7.41          |
-------------------------------------------
-------------------------------------------
| rollout/                |               |
|    ep_len_mean          | 1.44e+03      |
|    ep_rew_mean          | 1.44e+03      |
| time/                   |               |
|    fps                  | 1030          |
|    iterations           | 99            |
|    time_elapsed         | 98            |
|    total_timesteps      | 101376        |
| train/                  |               |
|    approx_kl            | 0.017325338   |
|    clip_fraction        | 0.165         |
|    clip_range           | 0.2           |
|    entropy_loss         | -17.3         |
|    explained_variance   | 6.3955784e-05 |
|    learning_rate        | 0.0003        |
|    loss                 | 2.39          |
|    n_updates            | 980           |
|    policy_gradient_loss | -0.0207       |
|    std                  | 1.02          |
|    value_loss           | 6.65          |
-------------------------------------------
------------------------------------------
| rollout/                |              |
|    ep_len_mean          | 1.44e+03     |
|    ep_rew_mean          | 1.44e+03     |
| time/                   |              |
|    fps                  | 1030         |
|    iterations           | 100          |
|    time_elapsed         | 99           |
|    total_timesteps      | 102400       |
| train/                  |              |
|    approx_kl            | 0.017625004  |
|    clip_fraction        | 0.23         |
|    clip_range           | 0.2          |
|    entropy_loss         | -17.3        |
|    explained_variance   | 9.059906e-05 |
|    learning_rate        | 0.0003       |
|    loss                 | 2.15         |
|    n_updates            | 990          |
|    policy_gradient_loss | -0.0224      |
|    std                  | 1.02         |
|    value_loss           | 6.1          |
------------------------------------------
-------------------------------------------
| rollout/                |               |
|    ep_len_mean          | 1.44e+03      |
|    ep_rew_mean          | 1.44e+03      |
| time/                   |               |
|    fps                  | 1030          |
|    iterations           | 101           |
|    time_elapsed         | 100           |
|    total_timesteps      | 103424        |
| train/                  |               |
|    approx_kl            | 0.02112978    |
|    clip_fraction        | 0.24          |
|    clip_range           | 0.2           |
|    entropy_loss         | -17.3         |
|    explained_variance   | 3.1352043e-05 |
|    learning_rate        | 0.0003        |
|    loss                 | 1.83          |
|    n_updates            | 1000          |
|    policy_gradient_loss | -0.0211       |
|    std                  | 1.02          |
|    value_loss           | 5.36          |
-------------------------------------------
-------------------------------------------
| rollout/                |               |
|    ep_len_mean          | 1.44e+03      |
|    ep_rew_mean          | 1.44e+03      |
| time/                   |               |
|    fps                  | 1030          |
|    iterations           | 102           |
|    time_elapsed         | 101           |
|    total_timesteps      | 104448        |
| train/                  |               |
|    approx_kl            | 0.015075716   |
|    clip_fraction        | 0.194         |
|    clip_range           | 0.2           |
|    entropy_loss         | -17.3         |
|    explained_variance   | -8.714199e-05 |
|    learning_rate        | 0.0003        |
|    loss                 | 1.67          |
|    n_updates            | 1010          |
|    policy_gradient_loss | -0.0175       |
|    std                  | 1.02          |
|    value_loss           | 4.99          |
-------------------------------------------
-------------------------------------------
| rollout/                |               |
|    ep_len_mean          | 1.44e+03      |
|    ep_rew_mean          | 1.44e+03      |
| time/                   |               |
|    fps                  | 1030          |
|    iterations           | 103           |
|    time_elapsed         | 102           |
|    total_timesteps      | 105472        |
| train/                  |               |
|    approx_kl            | 0.015986336   |
|    clip_fraction        | 0.213         |
|    clip_range           | 0.2           |
|    entropy_loss         | -17.3         |
|    explained_variance   | 5.1915646e-05 |
|    learning_rate        | 0.0003        |
|    loss                 | 1.3           |
|    n_updates            | 1020          |
|    policy_gradient_loss | -0.0188       |
|    std                  | 1.02          |
|    value_loss           | 4.12          |
-------------------------------------------
-------------------------------------------
| rollout/                |               |
|    ep_len_mean          | 1.44e+03      |
|    ep_rew_mean          | 1.44e+03      |
| time/                   |               |
|    fps                  | 1029          |
|    iterations           | 104           |
|    time_elapsed         | 103           |
|    total_timesteps      | 106496        |
| train/                  |               |
|    approx_kl            | 0.013652133   |
|    clip_fraction        | 0.22          |
|    clip_range           | 0.2           |
|    entropy_loss         | -17.3         |
|    explained_variance   | -6.830692e-05 |
|    learning_rate        | 0.0003        |
|    loss                 | 1.14          |
|    n_updates            | 1030          |
|    policy_gradient_loss | -0.0211       |
|    std                  | 1.02          |
|    value_loss           | 3.67          |
-------------------------------------------
-------------------------------------------
| rollout/                |               |
|    ep_len_mean          | 1.44e+03      |
|    ep_rew_mean          | 1.44e+03      |
| time/                   |               |
|    fps                  | 1029          |
|    iterations           | 105           |
|    time_elapsed         | 104           |
|    total_timesteps      | 107520        |
| train/                  |               |
|    approx_kl            | 0.019173814   |
|    clip_fraction        | 0.206         |
|    clip_range           | 0.2           |
|    entropy_loss         | -17.3         |
|    explained_variance   | 7.1525574e-07 |
|    learning_rate        | 0.0003        |
|    loss                 | 1.01          |
|    n_updates            | 1040          |
|    policy_gradient_loss | -0.0184       |
|    std                  | 1.02          |
|    value_loss           | 3.41          |
-------------------------------------------
-------------------------------------------
| rollout/                |               |
|    ep_len_mean          | 1.44e+03      |
|    ep_rew_mean          | 1.44e+03      |
| time/                   |               |
|    fps                  | 1029          |
|    iterations           | 106           |
|    time_elapsed         | 105           |
|    total_timesteps      | 108544        |
| train/                  |               |
|    approx_kl            | 0.023730624   |
|    clip_fraction        | 0.227         |
|    clip_range           | 0.2           |
|    entropy_loss         | -17.3         |
|    explained_variance   | -3.874302e-05 |
|    learning_rate        | 0.0003        |
|    loss                 | 0.796         |
|    n_updates            | 1050          |
|    policy_gradient_loss | -0.0201       |
|    std                  | 1.02          |
|    value_loss           | 2.76          |
-------------------------------------------
--------------------------------------------
| rollout/                |                |
|    ep_len_mean          | 1.44e+03       |
|    ep_rew_mean          | 1.44e+03       |
| time/                   |                |
|    fps                  | 1029           |
|    iterations           | 107            |
|    time_elapsed         | 106            |
|    total_timesteps      | 109568         |
| train/                  |                |
|    approx_kl            | 0.019144148    |
|    clip_fraction        | 0.224          |
|    clip_range           | 0.2            |
|    entropy_loss         | -17.3          |
|    explained_variance   | -3.9219856e-05 |
|    learning_rate        | 0.0003         |
|    loss                 | 0.66           |
|    n_updates            | 1060           |
|    policy_gradient_loss | -0.0205        |
|    std                  | 1.02           |
|    value_loss           | 2.43           |
--------------------------------------------
-------------------------------------------
| rollout/                |               |
|    ep_len_mean          | 1.44e+03      |
|    ep_rew_mean          | 1.44e+03      |
| time/                   |               |
|    fps                  | 1029          |
|    iterations           | 108           |
|    time_elapsed         | 107           |
|    total_timesteps      | 110592        |
| train/                  |               |
|    approx_kl            | 0.01767725    |
|    clip_fraction        | 0.181         |
|    clip_range           | 0.2           |
|    entropy_loss         | -17.3         |
|    explained_variance   | -7.092953e-05 |
|    learning_rate        | 0.0003        |
|    loss                 | 0.536         |
|    n_updates            | 1070          |
|    policy_gradient_loss | -0.0171       |
|    std                  | 1.02          |
|    value_loss           | 2.08          |
-------------------------------------------
--------------------------------------------
| rollout/                |                |
|    ep_len_mean          | 1.44e+03       |
|    ep_rew_mean          | 1.45e+03       |
| time/                   |                |
|    fps                  | 1029           |
|    iterations           | 109            |
|    time_elapsed         | 108            |
|    total_timesteps      | 111616         |
| train/                  |                |
|    approx_kl            | 0.020439334    |
|    clip_fraction        | 0.229          |
|    clip_range           | 0.2            |
|    entropy_loss         | -17.2          |
|    explained_variance   | -3.4689903e-05 |
|    learning_rate        | 0.0003         |
|    loss                 | 0.423          |
|    n_updates            | 1080           |
|    policy_gradient_loss | -0.0214        |
|    std                  | 1.02           |
|    value_loss           | 1.79           |
--------------------------------------------
--------------------------------------------
| rollout/                |                |
|    ep_len_mean          | 1.44e+03       |
|    ep_rew_mean          | 1.45e+03       |
| time/                   |                |
|    fps                  | 1029           |
|    iterations           | 110            |
|    time_elapsed         | 109            |
|    total_timesteps      | 112640         |
| train/                  |                |
|    approx_kl            | 0.023592718    |
|    clip_fraction        | 0.226          |
|    clip_range           | 0.2            |
|    entropy_loss         | -17.2          |
|    explained_variance   | -5.1379204e-05 |
|    learning_rate        | 0.0003         |
|    loss                 | 0.285          |
|    n_updates            | 1090           |
|    policy_gradient_loss | -0.0214        |
|    std                  | 1.02           |
|    value_loss           | 1.45           |
--------------------------------------------
--------------------------------------------
| rollout/                |                |
|    ep_len_mean          | 1.44e+03       |
|    ep_rew_mean          | 1.45e+03       |
| time/                   |                |
|    fps                  | 1029           |
|    iterations           | 111            |
|    time_elapsed         | 110            |
|    total_timesteps      | 113664         |
| train/                  |                |
|    approx_kl            | 0.019250935    |
|    clip_fraction        | 0.251          |
|    clip_range           | 0.2            |
|    entropy_loss         | -17.2          |
|    explained_variance   | -1.0371208e-05 |
|    learning_rate        | 0.0003         |
|    loss                 | 0.19           |
|    n_updates            | 1100           |
|    policy_gradient_loss | -0.0207        |
|    std                  | 1.02           |
|    value_loss           | 1.06           |
--------------------------------------------
-------------------------------------------
| rollout/                |               |
|    ep_len_mean          | 1.44e+03      |
|    ep_rew_mean          | 1.45e+03      |
| time/                   |               |
|    fps                  | 1028          |
|    iterations           | 112           |
|    time_elapsed         | 111           |
|    total_timesteps      | 114688        |
| train/                  |               |
|    approx_kl            | 0.018582525   |
|    clip_fraction        | 0.252         |
|    clip_range           | 0.2           |
|    entropy_loss         | -17.2         |
|    explained_variance   | 2.2053719e-06 |
|    learning_rate        | 0.0003        |
|    loss                 | 0.125         |
|    n_updates            | 1110          |
|    policy_gradient_loss | -0.0199       |
|    std                  | 1.01          |
|    value_loss           | 0.96          |
-------------------------------------------
-------------------------------------------
| rollout/                |               |
|    ep_len_mean          | 1.44e+03      |
|    ep_rew_mean          | 1.45e+03      |
| time/                   |               |
|    fps                  | 1028          |
|    iterations           | 113           |
|    time_elapsed         | 112           |
|    total_timesteps      | 115712        |
| train/                  |               |
|    approx_kl            | 0.020575952   |
|    clip_fraction        | 0.221         |
|    clip_range           | 0.2           |
|    entropy_loss         | -17.2         |
|    explained_variance   | 2.7298927e-05 |
|    learning_rate        | 0.0003        |
|    loss                 | 0.0657        |
|    n_updates            | 1120          |
|    policy_gradient_loss | -0.0223       |
|    std                  | 1.01          |
|    value_loss           | 0.688         |
-------------------------------------------
--------------------------------------------
| rollout/                |                |
|    ep_len_mean          | 1.44e+03       |
|    ep_rew_mean          | 1.45e+03       |
| time/                   |                |
|    fps                  | 1028           |
|    iterations           | 114            |
|    time_elapsed         | 113            |
|    total_timesteps      | 116736         |
| train/                  |                |
|    approx_kl            | 0.022847375    |
|    clip_fraction        | 0.239          |
|    clip_range           | 0.2            |
|    entropy_loss         | -17.1          |
|    explained_variance   | -0.00013041496 |
|    learning_rate        | 0.0003         |
|    loss                 | 0.00857        |
|    n_updates            | 1130           |
|    policy_gradient_loss | -0.0221        |
|    std                  | 1.01           |
|    value_loss           | 0.467          |
--------------------------------------------
-------------------------------------------
| rollout/                |               |
|    ep_len_mean          | 1.44e+03      |
|    ep_rew_mean          | 1.45e+03      |
| time/                   |               |
|    fps                  | 1028          |
|    iterations           | 115           |
|    time_elapsed         | 114           |
|    total_timesteps      | 117760        |
| train/                  |               |
|    approx_kl            | 0.023069143   |
|    clip_fraction        | 0.212         |
|    clip_range           | 0.2           |
|    entropy_loss         | -17.1         |
|    explained_variance   | 1.8060207e-05 |
|    learning_rate        | 0.0003        |
|    loss                 | -0.0113       |
|    n_updates            | 1140          |
|    policy_gradient_loss | -0.0225       |
|    std                  | 1.01          |
|    value_loss           | 0.34          |
-------------------------------------------
--------------------------------------------
| rollout/                |                |
|    ep_len_mean          | 1.44e+03       |
|    ep_rew_mean          | 1.45e+03       |
| time/                   |                |
|    fps                  | 1028           |
|    iterations           | 116            |
|    time_elapsed         | 115            |
|    total_timesteps      | 118784         |
| train/                  |                |
|    approx_kl            | 0.025731845    |
|    clip_fraction        | 0.257          |
|    clip_range           | 0.2            |
|    entropy_loss         | -17.1          |
|    explained_variance   | -0.00014555454 |
|    learning_rate        | 0.0003         |
|    loss                 | -0.0245        |
|    n_updates            | 1150           |
|    policy_gradient_loss | -0.022         |
|    std                  | 1              |
|    value_loss           | 0.312          |
--------------------------------------------
--------------------------------------------
| rollout/                |                |
|    ep_len_mean          | 1.44e+03       |
|    ep_rew_mean          | 1.45e+03       |
| time/                   |                |
|    fps                  | 1028           |
|    iterations           | 117            |
|    time_elapsed         | 116            |
|    total_timesteps      | 119808         |
| train/                  |                |
|    approx_kl            | 0.019206312    |
|    clip_fraction        | 0.189          |
|    clip_range           | 0.2            |
|    entropy_loss         | -17.1          |
|    explained_variance   | -1.6570091e-05 |
|    learning_rate        | 0.0003         |
|    loss                 | -0.0132        |
|    n_updates            | 1160           |
|    policy_gradient_loss | -0.0182        |
|    std                  | 1              |
|    value_loss           | 0.188          |
--------------------------------------------
-------------------------------------------
| rollout/                |               |
|    ep_len_mean          | 1.44e+03      |
|    ep_rew_mean          | 1.45e+03      |
| time/                   |               |
|    fps                  | 1028          |
|    iterations           | 118           |
|    time_elapsed         | 117           |
|    total_timesteps      | 120832        |
| train/                  |               |
|    approx_kl            | 0.019955344   |
|    clip_fraction        | 0.221         |
|    clip_range           | 0.2           |
|    entropy_loss         | -17           |
|    explained_variance   | -6.353855e-05 |
|    learning_rate        | 0.0003        |
|    loss                 | -0.025        |
|    n_updates            | 1170          |
|    policy_gradient_loss | -0.0246       |
|    std                  | 0.996         |
|    value_loss           | 0.108         |
-------------------------------------------
-------------------------------------------
| rollout/                |               |
|    ep_len_mean          | 1.44e+03      |
|    ep_rew_mean          | 1.45e+03      |
| time/                   |               |
|    fps                  | 1028          |
|    iterations           | 119           |
|    time_elapsed         | 118           |
|    total_timesteps      | 121856        |
| train/                  |               |
|    approx_kl            | 0.018642202   |
|    clip_fraction        | 0.27          |
|    clip_range           | 0.2           |
|    entropy_loss         | -16.9         |
|    explained_variance   | -0.0001963377 |
|    learning_rate        | 0.0003        |
|    loss                 | -0.0319       |
|    n_updates            | 1180          |
|    policy_gradient_loss | -0.0244       |
|    std                  | 0.993         |
|    value_loss           | 0.114         |
-------------------------------------------
--------------------------------------------
| rollout/                |                |
|    ep_len_mean          | 1.44e+03       |
|    ep_rew_mean          | 1.45e+03       |
| time/                   |                |
|    fps                  | 1028           |
|    iterations           | 120            |
|    time_elapsed         | 119            |
|    total_timesteps      | 122880         |
| train/                  |                |
|    approx_kl            | 0.015200364    |
|    clip_fraction        | 0.161          |
|    clip_range           | 0.2            |
|    entropy_loss         | -16.9          |
|    explained_variance   | -0.00027132034 |
|    learning_rate        | 0.0003         |
|    loss                 | -0.0245        |
|    n_updates            | 1190           |
|    policy_gradient_loss | -0.0174        |
|    std                  | 0.99           |
|    value_loss           | 0.0652         |
--------------------------------------------
-------------------------------------------
| rollout/                |               |
|    ep_len_mean          | 1.44e+03      |
|    ep_rew_mean          | 1.45e+03      |
| time/                   |               |
|    fps                  | 1028          |
|    iterations           | 121           |
|    time_elapsed         | 120           |
|    total_timesteps      | 123904        |
| train/                  |               |
|    approx_kl            | 0.0183132     |
|    clip_fraction        | 0.206         |
|    clip_range           | 0.2           |
|    entropy_loss         | -16.9         |
|    explained_variance   | -0.0002477169 |
|    learning_rate        | 0.0003        |
|    loss                 | -0.0448       |
|    n_updates            | 1200          |
|    policy_gradient_loss | -0.0241       |
|    std                  | 0.989         |
|    value_loss           | 0.0468        |
-------------------------------------------
--------------------------------------------
| rollout/                |                |
|    ep_len_mean          | 1.44e+03       |
|    ep_rew_mean          | 1.45e+03       |
| time/                   |                |
|    fps                  | 1028           |
|    iterations           | 122            |
|    time_elapsed         | 121            |
|    total_timesteps      | 124928         |
| train/                  |                |
|    approx_kl            | 0.020411514    |
|    clip_fraction        | 0.238          |
|    clip_range           | 0.2            |
|    entropy_loss         | -16.9          |
|    explained_variance   | -0.00017023087 |
|    learning_rate        | 0.0003         |
|    loss                 | -0.0326        |
|    n_updates            | 1210           |
|    policy_gradient_loss | -0.0254        |
|    std                  | 0.99           |
|    value_loss           | 0.0316         |
--------------------------------------------
-------------------------------------------
| rollout/                |               |
|    ep_len_mean          | 1.44e+03      |
|    ep_rew_mean          | 1.45e+03      |
| time/                   |               |
|    fps                  | 1028          |
|    iterations           | 123           |
|    time_elapsed         | 122           |
|    total_timesteps      | 125952        |
| train/                  |               |
|    approx_kl            | 0.020671472   |
|    clip_fraction        | 0.232         |
|    clip_range           | 0.2           |
|    entropy_loss         | -16.9         |
|    explained_variance   | -0.0003758669 |
|    learning_rate        | 0.0003        |
|    loss                 | -0.0318       |
|    n_updates            | 1220          |
|    policy_gradient_loss | -0.0266       |
|    std                  | 0.99          |
|    value_loss           | 0.0307        |
-------------------------------------------
--------------------------------------------
| rollout/                |                |
|    ep_len_mean          | 1.44e+03       |
|    ep_rew_mean          | 1.45e+03       |
| time/                   |                |
|    fps                  | 1028           |
|    iterations           | 124            |
|    time_elapsed         | 123            |
|    total_timesteps      | 126976         |
| train/                  |                |
|    approx_kl            | 0.011552511    |
|    clip_fraction        | 0.147          |
|    clip_range           | 0.2            |
|    entropy_loss         | -16.9          |
|    explained_variance   | -0.00023555756 |
|    learning_rate        | 0.0003         |
|    loss                 | -0.0266        |
|    n_updates            | 1230           |
|    policy_gradient_loss | -0.0197        |
|    std                  | 0.987          |
|    value_loss           | 0.0233         |
--------------------------------------------
-------------------------------------------
| rollout/                |               |
|    ep_len_mean          | 1.44e+03      |
|    ep_rew_mean          | 1.45e+03      |
| time/                   |               |
|    fps                  | 1028          |
|    iterations           | 125           |
|    time_elapsed         | 124           |
|    total_timesteps      | 128000        |
| train/                  |               |
|    approx_kl            | 0.018847793   |
|    clip_fraction        | 0.232         |
|    clip_range           | 0.2           |
|    entropy_loss         | -16.9         |
|    explained_variance   | -0.0002644062 |
|    learning_rate        | 0.0003        |
|    loss                 | -0.0282       |
|    n_updates            | 1240          |
|    policy_gradient_loss | -0.0272       |
|    std                  | 0.988         |
|    value_loss           | 0.0189        |
-------------------------------------------
-------------------------------------------
| rollout/                |               |
|    ep_len_mean          | 1.44e+03      |
|    ep_rew_mean          | 1.45e+03      |
| time/                   |               |
|    fps                  | 1027          |
|    iterations           | 126           |
|    time_elapsed         | 125           |
|    total_timesteps      | 129024        |
| train/                  |               |
|    approx_kl            | 0.017036628   |
|    clip_fraction        | 0.184         |
|    clip_range           | 0.2           |
|    entropy_loss         | -16.9         |
|    explained_variance   | -0.0004566908 |
|    learning_rate        | 0.0003        |
|    loss                 | -0.046        |
|    n_updates            | 1250          |
|    policy_gradient_loss | -0.0227       |
|    std                  | 0.989         |
|    value_loss           | 0.0205        |
-------------------------------------------
--------------------------------------------
| rollout/                |                |
|    ep_len_mean          | 1.44e+03       |
|    ep_rew_mean          | 1.45e+03       |
| time/                   |                |
|    fps                  | 1027           |
|    iterations           | 127            |
|    time_elapsed         | 126            |
|    total_timesteps      | 130048         |
| train/                  |                |
|    approx_kl            | 0.01754716     |
|    clip_fraction        | 0.199          |
|    clip_range           | 0.2            |
|    entropy_loss         | -16.8          |
|    explained_variance   | -0.00025737286 |
|    learning_rate        | 0.0003         |
|    loss                 | -0.0281        |
|    n_updates            | 1260           |
|    policy_gradient_loss | -0.0231        |
|    std                  | 0.984          |
|    value_loss           | 0.016          |
--------------------------------------------
--------------------------------------------
| rollout/                |                |
|    ep_len_mean          | 1.44e+03       |
|    ep_rew_mean          | 1.45e+03       |
| time/                   |                |
|    fps                  | 1027           |
|    iterations           | 128            |
|    time_elapsed         | 127            |
|    total_timesteps      | 131072         |
| train/                  |                |
|    approx_kl            | 0.019991683    |
|    clip_fraction        | 0.19           |
|    clip_range           | 0.2            |
|    entropy_loss         | -16.8          |
|    explained_variance   | -0.00029492378 |
|    learning_rate        | 0.0003         |
|    loss                 | -0.0333        |
|    n_updates            | 1270           |
|    policy_gradient_loss | -0.022         |
|    std                  | 0.98           |
|    value_loss           | 0.0103         |
--------------------------------------------
-------------------------------------------
| rollout/                |               |
|    ep_len_mean          | 1.44e+03      |
|    ep_rew_mean          | 1.45e+03      |
| time/                   |               |
|    fps                  | 1027          |
|    iterations           | 129           |
|    time_elapsed         | 128           |
|    total_timesteps      | 132096        |
| train/                  |               |
|    approx_kl            | 0.019730713   |
|    clip_fraction        | 0.18          |
|    clip_range           | 0.2           |
|    entropy_loss         | -16.7         |
|    explained_variance   | 7.0929527e-06 |
|    learning_rate        | 0.0003        |
|    loss                 | -0.0489       |
|    n_updates            | 1280          |
|    policy_gradient_loss | -0.0241       |
|    std                  | 0.976         |
|    value_loss           | 0.0126        |
-------------------------------------------
--------------------------------------------
| rollout/                |                |
|    ep_len_mean          | 1.44e+03       |
|    ep_rew_mean          | 1.45e+03       |
| time/                   |                |
|    fps                  | 1026           |
|    iterations           | 130            |
|    time_elapsed         | 129            |
|    total_timesteps      | 133120         |
| train/                  |                |
|    approx_kl            | 0.0169175      |
|    clip_fraction        | 0.208          |
|    clip_range           | 0.2            |
|    entropy_loss         | -16.7          |
|    explained_variance   | -0.00019586086 |
|    learning_rate        | 0.0003         |
|    loss                 | -0.0412        |
|    n_updates            | 1290           |
|    policy_gradient_loss | -0.0302        |
|    std                  | 0.975          |
|    value_loss           | 0.014          |
--------------------------------------------
--------------------------------------------
| rollout/                |                |
|    ep_len_mean          | 1.44e+03       |
|    ep_rew_mean          | 1.45e+03       |
| time/                   |                |
|    fps                  | 1026           |
|    iterations           | 131            |
|    time_elapsed         | 130            |
|    total_timesteps      | 134144         |
| train/                  |                |
|    approx_kl            | 0.019059       |
|    clip_fraction        | 0.21           |
|    clip_range           | 0.2            |
|    entropy_loss         | -16.7          |
|    explained_variance   | -0.00052034855 |
|    learning_rate        | 0.0003         |
|    loss                 | -0.0367        |
|    n_updates            | 1300           |
|    policy_gradient_loss | -0.0268        |
|    std                  | 0.974          |
|    value_loss           | 0.0129         |
--------------------------------------------
--------------------------------------------
| rollout/                |                |
|    ep_len_mean          | 1.44e+03       |
|    ep_rew_mean          | 1.45e+03       |
| time/                   |                |
|    fps                  | 1026           |
|    iterations           | 132            |
|    time_elapsed         | 131            |
|    total_timesteps      | 135168         |
| train/                  |                |
|    approx_kl            | 0.0152805755   |
|    clip_fraction        | 0.178          |
|    clip_range           | 0.2            |
|    entropy_loss         | -16.7          |
|    explained_variance   | -0.00036394596 |
|    learning_rate        | 0.0003         |
|    loss                 | -0.031         |
|    n_updates            | 1310           |
|    policy_gradient_loss | -0.0218        |
|    std                  | 0.975          |
|    value_loss           | 0.00815        |
--------------------------------------------
--------------------------------------------
| rollout/                |                |
|    ep_len_mean          | 1.44e+03       |
|    ep_rew_mean          | 1.45e+03       |
| time/                   |                |
|    fps                  | 1025           |
|    iterations           | 133            |
|    time_elapsed         | 132            |
|    total_timesteps      | 136192         |
| train/                  |                |
|    approx_kl            | 0.02051367     |
|    clip_fraction        | 0.219          |
|    clip_range           | 0.2            |
|    entropy_loss         | -16.7          |
|    explained_variance   | -0.00023150444 |
|    learning_rate        | 0.0003         |
|    loss                 | -0.0391        |
|    n_updates            | 1320           |
|    policy_gradient_loss | -0.0276        |
|    std                  | 0.972          |
|    value_loss           | 0.00745        |
--------------------------------------------
--------------------------------------------
| rollout/                |                |
|    ep_len_mean          | 1.44e+03       |
|    ep_rew_mean          | 1.45e+03       |
| time/                   |                |
|    fps                  | 1026           |
|    iterations           | 134            |
|    time_elapsed         | 133            |
|    total_timesteps      | 137216         |
| train/                  |                |
|    approx_kl            | 0.016512655    |
|    clip_fraction        | 0.213          |
|    clip_range           | 0.2            |
|    entropy_loss         | -16.6          |
|    explained_variance   | -0.00012648106 |
|    learning_rate        | 0.0003         |
|    loss                 | -0.0383        |
|    n_updates            | 1330           |
|    policy_gradient_loss | -0.0259        |
|    std                  | 0.969          |
|    value_loss           | 0.011          |
--------------------------------------------
--------------------------------------------
| rollout/                |                |
|    ep_len_mean          | 1.44e+03       |
|    ep_rew_mean          | 1.45e+03       |
| time/                   |                |
|    fps                  | 1026           |
|    iterations           | 135            |
|    time_elapsed         | 134            |
|    total_timesteps      | 138240         |
| train/                  |                |
|    approx_kl            | 0.020671561    |
|    clip_fraction        | 0.225          |
|    clip_range           | 0.2            |
|    entropy_loss         | -16.6          |
|    explained_variance   | -0.00022518635 |
|    learning_rate        | 0.0003         |
|    loss                 | -0.0437        |
|    n_updates            | 1340           |
|    policy_gradient_loss | -0.028         |
|    std                  | 0.969          |
|    value_loss           | 0.0117         |
--------------------------------------------
-------------------------------------------
| rollout/                |               |
|    ep_len_mean          | 1.44e+03      |
|    ep_rew_mean          | 1.45e+03      |
| time/                   |               |
|    fps                  | 1026          |
|    iterations           | 136           |
|    time_elapsed         | 135           |
|    total_timesteps      | 139264        |
| train/                  |               |
|    approx_kl            | 0.014087877   |
|    clip_fraction        | 0.168         |
|    clip_range           | 0.2           |
|    entropy_loss         | -16.6         |
|    explained_variance   | -0.0002733469 |
|    learning_rate        | 0.0003        |
|    loss                 | -0.0329       |
|    n_updates            | 1350          |
|    policy_gradient_loss | -0.0224       |
|    std                  | 0.967         |
|    value_loss           | 0.00912       |
-------------------------------------------
------------------------------------------
| rollout/                |              |
|    ep_len_mean          | 1.44e+03     |
|    ep_rew_mean          | 1.45e+03     |
| time/                   |              |
|    fps                  | 1026         |
|    iterations           | 137          |
|    time_elapsed         | 136          |
|    total_timesteps      | 140288       |
| train/                  |              |
|    approx_kl            | 0.022602674  |
|    clip_fraction        | 0.235        |
|    clip_range           | 0.2          |
|    entropy_loss         | -16.6        |
|    explained_variance   | -3.71933e-05 |
|    learning_rate        | 0.0003       |
|    loss                 | -0.0351      |
|    n_updates            | 1360         |
|    policy_gradient_loss | -0.0298      |
|    std                  | 0.965        |
|    value_loss           | 0.00893      |
------------------------------------------
------------------------------------------
| rollout/                |              |
|    ep_len_mean          | 1.44e+03     |
|    ep_rew_mean          | 1.45e+03     |
| time/                   |              |
|    fps                  | 1026         |
|    iterations           | 138          |
|    time_elapsed         | 137          |
|    total_timesteps      | 141312       |
| train/                  |              |
|    approx_kl            | 0.01663      |
|    clip_fraction        | 0.179        |
|    clip_range           | 0.2          |
|    entropy_loss         | -16.6        |
|    explained_variance   | 6.467104e-05 |
|    learning_rate        | 0.0003       |
|    loss                 | -0.0375      |
|    n_updates            | 1370         |
|    policy_gradient_loss | -0.0247      |
|    std                  | 0.963        |
|    value_loss           | 0.011        |
------------------------------------------
-------------------------------------------
| rollout/                |               |
|    ep_len_mean          | 1.44e+03      |
|    ep_rew_mean          | 1.45e+03      |
| time/                   |               |
|    fps                  | 1027          |
|    iterations           | 139           |
|    time_elapsed         | 138           |
|    total_timesteps      | 142336        |
| train/                  |               |
|    approx_kl            | 0.013739849   |
|    clip_fraction        | 0.182         |
|    clip_range           | 0.2           |
|    entropy_loss         | -16.5         |
|    explained_variance   | -9.536743e-07 |
|    learning_rate        | 0.0003        |
|    loss                 | -0.046        |
|    n_updates            | 1380          |
|    policy_gradient_loss | -0.0249       |
|    std                  | 0.963         |
|    value_loss           | 0.0103        |
-------------------------------------------
---------------------------------------------
| rollout/                |                 |
|    ep_len_mean          | 1.44e+03        |
|    ep_rew_mean          | 1.45e+03        |
| time/                   |                 |
|    fps                  | 1027            |
|    iterations           | 140             |
|    time_elapsed         | 139             |
|    total_timesteps      | 143360          |
| train/                  |                 |
|    approx_kl            | 0.017539598     |
|    clip_fraction        | 0.182           |
|    clip_range           | 0.2             |
|    entropy_loss         | -16.5           |
|    explained_variance   | -0.000108003616 |
|    learning_rate        | 0.0003          |
|    loss                 | -0.0345         |
|    n_updates            | 1390            |
|    policy_gradient_loss | -0.0231         |
|    std                  | 0.963           |
|    value_loss           | 0.0109          |
---------------------------------------------
-------------------------------------------
| rollout/                |               |
|    ep_len_mean          | 1.44e+03      |
|    ep_rew_mean          | 1.45e+03      |
| time/                   |               |
|    fps                  | 1027          |
|    iterations           | 141           |
|    time_elapsed         | 140           |
|    total_timesteps      | 144384        |
| train/                  |               |
|    approx_kl            | 0.016279658   |
|    clip_fraction        | 0.176         |
|    clip_range           | 0.2           |
|    entropy_loss         | -16.5         |
|    explained_variance   | 4.4822693e-05 |
|    learning_rate        | 0.0003        |
|    loss                 | -0.0305       |
|    n_updates            | 1400          |
|    policy_gradient_loss | -0.0211       |
|    std                  | 0.964         |
|    value_loss           | 0.00986       |
-------------------------------------------
-------------------------------------------
| rollout/                |               |
|    ep_len_mean          | 1.44e+03      |
|    ep_rew_mean          | 1.45e+03      |
| time/                   |               |
|    fps                  | 1027          |
|    iterations           | 142           |
|    time_elapsed         | 141           |
|    total_timesteps      | 145408        |
| train/                  |               |
|    approx_kl            | 0.014412543   |
|    clip_fraction        | 0.168         |
|    clip_range           | 0.2           |
|    entropy_loss         | -16.6         |
|    explained_variance   | 5.9604645e-07 |
|    learning_rate        | 0.0003        |
|    loss                 | -0.0301       |
|    n_updates            | 1410          |
|    policy_gradient_loss | -0.0205       |
|    std                  | 0.963         |
|    value_loss           | 0.01          |
-------------------------------------------
-------------------------------------------
| rollout/                |               |
|    ep_len_mean          | 1.44e+03      |
|    ep_rew_mean          | 1.45e+03      |
| time/                   |               |
|    fps                  | 1027          |
|    iterations           | 143           |
|    time_elapsed         | 142           |
|    total_timesteps      | 146432        |
| train/                  |               |
|    approx_kl            | 0.017083198   |
|    clip_fraction        | 0.175         |
|    clip_range           | 0.2           |
|    entropy_loss         | -16.5         |
|    explained_variance   | 0.00027501583 |
|    learning_rate        | 0.0003        |
|    loss                 | -0.0361       |
|    n_updates            | 1420          |
|    policy_gradient_loss | -0.0254       |
|    std                  | 0.961         |
|    value_loss           | 0.011         |
-------------------------------------------
-------------------------------------------
| rollout/                |               |
|    ep_len_mean          | 1.44e+03      |
|    ep_rew_mean          | 1.45e+03      |
| time/                   |               |
|    fps                  | 1027          |
|    iterations           | 144           |
|    time_elapsed         | 143           |
|    total_timesteps      | 147456        |
| train/                  |               |
|    approx_kl            | 0.0135735795  |
|    clip_fraction        | 0.197         |
|    clip_range           | 0.2           |
|    entropy_loss         | -16.5         |
|    explained_variance   | -1.013279e-05 |
|    learning_rate        | 0.0003        |
|    loss                 | -0.032        |
|    n_updates            | 1430          |
|    policy_gradient_loss | -0.0265       |
|    std                  | 0.96          |
|    value_loss           | 0.00862       |
-------------------------------------------
------------------------------------------
| rollout/                |              |
|    ep_len_mean          | 1.44e+03     |
|    ep_rew_mean          | 1.45e+03     |
| time/                   |              |
|    fps                  | 1027         |
|    iterations           | 145          |
|    time_elapsed         | 144          |
|    total_timesteps      | 148480       |
| train/                  |              |
|    approx_kl            | 0.014972728  |
|    clip_fraction        | 0.183        |
|    clip_range           | 0.2          |
|    entropy_loss         | -16.5        |
|    explained_variance   | 6.556511e-06 |
|    learning_rate        | 0.0003       |
|    loss                 | -0.0389      |
|    n_updates            | 1440         |
|    policy_gradient_loss | -0.0241      |
|    std                  | 0.958        |
|    value_loss           | 0.00854      |
------------------------------------------
---------------------------------------------
| rollout/                |                 |
|    ep_len_mean          | 1.44e+03        |
|    ep_rew_mean          | 1.45e+03        |
| time/                   |                 |
|    fps                  | 1027            |
|    iterations           | 146             |
|    time_elapsed         | 145             |
|    total_timesteps      | 149504          |
| train/                  |                 |
|    approx_kl            | 0.01566158      |
|    clip_fraction        | 0.202           |
|    clip_range           | 0.2             |
|    entropy_loss         | -16.5           |
|    explained_variance   | -0.000118136406 |
|    learning_rate        | 0.0003          |
|    loss                 | -0.0241         |
|    n_updates            | 1450            |
|    policy_gradient_loss | -0.0248         |
|    std                  | 0.958           |
|    value_loss           | 0.00971         |
---------------------------------------------
-------------------------------------------
| rollout/                |               |
|    ep_len_mean          | 1.44e+03      |
|    ep_rew_mean          | 1.45e+03      |
| time/                   |               |
|    fps                  | 1026          |
|    iterations           | 147           |
|    time_elapsed         | 146           |
|    total_timesteps      | 150528        |
| train/                  |               |
|    approx_kl            | 0.012462027   |
|    clip_fraction        | 0.177         |
|    clip_range           | 0.2           |
|    entropy_loss         | -16.5         |
|    explained_variance   | 0.00017732382 |
|    learning_rate        | 0.0003        |
|    loss                 | -0.0329       |
|    n_updates            | 1460          |
|    policy_gradient_loss | -0.0245       |
|    std                  | 0.957         |
|    value_loss           | 0.0121        |
-------------------------------------------
-------------------------------------------
| rollout/                |               |
|    ep_len_mean          | 1.44e+03      |
|    ep_rew_mean          | 1.45e+03      |
| time/                   |               |
|    fps                  | 1026          |
|    iterations           | 148           |
|    time_elapsed         | 147           |
|    total_timesteps      | 151552        |
| train/                  |               |
|    approx_kl            | 0.015452407   |
|    clip_fraction        | 0.165         |
|    clip_range           | 0.2           |
|    entropy_loss         | -16.5         |
|    explained_variance   | 0.00025743246 |
|    learning_rate        | 0.0003        |
|    loss                 | -0.0105       |
|    n_updates            | 1470          |
|    policy_gradient_loss | -0.0224       |
|    std                  | 0.955         |
|    value_loss           | 0.0103        |
-------------------------------------------
-------------------------------------------
| rollout/                |               |
|    ep_len_mean          | 1.44e+03      |
|    ep_rew_mean          | 1.45e+03      |
| time/                   |               |
|    fps                  | 1026          |
|    iterations           | 149           |
|    time_elapsed         | 148           |
|    total_timesteps      | 152576        |
| train/                  |               |
|    approx_kl            | 0.014654293   |
|    clip_fraction        | 0.158         |
|    clip_range           | 0.2           |
|    entropy_loss         | -16.4         |
|    explained_variance   | 0.00018054247 |
|    learning_rate        | 0.0003        |
|    loss                 | -0.0247       |
|    n_updates            | 1480          |
|    policy_gradient_loss | -0.0215       |
|    std                  | 0.954         |
|    value_loss           | 0.021         |
-------------------------------------------
-------------------------------------------
| rollout/                |               |
|    ep_len_mean          | 1.44e+03      |
|    ep_rew_mean          | 1.45e+03      |
| time/                   |               |
|    fps                  | 1026          |
|    iterations           | 150           |
|    time_elapsed         | 149           |
|    total_timesteps      | 153600        |
| train/                  |               |
|    approx_kl            | 0.015935455   |
|    clip_fraction        | 0.187         |
|    clip_range           | 0.2           |
|    entropy_loss         | -16.4         |
|    explained_variance   | 0.00010204315 |
|    learning_rate        | 0.0003        |
|    loss                 | -0.0329       |
|    n_updates            | 1490          |
|    policy_gradient_loss | -0.0243       |
|    std                  | 0.953         |
|    value_loss           | 0.00732       |
-------------------------------------------
-----------------------------------------
| rollout/                |             |
|    ep_len_mean          | 1.44e+03    |
|    ep_rew_mean          | 1.45e+03    |
| time/                   |             |
|    fps                  | 1027        |
|    iterations           | 151         |
|    time_elapsed         | 150         |
|    total_timesteps      | 154624      |
| train/                  |             |
|    approx_kl            | 0.012049902 |
|    clip_fraction        | 0.161       |
|    clip_range           | 0.2         |
|    entropy_loss         | -16.4       |
|    explained_variance   | 0.000349164 |
|    learning_rate        | 0.0003      |
|    loss                 | -0.0318     |
|    n_updates            | 1500        |
|    policy_gradient_loss | -0.0218     |
|    std                  | 0.951       |
|    value_loss           | 0.00631     |
-----------------------------------------
--------------------------------------------
| rollout/                |                |
|    ep_len_mean          | 1.44e+03       |
|    ep_rew_mean          | 1.45e+03       |
| time/                   |                |
|    fps                  | 1027           |
|    iterations           | 152            |
|    time_elapsed         | 151            |
|    total_timesteps      | 155648         |
| train/                  |                |
|    approx_kl            | 0.013541144    |
|    clip_fraction        | 0.161          |
|    clip_range           | 0.2            |
|    entropy_loss         | -16.4          |
|    explained_variance   | 0.000110805035 |
|    learning_rate        | 0.0003         |
|    loss                 | -0.0352        |
|    n_updates            | 1510           |
|    policy_gradient_loss | -0.0215        |
|    std                  | 0.95           |
|    value_loss           | 0.00969        |
--------------------------------------------
-------------------------------------------
| rollout/                |               |
|    ep_len_mean          | 1.44e+03      |
|    ep_rew_mean          | 1.45e+03      |
| time/                   |               |
|    fps                  | 1027          |
|    iterations           | 153           |
|    time_elapsed         | 152           |
|    total_timesteps      | 156672        |
| train/                  |               |
|    approx_kl            | 0.014120283   |
|    clip_fraction        | 0.165         |
|    clip_range           | 0.2           |
|    entropy_loss         | -16.4         |
|    explained_variance   | 0.00015830994 |
|    learning_rate        | 0.0003        |
|    loss                 | -0.0326       |
|    n_updates            | 1520          |
|    policy_gradient_loss | -0.0227       |
|    std                  | 0.95          |
|    value_loss           | 0.0206        |
-------------------------------------------
-------------------------------------------
| rollout/                |               |
|    ep_len_mean          | 1.44e+03      |
|    ep_rew_mean          | 1.45e+03      |
| time/                   |               |
|    fps                  | 1027          |
|    iterations           | 154           |
|    time_elapsed         | 153           |
|    total_timesteps      | 157696        |
| train/                  |               |
|    approx_kl            | 0.01618746    |
|    clip_fraction        | 0.171         |
|    clip_range           | 0.2           |
|    entropy_loss         | -16.4         |
|    explained_variance   | 0.00020003319 |
|    learning_rate        | 0.0003        |
|    loss                 | -0.0292       |
|    n_updates            | 1530          |
|    policy_gradient_loss | -0.0257       |
|    std                  | 0.948         |
|    value_loss           | 0.00984       |
-------------------------------------------
------------------------------------------
| rollout/                |              |
|    ep_len_mean          | 1.44e+03     |
|    ep_rew_mean          | 1.45e+03     |
| time/                   |              |
|    fps                  | 1028         |
|    iterations           | 155          |
|    time_elapsed         | 154          |
|    total_timesteps      | 158720       |
| train/                  |              |
|    approx_kl            | 0.01354712   |
|    clip_fraction        | 0.158        |
|    clip_range           | 0.2          |
|    entropy_loss         | -16.4        |
|    explained_variance   | 0.0002477169 |
|    learning_rate        | 0.0003       |
|    loss                 | -0.0359      |
|    n_updates            | 1540         |
|    policy_gradient_loss | -0.0246      |
|    std                  | 0.946        |
|    value_loss           | 0.00965      |
------------------------------------------
------------------------------------------
| rollout/                |              |
|    ep_len_mean          | 1.44e+03     |
|    ep_rew_mean          | 1.45e+03     |
| time/                   |              |
|    fps                  | 1028         |
|    iterations           | 156          |
|    time_elapsed         | 155          |
|    total_timesteps      | 159744       |
| train/                  |              |
|    approx_kl            | 0.014454393  |
|    clip_fraction        | 0.176        |
|    clip_range           | 0.2          |
|    entropy_loss         | -16.3        |
|    explained_variance   | 5.197525e-05 |
|    learning_rate        | 0.0003       |
|    loss                 | -0.0366      |
|    n_updates            | 1550         |
|    policy_gradient_loss | -0.0237      |
|    std                  | 0.942        |
|    value_loss           | 0.00612      |
------------------------------------------
--------------------------------------------
| rollout/                |                |
|    ep_len_mean          | 1.44e+03       |
|    ep_rew_mean          | 1.45e+03       |
| time/                   |                |
|    fps                  | 1029           |
|    iterations           | 157            |
|    time_elapsed         | 156            |
|    total_timesteps      | 160768         |
| train/                  |                |
|    approx_kl            | 0.012578578    |
|    clip_fraction        | 0.138          |
|    clip_range           | 0.2            |
|    entropy_loss         | -16.3          |
|    explained_variance   | -2.4437904e-05 |
|    learning_rate        | 0.0003         |
|    loss                 | -0.0347        |
|    n_updates            | 1560           |
|    policy_gradient_loss | -0.0192        |
|    std                  | 0.941          |
|    value_loss           | 0.0088         |
--------------------------------------------
-------------------------------------------
| rollout/                |               |
|    ep_len_mean          | 1.44e+03      |
|    ep_rew_mean          | 1.45e+03      |
| time/                   |               |
|    fps                  | 1029          |
|    iterations           | 158           |
|    time_elapsed         | 157           |
|    total_timesteps      | 161792        |
| train/                  |               |
|    approx_kl            | 0.015527781   |
|    clip_fraction        | 0.192         |
|    clip_range           | 0.2           |
|    entropy_loss         | -16.3         |
|    explained_variance   | 0.00026988983 |
|    learning_rate        | 0.0003        |
|    loss                 | -0.0266       |
|    n_updates            | 1570          |
|    policy_gradient_loss | -0.0276       |
|    std                  | 0.939         |
|    value_loss           | 0.00957       |
-------------------------------------------
-----------------------------------------
| rollout/                |             |
|    ep_len_mean          | 1.44e+03    |
|    ep_rew_mean          | 1.45e+03    |
| time/                   |             |
|    fps                  | 1029        |
|    iterations           | 159         |
|    time_elapsed         | 158         |
|    total_timesteps      | 162816      |
| train/                  |             |
|    approx_kl            | 0.010974602 |
|    clip_fraction        | 0.127       |
|    clip_range           | 0.2         |
|    entropy_loss         | -16.2       |
|    explained_variance   | 6.67572e-05 |
|    learning_rate        | 0.0003      |
|    loss                 | -0.0214     |
|    n_updates            | 1580        |
|    policy_gradient_loss | -0.0175     |
|    std                  | 0.937       |
|    value_loss           | 0.00998     |
-----------------------------------------
-------------------------------------------
| rollout/                |               |
|    ep_len_mean          | 1.44e+03      |
|    ep_rew_mean          | 1.45e+03      |
| time/                   |               |
|    fps                  | 1029          |
|    iterations           | 160           |
|    time_elapsed         | 159           |
|    total_timesteps      | 163840        |
| train/                  |               |
|    approx_kl            | 0.01821856    |
|    clip_fraction        | 0.214         |
|    clip_range           | 0.2           |
|    entropy_loss         | -16.2         |
|    explained_variance   | 1.4901161e-05 |
|    learning_rate        | 0.0003        |
|    loss                 | -0.0502       |
|    n_updates            | 1590          |
|    policy_gradient_loss | -0.0281       |
|    std                  | 0.936         |
|    value_loss           | 0.00949       |
-------------------------------------------
-------------------------------------------
| rollout/                |               |
|    ep_len_mean          | 1.44e+03      |
|    ep_rew_mean          | 1.45e+03      |
| time/                   |               |
|    fps                  | 1029          |
|    iterations           | 161           |
|    time_elapsed         | 160           |
|    total_timesteps      | 164864        |
| train/                  |               |
|    approx_kl            | 0.016219612   |
|    clip_fraction        | 0.189         |
|    clip_range           | 0.2           |
|    entropy_loss         | -16.2         |
|    explained_variance   | 0.00022500753 |
|    learning_rate        | 0.0003        |
|    loss                 | -0.0281       |
|    n_updates            | 1600          |
|    policy_gradient_loss | -0.0233       |
|    std                  | 0.935         |
|    value_loss           | 0.00712       |
-------------------------------------------
-------------------------------------------
| rollout/                |               |
|    ep_len_mean          | 1.44e+03      |
|    ep_rew_mean          | 1.45e+03      |
| time/                   |               |
|    fps                  | 1030          |
|    iterations           | 162           |
|    time_elapsed         | 161           |
|    total_timesteps      | 165888        |
| train/                  |               |
|    approx_kl            | 0.016223827   |
|    clip_fraction        | 0.178         |
|    clip_range           | 0.2           |
|    entropy_loss         | -16.2         |
|    explained_variance   | 0.00022238493 |
|    learning_rate        | 0.0003        |
|    loss                 | -0.0377       |
|    n_updates            | 1610          |
|    policy_gradient_loss | -0.024        |
|    std                  | 0.934         |
|    value_loss           | 0.0111        |
-------------------------------------------
-------------------------------------------
| rollout/                |               |
|    ep_len_mean          | 1.44e+03      |
|    ep_rew_mean          | 1.45e+03      |
| time/                   |               |
|    fps                  | 1030          |
|    iterations           | 163           |
|    time_elapsed         | 162           |
|    total_timesteps      | 166912        |
| train/                  |               |
|    approx_kl            | 0.012949335   |
|    clip_fraction        | 0.148         |
|    clip_range           | 0.2           |
|    entropy_loss         | -16.2         |
|    explained_variance   | 0.00019091368 |
|    learning_rate        | 0.0003        |
|    loss                 | -0.03         |
|    n_updates            | 1620          |
|    policy_gradient_loss | -0.0211       |
|    std                  | 0.934         |
|    value_loss           | 0.0128        |
-------------------------------------------
-----------------------------------------
| rollout/                |             |
|    ep_len_mean          | 1.44e+03    |
|    ep_rew_mean          | 1.45e+03    |
| time/                   |             |
|    fps                  | 1030        |
|    iterations           | 164         |
|    time_elapsed         | 162         |
|    total_timesteps      | 167936      |
| train/                  |             |
|    approx_kl            | 0.015684951 |
|    clip_fraction        | 0.187       |
|    clip_range           | 0.2         |
|    entropy_loss         | -16.2       |
|    explained_variance   | 0.000287354 |
|    learning_rate        | 0.0003      |
|    loss                 | -0.0389     |
|    n_updates            | 1630        |
|    policy_gradient_loss | -0.0248     |
|    std                  | 0.933       |
|    value_loss           | 0.00723     |
-----------------------------------------
------------------------------------------
| rollout/                |              |
|    ep_len_mean          | 1.44e+03     |
|    ep_rew_mean          | 1.45e+03     |
| time/                   |              |
|    fps                  | 1030         |
|    iterations           | 165          |
|    time_elapsed         | 163          |
|    total_timesteps      | 168960       |
| train/                  |              |
|    approx_kl            | 0.01379401   |
|    clip_fraction        | 0.154        |
|    clip_range           | 0.2          |
|    entropy_loss         | -16.2        |
|    explained_variance   | 7.766485e-05 |
|    learning_rate        | 0.0003       |
|    loss                 | -0.0246      |
|    n_updates            | 1640         |
|    policy_gradient_loss | -0.0208      |
|    std                  | 0.932        |
|    value_loss           | 0.0075       |
------------------------------------------
-------------------------------------------
| rollout/                |               |
|    ep_len_mean          | 1.44e+03      |
|    ep_rew_mean          | 1.45e+03      |
| time/                   |               |
|    fps                  | 1030          |
|    iterations           | 166           |
|    time_elapsed         | 164           |
|    total_timesteps      | 169984        |
| train/                  |               |
|    approx_kl            | 0.0144545445  |
|    clip_fraction        | 0.198         |
|    clip_range           | 0.2           |
|    entropy_loss         | -16.1         |
|    explained_variance   | 0.00014477968 |
|    learning_rate        | 0.0003        |
|    loss                 | -0.0345       |
|    n_updates            | 1650          |
|    policy_gradient_loss | -0.0241       |
|    std                  | 0.93          |
|    value_loss           | 0.0059        |
-------------------------------------------
------------------------------------------
| rollout/                |              |
|    ep_len_mean          | 1.44e+03     |
|    ep_rew_mean          | 1.45e+03     |
| time/                   |              |
|    fps                  | 1030         |
|    iterations           | 167          |
|    time_elapsed         | 165          |
|    total_timesteps      | 171008       |
| train/                  |              |
|    approx_kl            | 0.013786541  |
|    clip_fraction        | 0.159        |
|    clip_range           | 0.2          |
|    entropy_loss         | -16.1        |
|    explained_variance   | 0.0003077984 |
|    learning_rate        | 0.0003       |
|    loss                 | -0.0351      |
|    n_updates            | 1660         |
|    policy_gradient_loss | -0.0213      |
|    std                  | 0.929        |
|    value_loss           | 0.00551      |
------------------------------------------
--------------------------------------------
| rollout/                |                |
|    ep_len_mean          | 1.44e+03       |
|    ep_rew_mean          | 1.45e+03       |
| time/                   |                |
|    fps                  | 1031           |
|    iterations           | 168            |
|    time_elapsed         | 166            |
|    total_timesteps      | 172032         |
| train/                  |                |
|    approx_kl            | 0.01336094     |
|    clip_fraction        | 0.141          |
|    clip_range           | 0.2            |
|    entropy_loss         | -16.1          |
|    explained_variance   | 0.000118136406 |
|    learning_rate        | 0.0003         |
|    loss                 | -0.0474        |
|    n_updates            | 1670           |
|    policy_gradient_loss | -0.0236        |
|    std                  | 0.93           |
|    value_loss           | 0.00732        |
--------------------------------------------
-------------------------------------------
| rollout/                |               |
|    ep_len_mean          | 1.44e+03      |
|    ep_rew_mean          | 1.45e+03      |
| time/                   |               |
|    fps                  | 1031          |
|    iterations           | 169           |
|    time_elapsed         | 167           |
|    total_timesteps      | 173056        |
| train/                  |               |
|    approx_kl            | 0.013420295   |
|    clip_fraction        | 0.164         |
|    clip_range           | 0.2           |
|    entropy_loss         | -16.1         |
|    explained_variance   | 0.00029599667 |
|    learning_rate        | 0.0003        |
|    loss                 | -0.0348       |
|    n_updates            | 1680          |
|    policy_gradient_loss | -0.0222       |
|    std                  | 0.927         |
|    value_loss           | 0.00686       |
-------------------------------------------
-------------------------------------------
| rollout/                |               |
|    ep_len_mean          | 1.44e+03      |
|    ep_rew_mean          | 1.45e+03      |
| time/                   |               |
|    fps                  | 1031          |
|    iterations           | 170           |
|    time_elapsed         | 168           |
|    total_timesteps      | 174080        |
| train/                  |               |
|    approx_kl            | 0.012226532   |
|    clip_fraction        | 0.149         |
|    clip_range           | 0.2           |
|    entropy_loss         | -16.1         |
|    explained_variance   | 0.00031143427 |
|    learning_rate        | 0.0003        |
|    loss                 | -0.0185       |
|    n_updates            | 1690          |
|    policy_gradient_loss | -0.023        |
|    std                  | 0.926         |
|    value_loss           | 0.0115        |
-------------------------------------------
------------------------------------------
| rollout/                |              |
|    ep_len_mean          | 1.44e+03     |
|    ep_rew_mean          | 1.45e+03     |
| time/                   |              |
|    fps                  | 1032         |
|    iterations           | 171          |
|    time_elapsed         | 169          |
|    total_timesteps      | 175104       |
| train/                  |              |
|    approx_kl            | 0.013730075  |
|    clip_fraction        | 0.163        |
|    clip_range           | 0.2          |
|    entropy_loss         | -16.1        |
|    explained_variance   | 0.0005046129 |
|    learning_rate        | 0.0003       |
|    loss                 | -0.0391      |
|    n_updates            | 1700         |
|    policy_gradient_loss | -0.0212      |
|    std                  | 0.926        |
|    value_loss           | 0.00719      |
------------------------------------------
-------------------------------------------
| rollout/                |               |
|    ep_len_mean          | 1.44e+03      |
|    ep_rew_mean          | 1.46e+03      |
| time/                   |               |
|    fps                  | 1032          |
|    iterations           | 172           |
|    time_elapsed         | 170           |
|    total_timesteps      | 176128        |
| train/                  |               |
|    approx_kl            | 0.014051649   |
|    clip_fraction        | 0.164         |
|    clip_range           | 0.2           |
|    entropy_loss         | -16.1         |
|    explained_variance   | 0.00030750036 |
|    learning_rate        | 0.0003        |
|    loss                 | -0.031        |
|    n_updates            | 1710          |
|    policy_gradient_loss | -0.0192       |
|    std                  | 0.925         |
|    value_loss           | 0.00927       |
-------------------------------------------
-------------------------------------------
| rollout/                |               |
|    ep_len_mean          | 1.44e+03      |
|    ep_rew_mean          | 1.46e+03      |
| time/                   |               |
|    fps                  | 1032          |
|    iterations           | 173           |
|    time_elapsed         | 171           |
|    total_timesteps      | 177152        |
| train/                  |               |
|    approx_kl            | 0.011365419   |
|    clip_fraction        | 0.123         |
|    clip_range           | 0.2           |
|    entropy_loss         | -16.1         |
|    explained_variance   | 0.00025498867 |
|    learning_rate        | 0.0003        |
|    loss                 | -0.0177       |
|    n_updates            | 1720          |
|    policy_gradient_loss | -0.0182       |
|    std                  | 0.923         |
|    value_loss           | 0.0135        |
-------------------------------------------
-------------------------------------------
| rollout/                |               |
|    ep_len_mean          | 1.44e+03      |
|    ep_rew_mean          | 1.46e+03      |
| time/                   |               |
|    fps                  | 1033          |
|    iterations           | 174           |
|    time_elapsed         | 172           |
|    total_timesteps      | 178176        |
| train/                  |               |
|    approx_kl            | 0.0115721775  |
|    clip_fraction        | 0.143         |
|    clip_range           | 0.2           |
|    entropy_loss         | -16           |
|    explained_variance   | 0.00012677908 |
|    learning_rate        | 0.0003        |
|    loss                 | -0.0373       |
|    n_updates            | 1730          |
|    policy_gradient_loss | -0.0212       |
|    std                  | 0.923         |
|    value_loss           | 0.0116        |
-------------------------------------------
-------------------------------------------
| rollout/                |               |
|    ep_len_mean          | 1.44e+03      |
|    ep_rew_mean          | 1.46e+03      |
| time/                   |               |
|    fps                  | 1033          |
|    iterations           | 175           |
|    time_elapsed         | 173           |
|    total_timesteps      | 179200        |
| train/                  |               |
|    approx_kl            | 0.015498487   |
|    clip_fraction        | 0.169         |
|    clip_range           | 0.2           |
|    entropy_loss         | -16           |
|    explained_variance   | 0.00048041344 |
|    learning_rate        | 0.0003        |
|    loss                 | -0.00585      |
|    n_updates            | 1740          |
|    policy_gradient_loss | -0.0233       |
|    std                  | 0.922         |
|    value_loss           | 0.00831       |
-------------------------------------------
-------------------------------------------
| rollout/                |               |
|    ep_len_mean          | 1.44e+03      |
|    ep_rew_mean          | 1.46e+03      |
| time/                   |               |
|    fps                  | 1033          |
|    iterations           | 176           |
|    time_elapsed         | 174           |
|    total_timesteps      | 180224        |
| train/                  |               |
|    approx_kl            | 0.014029881   |
|    clip_fraction        | 0.159         |
|    clip_range           | 0.2           |
|    entropy_loss         | -16           |
|    explained_variance   | 2.1278858e-05 |
|    learning_rate        | 0.0003        |
|    loss                 | -0.0366       |
|    n_updates            | 1750          |
|    policy_gradient_loss | -0.0215       |
|    std                  | 0.921         |
|    value_loss           | 0.0138        |
-------------------------------------------
-------------------------------------------
| rollout/                |               |
|    ep_len_mean          | 1.44e+03      |
|    ep_rew_mean          | 1.46e+03      |
| time/                   |               |
|    fps                  | 1033          |
|    iterations           | 177           |
|    time_elapsed         | 175           |
|    total_timesteps      | 181248        |
| train/                  |               |
|    approx_kl            | 0.01394394    |
|    clip_fraction        | 0.178         |
|    clip_range           | 0.2           |
|    entropy_loss         | -16           |
|    explained_variance   | 0.00027430058 |
|    learning_rate        | 0.0003        |
|    loss                 | -0.0488       |
|    n_updates            | 1760          |
|    policy_gradient_loss | -0.0218       |
|    std                  | 0.919         |
|    value_loss           | 0.00992       |
-------------------------------------------
-------------------------------------------
| rollout/                |               |
|    ep_len_mean          | 1.44e+03      |
|    ep_rew_mean          | 1.46e+03      |
| time/                   |               |
|    fps                  | 1034          |
|    iterations           | 178           |
|    time_elapsed         | 176           |
|    total_timesteps      | 182272        |
| train/                  |               |
|    approx_kl            | 0.01688357    |
|    clip_fraction        | 0.201         |
|    clip_range           | 0.2           |
|    entropy_loss         | -16           |
|    explained_variance   | 0.00030976534 |
|    learning_rate        | 0.0003        |
|    loss                 | -0.0354       |
|    n_updates            | 1770          |
|    policy_gradient_loss | -0.0295       |
|    std                  | 0.917         |
|    value_loss           | 0.00465       |
-------------------------------------------
-------------------------------------------
| rollout/                |               |
|    ep_len_mean          | 1.44e+03      |
|    ep_rew_mean          | 1.46e+03      |
| time/                   |               |
|    fps                  | 1034          |
|    iterations           | 179           |
|    time_elapsed         | 177           |
|    total_timesteps      | 183296        |
| train/                  |               |
|    approx_kl            | 0.016454278   |
|    clip_fraction        | 0.203         |
|    clip_range           | 0.2           |
|    entropy_loss         | -15.9         |
|    explained_variance   | 4.8995018e-05 |
|    learning_rate        | 0.0003        |
|    loss                 | -0.0263       |
|    n_updates            | 1780          |
|    policy_gradient_loss | -0.0249       |
|    std                  | 0.915         |
|    value_loss           | 0.0075        |
-------------------------------------------
-------------------------------------------
| rollout/                |               |
|    ep_len_mean          | 1.44e+03      |
|    ep_rew_mean          | 1.46e+03      |
| time/                   |               |
|    fps                  | 1034          |
|    iterations           | 180           |
|    time_elapsed         | 178           |
|    total_timesteps      | 184320        |
| train/                  |               |
|    approx_kl            | 0.013617544   |
|    clip_fraction        | 0.163         |
|    clip_range           | 0.2           |
|    entropy_loss         | -15.9         |
|    explained_variance   | 0.00040733814 |
|    learning_rate        | 0.0003        |
|    loss                 | -0.0329       |
|    n_updates            | 1790          |
|    policy_gradient_loss | -0.0239       |
|    std                  | 0.913         |
|    value_loss           | 0.00501       |
-------------------------------------------
-------------------------------------------
| rollout/                |               |
|    ep_len_mean          | 1.44e+03      |
|    ep_rew_mean          | 1.46e+03      |
| time/                   |               |
|    fps                  | 1034          |
|    iterations           | 181           |
|    time_elapsed         | 179           |
|    total_timesteps      | 185344        |
| train/                  |               |
|    approx_kl            | 0.013236374   |
|    clip_fraction        | 0.167         |
|    clip_range           | 0.2           |
|    entropy_loss         | -15.9         |
|    explained_variance   | 0.00018495321 |
|    learning_rate        | 0.0003        |
|    loss                 | -0.0258       |
|    n_updates            | 1800          |
|    policy_gradient_loss | -0.0234       |
|    std                  | 0.913         |
|    value_loss           | 0.00928       |
-------------------------------------------
-------------------------------------------
| rollout/                |               |
|    ep_len_mean          | 1.44e+03      |
|    ep_rew_mean          | 1.46e+03      |
| time/                   |               |
|    fps                  | 1035          |
|    iterations           | 182           |
|    time_elapsed         | 180           |
|    total_timesteps      | 186368        |
| train/                  |               |
|    approx_kl            | 0.015117498   |
|    clip_fraction        | 0.171         |
|    clip_range           | 0.2           |
|    entropy_loss         | -15.9         |
|    explained_variance   | 0.00013935566 |
|    learning_rate        | 0.0003        |
|    loss                 | -0.0283       |
|    n_updates            | 1810          |
|    policy_gradient_loss | -0.024        |
|    std                  | 0.912         |
|    value_loss           | 0.0101        |
-------------------------------------------
-------------------------------------------
| rollout/                |               |
|    ep_len_mean          | 1.44e+03      |
|    ep_rew_mean          | 1.46e+03      |
| time/                   |               |
|    fps                  | 1034          |
|    iterations           | 183           |
|    time_elapsed         | 181           |
|    total_timesteps      | 187392        |
| train/                  |               |
|    approx_kl            | 0.014691157   |
|    clip_fraction        | 0.163         |
|    clip_range           | 0.2           |
|    entropy_loss         | -15.9         |
|    explained_variance   | 0.00016516447 |
|    learning_rate        | 0.0003        |
|    loss                 | -0.0267       |
|    n_updates            | 1820          |
|    policy_gradient_loss | -0.0254       |
|    std                  | 0.911         |
|    value_loss           | 0.0199        |
-------------------------------------------
------------------------------------------
| rollout/                |              |
|    ep_len_mean          | 1.44e+03     |
|    ep_rew_mean          | 1.46e+03     |
| time/                   |              |
|    fps                  | 1035         |
|    iterations           | 184          |
|    time_elapsed         | 182          |
|    total_timesteps      | 188416       |
| train/                  |              |
|    approx_kl            | 0.01473705   |
|    clip_fraction        | 0.171        |
|    clip_range           | 0.2          |
|    entropy_loss         | -15.9        |
|    explained_variance   | 0.0002706051 |
|    learning_rate        | 0.0003       |
|    loss                 | -0.0422      |
|    n_updates            | 1830         |
|    policy_gradient_loss | -0.0246      |
|    std                  | 0.908        |
|    value_loss           | 0.00542      |
------------------------------------------
-------------------------------------------
| rollout/                |               |
|    ep_len_mean          | 1.44e+03      |
|    ep_rew_mean          | 1.46e+03      |
| time/                   |               |
|    fps                  | 1035          |
|    iterations           | 185           |
|    time_elapsed         | 182           |
|    total_timesteps      | 189440        |
| train/                  |               |
|    approx_kl            | 0.011960404   |
|    clip_fraction        | 0.16          |
|    clip_range           | 0.2           |
|    entropy_loss         | -15.8         |
|    explained_variance   | 0.00027382374 |
|    learning_rate        | 0.0003        |
|    loss                 | -0.0419       |
|    n_updates            | 1840          |
|    policy_gradient_loss | -0.0225       |
|    std                  | 0.908         |
|    value_loss           | 0.00695       |
-------------------------------------------
-------------------------------------------
| rollout/                |               |
|    ep_len_mean          | 1.44e+03      |
|    ep_rew_mean          | 1.46e+03      |
| time/                   |               |
|    fps                  | 1035          |
|    iterations           | 186           |
|    time_elapsed         | 183           |
|    total_timesteps      | 190464        |
| train/                  |               |
|    approx_kl            | 0.013852801   |
|    clip_fraction        | 0.153         |
|    clip_range           | 0.2           |
|    entropy_loss         | -15.8         |
|    explained_variance   | 0.00026649237 |
|    learning_rate        | 0.0003        |
|    loss                 | -0.0221       |
|    n_updates            | 1850          |
|    policy_gradient_loss | -0.0223       |
|    std                  | 0.906         |
|    value_loss           | 0.00693       |
-------------------------------------------
-------------------------------------------
| rollout/                |               |
|    ep_len_mean          | 1.44e+03      |
|    ep_rew_mean          | 1.46e+03      |
| time/                   |               |
|    fps                  | 1035          |
|    iterations           | 187           |
|    time_elapsed         | 184           |
|    total_timesteps      | 191488        |
| train/                  |               |
|    approx_kl            | 0.01462191    |
|    clip_fraction        | 0.151         |
|    clip_range           | 0.2           |
|    entropy_loss         | -15.8         |
|    explained_variance   | 0.00024569035 |
|    learning_rate        | 0.0003        |
|    loss                 | -0.0167       |
|    n_updates            | 1860          |
|    policy_gradient_loss | -0.0204       |
|    std                  | 0.904         |
|    value_loss           | 0.0082        |
-------------------------------------------
------------------------------------------
| rollout/                |              |
|    ep_len_mean          | 1.44e+03     |
|    ep_rew_mean          | 1.46e+03     |
| time/                   |              |
|    fps                  | 1035         |
|    iterations           | 188          |
|    time_elapsed         | 185          |
|    total_timesteps      | 192512       |
| train/                  |              |
|    approx_kl            | 0.016569562  |
|    clip_fraction        | 0.199        |
|    clip_range           | 0.2          |
|    entropy_loss         | -15.8        |
|    explained_variance   | 0.0003746748 |
|    learning_rate        | 0.0003       |
|    loss                 | -0.0378      |
|    n_updates            | 1870         |
|    policy_gradient_loss | -0.028       |
|    std                  | 0.903        |
|    value_loss           | 0.00601      |
------------------------------------------
-------------------------------------------
| rollout/                |               |
|    ep_len_mean          | 1.44e+03      |
|    ep_rew_mean          | 1.46e+03      |
| time/                   |               |
|    fps                  | 1035          |
|    iterations           | 189           |
|    time_elapsed         | 186           |
|    total_timesteps      | 193536        |
| train/                  |               |
|    approx_kl            | 0.019774547   |
|    clip_fraction        | 0.21          |
|    clip_range           | 0.2           |
|    entropy_loss         | -15.8         |
|    explained_variance   | 0.00026124716 |
|    learning_rate        | 0.0003        |
|    loss                 | -0.0399       |
|    n_updates            | 1880          |
|    policy_gradient_loss | -0.0255       |
|    std                  | 0.9           |
|    value_loss           | 0.00846       |
-------------------------------------------
-------------------------------------------
| rollout/                |               |
|    ep_len_mean          | 1.44e+03      |
|    ep_rew_mean          | 1.46e+03      |
| time/                   |               |
|    fps                  | 1035          |
|    iterations           | 190           |
|    time_elapsed         | 187           |
|    total_timesteps      | 194560        |
| train/                  |               |
|    approx_kl            | 0.015595482   |
|    clip_fraction        | 0.208         |
|    clip_range           | 0.2           |
|    entropy_loss         | -15.7         |
|    explained_variance   | 0.00019437075 |
|    learning_rate        | 0.0003        |
|    loss                 | -0.0421       |
|    n_updates            | 1890          |
|    policy_gradient_loss | -0.0247       |
|    std                  | 0.9           |
|    value_loss           | 0.00562       |
-------------------------------------------
-------------------------------------------
| rollout/                |               |
|    ep_len_mean          | 1.44e+03      |
|    ep_rew_mean          | 1.46e+03      |
| time/                   |               |
|    fps                  | 1035          |
|    iterations           | 191           |
|    time_elapsed         | 188           |
|    total_timesteps      | 195584        |
| train/                  |               |
|    approx_kl            | 0.014228076   |
|    clip_fraction        | 0.157         |
|    clip_range           | 0.2           |
|    entropy_loss         | -15.7         |
|    explained_variance   | 0.00023174286 |
|    learning_rate        | 0.0003        |
|    loss                 | -0.0333       |
|    n_updates            | 1900          |
|    policy_gradient_loss | -0.0222       |
|    std                  | 0.899         |
|    value_loss           | 0.0051        |
-------------------------------------------
-------------------------------------------
| rollout/                |               |
|    ep_len_mean          | 1.44e+03      |
|    ep_rew_mean          | 1.46e+03      |
| time/                   |               |
|    fps                  | 1035          |
|    iterations           | 192           |
|    time_elapsed         | 189           |
|    total_timesteps      | 196608        |
| train/                  |               |
|    approx_kl            | 0.015278116   |
|    clip_fraction        | 0.169         |
|    clip_range           | 0.2           |
|    entropy_loss         | -15.7         |
|    explained_variance   | 0.00024437904 |
|    learning_rate        | 0.0003        |
|    loss                 | -0.025        |
|    n_updates            | 1910          |
|    policy_gradient_loss | -0.0255       |
|    std                  | 0.9           |
|    value_loss           | 0.00826       |
-------------------------------------------
------------------------------------------
| rollout/                |              |
|    ep_len_mean          | 1.44e+03     |
|    ep_rew_mean          | 1.46e+03     |
| time/                   |              |
|    fps                  | 1036         |
|    iterations           | 193          |
|    time_elapsed         | 190          |
|    total_timesteps      | 197632       |
| train/                  |              |
|    approx_kl            | 0.012221984  |
|    clip_fraction        | 0.129        |
|    clip_range           | 0.2          |
|    entropy_loss         | -15.7        |
|    explained_variance   | 0.0004554987 |
|    learning_rate        | 0.0003       |
|    loss                 | -0.0248      |
|    n_updates            | 1920         |
|    policy_gradient_loss | -0.02        |
|    std                  | 0.898        |
|    value_loss           | 0.00562      |
------------------------------------------
-------------------------------------------
| rollout/                |               |
|    ep_len_mean          | 1.44e+03      |
|    ep_rew_mean          | 1.46e+03      |
| time/                   |               |
|    fps                  | 1036          |
|    iterations           | 194           |
|    time_elapsed         | 191           |
|    total_timesteps      | 198656        |
| train/                  |               |
|    approx_kl            | 0.015912212   |
|    clip_fraction        | 0.174         |
|    clip_range           | 0.2           |
|    entropy_loss         | -15.7         |
|    explained_variance   | 9.7215176e-05 |
|    learning_rate        | 0.0003        |
|    loss                 | -0.0241       |
|    n_updates            | 1930          |
|    policy_gradient_loss | -0.0231       |
|    std                  | 0.896         |
|    value_loss           | 0.0261        |
-------------------------------------------
-------------------------------------------
| rollout/                |               |
|    ep_len_mean          | 1.44e+03      |
|    ep_rew_mean          | 1.46e+03      |
| time/                   |               |
|    fps                  | 1036          |
|    iterations           | 195           |
|    time_elapsed         | 192           |
|    total_timesteps      | 199680        |
| train/                  |               |
|    approx_kl            | 0.015156267   |
|    clip_fraction        | 0.163         |
|    clip_range           | 0.2           |
|    entropy_loss         | -15.7         |
|    explained_variance   | 9.7453594e-05 |
|    learning_rate        | 0.0003        |
|    loss                 | -0.0413       |
|    n_updates            | 1940          |
|    policy_gradient_loss | -0.0195       |
|    std                  | 0.896         |
|    value_loss           | 0.00644       |
-------------------------------------------
------------------------------------------
| rollout/                |              |
|    ep_len_mean          | 1.44e+03     |
|    ep_rew_mean          | 1.46e+03     |
| time/                   |              |
|    fps                  | 1036         |
|    iterations           | 196          |
|    time_elapsed         | 193          |
|    total_timesteps      | 200704       |
| train/                  |              |
|    approx_kl            | 0.016312724  |
|    clip_fraction        | 0.187        |
|    clip_range           | 0.2          |
|    entropy_loss         | -15.7        |
|    explained_variance   | 0.0005031824 |
|    learning_rate        | 0.0003       |
|    loss                 | -0.024       |
|    n_updates            | 1950         |
|    policy_gradient_loss | -0.0267      |
|    std                  | 0.895        |
|    value_loss           | 0.00922      |
------------------------------------------
Política MuJoCo guardada en Experimentos/campana_distribuida_step_s23_20260928/mujoco/step_semilla_23/policy.zip
/home/juli/.config/matplotlib is not a writable directory
Matplotlib created a temporary cache directory at /tmp/matplotlib-gqid55jh because there was an issue with the default path (/home/juli/.config/matplotlib); it is highly recommended to set the MPLCONFIGDIR environment variable to a writable directory, in particular to speed up the import of Matplotlib and to better support multiprocessing.
/home/juli/unitree_ros2/nova-spot-micro-tesis/.venv-mujoco/lib/python3.10/site-packages/torch/cuda/__init__.py:619: UserWarning: Can't initialize NVML
  warnings.warn("Can't initialize NVML")
Evaluación MuJoCo escrita: 2 filas
