Using cuda device
Wrapping the env with a `Monitor` wrapper
Wrapping the env in a DummyVecEnv.
-----------------------------
| time/              |      |
|    fps             | 689  |
|    iterations      | 1    |
|    time_elapsed    | 1    |
|    total_timesteps | 1024 |
-----------------------------
------------------------------------------
| rollout/                |              |
|    ep_len_mean          | 1.44e+03     |
|    ep_rew_mean          | 1.45e+03     |
| time/                   |              |
|    fps                  | 621          |
|    iterations           | 2            |
|    time_elapsed         | 3            |
|    total_timesteps      | 2048         |
| train/                  |              |
|    approx_kl            | 0.017302683  |
|    clip_fraction        | 0.195        |
|    clip_range           | 0.2          |
|    entropy_loss         | -17          |
|    explained_variance   | -0.042512655 |
|    learning_rate        | 0.0003       |
|    loss                 | 98           |
|    n_updates            | 10           |
|    policy_gradient_loss | -0.00913     |
|    std                  | 1            |
|    value_loss           | 234          |
------------------------------------------
-----------------------------------------
| rollout/                |             |
|    ep_len_mean          | 1.44e+03    |
|    ep_rew_mean          | 1.44e+03    |
| time/                   |             |
|    fps                  | 628         |
|    iterations           | 3           |
|    time_elapsed         | 4           |
|    total_timesteps      | 3072        |
| train/                  |             |
|    approx_kl            | 0.011300411 |
|    clip_fraction        | 0.157       |
|    clip_range           | 0.2         |
|    entropy_loss         | -17         |
|    explained_variance   | -0.03720045 |
|    learning_rate        | 0.0003      |
|    loss                 | 92.6        |
|    n_updates            | 20          |
|    policy_gradient_loss | -0.0106     |
|    std                  | 1           |
|    value_loss           | 217         |
-----------------------------------------
-----------------------------------------
| rollout/                |             |
|    ep_len_mean          | 1.44e+03    |
|    ep_rew_mean          | 1.44e+03    |
| time/                   |             |
|    fps                  | 631         |
|    iterations           | 4           |
|    time_elapsed         | 6           |
|    total_timesteps      | 4096        |
| train/                  |             |
|    approx_kl            | 0.015968226 |
|    clip_fraction        | 0.163       |
|    clip_range           | 0.2         |
|    entropy_loss         | -17.1       |
|    explained_variance   | -0.01667571 |
|    learning_rate        | 0.0003      |
|    loss                 | 93.6        |
|    n_updates            | 30          |
|    policy_gradient_loss | -0.0111     |
|    std                  | 1           |
|    value_loss           | 215         |
-----------------------------------------
------------------------------------------
| rollout/                |              |
|    ep_len_mean          | 1.44e+03     |
|    ep_rew_mean          | 1.44e+03     |
| time/                   |              |
|    fps                  | 632          |
|    iterations           | 5            |
|    time_elapsed         | 8            |
|    total_timesteps      | 5120         |
| train/                  |              |
|    approx_kl            | 0.021690903  |
|    clip_fraction        | 0.206        |
|    clip_range           | 0.2          |
|    entropy_loss         | -17.1        |
|    explained_variance   | -0.017026544 |
|    learning_rate        | 0.0003       |
|    loss                 | 101          |
|    n_updates            | 40           |
|    policy_gradient_loss | -0.0114      |
|    std                  | 1            |
|    value_loss           | 220          |
------------------------------------------
------------------------------------------
| rollout/                |              |
|    ep_len_mean          | 1.44e+03     |
|    ep_rew_mean          | 1.44e+03     |
| time/                   |              |
|    fps                  | 640          |
|    iterations           | 6            |
|    time_elapsed         | 9            |
|    total_timesteps      | 6144         |
| train/                  |              |
|    approx_kl            | 0.013780661  |
|    clip_fraction        | 0.165        |
|    clip_range           | 0.2          |
|    entropy_loss         | -17.1        |
|    explained_variance   | -0.004422307 |
|    learning_rate        | 0.0003       |
|    loss                 | 97.1         |
|    n_updates            | 50           |
|    policy_gradient_loss | -0.0104      |
|    std                  | 1.01         |
|    value_loss           | 211          |
------------------------------------------
-------------------------------------------
| rollout/                |               |
|    ep_len_mean          | 1.44e+03      |
|    ep_rew_mean          | 1.44e+03      |
| time/                   |               |
|    fps                  | 647           |
|    iterations           | 7             |
|    time_elapsed         | 11            |
|    total_timesteps      | 7168          |
| train/                  |               |
|    approx_kl            | 0.014699337   |
|    clip_fraction        | 0.186         |
|    clip_range           | 0.2           |
|    entropy_loss         | -17.1         |
|    explained_variance   | -0.0050730705 |
|    learning_rate        | 0.0003        |
|    loss                 | 96.3          |
|    n_updates            | 60            |
|    policy_gradient_loss | -0.0125       |
|    std                  | 1.01          |
|    value_loss           | 208           |
-------------------------------------------
-------------------------------------------
| rollout/                |               |
|    ep_len_mean          | 1.44e+03      |
|    ep_rew_mean          | 1.44e+03      |
| time/                   |               |
|    fps                  | 652           |
|    iterations           | 8             |
|    time_elapsed         | 12            |
|    total_timesteps      | 8192          |
| train/                  |               |
|    approx_kl            | 0.013209649   |
|    clip_fraction        | 0.162         |
|    clip_range           | 0.2           |
|    entropy_loss         | -17.1         |
|    explained_variance   | -0.0021535158 |
|    learning_rate        | 0.0003        |
|    loss                 | 99.1          |
|    n_updates            | 70            |
|    policy_gradient_loss | -0.011        |
|    std                  | 1             |
|    value_loss           | 210           |
-------------------------------------------
-------------------------------------------
| rollout/                |               |
|    ep_len_mean          | 1.44e+03      |
|    ep_rew_mean          | 1.44e+03      |
| time/                   |               |
|    fps                  | 655           |
|    iterations           | 9             |
|    time_elapsed         | 14            |
|    total_timesteps      | 9216          |
| train/                  |               |
|    approx_kl            | 0.014977451   |
|    clip_fraction        | 0.197         |
|    clip_range           | 0.2           |
|    entropy_loss         | -17.1         |
|    explained_variance   | -0.0014910698 |
|    learning_rate        | 0.0003        |
|    loss                 | 94.5          |
|    n_updates            | 80            |
|    policy_gradient_loss | -0.0149       |
|    std                  | 1.01          |
|    value_loss           | 202           |
-------------------------------------------
------------------------------------------
| rollout/                |              |
|    ep_len_mean          | 1.44e+03     |
|    ep_rew_mean          | 1.44e+03     |
| time/                   |              |
|    fps                  | 659          |
|    iterations           | 10           |
|    time_elapsed         | 15           |
|    total_timesteps      | 10240        |
| train/                  |              |
|    approx_kl            | 0.0091668945 |
|    clip_fraction        | 0.128        |
|    clip_range           | 0.2          |
|    entropy_loss         | -17.1        |
|    explained_variance   | 0.0004583001 |
|    learning_rate        | 0.0003       |
|    loss                 | 92.1         |
|    n_updates            | 90           |
|    policy_gradient_loss | -0.00934     |
|    std                  | 1.01         |
|    value_loss           | 197          |
------------------------------------------
-------------------------------------------
| rollout/                |               |
|    ep_len_mean          | 1.44e+03      |
|    ep_rew_mean          | 1.44e+03      |
| time/                   |               |
|    fps                  | 661           |
|    iterations           | 11            |
|    time_elapsed         | 17            |
|    total_timesteps      | 11264         |
| train/                  |               |
|    approx_kl            | 0.011112015   |
|    clip_fraction        | 0.159         |
|    clip_range           | 0.2           |
|    entropy_loss         | -17.1         |
|    explained_variance   | -0.0028971434 |
|    learning_rate        | 0.0003        |
|    loss                 | 90.7          |
|    n_updates            | 100           |
|    policy_gradient_loss | -0.012        |
|    std                  | 1.01          |
|    value_loss           | 193           |
-------------------------------------------
--------------------------------------------
| rollout/                |                |
|    ep_len_mean          | 1.44e+03       |
|    ep_rew_mean          | 1.44e+03       |
| time/                   |                |
|    fps                  | 663            |
|    iterations           | 12             |
|    time_elapsed         | 18             |
|    total_timesteps      | 12288          |
| train/                  |                |
|    approx_kl            | 0.010481233    |
|    clip_fraction        | 0.0984         |
|    clip_range           | 0.2            |
|    entropy_loss         | -17.1          |
|    explained_variance   | -0.00016617775 |
|    learning_rate        | 0.0003         |
|    loss                 | 92.4           |
|    n_updates            | 110            |
|    policy_gradient_loss | -0.00827       |
|    std                  | 1.01           |
|    value_loss           | 195            |
--------------------------------------------
-------------------------------------------
| rollout/                |               |
|    ep_len_mean          | 1.44e+03      |
|    ep_rew_mean          | 1.44e+03      |
| time/                   |               |
|    fps                  | 665           |
|    iterations           | 13            |
|    time_elapsed         | 20            |
|    total_timesteps      | 13312         |
| train/                  |               |
|    approx_kl            | 0.00981704    |
|    clip_fraction        | 0.161         |
|    clip_range           | 0.2           |
|    entropy_loss         | -17.1         |
|    explained_variance   | -0.0013074875 |
|    learning_rate        | 0.0003        |
|    loss                 | 86.9          |
|    n_updates            | 120           |
|    policy_gradient_loss | -0.0125       |
|    std                  | 1.01          |
|    value_loss           | 186           |
-------------------------------------------
--------------------------------------------
| rollout/                |                |
|    ep_len_mean          | 1.44e+03       |
|    ep_rew_mean          | 1.44e+03       |
| time/                   |                |
|    fps                  | 666            |
|    iterations           | 14             |
|    time_elapsed         | 21             |
|    total_timesteps      | 14336          |
| train/                  |                |
|    approx_kl            | 0.017830715    |
|    clip_fraction        | 0.203          |
|    clip_range           | 0.2            |
|    entropy_loss         | -17.1          |
|    explained_variance   | -0.00077295303 |
|    learning_rate        | 0.0003         |
|    loss                 | 84             |
|    n_updates            | 130            |
|    policy_gradient_loss | -0.0141        |
|    std                  | 1.01           |
|    value_loss           | 182            |
--------------------------------------------
-------------------------------------------
| rollout/                |               |
|    ep_len_mean          | 1.44e+03      |
|    ep_rew_mean          | 1.44e+03      |
| time/                   |               |
|    fps                  | 667           |
|    iterations           | 15            |
|    time_elapsed         | 22            |
|    total_timesteps      | 15360         |
| train/                  |               |
|    approx_kl            | 0.013676672   |
|    clip_fraction        | 0.198         |
|    clip_range           | 0.2           |
|    entropy_loss         | -17.2         |
|    explained_variance   | -0.0018075705 |
|    learning_rate        | 0.0003        |
|    loss                 | 87.4          |
|    n_updates            | 140           |
|    policy_gradient_loss | -0.0114       |
|    std                  | 1.01          |
|    value_loss           | 183           |
-------------------------------------------
--------------------------------------------
| rollout/                |                |
|    ep_len_mean          | 1.44e+03       |
|    ep_rew_mean          | 1.44e+03       |
| time/                   |                |
|    fps                  | 669            |
|    iterations           | 16             |
|    time_elapsed         | 24             |
|    total_timesteps      | 16384          |
| train/                  |                |
|    approx_kl            | 0.012047213    |
|    clip_fraction        | 0.162          |
|    clip_range           | 0.2            |
|    entropy_loss         | -17.2          |
|    explained_variance   | -0.00015044212 |
|    learning_rate        | 0.0003         |
|    loss                 | 82.2           |
|    n_updates            | 150            |
|    policy_gradient_loss | -0.0122        |
|    std                  | 1.01           |
|    value_loss           | 175            |
--------------------------------------------
-------------------------------------------
| rollout/                |               |
|    ep_len_mean          | 1.44e+03      |
|    ep_rew_mean          | 1.44e+03      |
| time/                   |               |
|    fps                  | 670           |
|    iterations           | 17            |
|    time_elapsed         | 25            |
|    total_timesteps      | 17408         |
| train/                  |               |
|    approx_kl            | 0.017351948   |
|    clip_fraction        | 0.186         |
|    clip_range           | 0.2           |
|    entropy_loss         | -17.2         |
|    explained_variance   | -0.0005065203 |
|    learning_rate        | 0.0003        |
|    loss                 | 81.8          |
|    n_updates            | 160           |
|    policy_gradient_loss | -0.0132       |
|    std                  | 1.01          |
|    value_loss           | 171           |
-------------------------------------------
-------------------------------------------
| rollout/                |               |
|    ep_len_mean          | 1.44e+03      |
|    ep_rew_mean          | 1.44e+03      |
| time/                   |               |
|    fps                  | 671           |
|    iterations           | 18            |
|    time_elapsed         | 27            |
|    total_timesteps      | 18432         |
| train/                  |               |
|    approx_kl            | 0.008588369   |
|    clip_fraction        | 0.135         |
|    clip_range           | 0.2           |
|    entropy_loss         | -17.2         |
|    explained_variance   | 5.8472157e-05 |
|    learning_rate        | 0.0003        |
|    loss                 | 79.7          |
|    n_updates            | 170           |
|    policy_gradient_loss | -0.0122       |
|    std                  | 1.01          |
|    value_loss           | 168           |
-------------------------------------------
-------------------------------------------
| rollout/                |               |
|    ep_len_mean          | 1.44e+03      |
|    ep_rew_mean          | 1.44e+03      |
| time/                   |               |
|    fps                  | 672           |
|    iterations           | 19            |
|    time_elapsed         | 28            |
|    total_timesteps      | 19456         |
| train/                  |               |
|    approx_kl            | 0.010581117   |
|    clip_fraction        | 0.129         |
|    clip_range           | 0.2           |
|    entropy_loss         | -17.2         |
|    explained_variance   | -0.0012947321 |
|    learning_rate        | 0.0003        |
|    loss                 | 79.3          |
|    n_updates            | 180           |
|    policy_gradient_loss | -0.00962      |
|    std                  | 1.01          |
|    value_loss           | 169           |
-------------------------------------------
--------------------------------------------
| rollout/                |                |
|    ep_len_mean          | 1.44e+03       |
|    ep_rew_mean          | 1.44e+03       |
| time/                   |                |
|    fps                  | 672            |
|    iterations           | 20             |
|    time_elapsed         | 30             |
|    total_timesteps      | 20480          |
| train/                  |                |
|    approx_kl            | 0.015085591    |
|    clip_fraction        | 0.167          |
|    clip_range           | 0.2            |
|    entropy_loss         | -17.2          |
|    explained_variance   | -0.00022006035 |
|    learning_rate        | 0.0003         |
|    loss                 | 75.8           |
|    n_updates            | 190            |
|    policy_gradient_loss | -0.0126        |
|    std                  | 1.01           |
|    value_loss           | 162            |
--------------------------------------------
--------------------------------------------
| rollout/                |                |
|    ep_len_mean          | 1.44e+03       |
|    ep_rew_mean          | 1.44e+03       |
| time/                   |                |
|    fps                  | 671            |
|    iterations           | 21             |
|    time_elapsed         | 32             |
|    total_timesteps      | 21504          |
| train/                  |                |
|    approx_kl            | 0.012538411    |
|    clip_fraction        | 0.191          |
|    clip_range           | 0.2            |
|    entropy_loss         | -17.2          |
|    explained_variance   | -0.00033855438 |
|    learning_rate        | 0.0003         |
|    loss                 | 74.8           |
|    n_updates            | 200            |
|    policy_gradient_loss | -0.0156        |
|    std                  | 1.01           |
|    value_loss           | 158            |
--------------------------------------------
--------------------------------------------
| rollout/                |                |
|    ep_len_mean          | 1.44e+03       |
|    ep_rew_mean          | 1.44e+03       |
| time/                   |                |
|    fps                  | 672            |
|    iterations           | 22             |
|    time_elapsed         | 33             |
|    total_timesteps      | 22528          |
| train/                  |                |
|    approx_kl            | 0.011301264    |
|    clip_fraction        | 0.0978         |
|    clip_range           | 0.2            |
|    entropy_loss         | -17.2          |
|    explained_variance   | -0.00032508373 |
|    learning_rate        | 0.0003         |
|    loss                 | 75             |
|    n_updates            | 210            |
|    policy_gradient_loss | -0.0105        |
|    std                  | 1.01           |
|    value_loss           | 159            |
--------------------------------------------
--------------------------------------------
| rollout/                |                |
|    ep_len_mean          | 1.44e+03       |
|    ep_rew_mean          | 1.44e+03       |
| time/                   |                |
|    fps                  | 672            |
|    iterations           | 23             |
|    time_elapsed         | 35             |
|    total_timesteps      | 23552          |
| train/                  |                |
|    approx_kl            | 0.009897208    |
|    clip_fraction        | 0.0958         |
|    clip_range           | 0.2            |
|    entropy_loss         | -17.2          |
|    explained_variance   | -0.00041532516 |
|    learning_rate        | 0.0003         |
|    loss                 | 70.3           |
|    n_updates            | 220            |
|    policy_gradient_loss | -0.0108        |
|    std                  | 1.01           |
|    value_loss           | 151            |
--------------------------------------------
-------------------------------------------
| rollout/                |               |
|    ep_len_mean          | 1.44e+03      |
|    ep_rew_mean          | 1.44e+03      |
| time/                   |               |
|    fps                  | 673           |
|    iterations           | 24            |
|    time_elapsed         | 36            |
|    total_timesteps      | 24576         |
| train/                  |               |
|    approx_kl            | 0.013304483   |
|    clip_fraction        | 0.156         |
|    clip_range           | 0.2           |
|    entropy_loss         | -17.2         |
|    explained_variance   | 0.00023174286 |
|    learning_rate        | 0.0003        |
|    loss                 | 69.2          |
|    n_updates            | 230           |
|    policy_gradient_loss | -0.0138       |
|    std                  | 1.01          |
|    value_loss           | 149           |
-------------------------------------------
-------------------------------------------
| rollout/                |               |
|    ep_len_mean          | 1.44e+03      |
|    ep_rew_mean          | 1.44e+03      |
| time/                   |               |
|    fps                  | 674           |
|    iterations           | 25            |
|    time_elapsed         | 37            |
|    total_timesteps      | 25600         |
| train/                  |               |
|    approx_kl            | 0.01700772    |
|    clip_fraction        | 0.201         |
|    clip_range           | 0.2           |
|    entropy_loss         | -17.2         |
|    explained_variance   | 0.00028556585 |
|    learning_rate        | 0.0003        |
|    loss                 | 68.4          |
|    n_updates            | 240           |
|    policy_gradient_loss | -0.0151       |
|    std                  | 1.01          |
|    value_loss           | 145           |
-------------------------------------------
------------------------------------------
| rollout/                |              |
|    ep_len_mean          | 1.44e+03     |
|    ep_rew_mean          | 1.44e+03     |
| time/                   |              |
|    fps                  | 674          |
|    iterations           | 26           |
|    time_elapsed         | 39           |
|    total_timesteps      | 26624        |
| train/                  |              |
|    approx_kl            | 0.015288458  |
|    clip_fraction        | 0.198        |
|    clip_range           | 0.2          |
|    entropy_loss         | -17.2        |
|    explained_variance   | 0.0005572438 |
|    learning_rate        | 0.0003       |
|    loss                 | 69           |
|    n_updates            | 250          |
|    policy_gradient_loss | -0.0145      |
|    std                  | 1.01         |
|    value_loss           | 146          |
------------------------------------------
--------------------------------------------
| rollout/                |                |
|    ep_len_mean          | 1.44e+03       |
|    ep_rew_mean          | 1.44e+03       |
| time/                   |                |
|    fps                  | 675            |
|    iterations           | 27             |
|    time_elapsed         | 40             |
|    total_timesteps      | 27648          |
| train/                  |                |
|    approx_kl            | 0.011365604    |
|    clip_fraction        | 0.142          |
|    clip_range           | 0.2            |
|    entropy_loss         | -17.2          |
|    explained_variance   | -0.00013005733 |
|    learning_rate        | 0.0003         |
|    loss                 | 65.2           |
|    n_updates            | 260            |
|    policy_gradient_loss | -0.0122        |
|    std                  | 1.01           |
|    value_loss           | 139            |
--------------------------------------------
--------------------------------------------
| rollout/                |                |
|    ep_len_mean          | 1.44e+03       |
|    ep_rew_mean          | 1.44e+03       |
| time/                   |                |
|    fps                  | 675            |
|    iterations           | 28             |
|    time_elapsed         | 42             |
|    total_timesteps      | 28672          |
| train/                  |                |
|    approx_kl            | 0.012362352    |
|    clip_fraction        | 0.131          |
|    clip_range           | 0.2            |
|    entropy_loss         | -17.2          |
|    explained_variance   | -0.00029706955 |
|    learning_rate        | 0.0003         |
|    loss                 | 64.2           |
|    n_updates            | 270            |
|    policy_gradient_loss | -0.012         |
|    std                  | 1.01           |
|    value_loss           | 136            |
--------------------------------------------
--------------------------------------------
| rollout/                |                |
|    ep_len_mean          | 1.44e+03       |
|    ep_rew_mean          | 1.44e+03       |
| time/                   |                |
|    fps                  | 676            |
|    iterations           | 29             |
|    time_elapsed         | 43             |
|    total_timesteps      | 29696          |
| train/                  |                |
|    approx_kl            | 0.013010835    |
|    clip_fraction        | 0.106          |
|    clip_range           | 0.2            |
|    entropy_loss         | -17.2          |
|    explained_variance   | -0.00022792816 |
|    learning_rate        | 0.0003         |
|    loss                 | 63.8           |
|    n_updates            | 280            |
|    policy_gradient_loss | -0.0103        |
|    std                  | 1.01           |
|    value_loss           | 137            |
--------------------------------------------
-------------------------------------------
| rollout/                |               |
|    ep_len_mean          | 1.44e+03      |
|    ep_rew_mean          | 1.44e+03      |
| time/                   |               |
|    fps                  | 676           |
|    iterations           | 30            |
|    time_elapsed         | 45            |
|    total_timesteps      | 30720         |
| train/                  |               |
|    approx_kl            | 0.016310723   |
|    clip_fraction        | 0.182         |
|    clip_range           | 0.2           |
|    entropy_loss         | -17.2         |
|    explained_variance   | 0.00054109097 |
|    learning_rate        | 0.0003        |
|    loss                 | 61.1          |
|    n_updates            | 290           |
|    policy_gradient_loss | -0.0142       |
|    std                  | 1.01          |
|    value_loss           | 130           |
-------------------------------------------
--------------------------------------------
| rollout/                |                |
|    ep_len_mean          | 1.44e+03       |
|    ep_rew_mean          | 1.44e+03       |
| time/                   |                |
|    fps                  | 676            |
|    iterations           | 31             |
|    time_elapsed         | 46             |
|    total_timesteps      | 31744          |
| train/                  |                |
|    approx_kl            | 0.012128666    |
|    clip_fraction        | 0.189          |
|    clip_range           | 0.2            |
|    entropy_loss         | -17.2          |
|    explained_variance   | -0.00014257431 |
|    learning_rate        | 0.0003         |
|    loss                 | 59.5           |
|    n_updates            | 300            |
|    policy_gradient_loss | -0.0154        |
|    std                  | 1.01           |
|    value_loss           | 127            |
--------------------------------------------
--------------------------------------------
| rollout/                |                |
|    ep_len_mean          | 1.44e+03       |
|    ep_rew_mean          | 1.44e+03       |
| time/                   |                |
|    fps                  | 677            |
|    iterations           | 32             |
|    time_elapsed         | 48             |
|    total_timesteps      | 32768          |
| train/                  |                |
|    approx_kl            | 0.011944003    |
|    clip_fraction        | 0.172          |
|    clip_range           | 0.2            |
|    entropy_loss         | -17.2          |
|    explained_variance   | -0.00012290478 |
|    learning_rate        | 0.0003         |
|    loss                 | 57.9           |
|    n_updates            | 310            |
|    policy_gradient_loss | -0.0134        |
|    std                  | 1.02           |
|    value_loss           | 124            |
--------------------------------------------
--------------------------------------------
| rollout/                |                |
|    ep_len_mean          | 1.44e+03       |
|    ep_rew_mean          | 1.44e+03       |
| time/                   |                |
|    fps                  | 677            |
|    iterations           | 33             |
|    time_elapsed         | 49             |
|    total_timesteps      | 33792          |
| train/                  |                |
|    approx_kl            | 0.01593825     |
|    clip_fraction        | 0.18           |
|    clip_range           | 0.2            |
|    entropy_loss         | -17.2          |
|    explained_variance   | -0.00033652782 |
|    learning_rate        | 0.0003         |
|    loss                 | 57.9           |
|    n_updates            | 320            |
|    policy_gradient_loss | -0.0127        |
|    std                  | 1.01           |
|    value_loss           | 124            |
--------------------------------------------
------------------------------------------
| rollout/                |              |
|    ep_len_mean          | 1.44e+03     |
|    ep_rew_mean          | 1.44e+03     |
| time/                   |              |
|    fps                  | 678          |
|    iterations           | 34           |
|    time_elapsed         | 51           |
|    total_timesteps      | 34816        |
| train/                  |              |
|    approx_kl            | 0.015061565  |
|    clip_fraction        | 0.207        |
|    clip_range           | 0.2          |
|    entropy_loss         | -17.2        |
|    explained_variance   | 8.046627e-06 |
|    learning_rate        | 0.0003       |
|    loss                 | 55.6         |
|    n_updates            | 330          |
|    policy_gradient_loss | -0.0159      |
|    std                  | 1.02         |
|    value_loss           | 119          |
------------------------------------------
--------------------------------------------
| rollout/                |                |
|    ep_len_mean          | 1.44e+03       |
|    ep_rew_mean          | 1.44e+03       |
| time/                   |                |
|    fps                  | 678            |
|    iterations           | 35             |
|    time_elapsed         | 52             |
|    total_timesteps      | 35840          |
| train/                  |                |
|    approx_kl            | 0.016312238    |
|    clip_fraction        | 0.208          |
|    clip_range           | 0.2            |
|    entropy_loss         | -17.2          |
|    explained_variance   | -0.00022780895 |
|    learning_rate        | 0.0003         |
|    loss                 | 53.2           |
|    n_updates            | 340            |
|    policy_gradient_loss | -0.0143        |
|    std                  | 1.02           |
|    value_loss           | 116            |
--------------------------------------------
--------------------------------------------
| rollout/                |                |
|    ep_len_mean          | 1.44e+03       |
|    ep_rew_mean          | 1.44e+03       |
| time/                   |                |
|    fps                  | 678            |
|    iterations           | 36             |
|    time_elapsed         | 54             |
|    total_timesteps      | 36864          |
| train/                  |                |
|    approx_kl            | 0.021522207    |
|    clip_fraction        | 0.225          |
|    clip_range           | 0.2            |
|    entropy_loss         | -17.2          |
|    explained_variance   | -0.00016224384 |
|    learning_rate        | 0.0003         |
|    loss                 | 53.7           |
|    n_updates            | 350            |
|    policy_gradient_loss | -0.0127        |
|    std                  | 1.02           |
|    value_loss           | 116            |
--------------------------------------------
-------------------------------------------
| rollout/                |               |
|    ep_len_mean          | 1.44e+03      |
|    ep_rew_mean          | 1.44e+03      |
| time/                   |               |
|    fps                  | 678           |
|    iterations           | 37            |
|    time_elapsed         | 55            |
|    total_timesteps      | 37888         |
| train/                  |               |
|    approx_kl            | 0.00917059    |
|    clip_fraction        | 0.148         |
|    clip_range           | 0.2           |
|    entropy_loss         | -17.3         |
|    explained_variance   | 3.5762787e-07 |
|    learning_rate        | 0.0003        |
|    loss                 | 50.7          |
|    n_updates            | 360           |
|    policy_gradient_loss | -0.0129       |
|    std                  | 1.02          |
|    value_loss           | 111           |
-------------------------------------------
-------------------------------------------
| rollout/                |               |
|    ep_len_mean          | 1.44e+03      |
|    ep_rew_mean          | 1.44e+03      |
| time/                   |               |
|    fps                  | 678           |
|    iterations           | 38            |
|    time_elapsed         | 57            |
|    total_timesteps      | 38912         |
| train/                  |               |
|    approx_kl            | 0.008581617   |
|    clip_fraction        | 0.0899        |
|    clip_range           | 0.2           |
|    entropy_loss         | -17.3         |
|    explained_variance   | -0.0003091097 |
|    learning_rate        | 0.0003        |
|    loss                 | 50            |
|    n_updates            | 370           |
|    policy_gradient_loss | -0.0142       |
|    std                  | 1.02          |
|    value_loss           | 108           |
-------------------------------------------
-------------------------------------------
| rollout/                |               |
|    ep_len_mean          | 1.44e+03      |
|    ep_rew_mean          | 1.44e+03      |
| time/                   |               |
|    fps                  | 678           |
|    iterations           | 39            |
|    time_elapsed         | 58            |
|    total_timesteps      | 39936         |
| train/                  |               |
|    approx_kl            | 0.013771605   |
|    clip_fraction        | 0.13          |
|    clip_range           | 0.2           |
|    entropy_loss         | -17.3         |
|    explained_variance   | -7.534027e-05 |
|    learning_rate        | 0.0003        |
|    loss                 | 48.5          |
|    n_updates            | 380           |
|    policy_gradient_loss | -0.0122       |
|    std                  | 1.02          |
|    value_loss           | 106           |
-------------------------------------------
-----------------------------------------
| rollout/                |             |
|    ep_len_mean          | 1.44e+03    |
|    ep_rew_mean          | 1.44e+03    |
| time/                   |             |
|    fps                  | 679         |
|    iterations           | 40          |
|    time_elapsed         | 60          |
|    total_timesteps      | 40960       |
| train/                  |             |
|    approx_kl            | 0.017052747 |
|    clip_fraction        | 0.163       |
|    clip_range           | 0.2         |
|    entropy_loss         | -17.3       |
|    explained_variance   | 5.00679e-05 |
|    learning_rate        | 0.0003      |
|    loss                 | 48.8        |
|    n_updates            | 390         |
|    policy_gradient_loss | -0.0115     |
|    std                  | 1.03        |
|    value_loss           | 105         |
-----------------------------------------
--------------------------------------------
| rollout/                |                |
|    ep_len_mean          | 1.44e+03       |
|    ep_rew_mean          | 1.44e+03       |
| time/                   |                |
|    fps                  | 679            |
|    iterations           | 41             |
|    time_elapsed         | 61             |
|    total_timesteps      | 41984          |
| train/                  |                |
|    approx_kl            | 0.010318132    |
|    clip_fraction        | 0.145          |
|    clip_range           | 0.2            |
|    entropy_loss         | -17.4          |
|    explained_variance   | -0.00013017654 |
|    learning_rate        | 0.0003         |
|    loss                 | 45.7           |
|    n_updates            | 400            |
|    policy_gradient_loss | -0.0137        |
|    std                  | 1.03           |
|    value_loss           | 99.6           |
--------------------------------------------
--------------------------------------------
| rollout/                |                |
|    ep_len_mean          | 1.44e+03       |
|    ep_rew_mean          | 1.44e+03       |
| time/                   |                |
|    fps                  | 679            |
|    iterations           | 42             |
|    time_elapsed         | 63             |
|    total_timesteps      | 43008          |
| train/                  |                |
|    approx_kl            | 0.011583567    |
|    clip_fraction        | 0.111          |
|    clip_range           | 0.2            |
|    entropy_loss         | -17.4          |
|    explained_variance   | -0.00012397766 |
|    learning_rate        | 0.0003         |
|    loss                 | 45.4           |
|    n_updates            | 410            |
|    policy_gradient_loss | -0.0125        |
|    std                  | 1.03           |
|    value_loss           | 96.7           |
--------------------------------------------
------------------------------------------
| rollout/                |              |
|    ep_len_mean          | 1.44e+03     |
|    ep_rew_mean          | 1.44e+03     |
| time/                   |              |
|    fps                  | 679          |
|    iterations           | 43           |
|    time_elapsed         | 64           |
|    total_timesteps      | 44032        |
| train/                  |              |
|    approx_kl            | 0.014203044  |
|    clip_fraction        | 0.202        |
|    clip_range           | 0.2          |
|    entropy_loss         | -17.4        |
|    explained_variance   | -0.000269413 |
|    learning_rate        | 0.0003       |
|    loss                 | 44.9         |
|    n_updates            | 420          |
|    policy_gradient_loss | -0.0162      |
|    std                  | 1.03         |
|    value_loss           | 96.7         |
------------------------------------------
--------------------------------------------
| rollout/                |                |
|    ep_len_mean          | 1.44e+03       |
|    ep_rew_mean          | 1.44e+03       |
| time/                   |                |
|    fps                  | 679            |
|    iterations           | 44             |
|    time_elapsed         | 66             |
|    total_timesteps      | 45056          |
| train/                  |                |
|    approx_kl            | 0.018411033    |
|    clip_fraction        | 0.178          |
|    clip_range           | 0.2            |
|    entropy_loss         | -17.4          |
|    explained_variance   | -0.00014054775 |
|    learning_rate        | 0.0003         |
|    loss                 | 42.6           |
|    n_updates            | 430            |
|    policy_gradient_loss | -0.0149        |
|    std                  | 1.03           |
|    value_loss           | 92             |
--------------------------------------------
--------------------------------------------
| rollout/                |                |
|    ep_len_mean          | 1.44e+03       |
|    ep_rew_mean          | 1.44e+03       |
| time/                   |                |
|    fps                  | 680            |
|    iterations           | 45             |
|    time_elapsed         | 67             |
|    total_timesteps      | 46080          |
| train/                  |                |
|    approx_kl            | 0.014329173    |
|    clip_fraction        | 0.158          |
|    clip_range           | 0.2            |
|    entropy_loss         | -17.4          |
|    explained_variance   | -6.2942505e-05 |
|    learning_rate        | 0.0003         |
|    loss                 | 41.6           |
|    n_updates            | 440            |
|    policy_gradient_loss | -0.0135        |
|    std                  | 1.03           |
|    value_loss           | 89.8           |
--------------------------------------------
------------------------------------------
| rollout/                |              |
|    ep_len_mean          | 1.44e+03     |
|    ep_rew_mean          | 1.44e+03     |
| time/                   |              |
|    fps                  | 680          |
|    iterations           | 46           |
|    time_elapsed         | 69           |
|    total_timesteps      | 47104        |
| train/                  |              |
|    approx_kl            | 0.012010903  |
|    clip_fraction        | 0.0976       |
|    clip_range           | 0.2          |
|    entropy_loss         | -17.4        |
|    explained_variance   | 0.0001411438 |
|    learning_rate        | 0.0003       |
|    loss                 | 41.4         |
|    n_updates            | 450          |
|    policy_gradient_loss | -0.0144      |
|    std                  | 1.03         |
|    value_loss           | 89.4         |
------------------------------------------
--------------------------------------------
| rollout/                |                |
|    ep_len_mean          | 1.44e+03       |
|    ep_rew_mean          | 1.44e+03       |
| time/                   |                |
|    fps                  | 680            |
|    iterations           | 47             |
|    time_elapsed         | 70             |
|    total_timesteps      | 48128          |
| train/                  |                |
|    approx_kl            | 0.009990859    |
|    clip_fraction        | 0.144          |
|    clip_range           | 0.2            |
|    entropy_loss         | -17.4          |
|    explained_variance   | -7.6413155e-05 |
|    learning_rate        | 0.0003         |
|    loss                 | 39.9           |
|    n_updates            | 460            |
|    policy_gradient_loss | -0.0143        |
|    std                  | 1.04           |
|    value_loss           | 86.9           |
--------------------------------------------
------------------------------------------
| rollout/                |              |
|    ep_len_mean          | 1.44e+03     |
|    ep_rew_mean          | 1.44e+03     |
| time/                   |              |
|    fps                  | 680          |
|    iterations           | 48           |
|    time_elapsed         | 72           |
|    total_timesteps      | 49152        |
| train/                  |              |
|    approx_kl            | 0.012125914  |
|    clip_fraction        | 0.12         |
|    clip_range           | 0.2          |
|    entropy_loss         | -17.5        |
|    explained_variance   | 7.212162e-05 |
|    learning_rate        | 0.0003       |
|    loss                 | 37.4         |
|    n_updates            | 470          |
|    policy_gradient_loss | -0.0151      |
|    std                  | 1.04         |
|    value_loss           | 82.4         |
------------------------------------------
--------------------------------------------
| rollout/                |                |
|    ep_len_mean          | 1.44e+03       |
|    ep_rew_mean          | 1.44e+03       |
| time/                   |                |
|    fps                  | 680            |
|    iterations           | 49             |
|    time_elapsed         | 73             |
|    total_timesteps      | 50176          |
| train/                  |                |
|    approx_kl            | 0.011732001    |
|    clip_fraction        | 0.13           |
|    clip_range           | 0.2            |
|    entropy_loss         | -17.5          |
|    explained_variance   | -0.00010597706 |
|    learning_rate        | 0.0003         |
|    loss                 | 37.2           |
|    n_updates            | 480            |
|    policy_gradient_loss | -0.0123        |
|    std                  | 1.04           |
|    value_loss           | 80.4           |
--------------------------------------------
--------------------------------------------
| rollout/                |                |
|    ep_len_mean          | 1.44e+03       |
|    ep_rew_mean          | 1.44e+03       |
| time/                   |                |
|    fps                  | 680            |
|    iterations           | 50             |
|    time_elapsed         | 75             |
|    total_timesteps      | 51200          |
| train/                  |                |
|    approx_kl            | 0.012832024    |
|    clip_fraction        | 0.129          |
|    clip_range           | 0.2            |
|    entropy_loss         | -17.5          |
|    explained_variance   | -0.00011634827 |
|    learning_rate        | 0.0003         |
|    loss                 | 36.6           |
|    n_updates            | 490            |
|    policy_gradient_loss | -0.0125        |
|    std                  | 1.04           |
|    value_loss           | 80.5           |
--------------------------------------------
--------------------------------------------
| rollout/                |                |
|    ep_len_mean          | 1.44e+03       |
|    ep_rew_mean          | 1.44e+03       |
| time/                   |                |
|    fps                  | 679            |
|    iterations           | 51             |
|    time_elapsed         | 76             |
|    total_timesteps      | 52224          |
| train/                  |                |
|    approx_kl            | 0.0135760065   |
|    clip_fraction        | 0.208          |
|    clip_range           | 0.2            |
|    entropy_loss         | -17.5          |
|    explained_variance   | -0.00020253658 |
|    learning_rate        | 0.0003         |
|    loss                 | 34.3           |
|    n_updates            | 500            |
|    policy_gradient_loss | -0.0154        |
|    std                  | 1.04           |
|    value_loss           | 75.8           |
--------------------------------------------
--------------------------------------------
| rollout/                |                |
|    ep_len_mean          | 1.44e+03       |
|    ep_rew_mean          | 1.44e+03       |
| time/                   |                |
|    fps                  | 679            |
|    iterations           | 52             |
|    time_elapsed         | 78             |
|    total_timesteps      | 53248          |
| train/                  |                |
|    approx_kl            | 0.012521507    |
|    clip_fraction        | 0.153          |
|    clip_range           | 0.2            |
|    entropy_loss         | -17.5          |
|    explained_variance   | -0.00010228157 |
|    learning_rate        | 0.0003         |
|    loss                 | 33.8           |
|    n_updates            | 510            |
|    policy_gradient_loss | -0.0157        |
|    std                  | 1.04           |
|    value_loss           | 73.5           |
--------------------------------------------
-------------------------------------------
| rollout/                |               |
|    ep_len_mean          | 1.44e+03      |
|    ep_rew_mean          | 1.44e+03      |
| time/                   |               |
|    fps                  | 679           |
|    iterations           | 53            |
|    time_elapsed         | 79            |
|    total_timesteps      | 54272         |
| train/                  |               |
|    approx_kl            | 0.011710342   |
|    clip_fraction        | 0.182         |
|    clip_range           | 0.2           |
|    entropy_loss         | -17.5         |
|    explained_variance   | -7.069111e-05 |
|    learning_rate        | 0.0003        |
|    loss                 | 33.3          |
|    n_updates            | 520           |
|    policy_gradient_loss | -0.0143       |
|    std                  | 1.04          |
|    value_loss           | 73            |
-------------------------------------------
-------------------------------------------
| rollout/                |               |
|    ep_len_mean          | 1.44e+03      |
|    ep_rew_mean          | 1.44e+03      |
| time/                   |               |
|    fps                  | 678           |
|    iterations           | 54            |
|    time_elapsed         | 81            |
|    total_timesteps      | 55296         |
| train/                  |               |
|    approx_kl            | 0.015901815   |
|    clip_fraction        | 0.187         |
|    clip_range           | 0.2           |
|    entropy_loss         | -17.5         |
|    explained_variance   | 0.00010752678 |
|    learning_rate        | 0.0003        |
|    loss                 | 31.3          |
|    n_updates            | 530           |
|    policy_gradient_loss | -0.0173       |
|    std                  | 1.04          |
|    value_loss           | 69.5          |
-------------------------------------------
--------------------------------------------
| rollout/                |                |
|    ep_len_mean          | 1.44e+03       |
|    ep_rew_mean          | 1.44e+03       |
| time/                   |                |
|    fps                  | 678            |
|    iterations           | 55             |
|    time_elapsed         | 82             |
|    total_timesteps      | 56320          |
| train/                  |                |
|    approx_kl            | 0.014530529    |
|    clip_fraction        | 0.146          |
|    clip_range           | 0.2            |
|    entropy_loss         | -17.5          |
|    explained_variance   | -8.6545944e-05 |
|    learning_rate        | 0.0003         |
|    loss                 | 31.1           |
|    n_updates            | 540            |
|    policy_gradient_loss | -0.016         |
|    std                  | 1.04           |
|    value_loss           | 67             |
--------------------------------------------
------------------------------------------
| rollout/                |              |
|    ep_len_mean          | 1.44e+03     |
|    ep_rew_mean          | 1.44e+03     |
| time/                   |              |
|    fps                  | 679          |
|    iterations           | 56           |
|    time_elapsed         | 84           |
|    total_timesteps      | 57344        |
| train/                  |              |
|    approx_kl            | 0.01011504   |
|    clip_fraction        | 0.117        |
|    clip_range           | 0.2          |
|    entropy_loss         | -17.5        |
|    explained_variance   | 5.120039e-05 |
|    learning_rate        | 0.0003       |
|    loss                 | 29.4         |
|    n_updates            | 550          |
|    policy_gradient_loss | -0.0158      |
|    std                  | 1.04         |
|    value_loss           | 65           |
------------------------------------------
-------------------------------------------
| rollout/                |               |
|    ep_len_mean          | 1.44e+03      |
|    ep_rew_mean          | 1.44e+03      |
| time/                   |               |
|    fps                  | 679           |
|    iterations           | 57            |
|    time_elapsed         | 85            |
|    total_timesteps      | 58368         |
| train/                  |               |
|    approx_kl            | 0.013611718   |
|    clip_fraction        | 0.18          |
|    clip_range           | 0.2           |
|    entropy_loss         | -17.5         |
|    explained_variance   | 1.1920929e-07 |
|    learning_rate        | 0.0003        |
|    loss                 | 28.8          |
|    n_updates            | 560           |
|    policy_gradient_loss | -0.0138       |
|    std                  | 1.04          |
|    value_loss           | 64.2          |
-------------------------------------------
--------------------------------------------
| rollout/                |                |
|    ep_len_mean          | 1.44e+03       |
|    ep_rew_mean          | 1.44e+03       |
| time/                   |                |
|    fps                  | 679            |
|    iterations           | 58             |
|    time_elapsed         | 87             |
|    total_timesteps      | 59392          |
| train/                  |                |
|    approx_kl            | 0.013350683    |
|    clip_fraction        | 0.135          |
|    clip_range           | 0.2            |
|    entropy_loss         | -17.5          |
|    explained_variance   | -0.00017023087 |
|    learning_rate        | 0.0003         |
|    loss                 | 27.3           |
|    n_updates            | 570            |
|    policy_gradient_loss | -0.0135        |
|    std                  | 1.04           |
|    value_loss           | 60.8           |
--------------------------------------------
-------------------------------------------
| rollout/                |               |
|    ep_len_mean          | 1.44e+03      |
|    ep_rew_mean          | 1.44e+03      |
| time/                   |               |
|    fps                  | 678           |
|    iterations           | 59            |
|    time_elapsed         | 88            |
|    total_timesteps      | 60416         |
| train/                  |               |
|    approx_kl            | 0.011946161   |
|    clip_fraction        | 0.159         |
|    clip_range           | 0.2           |
|    entropy_loss         | -17.5         |
|    explained_variance   | -9.262562e-05 |
|    learning_rate        | 0.0003        |
|    loss                 | 26.5          |
|    n_updates            | 580           |
|    policy_gradient_loss | -0.0167       |
|    std                  | 1.04          |
|    value_loss           | 58.9          |
-------------------------------------------
--------------------------------------------
| rollout/                |                |
|    ep_len_mean          | 1.44e+03       |
|    ep_rew_mean          | 1.44e+03       |
| time/                   |                |
|    fps                  | 678            |
|    iterations           | 60             |
|    time_elapsed         | 90             |
|    total_timesteps      | 61440          |
| train/                  |                |
|    approx_kl            | 0.013595119    |
|    clip_fraction        | 0.176          |
|    clip_range           | 0.2            |
|    entropy_loss         | -17.5          |
|    explained_variance   | -0.00017488003 |
|    learning_rate        | 0.0003         |
|    loss                 | 26.4           |
|    n_updates            | 590            |
|    policy_gradient_loss | -0.0153        |
|    std                  | 1.04           |
|    value_loss           | 58.3           |
--------------------------------------------
-------------------------------------------
| rollout/                |               |
|    ep_len_mean          | 1.44e+03      |
|    ep_rew_mean          | 1.44e+03      |
| time/                   |               |
|    fps                  | 678           |
|    iterations           | 61            |
|    time_elapsed         | 92            |
|    total_timesteps      | 62464         |
| train/                  |               |
|    approx_kl            | 0.012886608   |
|    clip_fraction        | 0.208         |
|    clip_range           | 0.2           |
|    entropy_loss         | -17.5         |
|    explained_variance   | 0.00013196468 |
|    learning_rate        | 0.0003        |
|    loss                 | 25            |
|    n_updates            | 600           |
|    policy_gradient_loss | -0.0153       |
|    std                  | 1.04          |
|    value_loss           | 55.1          |
-------------------------------------------
--------------------------------------------
| rollout/                |                |
|    ep_len_mean          | 1.44e+03       |
|    ep_rew_mean          | 1.44e+03       |
| time/                   |                |
|    fps                  | 678            |
|    iterations           | 62             |
|    time_elapsed         | 93             |
|    total_timesteps      | 63488          |
| train/                  |                |
|    approx_kl            | 0.009913821    |
|    clip_fraction        | 0.0797         |
|    clip_range           | 0.2            |
|    entropy_loss         | -17.5          |
|    explained_variance   | -2.4199486e-05 |
|    learning_rate        | 0.0003         |
|    loss                 | 24             |
|    n_updates            | 610            |
|    policy_gradient_loss | -0.0115        |
|    std                  | 1.04           |
|    value_loss           | 53             |
--------------------------------------------
------------------------------------------
| rollout/                |              |
|    ep_len_mean          | 1.44e+03     |
|    ep_rew_mean          | 1.44e+03     |
| time/                   |              |
|    fps                  | 678          |
|    iterations           | 63           |
|    time_elapsed         | 95           |
|    total_timesteps      | 64512        |
| train/                  |              |
|    approx_kl            | 0.012736283  |
|    clip_fraction        | 0.143        |
|    clip_range           | 0.2          |
|    entropy_loss         | -17.5        |
|    explained_variance   | 5.275011e-05 |
|    learning_rate        | 0.0003       |
|    loss                 | 22.8         |
|    n_updates            | 620          |
|    policy_gradient_loss | -0.0139      |
|    std                  | 1.04         |
|    value_loss           | 51.3         |
------------------------------------------
--------------------------------------------
| rollout/                |                |
|    ep_len_mean          | 1.44e+03       |
|    ep_rew_mean          | 1.44e+03       |
| time/                   |                |
|    fps                  | 678            |
|    iterations           | 64             |
|    time_elapsed         | 96             |
|    total_timesteps      | 65536          |
| train/                  |                |
|    approx_kl            | 0.014520539    |
|    clip_fraction        | 0.188          |
|    clip_range           | 0.2            |
|    entropy_loss         | -17.5          |
|    explained_variance   | -1.5497208e-05 |
|    learning_rate        | 0.0003         |
|    loss                 | 23.1           |
|    n_updates            | 630            |
|    policy_gradient_loss | -0.0167        |
|    std                  | 1.04           |
|    value_loss           | 50.5           |
--------------------------------------------
-------------------------------------------
| rollout/                |               |
|    ep_len_mean          | 1.44e+03      |
|    ep_rew_mean          | 1.44e+03      |
| time/                   |               |
|    fps                  | 678           |
|    iterations           | 65            |
|    time_elapsed         | 98            |
|    total_timesteps      | 66560         |
| train/                  |               |
|    approx_kl            | 0.017006867   |
|    clip_fraction        | 0.206         |
|    clip_range           | 0.2           |
|    entropy_loss         | -17.5         |
|    explained_variance   | 1.4364719e-05 |
|    learning_rate        | 0.0003        |
|    loss                 | 21.1          |
|    n_updates            | 640           |
|    policy_gradient_loss | -0.0175       |
|    std                  | 1.04          |
|    value_loss           | 47.4          |
-------------------------------------------
--------------------------------------------
| rollout/                |                |
|    ep_len_mean          | 1.44e+03       |
|    ep_rew_mean          | 1.44e+03       |
| time/                   |                |
|    fps                  | 678            |
|    iterations           | 66             |
|    time_elapsed         | 99             |
|    total_timesteps      | 67584          |
| train/                  |                |
|    approx_kl            | 0.009334004    |
|    clip_fraction        | 0.128          |
|    clip_range           | 0.2            |
|    entropy_loss         | -17.5          |
|    explained_variance   | -0.00020372868 |
|    learning_rate        | 0.0003         |
|    loss                 | 20.7           |
|    n_updates            | 650            |
|    policy_gradient_loss | -0.0139        |
|    std                  | 1.04           |
|    value_loss           | 46             |
--------------------------------------------
--------------------------------------------
| rollout/                |                |
|    ep_len_mean          | 1.44e+03       |
|    ep_rew_mean          | 1.44e+03       |
| time/                   |                |
|    fps                  | 679            |
|    iterations           | 67             |
|    time_elapsed         | 101            |
|    total_timesteps      | 68608          |
| train/                  |                |
|    approx_kl            | 0.014062918    |
|    clip_fraction        | 0.19           |
|    clip_range           | 0.2            |
|    entropy_loss         | -17.4          |
|    explained_variance   | -0.00013303757 |
|    learning_rate        | 0.0003         |
|    loss                 | 20.1           |
|    n_updates            | 660            |
|    policy_gradient_loss | -0.0163        |
|    std                  | 1.03           |
|    value_loss           | 45.5           |
--------------------------------------------
--------------------------------------------
| rollout/                |                |
|    ep_len_mean          | 1.44e+03       |
|    ep_rew_mean          | 1.44e+03       |
| time/                   |                |
|    fps                  | 679            |
|    iterations           | 68             |
|    time_elapsed         | 102            |
|    total_timesteps      | 69632          |
| train/                  |                |
|    approx_kl            | 0.014504617    |
|    clip_fraction        | 0.183          |
|    clip_range           | 0.2            |
|    entropy_loss         | -17.4          |
|    explained_variance   | -5.2809715e-05 |
|    learning_rate        | 0.0003         |
|    loss                 | 18.9           |
|    n_updates            | 670            |
|    policy_gradient_loss | -0.0162        |
|    std                  | 1.03           |
|    value_loss           | 42.7           |
--------------------------------------------
-------------------------------------------
| rollout/                |               |
|    ep_len_mean          | 1.44e+03      |
|    ep_rew_mean          | 1.44e+03      |
| time/                   |               |
|    fps                  | 679           |
|    iterations           | 69            |
|    time_elapsed         | 104           |
|    total_timesteps      | 70656         |
| train/                  |               |
|    approx_kl            | 0.0174491     |
|    clip_fraction        | 0.192         |
|    clip_range           | 0.2           |
|    entropy_loss         | -17.4         |
|    explained_variance   | -3.361702e-05 |
|    learning_rate        | 0.0003        |
|    loss                 | 18            |
|    n_updates            | 680           |
|    policy_gradient_loss | -0.0169       |
|    std                  | 1.03          |
|    value_loss           | 40.6          |
-------------------------------------------
--------------------------------------------
| rollout/                |                |
|    ep_len_mean          | 1.44e+03       |
|    ep_rew_mean          | 1.44e+03       |
| time/                   |                |
|    fps                  | 679            |
|    iterations           | 70             |
|    time_elapsed         | 105            |
|    total_timesteps      | 71680          |
| train/                  |                |
|    approx_kl            | 0.013589146    |
|    clip_fraction        | 0.189          |
|    clip_range           | 0.2            |
|    entropy_loss         | -17.4          |
|    explained_variance   | -8.8214874e-05 |
|    learning_rate        | 0.0003         |
|    loss                 | 17.5           |
|    n_updates            | 690            |
|    policy_gradient_loss | -0.0171        |
|    std                  | 1.03           |
|    value_loss           | 39.4           |
--------------------------------------------
-------------------------------------------
| rollout/                |               |
|    ep_len_mean          | 1.44e+03      |
|    ep_rew_mean          | 1.44e+03      |
| time/                   |               |
|    fps                  | 679           |
|    iterations           | 71            |
|    time_elapsed         | 106           |
|    total_timesteps      | 72704         |
| train/                  |               |
|    approx_kl            | 0.01747046    |
|    clip_fraction        | 0.196         |
|    clip_range           | 0.2           |
|    entropy_loss         | -17.4         |
|    explained_variance   | -6.055832e-05 |
|    learning_rate        | 0.0003        |
|    loss                 | 17.2          |
|    n_updates            | 700           |
|    policy_gradient_loss | -0.0141       |
|    std                  | 1.03          |
|    value_loss           | 39            |
-------------------------------------------
------------------------------------------
| rollout/                |              |
|    ep_len_mean          | 1.44e+03     |
|    ep_rew_mean          | 1.44e+03     |
| time/                   |              |
|    fps                  | 679          |
|    iterations           | 72           |
|    time_elapsed         | 108          |
|    total_timesteps      | 73728        |
| train/                  |              |
|    approx_kl            | 0.012126295  |
|    clip_fraction        | 0.155        |
|    clip_range           | 0.2          |
|    entropy_loss         | -17.4        |
|    explained_variance   | 9.894371e-06 |
|    learning_rate        | 0.0003       |
|    loss                 | 15.9         |
|    n_updates            | 710          |
|    policy_gradient_loss | -0.0146      |
|    std                  | 1.04         |
|    value_loss           | 36.2         |
------------------------------------------
--------------------------------------------
| rollout/                |                |
|    ep_len_mean          | 1.44e+03       |
|    ep_rew_mean          | 1.44e+03       |
| time/                   |                |
|    fps                  | 679            |
|    iterations           | 73             |
|    time_elapsed         | 109            |
|    total_timesteps      | 74752          |
| train/                  |                |
|    approx_kl            | 0.01588958     |
|    clip_fraction        | 0.232          |
|    clip_range           | 0.2            |
|    entropy_loss         | -17.4          |
|    explained_variance   | -3.9935112e-05 |
|    learning_rate        | 0.0003         |
|    loss                 | 15.2           |
|    n_updates            | 720            |
|    policy_gradient_loss | -0.0216        |
|    std                  | 1.04           |
|    value_loss           | 34.8           |
--------------------------------------------
--------------------------------------------
| rollout/                |                |
|    ep_len_mean          | 1.44e+03       |
|    ep_rew_mean          | 1.44e+03       |
| time/                   |                |
|    fps                  | 680            |
|    iterations           | 74             |
|    time_elapsed         | 111            |
|    total_timesteps      | 75776          |
| train/                  |                |
|    approx_kl            | 0.018058278    |
|    clip_fraction        | 0.23           |
|    clip_range           | 0.2            |
|    entropy_loss         | -17.4          |
|    explained_variance   | -5.5789948e-05 |
|    learning_rate        | 0.0003         |
|    loss                 | 14.9           |
|    n_updates            | 730            |
|    policy_gradient_loss | -0.0157        |
|    std                  | 1.04           |
|    value_loss           | 34             |
--------------------------------------------
--------------------------------------------
| rollout/                |                |
|    ep_len_mean          | 1.44e+03       |
|    ep_rew_mean          | 1.44e+03       |
| time/                   |                |
|    fps                  | 680            |
|    iterations           | 75             |
|    time_elapsed         | 112            |
|    total_timesteps      | 76800          |
| train/                  |                |
|    approx_kl            | 0.011912011    |
|    clip_fraction        | 0.157          |
|    clip_range           | 0.2            |
|    entropy_loss         | -17.4          |
|    explained_variance   | -0.00016117096 |
|    learning_rate        | 0.0003         |
|    loss                 | 13.7           |
|    n_updates            | 740            |
|    policy_gradient_loss | -0.0162        |
|    std                  | 1.04           |
|    value_loss           | 31.6           |
--------------------------------------------
------------------------------------------
| rollout/                |              |
|    ep_len_mean          | 1.44e+03     |
|    ep_rew_mean          | 1.44e+03     |
| time/                   |              |
|    fps                  | 680          |
|    iterations           | 76           |
|    time_elapsed         | 114          |
|    total_timesteps      | 77824        |
| train/                  |              |
|    approx_kl            | 0.013221633  |
|    clip_fraction        | 0.143        |
|    clip_range           | 0.2          |
|    entropy_loss         | -17.4        |
|    explained_variance   | 5.722046e-05 |
|    learning_rate        | 0.0003       |
|    loss                 | 13.2         |
|    n_updates            | 750          |
|    policy_gradient_loss | -0.0143      |
|    std                  | 1.04         |
|    value_loss           | 30.5         |
------------------------------------------
-------------------------------------------
| rollout/                |               |
|    ep_len_mean          | 1.44e+03      |
|    ep_rew_mean          | 1.44e+03      |
| time/                   |               |
|    fps                  | 680           |
|    iterations           | 77            |
|    time_elapsed         | 115           |
|    total_timesteps      | 78848         |
| train/                  |               |
|    approx_kl            | 0.014037276   |
|    clip_fraction        | 0.201         |
|    clip_range           | 0.2           |
|    entropy_loss         | -17.4         |
|    explained_variance   | -9.441376e-05 |
|    learning_rate        | 0.0003        |
|    loss                 | 12.7          |
|    n_updates            | 760           |
|    policy_gradient_loss | -0.0202       |
|    std                  | 1.04          |
|    value_loss           | 29.1          |
-------------------------------------------
--------------------------------------------
| rollout/                |                |
|    ep_len_mean          | 1.44e+03       |
|    ep_rew_mean          | 1.44e+03       |
| time/                   |                |
|    fps                  | 680            |
|    iterations           | 78             |
|    time_elapsed         | 117            |
|    total_timesteps      | 79872          |
| train/                  |                |
|    approx_kl            | 0.014653165    |
|    clip_fraction        | 0.175          |
|    clip_range           | 0.2            |
|    entropy_loss         | -17.5          |
|    explained_variance   | -6.6399574e-05 |
|    learning_rate        | 0.0003         |
|    loss                 | 12.3           |
|    n_updates            | 770            |
|    policy_gradient_loss | -0.0141        |
|    std                  | 1.04           |
|    value_loss           | 28.4           |
--------------------------------------------
-------------------------------------------
| rollout/                |               |
|    ep_len_mean          | 1.44e+03      |
|    ep_rew_mean          | 1.44e+03      |
| time/                   |               |
|    fps                  | 680           |
|    iterations           | 79            |
|    time_elapsed         | 118           |
|    total_timesteps      | 80896         |
| train/                  |               |
|    approx_kl            | 0.016765065   |
|    clip_fraction        | 0.221         |
|    clip_range           | 0.2           |
|    entropy_loss         | -17.5         |
|    explained_variance   | -7.045269e-05 |
|    learning_rate        | 0.0003        |
|    loss                 | 11.3          |
|    n_updates            | 780           |
|    policy_gradient_loss | -0.0187       |
|    std                  | 1.04          |
|    value_loss           | 26.3          |
-------------------------------------------
--------------------------------------------
| rollout/                |                |
|    ep_len_mean          | 1.44e+03       |
|    ep_rew_mean          | 1.44e+03       |
| time/                   |                |
|    fps                  | 680            |
|    iterations           | 80             |
|    time_elapsed         | 120            |
|    total_timesteps      | 81920          |
| train/                  |                |
|    approx_kl            | 0.011592609    |
|    clip_fraction        | 0.144          |
|    clip_range           | 0.2            |
|    entropy_loss         | -17.4          |
|    explained_variance   | -1.6570091e-05 |
|    learning_rate        | 0.0003         |
|    loss                 | 10.6           |
|    n_updates            | 790            |
|    policy_gradient_loss | -0.0181        |
|    std                  | 1.03           |
|    value_loss           | 25             |
--------------------------------------------
--------------------------------------------
| rollout/                |                |
|    ep_len_mean          | 1.44e+03       |
|    ep_rew_mean          | 1.44e+03       |
| time/                   |                |
|    fps                  | 680            |
|    iterations           | 81             |
|    time_elapsed         | 121            |
|    total_timesteps      | 82944          |
| train/                  |                |
|    approx_kl            | 0.016922295    |
|    clip_fraction        | 0.226          |
|    clip_range           | 0.2            |
|    entropy_loss         | -17.4          |
|    explained_variance   | -4.3988228e-05 |
|    learning_rate        | 0.0003         |
|    loss                 | 10.4           |
|    n_updates            | 800            |
|    policy_gradient_loss | -0.0146        |
|    std                  | 1.03           |
|    value_loss           | 24.4           |
--------------------------------------------
--------------------------------------------
| rollout/                |                |
|    ep_len_mean          | 1.44e+03       |
|    ep_rew_mean          | 1.44e+03       |
| time/                   |                |
|    fps                  | 680            |
|    iterations           | 82             |
|    time_elapsed         | 123            |
|    total_timesteps      | 83968          |
| train/                  |                |
|    approx_kl            | 0.016218051    |
|    clip_fraction        | 0.136          |
|    clip_range           | 0.2            |
|    entropy_loss         | -17.4          |
|    explained_variance   | -4.6372414e-05 |
|    learning_rate        | 0.0003         |
|    loss                 | 9.53           |
|    n_updates            | 810            |
|    policy_gradient_loss | -0.0165        |
|    std                  | 1.03           |
|    value_loss           | 22.7           |
--------------------------------------------
------------------------------------------
| rollout/                |              |
|    ep_len_mean          | 1.44e+03     |
|    ep_rew_mean          | 1.44e+03     |
| time/                   |              |
|    fps                  | 680          |
|    iterations           | 83           |
|    time_elapsed         | 124          |
|    total_timesteps      | 84992        |
| train/                  |              |
|    approx_kl            | 0.012087564  |
|    clip_fraction        | 0.139        |
|    clip_range           | 0.2          |
|    entropy_loss         | -17.4        |
|    explained_variance   | 0.0002770424 |
|    learning_rate        | 0.0003       |
|    loss                 | 8.86         |
|    n_updates            | 820          |
|    policy_gradient_loss | -0.0179      |
|    std                  | 1.03         |
|    value_loss           | 21.1         |
------------------------------------------
--------------------------------------------
| rollout/                |                |
|    ep_len_mean          | 1.44e+03       |
|    ep_rew_mean          | 1.44e+03       |
| time/                   |                |
|    fps                  | 680            |
|    iterations           | 84             |
|    time_elapsed         | 126            |
|    total_timesteps      | 86016          |
| train/                  |                |
|    approx_kl            | 0.011235358    |
|    clip_fraction        | 0.143          |
|    clip_range           | 0.2            |
|    entropy_loss         | -17.4          |
|    explained_variance   | -3.5881996e-05 |
|    learning_rate        | 0.0003         |
|    loss                 | 8.36           |
|    n_updates            | 830            |
|    policy_gradient_loss | -0.0152        |
|    std                  | 1.03           |
|    value_loss           | 20.2           |
--------------------------------------------
--------------------------------------------
| rollout/                |                |
|    ep_len_mean          | 1.44e+03       |
|    ep_rew_mean          | 1.44e+03       |
| time/                   |                |
|    fps                  | 681            |
|    iterations           | 85             |
|    time_elapsed         | 127            |
|    total_timesteps      | 87040          |
| train/                  |                |
|    approx_kl            | 0.014547766    |
|    clip_fraction        | 0.173          |
|    clip_range           | 0.2            |
|    entropy_loss         | -17.4          |
|    explained_variance   | -0.00015223026 |
|    learning_rate        | 0.0003         |
|    loss                 | 8.19           |
|    n_updates            | 840            |
|    policy_gradient_loss | -0.0163        |
|    std                  | 1.03           |
|    value_loss           | 19.6           |
--------------------------------------------
-------------------------------------------
| rollout/                |               |
|    ep_len_mean          | 1.44e+03      |
|    ep_rew_mean          | 1.44e+03      |
| time/                   |               |
|    fps                  | 681           |
|    iterations           | 86            |
|    time_elapsed         | 129           |
|    total_timesteps      | 88064         |
| train/                  |               |
|    approx_kl            | 0.014987766   |
|    clip_fraction        | 0.215         |
|    clip_range           | 0.2           |
|    entropy_loss         | -17.4         |
|    explained_variance   | -7.593632e-05 |
|    learning_rate        | 0.0003        |
|    loss                 | 7.39          |
|    n_updates            | 850           |
|    policy_gradient_loss | -0.0189       |
|    std                  | 1.03          |
|    value_loss           | 18            |
-------------------------------------------
--------------------------------------------
| rollout/                |                |
|    ep_len_mean          | 1.44e+03       |
|    ep_rew_mean          | 1.44e+03       |
| time/                   |                |
|    fps                  | 681            |
|    iterations           | 87             |
|    time_elapsed         | 130            |
|    total_timesteps      | 89088          |
| train/                  |                |
|    approx_kl            | 0.009869284    |
|    clip_fraction        | 0.101          |
|    clip_range           | 0.2            |
|    entropy_loss         | -17.4          |
|    explained_variance   | -0.00010430813 |
|    learning_rate        | 0.0003         |
|    loss                 | 6.94           |
|    n_updates            | 860            |
|    policy_gradient_loss | -0.0133        |
|    std                  | 1.03           |
|    value_loss           | 17.1           |
--------------------------------------------
--------------------------------------------
| rollout/                |                |
|    ep_len_mean          | 1.44e+03       |
|    ep_rew_mean          | 1.44e+03       |
| time/                   |                |
|    fps                  | 681            |
|    iterations           | 88             |
|    time_elapsed         | 132            |
|    total_timesteps      | 90112          |
| train/                  |                |
|    approx_kl            | 0.018840633    |
|    clip_fraction        | 0.25           |
|    clip_range           | 0.2            |
|    entropy_loss         | -17.4          |
|    explained_variance   | -0.00016403198 |
|    learning_rate        | 0.0003         |
|    loss                 | 6.58           |
|    n_updates            | 870            |
|    policy_gradient_loss | -0.0153        |
|    std                  | 1.03           |
|    value_loss           | 16.2           |
--------------------------------------------
-------------------------------------------
| rollout/                |               |
|    ep_len_mean          | 1.44e+03      |
|    ep_rew_mean          | 1.44e+03      |
| time/                   |               |
|    fps                  | 681           |
|    iterations           | 89            |
|    time_elapsed         | 133           |
|    total_timesteps      | 91136         |
| train/                  |               |
|    approx_kl            | 0.02319898    |
|    clip_fraction        | 0.264         |
|    clip_range           | 0.2           |
|    entropy_loss         | -17.4         |
|    explained_variance   | -4.887581e-05 |
|    learning_rate        | 0.0003        |
|    loss                 | 6.11          |
|    n_updates            | 880           |
|    policy_gradient_loss | -0.0218       |
|    std                  | 1.03          |
|    value_loss           | 15.1          |
-------------------------------------------
--------------------------------------------
| rollout/                |                |
|    ep_len_mean          | 1.44e+03       |
|    ep_rew_mean          | 1.44e+03       |
| time/                   |                |
|    fps                  | 681            |
|    iterations           | 90             |
|    time_elapsed         | 135            |
|    total_timesteps      | 92160          |
| train/                  |                |
|    approx_kl            | 0.014335468    |
|    clip_fraction        | 0.226          |
|    clip_range           | 0.2            |
|    entropy_loss         | -17.4          |
|    explained_variance   | -1.2993813e-05 |
|    learning_rate        | 0.0003         |
|    loss                 | 5.58           |
|    n_updates            | 890            |
|    policy_gradient_loss | -0.0183        |
|    std                  | 1.03           |
|    value_loss           | 14.1           |
--------------------------------------------
-------------------------------------------
| rollout/                |               |
|    ep_len_mean          | 1.44e+03      |
|    ep_rew_mean          | 1.44e+03      |
| time/                   |               |
|    fps                  | 680           |
|    iterations           | 91            |
|    time_elapsed         | 136           |
|    total_timesteps      | 93184         |
| train/                  |               |
|    approx_kl            | 0.013457106   |
|    clip_fraction        | 0.222         |
|    clip_range           | 0.2           |
|    entropy_loss         | -17.4         |
|    explained_variance   | -8.666515e-05 |
|    learning_rate        | 0.0003        |
|    loss                 | 5.32          |
|    n_updates            | 900           |
|    policy_gradient_loss | -0.0152       |
|    std                  | 1.03          |
|    value_loss           | 13.4          |
-------------------------------------------
-------------------------------------------
| rollout/                |               |
|    ep_len_mean          | 1.44e+03      |
|    ep_rew_mean          | 1.44e+03      |
| time/                   |               |
|    fps                  | 680           |
|    iterations           | 92            |
|    time_elapsed         | 138           |
|    total_timesteps      | 94208         |
| train/                  |               |
|    approx_kl            | 0.0142575875  |
|    clip_fraction        | 0.174         |
|    clip_range           | 0.2           |
|    entropy_loss         | -17.4         |
|    explained_variance   | -7.545948e-05 |
|    learning_rate        | 0.0003        |
|    loss                 | 4.96          |
|    n_updates            | 910           |
|    policy_gradient_loss | -0.0176       |
|    std                  | 1.03          |
|    value_loss           | 12.5          |
-------------------------------------------
-------------------------------------------
| rollout/                |               |
|    ep_len_mean          | 1.44e+03      |
|    ep_rew_mean          | 1.44e+03      |
| time/                   |               |
|    fps                  | 681           |
|    iterations           | 93            |
|    time_elapsed         | 139           |
|    total_timesteps      | 95232         |
| train/                  |               |
|    approx_kl            | 0.01614152    |
|    clip_fraction        | 0.169         |
|    clip_range           | 0.2           |
|    entropy_loss         | -17.4         |
|    explained_variance   | 2.3722649e-05 |
|    learning_rate        | 0.0003        |
|    loss                 | 4.4           |
|    n_updates            | 920           |
|    policy_gradient_loss | -0.0174       |
|    std                  | 1.03          |
|    value_loss           | 11.3          |
-------------------------------------------
-------------------------------------------
| rollout/                |               |
|    ep_len_mean          | 1.44e+03      |
|    ep_rew_mean          | 1.44e+03      |
| time/                   |               |
|    fps                  | 681           |
|    iterations           | 94            |
|    time_elapsed         | 141           |
|    total_timesteps      | 96256         |
| train/                  |               |
|    approx_kl            | 0.016725522   |
|    clip_fraction        | 0.23          |
|    clip_range           | 0.2           |
|    entropy_loss         | -17.4         |
|    explained_variance   | -8.761883e-05 |
|    learning_rate        | 0.0003        |
|    loss                 | 4.01          |
|    n_updates            | 930           |
|    policy_gradient_loss | -0.0194       |
|    std                  | 1.03          |
|    value_loss           | 10.5          |
-------------------------------------------
--------------------------------------------
| rollout/                |                |
|    ep_len_mean          | 1.44e+03       |
|    ep_rew_mean          | 1.44e+03       |
| time/                   |                |
|    fps                  | 681            |
|    iterations           | 95             |
|    time_elapsed         | 142            |
|    total_timesteps      | 97280          |
| train/                  |                |
|    approx_kl            | 0.018321086    |
|    clip_fraction        | 0.192          |
|    clip_range           | 0.2            |
|    entropy_loss         | -17.4          |
|    explained_variance   | -0.00011789799 |
|    learning_rate        | 0.0003         |
|    loss                 | 3.78           |
|    n_updates            | 940            |
|    policy_gradient_loss | -0.016         |
|    std                  | 1.03           |
|    value_loss           | 9.83           |
--------------------------------------------
-------------------------------------------
| rollout/                |               |
|    ep_len_mean          | 1.44e+03      |
|    ep_rew_mean          | 1.44e+03      |
| time/                   |               |
|    fps                  | 681           |
|    iterations           | 96            |
|    time_elapsed         | 144           |
|    total_timesteps      | 98304         |
| train/                  |               |
|    approx_kl            | 0.014575116   |
|    clip_fraction        | 0.232         |
|    clip_range           | 0.2           |
|    entropy_loss         | -17.4         |
|    explained_variance   | -9.346008e-05 |
|    learning_rate        | 0.0003        |
|    loss                 | 3.23          |
|    n_updates            | 950           |
|    policy_gradient_loss | -0.0212       |
|    std                  | 1.04          |
|    value_loss           | 8.78          |
-------------------------------------------
--------------------------------------------
| rollout/                |                |
|    ep_len_mean          | 1.44e+03       |
|    ep_rew_mean          | 1.44e+03       |
| time/                   |                |
|    fps                  | 681            |
|    iterations           | 97             |
|    time_elapsed         | 145            |
|    total_timesteps      | 99328          |
| train/                  |                |
|    approx_kl            | 0.01955644     |
|    clip_fraction        | 0.233          |
|    clip_range           | 0.2            |
|    entropy_loss         | -17.4          |
|    explained_variance   | -0.00012683868 |
|    learning_rate        | 0.0003         |
|    loss                 | 2.96           |
|    n_updates            | 960            |
|    policy_gradient_loss | -0.02          |
|    std                  | 1.03           |
|    value_loss           | 7.97           |
--------------------------------------------
-------------------------------------------
| rollout/                |               |
|    ep_len_mean          | 1.44e+03      |
|    ep_rew_mean          | 1.44e+03      |
| time/                   |               |
|    fps                  | 681           |
|    iterations           | 98            |
|    time_elapsed         | 147           |
|    total_timesteps      | 100352        |
| train/                  |               |
|    approx_kl            | 0.017467037   |
|    clip_fraction        | 0.183         |
|    clip_range           | 0.2           |
|    entropy_loss         | -17.4         |
|    explained_variance   | -8.666515e-05 |
|    learning_rate        | 0.0003        |
|    loss                 | 2.79          |
|    n_updates            | 970           |
|    policy_gradient_loss | -0.0196       |
|    std                  | 1.04          |
|    value_loss           | 7.61          |
-------------------------------------------
-------------------------------------------
| rollout/                |               |
|    ep_len_mean          | 1.44e+03      |
|    ep_rew_mean          | 1.44e+03      |
| time/                   |               |
|    fps                  | 681           |
|    iterations           | 99            |
|    time_elapsed         | 148           |
|    total_timesteps      | 101376        |
| train/                  |               |
|    approx_kl            | 0.020885464   |
|    clip_fraction        | 0.234         |
|    clip_range           | 0.2           |
|    entropy_loss         | -17.4         |
|    explained_variance   | -0.0002053976 |
|    learning_rate        | 0.0003        |
|    loss                 | 2.5           |
|    n_updates            | 980           |
|    policy_gradient_loss | -0.0232       |
|    std                  | 1.04          |
|    value_loss           | 6.83          |
-------------------------------------------
--------------------------------------------
| rollout/                |                |
|    ep_len_mean          | 1.44e+03       |
|    ep_rew_mean          | 1.45e+03       |
| time/                   |                |
|    fps                  | 681            |
|    iterations           | 100            |
|    time_elapsed         | 150            |
|    total_timesteps      | 102400         |
| train/                  |                |
|    approx_kl            | 0.013971285    |
|    clip_fraction        | 0.211          |
|    clip_range           | 0.2            |
|    entropy_loss         | -17.4          |
|    explained_variance   | -4.4107437e-05 |
|    learning_rate        | 0.0003         |
|    loss                 | 2.16           |
|    n_updates            | 990            |
|    policy_gradient_loss | -0.0199        |
|    std                  | 1.04           |
|    value_loss           | 6.14           |
--------------------------------------------
-------------------------------------------
| rollout/                |               |
|    ep_len_mean          | 1.44e+03      |
|    ep_rew_mean          | 1.45e+03      |
| time/                   |               |
|    fps                  | 681           |
|    iterations           | 101           |
|    time_elapsed         | 151           |
|    total_timesteps      | 103424        |
| train/                  |               |
|    approx_kl            | 0.016660228   |
|    clip_fraction        | 0.219         |
|    clip_range           | 0.2           |
|    entropy_loss         | -17.4         |
|    explained_variance   | -4.720688e-05 |
|    learning_rate        | 0.0003        |
|    loss                 | 1.98          |
|    n_updates            | 1000          |
|    policy_gradient_loss | -0.0195       |
|    std                  | 1.03          |
|    value_loss           | 5.61          |
-------------------------------------------
-------------------------------------------
| rollout/                |               |
|    ep_len_mean          | 1.44e+03      |
|    ep_rew_mean          | 1.45e+03      |
| time/                   |               |
|    fps                  | 681           |
|    iterations           | 102           |
|    time_elapsed         | 153           |
|    total_timesteps      | 104448        |
| train/                  |               |
|    approx_kl            | 0.016229268   |
|    clip_fraction        | 0.173         |
|    clip_range           | 0.2           |
|    entropy_loss         | -17.4         |
|    explained_variance   | -0.0001295805 |
|    learning_rate        | 0.0003        |
|    loss                 | 1.71          |
|    n_updates            | 1010          |
|    policy_gradient_loss | -0.0149       |
|    std                  | 1.03          |
|    value_loss           | 5.08          |
-------------------------------------------
--------------------------------------------
| rollout/                |                |
|    ep_len_mean          | 1.44e+03       |
|    ep_rew_mean          | 1.45e+03       |
| time/                   |                |
|    fps                  | 682            |
|    iterations           | 103            |
|    time_elapsed         | 154            |
|    total_timesteps      | 105472         |
| train/                  |                |
|    approx_kl            | 0.016277552    |
|    clip_fraction        | 0.203          |
|    clip_range           | 0.2            |
|    entropy_loss         | -17.4          |
|    explained_variance   | -3.8146973e-05 |
|    learning_rate        | 0.0003         |
|    loss                 | 1.44           |
|    n_updates            | 1020           |
|    policy_gradient_loss | -0.0185        |
|    std                  | 1.03           |
|    value_loss           | 4.44           |
--------------------------------------------
------------------------------------------
| rollout/                |              |
|    ep_len_mean          | 1.44e+03     |
|    ep_rew_mean          | 1.45e+03     |
| time/                   |              |
|    fps                  | 682          |
|    iterations           | 104          |
|    time_elapsed         | 156          |
|    total_timesteps      | 106496       |
| train/                  |              |
|    approx_kl            | 0.013772661  |
|    clip_fraction        | 0.219        |
|    clip_range           | 0.2          |
|    entropy_loss         | -17.4        |
|    explained_variance   | 7.337332e-05 |
|    learning_rate        | 0.0003       |
|    loss                 | 1.23         |
|    n_updates            | 1030         |
|    policy_gradient_loss | -0.0174      |
|    std                  | 1.04         |
|    value_loss           | 3.89         |
------------------------------------------
-------------------------------------------
| rollout/                |               |
|    ep_len_mean          | 1.44e+03      |
|    ep_rew_mean          | 1.45e+03      |
| time/                   |               |
|    fps                  | 682           |
|    iterations           | 105           |
|    time_elapsed         | 157           |
|    total_timesteps      | 107520        |
| train/                  |               |
|    approx_kl            | 0.017872468   |
|    clip_fraction        | 0.172         |
|    clip_range           | 0.2           |
|    entropy_loss         | -17.4         |
|    explained_variance   | -5.018711e-05 |
|    learning_rate        | 0.0003        |
|    loss                 | 1.09          |
|    n_updates            | 1040          |
|    policy_gradient_loss | -0.019        |
|    std                  | 1.04          |
|    value_loss           | 3.58          |
-------------------------------------------
-------------------------------------------
| rollout/                |               |
|    ep_len_mean          | 1.44e+03      |
|    ep_rew_mean          | 1.45e+03      |
| time/                   |               |
|    fps                  | 682           |
|    iterations           | 106           |
|    time_elapsed         | 159           |
|    total_timesteps      | 108544        |
| train/                  |               |
|    approx_kl            | 0.014219938   |
|    clip_fraction        | 0.206         |
|    clip_range           | 0.2           |
|    entropy_loss         | -17.4         |
|    explained_variance   | 1.7881393e-06 |
|    learning_rate        | 0.0003        |
|    loss                 | 0.903         |
|    n_updates            | 1050          |
|    policy_gradient_loss | -0.0203       |
|    std                  | 1.04          |
|    value_loss           | 3.03          |
-------------------------------------------
-------------------------------------------
| rollout/                |               |
|    ep_len_mean          | 1.44e+03      |
|    ep_rew_mean          | 1.45e+03      |
| time/                   |               |
|    fps                  | 682           |
|    iterations           | 107           |
|    time_elapsed         | 160           |
|    total_timesteps      | 109568        |
| train/                  |               |
|    approx_kl            | 0.0212061     |
|    clip_fraction        | 0.225         |
|    clip_range           | 0.2           |
|    entropy_loss         | -17.4         |
|    explained_variance   | 1.6331673e-05 |
|    learning_rate        | 0.0003        |
|    loss                 | 0.76          |
|    n_updates            | 1060          |
|    policy_gradient_loss | -0.0182       |
|    std                  | 1.03          |
|    value_loss           | 2.69          |
-------------------------------------------
--------------------------------------------
| rollout/                |                |
|    ep_len_mean          | 1.44e+03       |
|    ep_rew_mean          | 1.45e+03       |
| time/                   |                |
|    fps                  | 682            |
|    iterations           | 108            |
|    time_elapsed         | 162            |
|    total_timesteps      | 110592         |
| train/                  |                |
|    approx_kl            | 0.015593047    |
|    clip_fraction        | 0.205          |
|    clip_range           | 0.2            |
|    entropy_loss         | -17.4          |
|    explained_variance   | -5.9843063e-05 |
|    learning_rate        | 0.0003         |
|    loss                 | 0.59           |
|    n_updates            | 1070           |
|    policy_gradient_loss | -0.0222        |
|    std                  | 1.03           |
|    value_loss           | 2.29           |
--------------------------------------------
-------------------------------------------
| rollout/                |               |
|    ep_len_mean          | 1.44e+03      |
|    ep_rew_mean          | 1.45e+03      |
| time/                   |               |
|    fps                  | 682           |
|    iterations           | 109           |
|    time_elapsed         | 163           |
|    total_timesteps      | 111616        |
| train/                  |               |
|    approx_kl            | 0.013627352   |
|    clip_fraction        | 0.18          |
|    clip_range           | 0.2           |
|    entropy_loss         | -17.4         |
|    explained_variance   | -1.013279e-05 |
|    learning_rate        | 0.0003        |
|    loss                 | 0.487         |
|    n_updates            | 1080          |
|    policy_gradient_loss | -0.017        |
|    std                  | 1.03          |
|    value_loss           | 1.98          |
-------------------------------------------
--------------------------------------------
| rollout/                |                |
|    ep_len_mean          | 1.44e+03       |
|    ep_rew_mean          | 1.45e+03       |
| time/                   |                |
|    fps                  | 682            |
|    iterations           | 110            |
|    time_elapsed         | 165            |
|    total_timesteps      | 112640         |
| train/                  |                |
|    approx_kl            | 0.021792118    |
|    clip_fraction        | 0.195          |
|    clip_range           | 0.2            |
|    entropy_loss         | -17.4          |
|    explained_variance   | -1.4305115e-06 |
|    learning_rate        | 0.0003         |
|    loss                 | 0.35           |
|    n_updates            | 1090           |
|    policy_gradient_loss | -0.0227        |
|    std                  | 1.03           |
|    value_loss           | 1.6            |
--------------------------------------------
------------------------------------------
| rollout/                |              |
|    ep_len_mean          | 1.44e+03     |
|    ep_rew_mean          | 1.45e+03     |
| time/                   |              |
|    fps                  | 682          |
|    iterations           | 111          |
|    time_elapsed         | 166          |
|    total_timesteps      | 113664       |
| train/                  |              |
|    approx_kl            | 0.022982769  |
|    clip_fraction        | 0.237        |
|    clip_range           | 0.2          |
|    entropy_loss         | -17.4        |
|    explained_variance   | 4.273653e-05 |
|    learning_rate        | 0.0003       |
|    loss                 | 0.27         |
|    n_updates            | 1100         |
|    policy_gradient_loss | -0.0218      |
|    std                  | 1.03         |
|    value_loss           | 1.31         |
------------------------------------------
--------------------------------------------
| rollout/                |                |
|    ep_len_mean          | 1.44e+03       |
|    ep_rew_mean          | 1.45e+03       |
| time/                   |                |
|    fps                  | 682            |
|    iterations           | 112            |
|    time_elapsed         | 168            |
|    total_timesteps      | 114688         |
| train/                  |                |
|    approx_kl            | 0.014670491    |
|    clip_fraction        | 0.194          |
|    clip_range           | 0.2            |
|    entropy_loss         | -17.4          |
|    explained_variance   | -0.00011050701 |
|    learning_rate        | 0.0003         |
|    loss                 | 0.191          |
|    n_updates            | 1110           |
|    policy_gradient_loss | -0.0223        |
|    std                  | 1.03           |
|    value_loss           | 1.16           |
--------------------------------------------
-------------------------------------------
| rollout/                |               |
|    ep_len_mean          | 1.44e+03      |
|    ep_rew_mean          | 1.45e+03      |
| time/                   |               |
|    fps                  | 682           |
|    iterations           | 113           |
|    time_elapsed         | 169           |
|    total_timesteps      | 115712        |
| train/                  |               |
|    approx_kl            | 0.020422732   |
|    clip_fraction        | 0.256         |
|    clip_range           | 0.2           |
|    entropy_loss         | -17.4         |
|    explained_variance   | -5.686283e-05 |
|    learning_rate        | 0.0003        |
|    loss                 | 0.118         |
|    n_updates            | 1120          |
|    policy_gradient_loss | -0.0249       |
|    std                  | 1.04          |
|    value_loss           | 0.832         |
-------------------------------------------
-------------------------------------------
| rollout/                |               |
|    ep_len_mean          | 1.44e+03      |
|    ep_rew_mean          | 1.45e+03      |
| time/                   |               |
|    fps                  | 682           |
|    iterations           | 114           |
|    time_elapsed         | 171           |
|    total_timesteps      | 116736        |
| train/                  |               |
|    approx_kl            | 0.020862706   |
|    clip_fraction        | 0.241         |
|    clip_range           | 0.2           |
|    entropy_loss         | -17.5         |
|    explained_variance   | -6.771088e-05 |
|    learning_rate        | 0.0003        |
|    loss                 | 0.0641        |
|    n_updates            | 1130          |
|    policy_gradient_loss | -0.0256       |
|    std                  | 1.04          |
|    value_loss           | 0.684         |
-------------------------------------------
--------------------------------------------
| rollout/                |                |
|    ep_len_mean          | 1.44e+03       |
|    ep_rew_mean          | 1.45e+03       |
| time/                   |                |
|    fps                  | 681            |
|    iterations           | 115            |
|    time_elapsed         | 172            |
|    total_timesteps      | 117760         |
| train/                  |                |
|    approx_kl            | 0.01929997     |
|    clip_fraction        | 0.218          |
|    clip_range           | 0.2            |
|    entropy_loss         | -17.5          |
|    explained_variance   | -1.9073486e-05 |
|    learning_rate        | 0.0003         |
|    loss                 | 0.0244         |
|    n_updates            | 1140           |
|    policy_gradient_loss | -0.0219        |
|    std                  | 1.04           |
|    value_loss           | 0.48           |
--------------------------------------------
-------------------------------------------
| rollout/                |               |
|    ep_len_mean          | 1.44e+03      |
|    ep_rew_mean          | 1.45e+03      |
| time/                   |               |
|    fps                  | 681           |
|    iterations           | 116           |
|    time_elapsed         | 174           |
|    total_timesteps      | 118784        |
| train/                  |               |
|    approx_kl            | 0.01956892    |
|    clip_fraction        | 0.224         |
|    clip_range           | 0.2           |
|    entropy_loss         | -17.4         |
|    explained_variance   | 0.00012469292 |
|    learning_rate        | 0.0003        |
|    loss                 | -0.00383      |
|    n_updates            | 1150          |
|    policy_gradient_loss | -0.0239       |
|    std                  | 1.03          |
|    value_loss           | 0.385         |
-------------------------------------------
-------------------------------------------
| rollout/                |               |
|    ep_len_mean          | 1.44e+03      |
|    ep_rew_mean          | 1.45e+03      |
| time/                   |               |
|    fps                  | 681           |
|    iterations           | 117           |
|    time_elapsed         | 175           |
|    total_timesteps      | 119808        |
| train/                  |               |
|    approx_kl            | 0.016501509   |
|    clip_fraction        | 0.188         |
|    clip_range           | 0.2           |
|    entropy_loss         | -17.4         |
|    explained_variance   | 1.8239021e-05 |
|    learning_rate        | 0.0003        |
|    loss                 | -0.0161       |
|    n_updates            | 1160          |
|    policy_gradient_loss | -0.0182       |
|    std                  | 1.04          |
|    value_loss           | 0.261         |
-------------------------------------------
--------------------------------------------
| rollout/                |                |
|    ep_len_mean          | 1.44e+03       |
|    ep_rew_mean          | 1.45e+03       |
| time/                   |                |
|    fps                  | 682            |
|    iterations           | 118            |
|    time_elapsed         | 177            |
|    total_timesteps      | 120832         |
| train/                  |                |
|    approx_kl            | 0.020082645    |
|    clip_fraction        | 0.206          |
|    clip_range           | 0.2            |
|    entropy_loss         | -17.4          |
|    explained_variance   | -1.6212463e-05 |
|    learning_rate        | 0.0003         |
|    loss                 | -0.0259        |
|    n_updates            | 1170           |
|    policy_gradient_loss | -0.0211        |
|    std                  | 1.04           |
|    value_loss           | 0.146          |
--------------------------------------------
-------------------------------------------
| rollout/                |               |
|    ep_len_mean          | 1.44e+03      |
|    ep_rew_mean          | 1.45e+03      |
| time/                   |               |
|    fps                  | 682           |
|    iterations           | 119           |
|    time_elapsed         | 178           |
|    total_timesteps      | 121856        |
| train/                  |               |
|    approx_kl            | 0.018066805   |
|    clip_fraction        | 0.193         |
|    clip_range           | 0.2           |
|    entropy_loss         | -17.4         |
|    explained_variance   | 4.0769577e-05 |
|    learning_rate        | 0.0003        |
|    loss                 | -0.0331       |
|    n_updates            | 1180          |
|    policy_gradient_loss | -0.0191       |
|    std                  | 1.03          |
|    value_loss           | 0.138         |
-------------------------------------------
-------------------------------------------
| rollout/                |               |
|    ep_len_mean          | 1.44e+03      |
|    ep_rew_mean          | 1.45e+03      |
| time/                   |               |
|    fps                  | 682           |
|    iterations           | 120           |
|    time_elapsed         | 180           |
|    total_timesteps      | 122880        |
| train/                  |               |
|    approx_kl            | 0.016398447   |
|    clip_fraction        | 0.182         |
|    clip_range           | 0.2           |
|    entropy_loss         | -17.4         |
|    explained_variance   | -8.499622e-05 |
|    learning_rate        | 0.0003        |
|    loss                 | -0.0171       |
|    n_updates            | 1190          |
|    policy_gradient_loss | -0.0213       |
|    std                  | 1.03          |
|    value_loss           | 0.0901        |
-------------------------------------------
-------------------------------------------
| rollout/                |               |
|    ep_len_mean          | 1.44e+03      |
|    ep_rew_mean          | 1.45e+03      |
| time/                   |               |
|    fps                  | 682           |
|    iterations           | 121           |
|    time_elapsed         | 181           |
|    total_timesteps      | 123904        |
| train/                  |               |
|    approx_kl            | 0.01656526    |
|    clip_fraction        | 0.19          |
|    clip_range           | 0.2           |
|    entropy_loss         | -17.3         |
|    explained_variance   | 5.6684017e-05 |
|    learning_rate        | 0.0003        |
|    loss                 | -0.0384       |
|    n_updates            | 1200          |
|    policy_gradient_loss | -0.0248       |
|    std                  | 1.02          |
|    value_loss           | 0.0579        |
-------------------------------------------
-----------------------------------------
| rollout/                |             |
|    ep_len_mean          | 1.44e+03    |
|    ep_rew_mean          | 1.45e+03    |
| time/                   |             |
|    fps                  | 682         |
|    iterations           | 122         |
|    time_elapsed         | 183         |
|    total_timesteps      | 124928      |
| train/                  |             |
|    approx_kl            | 0.019363571 |
|    clip_fraction        | 0.188       |
|    clip_range           | 0.2         |
|    entropy_loss         | -17.3       |
|    explained_variance   | 7.44462e-05 |
|    learning_rate        | 0.0003      |
|    loss                 | -0.0253     |
|    n_updates            | 1210        |
|    policy_gradient_loss | -0.0246     |
|    std                  | 1.02        |
|    value_loss           | 0.0393      |
-----------------------------------------
-------------------------------------------
| rollout/                |               |
|    ep_len_mean          | 1.44e+03      |
|    ep_rew_mean          | 1.45e+03      |
| time/                   |               |
|    fps                  | 682           |
|    iterations           | 123           |
|    time_elapsed         | 184           |
|    total_timesteps      | 125952        |
| train/                  |               |
|    approx_kl            | 0.018439556   |
|    clip_fraction        | 0.197         |
|    clip_range           | 0.2           |
|    entropy_loss         | -17.2         |
|    explained_variance   | 8.0764294e-05 |
|    learning_rate        | 0.0003        |
|    loss                 | -0.0357       |
|    n_updates            | 1220          |
|    policy_gradient_loss | -0.0247       |
|    std                  | 1.02          |
|    value_loss           | 0.0454        |
-------------------------------------------
-------------------------------------------
| rollout/                |               |
|    ep_len_mean          | 1.44e+03      |
|    ep_rew_mean          | 1.45e+03      |
| time/                   |               |
|    fps                  | 682           |
|    iterations           | 124           |
|    time_elapsed         | 186           |
|    total_timesteps      | 126976        |
| train/                  |               |
|    approx_kl            | 0.017858919   |
|    clip_fraction        | 0.169         |
|    clip_range           | 0.2           |
|    entropy_loss         | -17.2         |
|    explained_variance   | 0.00013023615 |
|    learning_rate        | 0.0003        |
|    loss                 | -0.0312       |
|    n_updates            | 1230          |
|    policy_gradient_loss | -0.0247       |
|    std                  | 1.01          |
|    value_loss           | 0.0289        |
-------------------------------------------
-------------------------------------------
| rollout/                |               |
|    ep_len_mean          | 1.44e+03      |
|    ep_rew_mean          | 1.45e+03      |
| time/                   |               |
|    fps                  | 682           |
|    iterations           | 125           |
|    time_elapsed         | 187           |
|    total_timesteps      | 128000        |
| train/                  |               |
|    approx_kl            | 0.016092086   |
|    clip_fraction        | 0.148         |
|    clip_range           | 0.2           |
|    entropy_loss         | -17.1         |
|    explained_variance   | 0.00027054548 |
|    learning_rate        | 0.0003        |
|    loss                 | -0.025        |
|    n_updates            | 1240          |
|    policy_gradient_loss | -0.021        |
|    std                  | 1.01          |
|    value_loss           | 0.0194        |
-------------------------------------------
------------------------------------------
| rollout/                |              |
|    ep_len_mean          | 1.44e+03     |
|    ep_rew_mean          | 1.45e+03     |
| time/                   |              |
|    fps                  | 682          |
|    iterations           | 126          |
|    time_elapsed         | 189          |
|    total_timesteps      | 129024       |
| train/                  |              |
|    approx_kl            | 0.020407598  |
|    clip_fraction        | 0.213        |
|    clip_range           | 0.2          |
|    entropy_loss         | -17.1        |
|    explained_variance   | 8.171797e-05 |
|    learning_rate        | 0.0003       |
|    loss                 | -0.0434      |
|    n_updates            | 1250         |
|    policy_gradient_loss | -0.0289      |
|    std                  | 1            |
|    value_loss           | 0.0191       |
------------------------------------------
-------------------------------------------
| rollout/                |               |
|    ep_len_mean          | 1.44e+03      |
|    ep_rew_mean          | 1.45e+03      |
| time/                   |               |
|    fps                  | 682           |
|    iterations           | 127           |
|    time_elapsed         | 190           |
|    total_timesteps      | 130048        |
| train/                  |               |
|    approx_kl            | 0.014124466   |
|    clip_fraction        | 0.193         |
|    clip_range           | 0.2           |
|    entropy_loss         | -17.1         |
|    explained_variance   | 0.00018072128 |
|    learning_rate        | 0.0003        |
|    loss                 | -0.029        |
|    n_updates            | 1260          |
|    policy_gradient_loss | -0.0237       |
|    std                  | 1             |
|    value_loss           | 0.0164        |
-------------------------------------------
------------------------------------------
| rollout/                |              |
|    ep_len_mean          | 1.44e+03     |
|    ep_rew_mean          | 1.45e+03     |
| time/                   |              |
|    fps                  | 682          |
|    iterations           | 128          |
|    time_elapsed         | 192          |
|    total_timesteps      | 131072       |
| train/                  |              |
|    approx_kl            | 0.017191514  |
|    clip_fraction        | 0.191        |
|    clip_range           | 0.2          |
|    entropy_loss         | -17          |
|    explained_variance   | 6.735325e-05 |
|    learning_rate        | 0.0003       |
|    loss                 | -0.0328      |
|    n_updates            | 1270         |
|    policy_gradient_loss | -0.0259      |
|    std                  | 1            |
|    value_loss           | 0.0121       |
------------------------------------------
-------------------------------------------
| rollout/                |               |
|    ep_len_mean          | 1.44e+03      |
|    ep_rew_mean          | 1.45e+03      |
| time/                   |               |
|    fps                  | 682           |
|    iterations           | 129           |
|    time_elapsed         | 193           |
|    total_timesteps      | 132096        |
| train/                  |               |
|    approx_kl            | 0.018423043   |
|    clip_fraction        | 0.222         |
|    clip_range           | 0.2           |
|    entropy_loss         | -17           |
|    explained_variance   | 0.00033128262 |
|    learning_rate        | 0.0003        |
|    loss                 | -0.0487       |
|    n_updates            | 1280          |
|    policy_gradient_loss | -0.0276       |
|    std                  | 1             |
|    value_loss           | 0.0121        |
-------------------------------------------
------------------------------------------
| rollout/                |              |
|    ep_len_mean          | 1.44e+03     |
|    ep_rew_mean          | 1.45e+03     |
| time/                   |              |
|    fps                  | 682          |
|    iterations           | 130          |
|    time_elapsed         | 195          |
|    total_timesteps      | 133120       |
| train/                  |              |
|    approx_kl            | 0.016045403  |
|    clip_fraction        | 0.206        |
|    clip_range           | 0.2          |
|    entropy_loss         | -17          |
|    explained_variance   | 0.0005183816 |
|    learning_rate        | 0.0003       |
|    loss                 | -0.0438      |
|    n_updates            | 1290         |
|    policy_gradient_loss | -0.0253      |
|    std                  | 0.997        |
|    value_loss           | 0.0121       |
------------------------------------------
-------------------------------------------
| rollout/                |               |
|    ep_len_mean          | 1.44e+03      |
|    ep_rew_mean          | 1.45e+03      |
| time/                   |               |
|    fps                  | 682           |
|    iterations           | 131           |
|    time_elapsed         | 196           |
|    total_timesteps      | 134144        |
| train/                  |               |
|    approx_kl            | 0.01744606    |
|    clip_fraction        | 0.154         |
|    clip_range           | 0.2           |
|    entropy_loss         | -17           |
|    explained_variance   | -0.0001757145 |
|    learning_rate        | 0.0003        |
|    loss                 | -0.0435       |
|    n_updates            | 1300          |
|    policy_gradient_loss | -0.0241       |
|    std                  | 0.996         |
|    value_loss           | 0.00824       |
-------------------------------------------
------------------------------------------
| rollout/                |              |
|    ep_len_mean          | 1.44e+03     |
|    ep_rew_mean          | 1.45e+03     |
| time/                   |              |
|    fps                  | 682          |
|    iterations           | 132          |
|    time_elapsed         | 198          |
|    total_timesteps      | 135168       |
| train/                  |              |
|    approx_kl            | 0.01606267   |
|    clip_fraction        | 0.195        |
|    clip_range           | 0.2          |
|    entropy_loss         | -16.9        |
|    explained_variance   | 0.0004104972 |
|    learning_rate        | 0.0003       |
|    loss                 | -0.0338      |
|    n_updates            | 1310         |
|    policy_gradient_loss | -0.026       |
|    std                  | 0.993        |
|    value_loss           | 0.00806      |
------------------------------------------
-------------------------------------------
| rollout/                |               |
|    ep_len_mean          | 1.44e+03      |
|    ep_rew_mean          | 1.45e+03      |
| time/                   |               |
|    fps                  | 682           |
|    iterations           | 133           |
|    time_elapsed         | 199           |
|    total_timesteps      | 136192        |
| train/                  |               |
|    approx_kl            | 0.016260255   |
|    clip_fraction        | 0.171         |
|    clip_range           | 0.2           |
|    entropy_loss         | -16.9         |
|    explained_variance   | 0.00040209293 |
|    learning_rate        | 0.0003        |
|    loss                 | -0.0334       |
|    n_updates            | 1320          |
|    policy_gradient_loss | -0.0259       |
|    std                  | 0.991         |
|    value_loss           | 0.00931       |
-------------------------------------------
------------------------------------------
| rollout/                |              |
|    ep_len_mean          | 1.44e+03     |
|    ep_rew_mean          | 1.45e+03     |
| time/                   |              |
|    fps                  | 682          |
|    iterations           | 134          |
|    time_elapsed         | 201          |
|    total_timesteps      | 137216       |
| train/                  |              |
|    approx_kl            | 0.014503676  |
|    clip_fraction        | 0.176        |
|    clip_range           | 0.2          |
|    entropy_loss         | -16.9        |
|    explained_variance   | 0.0003646016 |
|    learning_rate        | 0.0003       |
|    loss                 | -0.032       |
|    n_updates            | 1330         |
|    policy_gradient_loss | -0.0233      |
|    std                  | 0.988        |
|    value_loss           | 0.00987      |
------------------------------------------
-------------------------------------------
| rollout/                |               |
|    ep_len_mean          | 1.44e+03      |
|    ep_rew_mean          | 1.45e+03      |
| time/                   |               |
|    fps                  | 682           |
|    iterations           | 135           |
|    time_elapsed         | 202           |
|    total_timesteps      | 138240        |
| train/                  |               |
|    approx_kl            | 0.013177722   |
|    clip_fraction        | 0.182         |
|    clip_range           | 0.2           |
|    entropy_loss         | -16.8         |
|    explained_variance   | 0.00033468008 |
|    learning_rate        | 0.0003        |
|    loss                 | -0.0321       |
|    n_updates            | 1340          |
|    policy_gradient_loss | -0.0239       |
|    std                  | 0.983         |
|    value_loss           | 0.0145        |
-------------------------------------------
------------------------------------------
| rollout/                |              |
|    ep_len_mean          | 1.44e+03     |
|    ep_rew_mean          | 1.45e+03     |
| time/                   |              |
|    fps                  | 682          |
|    iterations           | 136          |
|    time_elapsed         | 204          |
|    total_timesteps      | 139264       |
| train/                  |              |
|    approx_kl            | 0.015442303  |
|    clip_fraction        | 0.194        |
|    clip_range           | 0.2          |
|    entropy_loss         | -16.8        |
|    explained_variance   | 0.0001642704 |
|    learning_rate        | 0.0003       |
|    loss                 | -0.0405      |
|    n_updates            | 1350         |
|    policy_gradient_loss | -0.0267      |
|    std                  | 0.978        |
|    value_loss           | 0.00808      |
------------------------------------------
------------------------------------------
| rollout/                |              |
|    ep_len_mean          | 1.44e+03     |
|    ep_rew_mean          | 1.45e+03     |
| time/                   |              |
|    fps                  | 682          |
|    iterations           | 137          |
|    time_elapsed         | 205          |
|    total_timesteps      | 140288       |
| train/                  |              |
|    approx_kl            | 0.014576429  |
|    clip_fraction        | 0.172        |
|    clip_range           | 0.2          |
|    entropy_loss         | -16.7        |
|    explained_variance   | 0.0006200671 |
|    learning_rate        | 0.0003       |
|    loss                 | -0.0337      |
|    n_updates            | 1360         |
|    policy_gradient_loss | -0.0244      |
|    std                  | 0.978        |
|    value_loss           | 0.00711      |
------------------------------------------
-------------------------------------------
| rollout/                |               |
|    ep_len_mean          | 1.44e+03      |
|    ep_rew_mean          | 1.45e+03      |
| time/                   |               |
|    fps                  | 682           |
|    iterations           | 138           |
|    time_elapsed         | 207           |
|    total_timesteps      | 141312        |
| train/                  |               |
|    approx_kl            | 0.015829409   |
|    clip_fraction        | 0.166         |
|    clip_range           | 0.2           |
|    entropy_loss         | -16.7         |
|    explained_variance   | 0.00041550398 |
|    learning_rate        | 0.0003        |
|    loss                 | -0.0269       |
|    n_updates            | 1370          |
|    policy_gradient_loss | -0.0206       |
|    std                  | 0.978         |
|    value_loss           | 0.0126        |
-------------------------------------------
-------------------------------------------
| rollout/                |               |
|    ep_len_mean          | 1.44e+03      |
|    ep_rew_mean          | 1.45e+03      |
| time/                   |               |
|    fps                  | 681           |
|    iterations           | 139           |
|    time_elapsed         | 208           |
|    total_timesteps      | 142336        |
| train/                  |               |
|    approx_kl            | 0.0141169485  |
|    clip_fraction        | 0.199         |
|    clip_range           | 0.2           |
|    entropy_loss         | -16.8         |
|    explained_variance   | 9.9897385e-05 |
|    learning_rate        | 0.0003        |
|    loss                 | -0.0255       |
|    n_updates            | 1380          |
|    policy_gradient_loss | -0.0247       |
|    std                  | 0.982         |
|    value_loss           | 0.0128        |
-------------------------------------------
-----------------------------------------
| rollout/                |             |
|    ep_len_mean          | 1.44e+03    |
|    ep_rew_mean          | 1.45e+03    |
| time/                   |             |
|    fps                  | 681         |
|    iterations           | 140         |
|    time_elapsed         | 210         |
|    total_timesteps      | 143360      |
| train/                  |             |
|    approx_kl            | 0.012668985 |
|    clip_fraction        | 0.136       |
|    clip_range           | 0.2         |
|    entropy_loss         | -16.8       |
|    explained_variance   | 0.000536263 |
|    learning_rate        | 0.0003      |
|    loss                 | -0.0303     |
|    n_updates            | 1390        |
|    policy_gradient_loss | -0.0202     |
|    std                  | 0.981       |
|    value_loss           | 0.00635     |
-----------------------------------------
-------------------------------------------
| rollout/                |               |
|    ep_len_mean          | 1.44e+03      |
|    ep_rew_mean          | 1.45e+03      |
| time/                   |               |
|    fps                  | 681           |
|    iterations           | 141           |
|    time_elapsed         | 211           |
|    total_timesteps      | 144384        |
| train/                  |               |
|    approx_kl            | 0.015342051   |
|    clip_fraction        | 0.189         |
|    clip_range           | 0.2           |
|    entropy_loss         | -16.8         |
|    explained_variance   | 0.00015068054 |
|    learning_rate        | 0.0003        |
|    loss                 | -0.0373       |
|    n_updates            | 1400          |
|    policy_gradient_loss | -0.0246       |
|    std                  | 0.981         |
|    value_loss           | 0.00746       |
-------------------------------------------
-------------------------------------------
| rollout/                |               |
|    ep_len_mean          | 1.44e+03      |
|    ep_rew_mean          | 1.45e+03      |
| time/                   |               |
|    fps                  | 681           |
|    iterations           | 142           |
|    time_elapsed         | 213           |
|    total_timesteps      | 145408        |
| train/                  |               |
|    approx_kl            | 0.014773342   |
|    clip_fraction        | 0.18          |
|    clip_range           | 0.2           |
|    entropy_loss         | -16.8         |
|    explained_variance   | 0.00030958652 |
|    learning_rate        | 0.0003        |
|    loss                 | -0.0257       |
|    n_updates            | 1410          |
|    policy_gradient_loss | -0.024        |
|    std                  | 0.983         |
|    value_loss           | 0.00573       |
-------------------------------------------
-------------------------------------------
| rollout/                |               |
|    ep_len_mean          | 1.44e+03      |
|    ep_rew_mean          | 1.45e+03      |
| time/                   |               |
|    fps                  | 681           |
|    iterations           | 143           |
|    time_elapsed         | 214           |
|    total_timesteps      | 146432        |
| train/                  |               |
|    approx_kl            | 0.015089338   |
|    clip_fraction        | 0.176         |
|    clip_range           | 0.2           |
|    entropy_loss         | -16.8         |
|    explained_variance   | 0.00022596121 |
|    learning_rate        | 0.0003        |
|    loss                 | -0.0281       |
|    n_updates            | 1420          |
|    policy_gradient_loss | -0.0232       |
|    std                  | 0.983         |
|    value_loss           | 0.00889       |
-------------------------------------------
------------------------------------------
| rollout/                |              |
|    ep_len_mean          | 1.44e+03     |
|    ep_rew_mean          | 1.45e+03     |
| time/                   |              |
|    fps                  | 681          |
|    iterations           | 144          |
|    time_elapsed         | 216          |
|    total_timesteps      | 147456       |
| train/                  |              |
|    approx_kl            | 0.014594104  |
|    clip_fraction        | 0.178        |
|    clip_range           | 0.2          |
|    entropy_loss         | -16.8        |
|    explained_variance   | 0.0001309514 |
|    learning_rate        | 0.0003       |
|    loss                 | -0.0395      |
|    n_updates            | 1430         |
|    policy_gradient_loss | -0.0227      |
|    std                  | 0.983        |
|    value_loss           | 0.00671      |
------------------------------------------
-------------------------------------------
| rollout/                |               |
|    ep_len_mean          | 1.44e+03      |
|    ep_rew_mean          | 1.45e+03      |
| time/                   |               |
|    fps                  | 681           |
|    iterations           | 145           |
|    time_elapsed         | 217           |
|    total_timesteps      | 148480        |
| train/                  |               |
|    approx_kl            | 0.013179393   |
|    clip_fraction        | 0.165         |
|    clip_range           | 0.2           |
|    entropy_loss         | -16.8         |
|    explained_variance   | 0.00022691488 |
|    learning_rate        | 0.0003        |
|    loss                 | -0.0234       |
|    n_updates            | 1440          |
|    policy_gradient_loss | -0.0202       |
|    std                  | 0.981         |
|    value_loss           | 0.00603       |
-------------------------------------------
------------------------------------------
| rollout/                |              |
|    ep_len_mean          | 1.44e+03     |
|    ep_rew_mean          | 1.45e+03     |
| time/                   |              |
|    fps                  | 681          |
|    iterations           | 146          |
|    time_elapsed         | 219          |
|    total_timesteps      | 149504       |
| train/                  |              |
|    approx_kl            | 0.015239774  |
|    clip_fraction        | 0.189        |
|    clip_range           | 0.2          |
|    entropy_loss         | -16.8        |
|    explained_variance   | 0.0005530715 |
|    learning_rate        | 0.0003       |
|    loss                 | -0.0415      |
|    n_updates            | 1450         |
|    policy_gradient_loss | -0.0245      |
|    std                  | 0.979        |
|    value_loss           | 0.00925      |
------------------------------------------
-------------------------------------------
| rollout/                |               |
|    ep_len_mean          | 1.44e+03      |
|    ep_rew_mean          | 1.45e+03      |
| time/                   |               |
|    fps                  | 681           |
|    iterations           | 147           |
|    time_elapsed         | 220           |
|    total_timesteps      | 150528        |
| train/                  |               |
|    approx_kl            | 0.01707549    |
|    clip_fraction        | 0.193         |
|    clip_range           | 0.2           |
|    entropy_loss         | -16.7         |
|    explained_variance   | 0.00046360493 |
|    learning_rate        | 0.0003        |
|    loss                 | -0.0305       |
|    n_updates            | 1460          |
|    policy_gradient_loss | -0.0248       |
|    std                  | 0.977         |
|    value_loss           | 0.00603       |
-------------------------------------------
-------------------------------------------
| rollout/                |               |
|    ep_len_mean          | 1.44e+03      |
|    ep_rew_mean          | 1.45e+03      |
| time/                   |               |
|    fps                  | 681           |
|    iterations           | 148           |
|    time_elapsed         | 222           |
|    total_timesteps      | 151552        |
| train/                  |               |
|    approx_kl            | 0.014033319   |
|    clip_fraction        | 0.128         |
|    clip_range           | 0.2           |
|    entropy_loss         | -16.7         |
|    explained_variance   | 0.00039756298 |
|    learning_rate        | 0.0003        |
|    loss                 | -0.0298       |
|    n_updates            | 1470          |
|    policy_gradient_loss | -0.0183       |
|    std                  | 0.975         |
|    value_loss           | 0.0069        |
-------------------------------------------
-------------------------------------------
| rollout/                |               |
|    ep_len_mean          | 1.44e+03      |
|    ep_rew_mean          | 1.45e+03      |
| time/                   |               |
|    fps                  | 681           |
|    iterations           | 149           |
|    time_elapsed         | 223           |
|    total_timesteps      | 152576        |
| train/                  |               |
|    approx_kl            | 0.013461944   |
|    clip_fraction        | 0.16          |
|    clip_range           | 0.2           |
|    entropy_loss         | -16.7         |
|    explained_variance   | 0.00013452768 |
|    learning_rate        | 0.0003        |
|    loss                 | -0.0222       |
|    n_updates            | 1480          |
|    policy_gradient_loss | -0.0225       |
|    std                  | 0.974         |
|    value_loss           | 0.00657       |
-------------------------------------------
-------------------------------------------
| rollout/                |               |
|    ep_len_mean          | 1.44e+03      |
|    ep_rew_mean          | 1.45e+03      |
| time/                   |               |
|    fps                  | 681           |
|    iterations           | 150           |
|    time_elapsed         | 225           |
|    total_timesteps      | 153600        |
| train/                  |               |
|    approx_kl            | 0.013819406   |
|    clip_fraction        | 0.174         |
|    clip_range           | 0.2           |
|    entropy_loss         | -16.7         |
|    explained_variance   | 0.00036233664 |
|    learning_rate        | 0.0003        |
|    loss                 | -0.0452       |
|    n_updates            | 1490          |
|    policy_gradient_loss | -0.0222       |
|    std                  | 0.973         |
|    value_loss           | 0.00556       |
-------------------------------------------
-------------------------------------------
| rollout/                |               |
|    ep_len_mean          | 1.44e+03      |
|    ep_rew_mean          | 1.45e+03      |
| time/                   |               |
|    fps                  | 681           |
|    iterations           | 151           |
|    time_elapsed         | 226           |
|    total_timesteps      | 154624        |
| train/                  |               |
|    approx_kl            | 0.012168398   |
|    clip_fraction        | 0.157         |
|    clip_range           | 0.2           |
|    entropy_loss         | -16.7         |
|    explained_variance   | 0.00050389767 |
|    learning_rate        | 0.0003        |
|    loss                 | -0.0251       |
|    n_updates            | 1500          |
|    policy_gradient_loss | -0.0225       |
|    std                  | 0.974         |
|    value_loss           | 0.00646       |
-------------------------------------------
------------------------------------------
| rollout/                |              |
|    ep_len_mean          | 1.44e+03     |
|    ep_rew_mean          | 1.45e+03     |
| time/                   |              |
|    fps                  | 681          |
|    iterations           | 152          |
|    time_elapsed         | 228          |
|    total_timesteps      | 155648       |
| train/                  |              |
|    approx_kl            | 0.014256388  |
|    clip_fraction        | 0.16         |
|    clip_range           | 0.2          |
|    entropy_loss         | -16.7        |
|    explained_variance   | 0.0006414056 |
|    learning_rate        | 0.0003       |
|    loss                 | -0.0262      |
|    n_updates            | 1510         |
|    policy_gradient_loss | -0.02        |
|    std                  | 0.973        |
|    value_loss           | 0.00744      |
------------------------------------------
-------------------------------------------
| rollout/                |               |
|    ep_len_mean          | 1.44e+03      |
|    ep_rew_mean          | 1.45e+03      |
| time/                   |               |
|    fps                  | 681           |
|    iterations           | 153           |
|    time_elapsed         | 229           |
|    total_timesteps      | 156672        |
| train/                  |               |
|    approx_kl            | 0.020362616   |
|    clip_fraction        | 0.203         |
|    clip_range           | 0.2           |
|    entropy_loss         | -16.7         |
|    explained_variance   | 0.00067800283 |
|    learning_rate        | 0.0003        |
|    loss                 | -0.0325       |
|    n_updates            | 1520          |
|    policy_gradient_loss | -0.0262       |
|    std                  | 0.973         |
|    value_loss           | 0.00689       |
-------------------------------------------
------------------------------------------
| rollout/                |              |
|    ep_len_mean          | 1.44e+03     |
|    ep_rew_mean          | 1.45e+03     |
| time/                   |              |
|    fps                  | 681          |
|    iterations           | 154          |
|    time_elapsed         | 231          |
|    total_timesteps      | 157696       |
| train/                  |              |
|    approx_kl            | 0.013633892  |
|    clip_fraction        | 0.152        |
|    clip_range           | 0.2          |
|    entropy_loss         | -16.7        |
|    explained_variance   | 0.0001476407 |
|    learning_rate        | 0.0003       |
|    loss                 | -0.0278      |
|    n_updates            | 1530         |
|    policy_gradient_loss | -0.0209      |
|    std                  | 0.973        |
|    value_loss           | 0.00879      |
------------------------------------------
-------------------------------------------
| rollout/                |               |
|    ep_len_mean          | 1.44e+03      |
|    ep_rew_mean          | 1.45e+03      |
| time/                   |               |
|    fps                  | 681           |
|    iterations           | 155           |
|    time_elapsed         | 232           |
|    total_timesteps      | 158720        |
| train/                  |               |
|    approx_kl            | 0.013990801   |
|    clip_fraction        | 0.203         |
|    clip_range           | 0.2           |
|    entropy_loss         | -16.7         |
|    explained_variance   | 0.00018876791 |
|    learning_rate        | 0.0003        |
|    loss                 | -0.0297       |
|    n_updates            | 1540          |
|    policy_gradient_loss | -0.0269       |
|    std                  | 0.972         |
|    value_loss           | 0.00913       |
-------------------------------------------
-----------------------------------------
| rollout/                |             |
|    ep_len_mean          | 1.44e+03    |
|    ep_rew_mean          | 1.45e+03    |
| time/                   |             |
|    fps                  | 681         |
|    iterations           | 156         |
|    time_elapsed         | 234         |
|    total_timesteps      | 159744      |
| train/                  |             |
|    approx_kl            | 0.018705301 |
|    clip_fraction        | 0.216       |
|    clip_range           | 0.2         |
|    entropy_loss         | -16.6       |
|    explained_variance   | 0.000302732 |
|    learning_rate        | 0.0003      |
|    loss                 | -0.0337     |
|    n_updates            | 1550        |
|    policy_gradient_loss | -0.0258     |
|    std                  | 0.97        |
|    value_loss           | 0.00702     |
-----------------------------------------
-------------------------------------------
| rollout/                |               |
|    ep_len_mean          | 1.44e+03      |
|    ep_rew_mean          | 1.45e+03      |
| time/                   |               |
|    fps                  | 681           |
|    iterations           | 157           |
|    time_elapsed         | 235           |
|    total_timesteps      | 160768        |
| train/                  |               |
|    approx_kl            | 0.011202829   |
|    clip_fraction        | 0.12          |
|    clip_range           | 0.2           |
|    entropy_loss         | -16.6         |
|    explained_variance   | 0.00032514334 |
|    learning_rate        | 0.0003        |
|    loss                 | -0.0179       |
|    n_updates            | 1560          |
|    policy_gradient_loss | -0.0201       |
|    std                  | 0.968         |
|    value_loss           | 0.00707       |
-------------------------------------------
-------------------------------------------
| rollout/                |               |
|    ep_len_mean          | 1.44e+03      |
|    ep_rew_mean          | 1.45e+03      |
| time/                   |               |
|    fps                  | 681           |
|    iterations           | 158           |
|    time_elapsed         | 237           |
|    total_timesteps      | 161792        |
| train/                  |               |
|    approx_kl            | 0.015415576   |
|    clip_fraction        | 0.186         |
|    clip_range           | 0.2           |
|    entropy_loss         | -16.6         |
|    explained_variance   | 0.00073468685 |
|    learning_rate        | 0.0003        |
|    loss                 | -0.0295       |
|    n_updates            | 1570          |
|    policy_gradient_loss | -0.0271       |
|    std                  | 0.967         |
|    value_loss           | 0.00739       |
-------------------------------------------
-------------------------------------------
| rollout/                |               |
|    ep_len_mean          | 1.44e+03      |
|    ep_rew_mean          | 1.45e+03      |
| time/                   |               |
|    fps                  | 681           |
|    iterations           | 159           |
|    time_elapsed         | 238           |
|    total_timesteps      | 162816        |
| train/                  |               |
|    approx_kl            | 0.014375244   |
|    clip_fraction        | 0.172         |
|    clip_range           | 0.2           |
|    entropy_loss         | -16.6         |
|    explained_variance   | 0.00042927265 |
|    learning_rate        | 0.0003        |
|    loss                 | -0.0256       |
|    n_updates            | 1580          |
|    policy_gradient_loss | -0.0213       |
|    std                  | 0.968         |
|    value_loss           | 0.00807       |
-------------------------------------------
-------------------------------------------
| rollout/                |               |
|    ep_len_mean          | 1.44e+03      |
|    ep_rew_mean          | 1.45e+03      |
| time/                   |               |
|    fps                  | 682           |
|    iterations           | 160           |
|    time_elapsed         | 240           |
|    total_timesteps      | 163840        |
| train/                  |               |
|    approx_kl            | 0.015419021   |
|    clip_fraction        | 0.149         |
|    clip_range           | 0.2           |
|    entropy_loss         | -16.6         |
|    explained_variance   | 0.00044596195 |
|    learning_rate        | 0.0003        |
|    loss                 | -0.0343       |
|    n_updates            | 1590          |
|    policy_gradient_loss | -0.0234       |
|    std                  | 0.965         |
|    value_loss           | 0.00826       |
-------------------------------------------
------------------------------------------
| rollout/                |              |
|    ep_len_mean          | 1.44e+03     |
|    ep_rew_mean          | 1.45e+03     |
| time/                   |              |
|    fps                  | 682          |
|    iterations           | 161          |
|    time_elapsed         | 241          |
|    total_timesteps      | 164864       |
| train/                  |              |
|    approx_kl            | 0.011623379  |
|    clip_fraction        | 0.13         |
|    clip_range           | 0.2          |
|    entropy_loss         | -16.5        |
|    explained_variance   | 0.0006572008 |
|    learning_rate        | 0.0003       |
|    loss                 | -0.0292      |
|    n_updates            | 1600         |
|    policy_gradient_loss | -0.0199      |
|    std                  | 0.963        |
|    value_loss           | 0.00689      |
------------------------------------------
------------------------------------------
| rollout/                |              |
|    ep_len_mean          | 1.44e+03     |
|    ep_rew_mean          | 1.45e+03     |
| time/                   |              |
|    fps                  | 682          |
|    iterations           | 162          |
|    time_elapsed         | 243          |
|    total_timesteps      | 165888       |
| train/                  |              |
|    approx_kl            | 0.0131928045 |
|    clip_fraction        | 0.139        |
|    clip_range           | 0.2          |
|    entropy_loss         | -16.5        |
|    explained_variance   | 0.0009621978 |
|    learning_rate        | 0.0003       |
|    loss                 | -0.0295      |
|    n_updates            | 1610         |
|    policy_gradient_loss | -0.0198      |
|    std                  | 0.96         |
|    value_loss           | 0.00659      |
------------------------------------------
------------------------------------------
| rollout/                |              |
|    ep_len_mean          | 1.44e+03     |
|    ep_rew_mean          | 1.45e+03     |
| time/                   |              |
|    fps                  | 682          |
|    iterations           | 163          |
|    time_elapsed         | 244          |
|    total_timesteps      | 166912       |
| train/                  |              |
|    approx_kl            | 0.02076967   |
|    clip_fraction        | 0.216        |
|    clip_range           | 0.2          |
|    entropy_loss         | -16.5        |
|    explained_variance   | 0.0009842515 |
|    learning_rate        | 0.0003       |
|    loss                 | -0.0399      |
|    n_updates            | 1620         |
|    policy_gradient_loss | -0.0314      |
|    std                  | 0.96         |
|    value_loss           | 0.00584      |
------------------------------------------
-------------------------------------------
| rollout/                |               |
|    ep_len_mean          | 1.44e+03      |
|    ep_rew_mean          | 1.45e+03      |
| time/                   |               |
|    fps                  | 682           |
|    iterations           | 164           |
|    time_elapsed         | 246           |
|    total_timesteps      | 167936        |
| train/                  |               |
|    approx_kl            | 0.014513969   |
|    clip_fraction        | 0.162         |
|    clip_range           | 0.2           |
|    entropy_loss         | -16.5         |
|    explained_variance   | 0.00076520443 |
|    learning_rate        | 0.0003        |
|    loss                 | -0.0328       |
|    n_updates            | 1630          |
|    policy_gradient_loss | -0.0219       |
|    std                  | 0.957         |
|    value_loss           | 0.00715       |
-------------------------------------------
------------------------------------------
| rollout/                |              |
|    ep_len_mean          | 1.44e+03     |
|    ep_rew_mean          | 1.45e+03     |
| time/                   |              |
|    fps                  | 682          |
|    iterations           | 165          |
|    time_elapsed         | 247          |
|    total_timesteps      | 168960       |
| train/                  |              |
|    approx_kl            | 0.0143912155 |
|    clip_fraction        | 0.177        |
|    clip_range           | 0.2          |
|    entropy_loss         | -16.5        |
|    explained_variance   | 0.0008225441 |
|    learning_rate        | 0.0003       |
|    loss                 | -0.031       |
|    n_updates            | 1640         |
|    policy_gradient_loss | -0.0256      |
|    std                  | 0.956        |
|    value_loss           | 0.00945      |
------------------------------------------
------------------------------------------
| rollout/                |              |
|    ep_len_mean          | 1.44e+03     |
|    ep_rew_mean          | 1.46e+03     |
| time/                   |              |
|    fps                  | 682          |
|    iterations           | 166          |
|    time_elapsed         | 249          |
|    total_timesteps      | 169984       |
| train/                  |              |
|    approx_kl            | 0.016091939  |
|    clip_fraction        | 0.18         |
|    clip_range           | 0.2          |
|    entropy_loss         | -16.4        |
|    explained_variance   | 0.0014674067 |
|    learning_rate        | 0.0003       |
|    loss                 | -0.0314      |
|    n_updates            | 1650         |
|    policy_gradient_loss | -0.0263      |
|    std                  | 0.955        |
|    value_loss           | 0.0051       |
------------------------------------------
------------------------------------------
| rollout/                |              |
|    ep_len_mean          | 1.44e+03     |
|    ep_rew_mean          | 1.46e+03     |
| time/                   |              |
|    fps                  | 682          |
|    iterations           | 167          |
|    time_elapsed         | 250          |
|    total_timesteps      | 171008       |
| train/                  |              |
|    approx_kl            | 0.01329007   |
|    clip_fraction        | 0.14         |
|    clip_range           | 0.2          |
|    entropy_loss         | -16.4        |
|    explained_variance   | 0.0008710027 |
|    learning_rate        | 0.0003       |
|    loss                 | -0.0319      |
|    n_updates            | 1660         |
|    policy_gradient_loss | -0.0197      |
|    std                  | 0.953        |
|    value_loss           | 0.00813      |
------------------------------------------
------------------------------------------
| rollout/                |              |
|    ep_len_mean          | 1.44e+03     |
|    ep_rew_mean          | 1.46e+03     |
| time/                   |              |
|    fps                  | 681          |
|    iterations           | 168          |
|    time_elapsed         | 252          |
|    total_timesteps      | 172032       |
| train/                  |              |
|    approx_kl            | 0.014740445  |
|    clip_fraction        | 0.162        |
|    clip_range           | 0.2          |
|    entropy_loss         | -16.4        |
|    explained_variance   | 0.0010210872 |
|    learning_rate        | 0.0003       |
|    loss                 | -0.0256      |
|    n_updates            | 1670         |
|    policy_gradient_loss | -0.0239      |
|    std                  | 0.952        |
|    value_loss           | 0.0065       |
------------------------------------------
------------------------------------------
| rollout/                |              |
|    ep_len_mean          | 1.44e+03     |
|    ep_rew_mean          | 1.46e+03     |
| time/                   |              |
|    fps                  | 681          |
|    iterations           | 169          |
|    time_elapsed         | 253          |
|    total_timesteps      | 173056       |
| train/                  |              |
|    approx_kl            | 0.011551325  |
|    clip_fraction        | 0.147        |
|    clip_range           | 0.2          |
|    entropy_loss         | -16.4        |
|    explained_variance   | 0.0015174747 |
|    learning_rate        | 0.0003       |
|    loss                 | -0.0223      |
|    n_updates            | 1680         |
|    policy_gradient_loss | -0.0206      |
|    std                  | 0.952        |
|    value_loss           | 0.00807      |
------------------------------------------
------------------------------------------
| rollout/                |              |
|    ep_len_mean          | 1.44e+03     |
|    ep_rew_mean          | 1.46e+03     |
| time/                   |              |
|    fps                  | 681          |
|    iterations           | 170          |
|    time_elapsed         | 255          |
|    total_timesteps      | 174080       |
| train/                  |              |
|    approx_kl            | 0.013678966  |
|    clip_fraction        | 0.17         |
|    clip_range           | 0.2          |
|    entropy_loss         | -16.4        |
|    explained_variance   | 0.0012923479 |
|    learning_rate        | 0.0003       |
|    loss                 | -0.0365      |
|    n_updates            | 1690         |
|    policy_gradient_loss | -0.0232      |
|    std                  | 0.951        |
|    value_loss           | 0.0102       |
------------------------------------------
------------------------------------------
| rollout/                |              |
|    ep_len_mean          | 1.44e+03     |
|    ep_rew_mean          | 1.46e+03     |
| time/                   |              |
|    fps                  | 682          |
|    iterations           | 171          |
|    time_elapsed         | 256          |
|    total_timesteps      | 175104       |
| train/                  |              |
|    approx_kl            | 0.014366645  |
|    clip_fraction        | 0.167        |
|    clip_range           | 0.2          |
|    entropy_loss         | -16.4        |
|    explained_variance   | 0.0011075139 |
|    learning_rate        | 0.0003       |
|    loss                 | -0.0378      |
|    n_updates            | 1700         |
|    policy_gradient_loss | -0.0266      |
|    std                  | 0.949        |
|    value_loss           | 0.00663      |
------------------------------------------
------------------------------------------
| rollout/                |              |
|    ep_len_mean          | 1.44e+03     |
|    ep_rew_mean          | 1.46e+03     |
| time/                   |              |
|    fps                  | 682          |
|    iterations           | 172          |
|    time_elapsed         | 258          |
|    total_timesteps      | 176128       |
| train/                  |              |
|    approx_kl            | 0.018622646  |
|    clip_fraction        | 0.193        |
|    clip_range           | 0.2          |
|    entropy_loss         | -16.4        |
|    explained_variance   | 0.0010891557 |
|    learning_rate        | 0.0003       |
|    loss                 | -0.0169      |
|    n_updates            | 1710         |
|    policy_gradient_loss | -0.0241      |
|    std                  | 0.949        |
|    value_loss           | 0.0107       |
------------------------------------------
------------------------------------------
| rollout/                |              |
|    ep_len_mean          | 1.44e+03     |
|    ep_rew_mean          | 1.46e+03     |
| time/                   |              |
|    fps                  | 682          |
|    iterations           | 173          |
|    time_elapsed         | 259          |
|    total_timesteps      | 177152       |
| train/                  |              |
|    approx_kl            | 0.010462303  |
|    clip_fraction        | 0.141        |
|    clip_range           | 0.2          |
|    entropy_loss         | -16.3        |
|    explained_variance   | 0.0021466017 |
|    learning_rate        | 0.0003       |
|    loss                 | -0.027       |
|    n_updates            | 1720         |
|    policy_gradient_loss | -0.0184      |
|    std                  | 0.948        |
|    value_loss           | 0.00691      |
------------------------------------------
------------------------------------------
| rollout/                |              |
|    ep_len_mean          | 1.44e+03     |
|    ep_rew_mean          | 1.46e+03     |
| time/                   |              |
|    fps                  | 682          |
|    iterations           | 174          |
|    time_elapsed         | 261          |
|    total_timesteps      | 178176       |
| train/                  |              |
|    approx_kl            | 0.01871323   |
|    clip_fraction        | 0.202        |
|    clip_range           | 0.2          |
|    entropy_loss         | -16.3        |
|    explained_variance   | 0.0019180179 |
|    learning_rate        | 0.0003       |
|    loss                 | -0.0291      |
|    n_updates            | 1730         |
|    policy_gradient_loss | -0.0284      |
|    std                  | 0.947        |
|    value_loss           | 0.00709      |
------------------------------------------
------------------------------------------
| rollout/                |              |
|    ep_len_mean          | 1.44e+03     |
|    ep_rew_mean          | 1.46e+03     |
| time/                   |              |
|    fps                  | 682          |
|    iterations           | 175          |
|    time_elapsed         | 262          |
|    total_timesteps      | 179200       |
| train/                  |              |
|    approx_kl            | 0.017295782  |
|    clip_fraction        | 0.18         |
|    clip_range           | 0.2          |
|    entropy_loss         | -16.3        |
|    explained_variance   | 0.0024510622 |
|    learning_rate        | 0.0003       |
|    loss                 | -0.0209      |
|    n_updates            | 1740         |
|    policy_gradient_loss | -0.0226      |
|    std                  | 0.945        |
|    value_loss           | 0.00516      |
------------------------------------------
------------------------------------------
| rollout/                |              |
|    ep_len_mean          | 1.44e+03     |
|    ep_rew_mean          | 1.46e+03     |
| time/                   |              |
|    fps                  | 682          |
|    iterations           | 176          |
|    time_elapsed         | 264          |
|    total_timesteps      | 180224       |
| train/                  |              |
|    approx_kl            | 0.012037618  |
|    clip_fraction        | 0.146        |
|    clip_range           | 0.2          |
|    entropy_loss         | -16.3        |
|    explained_variance   | 0.0015307069 |
|    learning_rate        | 0.0003       |
|    loss                 | -0.0192      |
|    n_updates            | 1750         |
|    policy_gradient_loss | -0.0223      |
|    std                  | 0.945        |
|    value_loss           | 0.00574      |
------------------------------------------
------------------------------------------
| rollout/                |              |
|    ep_len_mean          | 1.44e+03     |
|    ep_rew_mean          | 1.46e+03     |
| time/                   |              |
|    fps                  | 682          |
|    iterations           | 177          |
|    time_elapsed         | 265          |
|    total_timesteps      | 181248       |
| train/                  |              |
|    approx_kl            | 0.012521485  |
|    clip_fraction        | 0.182        |
|    clip_range           | 0.2          |
|    entropy_loss         | -16.3        |
|    explained_variance   | 0.0012936592 |
|    learning_rate        | 0.0003       |
|    loss                 | -0.0417      |
|    n_updates            | 1760         |
|    policy_gradient_loss | -0.0217      |
|    std                  | 0.943        |
|    value_loss           | 0.00698      |
------------------------------------------
------------------------------------------
| rollout/                |              |
|    ep_len_mean          | 1.44e+03     |
|    ep_rew_mean          | 1.46e+03     |
| time/                   |              |
|    fps                  | 682          |
|    iterations           | 178          |
|    time_elapsed         | 267          |
|    total_timesteps      | 182272       |
| train/                  |              |
|    approx_kl            | 0.014211936  |
|    clip_fraction        | 0.144        |
|    clip_range           | 0.2          |
|    entropy_loss         | -16.3        |
|    explained_variance   | 0.0023307204 |
|    learning_rate        | 0.0003       |
|    loss                 | -0.0268      |
|    n_updates            | 1770         |
|    policy_gradient_loss | -0.022       |
|    std                  | 0.943        |
|    value_loss           | 0.00573      |
------------------------------------------
------------------------------------------
| rollout/                |              |
|    ep_len_mean          | 1.44e+03     |
|    ep_rew_mean          | 1.46e+03     |
| time/                   |              |
|    fps                  | 682          |
|    iterations           | 179          |
|    time_elapsed         | 268          |
|    total_timesteps      | 183296       |
| train/                  |              |
|    approx_kl            | 0.011274727  |
|    clip_fraction        | 0.14         |
|    clip_range           | 0.2          |
|    entropy_loss         | -16.3        |
|    explained_variance   | 0.0014473796 |
|    learning_rate        | 0.0003       |
|    loss                 | -0.0152      |
|    n_updates            | 1780         |
|    policy_gradient_loss | -0.0188      |
|    std                  | 0.94         |
|    value_loss           | 0.00699      |
------------------------------------------
------------------------------------------
| rollout/                |              |
|    ep_len_mean          | 1.44e+03     |
|    ep_rew_mean          | 1.46e+03     |
| time/                   |              |
|    fps                  | 682          |
|    iterations           | 180          |
|    time_elapsed         | 270          |
|    total_timesteps      | 184320       |
| train/                  |              |
|    approx_kl            | 0.014488048  |
|    clip_fraction        | 0.139        |
|    clip_range           | 0.2          |
|    entropy_loss         | -16.2        |
|    explained_variance   | 0.0015438795 |
|    learning_rate        | 0.0003       |
|    loss                 | -0.0105      |
|    n_updates            | 1790         |
|    policy_gradient_loss | -0.0207      |
|    std                  | 0.939        |
|    value_loss           | 0.00857      |
------------------------------------------
------------------------------------------
| rollout/                |              |
|    ep_len_mean          | 1.44e+03     |
|    ep_rew_mean          | 1.46e+03     |
| time/                   |              |
|    fps                  | 682          |
|    iterations           | 181          |
|    time_elapsed         | 271          |
|    total_timesteps      | 185344       |
| train/                  |              |
|    approx_kl            | 0.01247774   |
|    clip_fraction        | 0.132        |
|    clip_range           | 0.2          |
|    entropy_loss         | -16.2        |
|    explained_variance   | 0.0020326376 |
|    learning_rate        | 0.0003       |
|    loss                 | -0.0263      |
|    n_updates            | 1800         |
|    policy_gradient_loss | -0.0191      |
|    std                  | 0.94         |
|    value_loss           | 0.00657      |
------------------------------------------
------------------------------------------
| rollout/                |              |
|    ep_len_mean          | 1.44e+03     |
|    ep_rew_mean          | 1.46e+03     |
| time/                   |              |
|    fps                  | 682          |
|    iterations           | 182          |
|    time_elapsed         | 273          |
|    total_timesteps      | 186368       |
| train/                  |              |
|    approx_kl            | 0.011747275  |
|    clip_fraction        | 0.136        |
|    clip_range           | 0.2          |
|    entropy_loss         | -16.2        |
|    explained_variance   | 0.0020768046 |
|    learning_rate        | 0.0003       |
|    loss                 | -0.0393      |
|    n_updates            | 1810         |
|    policy_gradient_loss | -0.021       |
|    std                  | 0.939        |
|    value_loss           | 0.00589      |
------------------------------------------
------------------------------------------
| rollout/                |              |
|    ep_len_mean          | 1.44e+03     |
|    ep_rew_mean          | 1.46e+03     |
| time/                   |              |
|    fps                  | 682          |
|    iterations           | 183          |
|    time_elapsed         | 274          |
|    total_timesteps      | 187392       |
| train/                  |              |
|    approx_kl            | 0.015360448  |
|    clip_fraction        | 0.174        |
|    clip_range           | 0.2          |
|    entropy_loss         | -16.2        |
|    explained_variance   | 0.0024149418 |
|    learning_rate        | 0.0003       |
|    loss                 | -0.0298      |
|    n_updates            | 1820         |
|    policy_gradient_loss | -0.0223      |
|    std                  | 0.939        |
|    value_loss           | 0.0049       |
------------------------------------------
------------------------------------------
| rollout/                |              |
|    ep_len_mean          | 1.44e+03     |
|    ep_rew_mean          | 1.46e+03     |
| time/                   |              |
|    fps                  | 682          |
|    iterations           | 184          |
|    time_elapsed         | 276          |
|    total_timesteps      | 188416       |
| train/                  |              |
|    approx_kl            | 0.018779432  |
|    clip_fraction        | 0.202        |
|    clip_range           | 0.2          |
|    entropy_loss         | -16.2        |
|    explained_variance   | 0.0012199283 |
|    learning_rate        | 0.0003       |
|    loss                 | -0.039       |
|    n_updates            | 1830         |
|    policy_gradient_loss | -0.0264      |
|    std                  | 0.939        |
|    value_loss           | 0.00844      |
------------------------------------------
------------------------------------------
| rollout/                |              |
|    ep_len_mean          | 1.44e+03     |
|    ep_rew_mean          | 1.46e+03     |
| time/                   |              |
|    fps                  | 682          |
|    iterations           | 185          |
|    time_elapsed         | 277          |
|    total_timesteps      | 189440       |
| train/                  |              |
|    approx_kl            | 0.014141748  |
|    clip_fraction        | 0.157        |
|    clip_range           | 0.2          |
|    entropy_loss         | -16.2        |
|    explained_variance   | 0.0017777681 |
|    learning_rate        | 0.0003       |
|    loss                 | -0.0406      |
|    n_updates            | 1840         |
|    policy_gradient_loss | -0.0233      |
|    std                  | 0.939        |
|    value_loss           | 0.00626      |
------------------------------------------
------------------------------------------
| rollout/                |              |
|    ep_len_mean          | 1.44e+03     |
|    ep_rew_mean          | 1.46e+03     |
| time/                   |              |
|    fps                  | 682          |
|    iterations           | 186          |
|    time_elapsed         | 278          |
|    total_timesteps      | 190464       |
| train/                  |              |
|    approx_kl            | 0.011541239  |
|    clip_fraction        | 0.111        |
|    clip_range           | 0.2          |
|    entropy_loss         | -16.2        |
|    explained_variance   | 0.0025241375 |
|    learning_rate        | 0.0003       |
|    loss                 | -0.0215      |
|    n_updates            | 1850         |
|    policy_gradient_loss | -0.0154      |
|    std                  | 0.938        |
|    value_loss           | 0.00656      |
------------------------------------------
------------------------------------------
| rollout/                |              |
|    ep_len_mean          | 1.44e+03     |
|    ep_rew_mean          | 1.46e+03     |
| time/                   |              |
|    fps                  | 682          |
|    iterations           | 187          |
|    time_elapsed         | 280          |
|    total_timesteps      | 191488       |
| train/                  |              |
|    approx_kl            | 0.017212627  |
|    clip_fraction        | 0.2          |
|    clip_range           | 0.2          |
|    entropy_loss         | -16.2        |
|    explained_variance   | 0.0023685098 |
|    learning_rate        | 0.0003       |
|    loss                 | -0.0465      |
|    n_updates            | 1860         |
|    policy_gradient_loss | -0.0268      |
|    std                  | 0.937        |
|    value_loss           | 0.00576      |
------------------------------------------
-----------------------------------------
| rollout/                |             |
|    ep_len_mean          | 1.44e+03    |
|    ep_rew_mean          | 1.46e+03    |
| time/                   |             |
|    fps                  | 682         |
|    iterations           | 188         |
|    time_elapsed         | 282         |
|    total_timesteps      | 192512      |
| train/                  |             |
|    approx_kl            | 0.014850367 |
|    clip_fraction        | 0.169       |
|    clip_range           | 0.2         |
|    entropy_loss         | -16.2       |
|    explained_variance   | 0.001783371 |
|    learning_rate        | 0.0003      |
|    loss                 | -0.0382     |
|    n_updates            | 1870        |
|    policy_gradient_loss | -0.0227     |
|    std                  | 0.933       |
|    value_loss           | 0.00743     |
-----------------------------------------
------------------------------------------
| rollout/                |              |
|    ep_len_mean          | 1.44e+03     |
|    ep_rew_mean          | 1.46e+03     |
| time/                   |              |
|    fps                  | 682          |
|    iterations           | 189          |
|    time_elapsed         | 283          |
|    total_timesteps      | 193536       |
| train/                  |              |
|    approx_kl            | 0.012717006  |
|    clip_fraction        | 0.154        |
|    clip_range           | 0.2          |
|    entropy_loss         | -16.1        |
|    explained_variance   | 0.0024017096 |
|    learning_rate        | 0.0003       |
|    loss                 | -0.0238      |
|    n_updates            | 1880         |
|    policy_gradient_loss | -0.0225      |
|    std                  | 0.933        |
|    value_loss           | 0.00634      |
------------------------------------------
-----------------------------------------
| rollout/                |             |
|    ep_len_mean          | 1.44e+03    |
|    ep_rew_mean          | 1.46e+03    |
| time/                   |             |
|    fps                  | 682         |
|    iterations           | 190         |
|    time_elapsed         | 285         |
|    total_timesteps      | 194560      |
| train/                  |             |
|    approx_kl            | 0.01728052  |
|    clip_fraction        | 0.175       |
|    clip_range           | 0.2         |
|    entropy_loss         | -16.1       |
|    explained_variance   | 0.001880765 |
|    learning_rate        | 0.0003      |
|    loss                 | -0.0416     |
|    n_updates            | 1890        |
|    policy_gradient_loss | -0.0241     |
|    std                  | 0.931       |
|    value_loss           | 0.0053      |
-----------------------------------------
-----------------------------------------
| rollout/                |             |
|    ep_len_mean          | 1.44e+03    |
|    ep_rew_mean          | 1.46e+03    |
| time/                   |             |
|    fps                  | 682         |
|    iterations           | 191         |
|    time_elapsed         | 286         |
|    total_timesteps      | 195584      |
| train/                  |             |
|    approx_kl            | 0.012091987 |
|    clip_fraction        | 0.149       |
|    clip_range           | 0.2         |
|    entropy_loss         | -16.1       |
|    explained_variance   | 0.001840651 |
|    learning_rate        | 0.0003      |
|    loss                 | -0.0217     |
|    n_updates            | 1900        |
|    policy_gradient_loss | -0.0222     |
|    std                  | 0.929       |
|    value_loss           | 0.00715     |
-----------------------------------------
------------------------------------------
| rollout/                |              |
|    ep_len_mean          | 1.44e+03     |
|    ep_rew_mean          | 1.46e+03     |
| time/                   |              |
|    fps                  | 682          |
|    iterations           | 192          |
|    time_elapsed         | 288          |
|    total_timesteps      | 196608       |
| train/                  |              |
|    approx_kl            | 0.014762874  |
|    clip_fraction        | 0.188        |
|    clip_range           | 0.2          |
|    entropy_loss         | -16.1        |
|    explained_variance   | 0.0021679997 |
|    learning_rate        | 0.0003       |
|    loss                 | -0.0315      |
|    n_updates            | 1910         |
|    policy_gradient_loss | -0.0264      |
|    std                  | 0.929        |
|    value_loss           | 0.00712      |
------------------------------------------
------------------------------------------
| rollout/                |              |
|    ep_len_mean          | 1.44e+03     |
|    ep_rew_mean          | 1.46e+03     |
| time/                   |              |
|    fps                  | 682          |
|    iterations           | 193          |
|    time_elapsed         | 289          |
|    total_timesteps      | 197632       |
| train/                  |              |
|    approx_kl            | 0.01153387   |
|    clip_fraction        | 0.151        |
|    clip_range           | 0.2          |
|    entropy_loss         | -16.1        |
|    explained_variance   | 0.0021547675 |
|    learning_rate        | 0.0003       |
|    loss                 | -0.0231      |
|    n_updates            | 1920         |
|    policy_gradient_loss | -0.0214      |
|    std                  | 0.927        |
|    value_loss           | 0.00637      |
------------------------------------------
------------------------------------------
| rollout/                |              |
|    ep_len_mean          | 1.44e+03     |
|    ep_rew_mean          | 1.46e+03     |
| time/                   |              |
|    fps                  | 682          |
|    iterations           | 194          |
|    time_elapsed         | 291          |
|    total_timesteps      | 198656       |
| train/                  |              |
|    approx_kl            | 0.013323393  |
|    clip_fraction        | 0.143        |
|    clip_range           | 0.2          |
|    entropy_loss         | -16          |
|    explained_variance   | 0.0034191012 |
|    learning_rate        | 0.0003       |
|    loss                 | -0.0329      |
|    n_updates            | 1930         |
|    policy_gradient_loss | -0.0216      |
|    std                  | 0.926        |
|    value_loss           | 0.00649      |
------------------------------------------
------------------------------------------
| rollout/                |              |
|    ep_len_mean          | 1.44e+03     |
|    ep_rew_mean          | 1.46e+03     |
| time/                   |              |
|    fps                  | 682          |
|    iterations           | 195          |
|    time_elapsed         | 292          |
|    total_timesteps      | 199680       |
| train/                  |              |
|    approx_kl            | 0.012442781  |
|    clip_fraction        | 0.173        |
|    clip_range           | 0.2          |
|    entropy_loss         | -16          |
|    explained_variance   | 0.0023722053 |
|    learning_rate        | 0.0003       |
|    loss                 | -0.0296      |
|    n_updates            | 1940         |
|    policy_gradient_loss | -0.0213      |
|    std                  | 0.925        |
|    value_loss           | 0.00648      |
------------------------------------------
-----------------------------------------
| rollout/                |             |
|    ep_len_mean          | 1.44e+03    |
|    ep_rew_mean          | 1.46e+03    |
| time/                   |             |
|    fps                  | 681         |
|    iterations           | 196         |
|    time_elapsed         | 294         |
|    total_timesteps      | 200704      |
| train/                  |             |
|    approx_kl            | 0.011662192 |
|    clip_fraction        | 0.148       |
|    clip_range           | 0.2         |
|    entropy_loss         | -16         |
|    explained_variance   | 0.004064262 |
|    learning_rate        | 0.0003      |
|    loss                 | -0.0357     |
|    n_updates            | 1950        |
|    policy_gradient_loss | -0.0225     |
|    std                  | 0.921       |
|    value_loss           | 0.00686     |
-----------------------------------------
Política MuJoCo guardada en /home/juli/unitree_ros2/nova-spot-micro-tesis/Experimentos/campana_distribuida_step_s23_20260928/mujoco/step_semilla_1041/policy.zip
