Using cuda device
Wrapping the env with a `Monitor` wrapper
Wrapping the env in a DummyVecEnv.
-----------------------------
| time/              |      |
|    fps             | 669  |
|    iterations      | 1    |
|    time_elapsed    | 1    |
|    total_timesteps | 1024 |
-----------------------------
-------------------------------------------
| rollout/                |               |
|    ep_len_mean          | 1.44e+03      |
|    ep_rew_mean          | 1.44e+03      |
| time/                   |               |
|    fps                  | 622           |
|    iterations           | 2             |
|    time_elapsed         | 3             |
|    total_timesteps      | 2048          |
| train/                  |               |
|    approx_kl            | 0.012352111   |
|    clip_fraction        | 0.214         |
|    clip_range           | 0.2           |
|    entropy_loss         | -17.1         |
|    explained_variance   | -0.0054354668 |
|    learning_rate        | 0.0003        |
|    loss                 | 96.2          |
|    n_updates            | 10            |
|    policy_gradient_loss | -0.0126       |
|    std                  | 1             |
|    value_loss           | 235           |
-------------------------------------------
------------------------------------------
| rollout/                |              |
|    ep_len_mean          | 1.44e+03     |
|    ep_rew_mean          | 1.44e+03     |
| time/                   |              |
|    fps                  | 635          |
|    iterations           | 3            |
|    time_elapsed         | 4            |
|    total_timesteps      | 3072         |
| train/                  |              |
|    approx_kl            | 0.012275068  |
|    clip_fraction        | 0.182        |
|    clip_range           | 0.2          |
|    entropy_loss         | -17.1        |
|    explained_variance   | -0.006899476 |
|    learning_rate        | 0.0003       |
|    loss                 | 92           |
|    n_updates            | 20           |
|    policy_gradient_loss | -0.0139      |
|    std                  | 1            |
|    value_loss           | 218          |
------------------------------------------
-------------------------------------------
| rollout/                |               |
|    ep_len_mean          | 1.44e+03      |
|    ep_rew_mean          | 1.44e+03      |
| time/                   |               |
|    fps                  | 641           |
|    iterations           | 4             |
|    time_elapsed         | 6             |
|    total_timesteps      | 4096          |
| train/                  |               |
|    approx_kl            | 0.017125841   |
|    clip_fraction        | 0.208         |
|    clip_range           | 0.2           |
|    entropy_loss         | -17.1         |
|    explained_variance   | -0.0117993355 |
|    learning_rate        | 0.0003        |
|    loss                 | 94.8          |
|    n_updates            | 30            |
|    policy_gradient_loss | -0.0157       |
|    std                  | 1             |
|    value_loss           | 214           |
-------------------------------------------
-------------------------------------------
| rollout/                |               |
|    ep_len_mean          | 1.44e+03      |
|    ep_rew_mean          | 1.44e+03      |
| time/                   |               |
|    fps                  | 645           |
|    iterations           | 5             |
|    time_elapsed         | 7             |
|    total_timesteps      | 5120          |
| train/                  |               |
|    approx_kl            | 0.015441328   |
|    clip_fraction        | 0.147         |
|    clip_range           | 0.2           |
|    entropy_loss         | -17.1         |
|    explained_variance   | 0.00022011995 |
|    learning_rate        | 0.0003        |
|    loss                 | 101           |
|    n_updates            | 40            |
|    policy_gradient_loss | -0.0121       |
|    std                  | 1             |
|    value_loss           | 220           |
-------------------------------------------
-------------------------------------------
| rollout/                |               |
|    ep_len_mean          | 1.44e+03      |
|    ep_rew_mean          | 1.44e+03      |
| time/                   |               |
|    fps                  | 649           |
|    iterations           | 6             |
|    time_elapsed         | 9             |
|    total_timesteps      | 6144          |
| train/                  |               |
|    approx_kl            | 0.015400632   |
|    clip_fraction        | 0.176         |
|    clip_range           | 0.2           |
|    entropy_loss         | -17.1         |
|    explained_variance   | -0.0005841255 |
|    learning_rate        | 0.0003        |
|    loss                 | 98.4          |
|    n_updates            | 50            |
|    policy_gradient_loss | -0.0132       |
|    std                  | 1             |
|    value_loss           | 212           |
-------------------------------------------
-------------------------------------------
| rollout/                |               |
|    ep_len_mean          | 1.44e+03      |
|    ep_rew_mean          | 1.44e+03      |
| time/                   |               |
|    fps                  | 652           |
|    iterations           | 7             |
|    time_elapsed         | 10            |
|    total_timesteps      | 7168          |
| train/                  |               |
|    approx_kl            | 0.011531506   |
|    clip_fraction        | 0.125         |
|    clip_range           | 0.2           |
|    entropy_loss         | -17.1         |
|    explained_variance   | -0.0015392303 |
|    learning_rate        | 0.0003        |
|    loss                 | 98.5          |
|    n_updates            | 60            |
|    policy_gradient_loss | -0.0102       |
|    std                  | 1             |
|    value_loss           | 209           |
-------------------------------------------
-------------------------------------------
| rollout/                |               |
|    ep_len_mean          | 1.44e+03      |
|    ep_rew_mean          | 1.44e+03      |
| time/                   |               |
|    fps                  | 657           |
|    iterations           | 8             |
|    time_elapsed         | 12            |
|    total_timesteps      | 8192          |
| train/                  |               |
|    approx_kl            | 0.0148378685  |
|    clip_fraction        | 0.165         |
|    clip_range           | 0.2           |
|    entropy_loss         | -17.1         |
|    explained_variance   | -0.0026084185 |
|    learning_rate        | 0.0003        |
|    loss                 | 97.3          |
|    n_updates            | 70            |
|    policy_gradient_loss | -0.0128       |
|    std                  | 1.01          |
|    value_loss           | 210           |
-------------------------------------------
------------------------------------------
| rollout/                |              |
|    ep_len_mean          | 1.44e+03     |
|    ep_rew_mean          | 1.44e+03     |
| time/                   |              |
|    fps                  | 660          |
|    iterations           | 9            |
|    time_elapsed         | 13           |
|    total_timesteps      | 9216         |
| train/                  |              |
|    approx_kl            | 0.024623642  |
|    clip_fraction        | 0.235        |
|    clip_range           | 0.2          |
|    entropy_loss         | -17.1        |
|    explained_variance   | 0.0006482601 |
|    learning_rate        | 0.0003       |
|    loss                 | 95.7         |
|    n_updates            | 80           |
|    policy_gradient_loss | -0.0169      |
|    std                  | 1            |
|    value_loss           | 202          |
------------------------------------------
--------------------------------------------
| rollout/                |                |
|    ep_len_mean          | 1.44e+03       |
|    ep_rew_mean          | 1.44e+03       |
| time/                   |                |
|    fps                  | 662            |
|    iterations           | 10             |
|    time_elapsed         | 15             |
|    total_timesteps      | 10240          |
| train/                  |                |
|    approx_kl            | 0.014068004    |
|    clip_fraction        | 0.184          |
|    clip_range           | 0.2            |
|    entropy_loss         | -17.1          |
|    explained_variance   | -0.00038695335 |
|    learning_rate        | 0.0003         |
|    loss                 | 93             |
|    n_updates            | 90             |
|    policy_gradient_loss | -0.0168        |
|    std                  | 1              |
|    value_loss           | 197            |
--------------------------------------------
-------------------------------------------
| rollout/                |               |
|    ep_len_mean          | 1.44e+03      |
|    ep_rew_mean          | 1.44e+03      |
| time/                   |               |
|    fps                  | 665           |
|    iterations           | 11            |
|    time_elapsed         | 16            |
|    total_timesteps      | 11264         |
| train/                  |               |
|    approx_kl            | 0.0076926975  |
|    clip_fraction        | 0.0829        |
|    clip_range           | 0.2           |
|    entropy_loss         | -17.1         |
|    explained_variance   | -0.0011156797 |
|    learning_rate        | 0.0003        |
|    loss                 | 90.6          |
|    n_updates            | 100           |
|    policy_gradient_loss | -0.00954      |
|    std                  | 1.01          |
|    value_loss           | 193           |
-------------------------------------------
-------------------------------------------
| rollout/                |               |
|    ep_len_mean          | 1.44e+03      |
|    ep_rew_mean          | 1.44e+03      |
| time/                   |               |
|    fps                  | 665           |
|    iterations           | 12            |
|    time_elapsed         | 18            |
|    total_timesteps      | 12288         |
| train/                  |               |
|    approx_kl            | 0.019540291   |
|    clip_fraction        | 0.175         |
|    clip_range           | 0.2           |
|    entropy_loss         | -17.1         |
|    explained_variance   | -0.0012084246 |
|    learning_rate        | 0.0003        |
|    loss                 | 91.3          |
|    n_updates            | 110           |
|    policy_gradient_loss | -0.0123       |
|    std                  | 1.01          |
|    value_loss           | 195           |
-------------------------------------------
-------------------------------------------
| rollout/                |               |
|    ep_len_mean          | 1.44e+03      |
|    ep_rew_mean          | 1.44e+03      |
| time/                   |               |
|    fps                  | 666           |
|    iterations           | 13            |
|    time_elapsed         | 19            |
|    total_timesteps      | 13312         |
| train/                  |               |
|    approx_kl            | 0.011237149   |
|    clip_fraction        | 0.124         |
|    clip_range           | 0.2           |
|    entropy_loss         | -17.1         |
|    explained_variance   | -0.0004580021 |
|    learning_rate        | 0.0003        |
|    loss                 | 87.9          |
|    n_updates            | 120           |
|    policy_gradient_loss | -0.0107       |
|    std                  | 1.01          |
|    value_loss           | 186           |
-------------------------------------------
-------------------------------------------
| rollout/                |               |
|    ep_len_mean          | 1.44e+03      |
|    ep_rew_mean          | 1.44e+03      |
| time/                   |               |
|    fps                  | 668           |
|    iterations           | 14            |
|    time_elapsed         | 21            |
|    total_timesteps      | 14336         |
| train/                  |               |
|    approx_kl            | 0.010011438   |
|    clip_fraction        | 0.133         |
|    clip_range           | 0.2           |
|    entropy_loss         | -17.1         |
|    explained_variance   | -0.0004901886 |
|    learning_rate        | 0.0003        |
|    loss                 | 87            |
|    n_updates            | 130           |
|    policy_gradient_loss | -0.0121       |
|    std                  | 1.01          |
|    value_loss           | 183           |
-------------------------------------------
-------------------------------------------
| rollout/                |               |
|    ep_len_mean          | 1.44e+03      |
|    ep_rew_mean          | 1.44e+03      |
| time/                   |               |
|    fps                  | 662           |
|    iterations           | 15            |
|    time_elapsed         | 23            |
|    total_timesteps      | 15360         |
| train/                  |               |
|    approx_kl            | 0.012536509   |
|    clip_fraction        | 0.136         |
|    clip_range           | 0.2           |
|    entropy_loss         | -17.1         |
|    explained_variance   | -0.0006299019 |
|    learning_rate        | 0.0003        |
|    loss                 | 86.9          |
|    n_updates            | 140           |
|    policy_gradient_loss | -0.0109       |
|    std                  | 1.01          |
|    value_loss           | 184           |
-------------------------------------------
-------------------------------------------
| rollout/                |               |
|    ep_len_mean          | 1.44e+03      |
|    ep_rew_mean          | 1.44e+03      |
| time/                   |               |
|    fps                  | 656           |
|    iterations           | 16            |
|    time_elapsed         | 24            |
|    total_timesteps      | 16384         |
| train/                  |               |
|    approx_kl            | 0.014113916   |
|    clip_fraction        | 0.186         |
|    clip_range           | 0.2           |
|    entropy_loss         | -17.1         |
|    explained_variance   | 0.00041425228 |
|    learning_rate        | 0.0003        |
|    loss                 | 84.9          |
|    n_updates            | 150           |
|    policy_gradient_loss | -0.0158       |
|    std                  | 1.01          |
|    value_loss           | 176           |
-------------------------------------------
--------------------------------------------
| rollout/                |                |
|    ep_len_mean          | 1.44e+03       |
|    ep_rew_mean          | 1.44e+03       |
| time/                   |                |
|    fps                  | 651            |
|    iterations           | 17             |
|    time_elapsed         | 26             |
|    total_timesteps      | 17408          |
| train/                  |                |
|    approx_kl            | 0.016049247    |
|    clip_fraction        | 0.161          |
|    clip_range           | 0.2            |
|    entropy_loss         | -17.1          |
|    explained_variance   | -0.00021064281 |
|    learning_rate        | 0.0003         |
|    loss                 | 82.4           |
|    n_updates            | 160            |
|    policy_gradient_loss | -0.0119        |
|    std                  | 1.01           |
|    value_loss           | 172            |
--------------------------------------------
--------------------------------------------
| rollout/                |                |
|    ep_len_mean          | 1.44e+03       |
|    ep_rew_mean          | 1.44e+03       |
| time/                   |                |
|    fps                  | 646            |
|    iterations           | 18             |
|    time_elapsed         | 28             |
|    total_timesteps      | 18432          |
| train/                  |                |
|    approx_kl            | 0.0118356915   |
|    clip_fraction        | 0.0977         |
|    clip_range           | 0.2            |
|    entropy_loss         | -17.2          |
|    explained_variance   | -0.00027382374 |
|    learning_rate        | 0.0003         |
|    loss                 | 79.2           |
|    n_updates            | 170            |
|    policy_gradient_loss | -0.00826       |
|    std                  | 1.01           |
|    value_loss           | 169            |
--------------------------------------------
--------------------------------------------
| rollout/                |                |
|    ep_len_mean          | 1.44e+03       |
|    ep_rew_mean          | 1.44e+03       |
| time/                   |                |
|    fps                  | 642            |
|    iterations           | 19             |
|    time_elapsed         | 30             |
|    total_timesteps      | 19456          |
| train/                  |                |
|    approx_kl            | 0.012317167    |
|    clip_fraction        | 0.106          |
|    clip_range           | 0.2            |
|    entropy_loss         | -17.2          |
|    explained_variance   | -0.00041151047 |
|    learning_rate        | 0.0003         |
|    loss                 | 79.2           |
|    n_updates            | 180            |
|    policy_gradient_loss | -0.00962       |
|    std                  | 1.01           |
|    value_loss           | 169            |
--------------------------------------------
--------------------------------------------
| rollout/                |                |
|    ep_len_mean          | 1.44e+03       |
|    ep_rew_mean          | 1.44e+03       |
| time/                   |                |
|    fps                  | 639            |
|    iterations           | 20             |
|    time_elapsed         | 32             |
|    total_timesteps      | 20480          |
| train/                  |                |
|    approx_kl            | 0.009960178    |
|    clip_fraction        | 0.115          |
|    clip_range           | 0.2            |
|    entropy_loss         | -17.2          |
|    explained_variance   | -0.00044715405 |
|    learning_rate        | 0.0003         |
|    loss                 | 74.9           |
|    n_updates            | 190            |
|    policy_gradient_loss | -0.0107        |
|    std                  | 1.02           |
|    value_loss           | 161            |
--------------------------------------------
--------------------------------------------
| rollout/                |                |
|    ep_len_mean          | 1.44e+03       |
|    ep_rew_mean          | 1.44e+03       |
| time/                   |                |
|    fps                  | 635            |
|    iterations           | 21             |
|    time_elapsed         | 33             |
|    total_timesteps      | 21504          |
| train/                  |                |
|    approx_kl            | 0.010930126    |
|    clip_fraction        | 0.191          |
|    clip_range           | 0.2            |
|    entropy_loss         | -17.2          |
|    explained_variance   | -0.00024104118 |
|    learning_rate        | 0.0003         |
|    loss                 | 74.3           |
|    n_updates            | 200            |
|    policy_gradient_loss | -0.0136        |
|    std                  | 1.02           |
|    value_loss           | 158            |
--------------------------------------------
-------------------------------------------
| rollout/                |               |
|    ep_len_mean          | 1.44e+03      |
|    ep_rew_mean          | 1.44e+03      |
| time/                   |               |
|    fps                  | 632           |
|    iterations           | 22            |
|    time_elapsed         | 35            |
|    total_timesteps      | 22528         |
| train/                  |               |
|    approx_kl            | 0.01307359    |
|    clip_fraction        | 0.198         |
|    clip_range           | 0.2           |
|    entropy_loss         | -17.2         |
|    explained_variance   | -0.0005379915 |
|    learning_rate        | 0.0003        |
|    loss                 | 74.6          |
|    n_updates            | 210           |
|    policy_gradient_loss | -0.0129       |
|    std                  | 1.02          |
|    value_loss           | 158           |
-------------------------------------------
-------------------------------------------
| rollout/                |               |
|    ep_len_mean          | 1.44e+03      |
|    ep_rew_mean          | 1.44e+03      |
| time/                   |               |
|    fps                  | 631           |
|    iterations           | 23            |
|    time_elapsed         | 37            |
|    total_timesteps      | 23552         |
| train/                  |               |
|    approx_kl            | 0.0107778255  |
|    clip_fraction        | 0.0991        |
|    clip_range           | 0.2           |
|    entropy_loss         | -17.2         |
|    explained_variance   | -8.511543e-05 |
|    learning_rate        | 0.0003        |
|    loss                 | 70.6          |
|    n_updates            | 220           |
|    policy_gradient_loss | -0.0115       |
|    std                  | 1.02          |
|    value_loss           | 152           |
-------------------------------------------
-------------------------------------------
| rollout/                |               |
|    ep_len_mean          | 1.44e+03      |
|    ep_rew_mean          | 1.44e+03      |
| time/                   |               |
|    fps                  | 633           |
|    iterations           | 24            |
|    time_elapsed         | 38            |
|    total_timesteps      | 24576         |
| train/                  |               |
|    approx_kl            | 0.011377526   |
|    clip_fraction        | 0.15          |
|    clip_range           | 0.2           |
|    entropy_loss         | -17.2         |
|    explained_variance   | -0.0003502369 |
|    learning_rate        | 0.0003        |
|    loss                 | 69.6          |
|    n_updates            | 230           |
|    policy_gradient_loss | -0.0126       |
|    std                  | 1.02          |
|    value_loss           | 149           |
-------------------------------------------
-------------------------------------------
| rollout/                |               |
|    ep_len_mean          | 1.44e+03      |
|    ep_rew_mean          | 1.44e+03      |
| time/                   |               |
|    fps                  | 635           |
|    iterations           | 25            |
|    time_elapsed         | 40            |
|    total_timesteps      | 25600         |
| train/                  |               |
|    approx_kl            | 0.0112750335  |
|    clip_fraction        | 0.166         |
|    clip_range           | 0.2           |
|    entropy_loss         | -17.2         |
|    explained_variance   | -0.0001180172 |
|    learning_rate        | 0.0003        |
|    loss                 | 67.7          |
|    n_updates            | 240           |
|    policy_gradient_loss | -0.0138       |
|    std                  | 1.02          |
|    value_loss           | 146           |
-------------------------------------------
--------------------------------------------
| rollout/                |                |
|    ep_len_mean          | 1.44e+03       |
|    ep_rew_mean          | 1.44e+03       |
| time/                   |                |
|    fps                  | 637            |
|    iterations           | 26             |
|    time_elapsed         | 41             |
|    total_timesteps      | 26624          |
| train/                  |                |
|    approx_kl            | 0.023733363    |
|    clip_fraction        | 0.289          |
|    clip_range           | 0.2            |
|    entropy_loss         | -17.2          |
|    explained_variance   | -0.00018930435 |
|    learning_rate        | 0.0003         |
|    loss                 | 67.6           |
|    n_updates            | 250            |
|    policy_gradient_loss | -0.016         |
|    std                  | 1.02           |
|    value_loss           | 146            |
--------------------------------------------
--------------------------------------------
| rollout/                |                |
|    ep_len_mean          | 1.44e+03       |
|    ep_rew_mean          | 1.44e+03       |
| time/                   |                |
|    fps                  | 638            |
|    iterations           | 27             |
|    time_elapsed         | 43             |
|    total_timesteps      | 27648          |
| train/                  |                |
|    approx_kl            | 0.014717517    |
|    clip_fraction        | 0.183          |
|    clip_range           | 0.2            |
|    entropy_loss         | -17.3          |
|    explained_variance   | -0.00011634827 |
|    learning_rate        | 0.0003         |
|    loss                 | 65.5           |
|    n_updates            | 260            |
|    policy_gradient_loss | -0.0125        |
|    std                  | 1.02           |
|    value_loss           | 140            |
--------------------------------------------
--------------------------------------------
| rollout/                |                |
|    ep_len_mean          | 1.44e+03       |
|    ep_rew_mean          | 1.44e+03       |
| time/                   |                |
|    fps                  | 639            |
|    iterations           | 28             |
|    time_elapsed         | 44             |
|    total_timesteps      | 28672          |
| train/                  |                |
|    approx_kl            | 0.011303445    |
|    clip_fraction        | 0.151          |
|    clip_range           | 0.2            |
|    entropy_loss         | -17.3          |
|    explained_variance   | -0.00017654896 |
|    learning_rate        | 0.0003         |
|    loss                 | 65.5           |
|    n_updates            | 270            |
|    policy_gradient_loss | -0.0133        |
|    std                  | 1.02           |
|    value_loss           | 136            |
--------------------------------------------
--------------------------------------------
| rollout/                |                |
|    ep_len_mean          | 1.44e+03       |
|    ep_rew_mean          | 1.44e+03       |
| time/                   |                |
|    fps                  | 640            |
|    iterations           | 29             |
|    time_elapsed         | 46             |
|    total_timesteps      | 29696          |
| train/                  |                |
|    approx_kl            | 0.008546535    |
|    clip_fraction        | 0.0968         |
|    clip_range           | 0.2            |
|    entropy_loss         | -17.3          |
|    explained_variance   | -0.00028908253 |
|    learning_rate        | 0.0003         |
|    loss                 | 64.1           |
|    n_updates            | 280            |
|    policy_gradient_loss | -0.00903       |
|    std                  | 1.02           |
|    value_loss           | 137            |
--------------------------------------------
-------------------------------------------
| rollout/                |               |
|    ep_len_mean          | 1.44e+03      |
|    ep_rew_mean          | 1.44e+03      |
| time/                   |               |
|    fps                  | 641           |
|    iterations           | 30            |
|    time_elapsed         | 47            |
|    total_timesteps      | 30720         |
| train/                  |               |
|    approx_kl            | 0.01308879    |
|    clip_fraction        | 0.173         |
|    clip_range           | 0.2           |
|    entropy_loss         | -17.3         |
|    explained_variance   | -4.684925e-05 |
|    learning_rate        | 0.0003        |
|    loss                 | 61.3          |
|    n_updates            | 290           |
|    policy_gradient_loss | -0.0136       |
|    std                  | 1.02          |
|    value_loss           | 131           |
-------------------------------------------
---------------------------------------------
| rollout/                |                 |
|    ep_len_mean          | 1.44e+03        |
|    ep_rew_mean          | 1.44e+03        |
| time/                   |                 |
|    fps                  | 642             |
|    iterations           | 31              |
|    time_elapsed         | 49              |
|    total_timesteps      | 31744           |
| train/                  |                 |
|    approx_kl            | 0.011199396     |
|    clip_fraction        | 0.151           |
|    clip_range           | 0.2             |
|    entropy_loss         | -17.3           |
|    explained_variance   | -0.000100016594 |
|    learning_rate        | 0.0003          |
|    loss                 | 59.5            |
|    n_updates            | 300             |
|    policy_gradient_loss | -0.0141         |
|    std                  | 1.02            |
|    value_loss           | 128             |
---------------------------------------------
------------------------------------------
| rollout/                |              |
|    ep_len_mean          | 1.44e+03     |
|    ep_rew_mean          | 1.44e+03     |
| time/                   |              |
|    fps                  | 643          |
|    iterations           | 32           |
|    time_elapsed         | 50           |
|    total_timesteps      | 32768        |
| train/                  |              |
|    approx_kl            | 0.013212595  |
|    clip_fraction        | 0.201        |
|    clip_range           | 0.2          |
|    entropy_loss         | -17.3        |
|    explained_variance   | -8.21352e-05 |
|    learning_rate        | 0.0003       |
|    loss                 | 58.5         |
|    n_updates            | 310          |
|    policy_gradient_loss | -0.0161      |
|    std                  | 1.02         |
|    value_loss           | 125          |
------------------------------------------
--------------------------------------------
| rollout/                |                |
|    ep_len_mean          | 1.44e+03       |
|    ep_rew_mean          | 1.44e+03       |
| time/                   |                |
|    fps                  | 644            |
|    iterations           | 33             |
|    time_elapsed         | 52             |
|    total_timesteps      | 33792          |
| train/                  |                |
|    approx_kl            | 0.013170136    |
|    clip_fraction        | 0.176          |
|    clip_range           | 0.2            |
|    entropy_loss         | -17.3          |
|    explained_variance   | -1.7642975e-05 |
|    learning_rate        | 0.0003         |
|    loss                 | 58             |
|    n_updates            | 320            |
|    policy_gradient_loss | -0.0137        |
|    std                  | 1.02           |
|    value_loss           | 125            |
--------------------------------------------
-------------------------------------------
| rollout/                |               |
|    ep_len_mean          | 1.44e+03      |
|    ep_rew_mean          | 1.44e+03      |
| time/                   |               |
|    fps                  | 645           |
|    iterations           | 34            |
|    time_elapsed         | 53            |
|    total_timesteps      | 34816         |
| train/                  |               |
|    approx_kl            | 0.010349542   |
|    clip_fraction        | 0.136         |
|    clip_range           | 0.2           |
|    entropy_loss         | -17.3         |
|    explained_variance   | -0.0001320839 |
|    learning_rate        | 0.0003        |
|    loss                 | 55.2          |
|    n_updates            | 330           |
|    policy_gradient_loss | -0.0126       |
|    std                  | 1.02          |
|    value_loss           | 119           |
-------------------------------------------
--------------------------------------------
| rollout/                |                |
|    ep_len_mean          | 1.44e+03       |
|    ep_rew_mean          | 1.44e+03       |
| time/                   |                |
|    fps                  | 646            |
|    iterations           | 35             |
|    time_elapsed         | 55             |
|    total_timesteps      | 35840          |
| train/                  |                |
|    approx_kl            | 0.0075602587   |
|    clip_fraction        | 0.109          |
|    clip_range           | 0.2            |
|    entropy_loss         | -17.3          |
|    explained_variance   | -0.00013709068 |
|    learning_rate        | 0.0003         |
|    loss                 | 54.1           |
|    n_updates            | 340            |
|    policy_gradient_loss | -0.0111        |
|    std                  | 1.02           |
|    value_loss           | 116            |
--------------------------------------------
-------------------------------------------
| rollout/                |               |
|    ep_len_mean          | 1.44e+03      |
|    ep_rew_mean          | 1.44e+03      |
| time/                   |               |
|    fps                  | 647           |
|    iterations           | 36            |
|    time_elapsed         | 56            |
|    total_timesteps      | 36864         |
| train/                  |               |
|    approx_kl            | 0.017458541   |
|    clip_fraction        | 0.246         |
|    clip_range           | 0.2           |
|    entropy_loss         | -17.3         |
|    explained_variance   | -7.939339e-05 |
|    learning_rate        | 0.0003        |
|    loss                 | 54.7          |
|    n_updates            | 350           |
|    policy_gradient_loss | -0.0149       |
|    std                  | 1.02          |
|    value_loss           | 117           |
-------------------------------------------
-------------------------------------------
| rollout/                |               |
|    ep_len_mean          | 1.44e+03      |
|    ep_rew_mean          | 1.44e+03      |
| time/                   |               |
|    fps                  | 648           |
|    iterations           | 37            |
|    time_elapsed         | 58            |
|    total_timesteps      | 37888         |
| train/                  |               |
|    approx_kl            | 0.016503088   |
|    clip_fraction        | 0.202         |
|    clip_range           | 0.2           |
|    entropy_loss         | -17.3         |
|    explained_variance   | -1.835823e-05 |
|    learning_rate        | 0.0003        |
|    loss                 | 50.6          |
|    n_updates            | 360           |
|    policy_gradient_loss | -0.0164       |
|    std                  | 1.02          |
|    value_loss           | 110           |
-------------------------------------------
------------------------------------------
| rollout/                |              |
|    ep_len_mean          | 1.44e+03     |
|    ep_rew_mean          | 1.44e+03     |
| time/                   |              |
|    fps                  | 648          |
|    iterations           | 38           |
|    time_elapsed         | 59           |
|    total_timesteps      | 38912        |
| train/                  |              |
|    approx_kl            | 0.010153955  |
|    clip_fraction        | 0.136        |
|    clip_range           | 0.2          |
|    entropy_loss         | -17.3        |
|    explained_variance   | 7.456541e-05 |
|    learning_rate        | 0.0003       |
|    loss                 | 49           |
|    n_updates            | 370          |
|    policy_gradient_loss | -0.0136      |
|    std                  | 1.02         |
|    value_loss           | 108          |
------------------------------------------
------------------------------------------
| rollout/                |              |
|    ep_len_mean          | 1.44e+03     |
|    ep_rew_mean          | 1.44e+03     |
| time/                   |              |
|    fps                  | 649          |
|    iterations           | 39           |
|    time_elapsed         | 61           |
|    total_timesteps      | 39936        |
| train/                  |              |
|    approx_kl            | 0.01025279   |
|    clip_fraction        | 0.125        |
|    clip_range           | 0.2          |
|    entropy_loss         | -17.3        |
|    explained_variance   | 7.337332e-05 |
|    learning_rate        | 0.0003       |
|    loss                 | 49.4         |
|    n_updates            | 380          |
|    policy_gradient_loss | -0.0129      |
|    std                  | 1.02         |
|    value_loss           | 106          |
------------------------------------------
------------------------------------------
| rollout/                |              |
|    ep_len_mean          | 1.44e+03     |
|    ep_rew_mean          | 1.44e+03     |
| time/                   |              |
|    fps                  | 649          |
|    iterations           | 40           |
|    time_elapsed         | 63           |
|    total_timesteps      | 40960        |
| train/                  |              |
|    approx_kl            | 0.025003174  |
|    clip_fraction        | 0.219        |
|    clip_range           | 0.2          |
|    entropy_loss         | -17.3        |
|    explained_variance   | 9.715557e-06 |
|    learning_rate        | 0.0003       |
|    loss                 | 48.2         |
|    n_updates            | 390          |
|    policy_gradient_loss | -0.0144      |
|    std                  | 1.02         |
|    value_loss           | 105          |
------------------------------------------
--------------------------------------------
| rollout/                |                |
|    ep_len_mean          | 1.44e+03       |
|    ep_rew_mean          | 1.44e+03       |
| time/                   |                |
|    fps                  | 650            |
|    iterations           | 41             |
|    time_elapsed         | 64             |
|    total_timesteps      | 41984          |
| train/                  |                |
|    approx_kl            | 0.015463395    |
|    clip_fraction        | 0.218          |
|    clip_range           | 0.2            |
|    entropy_loss         | -17.3          |
|    explained_variance   | -7.5101852e-06 |
|    learning_rate        | 0.0003         |
|    loss                 | 46.6           |
|    n_updates            | 400            |
|    policy_gradient_loss | -0.016         |
|    std                  | 1.02           |
|    value_loss           | 100            |
--------------------------------------------
--------------------------------------------
| rollout/                |                |
|    ep_len_mean          | 1.44e+03       |
|    ep_rew_mean          | 1.44e+03       |
| time/                   |                |
|    fps                  | 650            |
|    iterations           | 42             |
|    time_elapsed         | 66             |
|    total_timesteps      | 43008          |
| train/                  |                |
|    approx_kl            | 0.009396184    |
|    clip_fraction        | 0.159          |
|    clip_range           | 0.2            |
|    entropy_loss         | -17.3          |
|    explained_variance   | -0.00015509129 |
|    learning_rate        | 0.0003         |
|    loss                 | 44.4           |
|    n_updates            | 410            |
|    policy_gradient_loss | -0.0137        |
|    std                  | 1.03           |
|    value_loss           | 97.9           |
--------------------------------------------
-------------------------------------------
| rollout/                |               |
|    ep_len_mean          | 1.44e+03      |
|    ep_rew_mean          | 1.44e+03      |
| time/                   |               |
|    fps                  | 650           |
|    iterations           | 43            |
|    time_elapsed         | 67            |
|    total_timesteps      | 44032         |
| train/                  |               |
|    approx_kl            | 0.013250437   |
|    clip_fraction        | 0.21          |
|    clip_range           | 0.2           |
|    entropy_loss         | -17.4         |
|    explained_variance   | -6.723404e-05 |
|    learning_rate        | 0.0003        |
|    loss                 | 44.9          |
|    n_updates            | 420           |
|    policy_gradient_loss | -0.0152       |
|    std                  | 1.03          |
|    value_loss           | 97.4          |
-------------------------------------------
-------------------------------------------
| rollout/                |               |
|    ep_len_mean          | 1.44e+03      |
|    ep_rew_mean          | 1.44e+03      |
| time/                   |               |
|    fps                  | 651           |
|    iterations           | 44            |
|    time_elapsed         | 69            |
|    total_timesteps      | 45056         |
| train/                  |               |
|    approx_kl            | 0.011390572   |
|    clip_fraction        | 0.168         |
|    clip_range           | 0.2           |
|    entropy_loss         | -17.4         |
|    explained_variance   | -7.712841e-05 |
|    learning_rate        | 0.0003        |
|    loss                 | 42.3          |
|    n_updates            | 430           |
|    policy_gradient_loss | -0.0133       |
|    std                  | 1.03          |
|    value_loss           | 92.5          |
-------------------------------------------
-------------------------------------------
| rollout/                |               |
|    ep_len_mean          | 1.44e+03      |
|    ep_rew_mean          | 1.44e+03      |
| time/                   |               |
|    fps                  | 651           |
|    iterations           | 45            |
|    time_elapsed         | 70            |
|    total_timesteps      | 46080         |
| train/                  |               |
|    approx_kl            | 0.012265904   |
|    clip_fraction        | 0.152         |
|    clip_range           | 0.2           |
|    entropy_loss         | -17.3         |
|    explained_variance   | -6.556511e-06 |
|    learning_rate        | 0.0003        |
|    loss                 | 41.1          |
|    n_updates            | 440           |
|    policy_gradient_loss | -0.0131       |
|    std                  | 1.03          |
|    value_loss           | 90            |
-------------------------------------------
-------------------------------------------
| rollout/                |               |
|    ep_len_mean          | 1.44e+03      |
|    ep_rew_mean          | 1.44e+03      |
| time/                   |               |
|    fps                  | 651           |
|    iterations           | 46            |
|    time_elapsed         | 72            |
|    total_timesteps      | 47104         |
| train/                  |               |
|    approx_kl            | 0.008708857   |
|    clip_fraction        | 0.08          |
|    clip_range           | 0.2           |
|    entropy_loss         | -17.3         |
|    explained_variance   | -9.083748e-05 |
|    learning_rate        | 0.0003        |
|    loss                 | 41.5          |
|    n_updates            | 450           |
|    policy_gradient_loss | -0.0108       |
|    std                  | 1.03          |
|    value_loss           | 90.1          |
-------------------------------------------
-------------------------------------------
| rollout/                |               |
|    ep_len_mean          | 1.44e+03      |
|    ep_rew_mean          | 1.44e+03      |
| time/                   |               |
|    fps                  | 652           |
|    iterations           | 47            |
|    time_elapsed         | 73            |
|    total_timesteps      | 48128         |
| train/                  |               |
|    approx_kl            | 0.012485441   |
|    clip_fraction        | 0.122         |
|    clip_range           | 0.2           |
|    entropy_loss         | -17.3         |
|    explained_variance   | -9.691715e-05 |
|    learning_rate        | 0.0003        |
|    loss                 | 40.2          |
|    n_updates            | 460           |
|    policy_gradient_loss | -0.00883      |
|    std                  | 1.03          |
|    value_loss           | 87.2          |
-------------------------------------------
-------------------------------------------
| rollout/                |               |
|    ep_len_mean          | 1.44e+03      |
|    ep_rew_mean          | 1.44e+03      |
| time/                   |               |
|    fps                  | 652           |
|    iterations           | 48            |
|    time_elapsed         | 75            |
|    total_timesteps      | 49152         |
| train/                  |               |
|    approx_kl            | 0.009311157   |
|    clip_fraction        | 0.107         |
|    clip_range           | 0.2           |
|    entropy_loss         | -17.4         |
|    explained_variance   | 4.5895576e-06 |
|    learning_rate        | 0.0003        |
|    loss                 | 39            |
|    n_updates            | 470           |
|    policy_gradient_loss | -0.0147       |
|    std                  | 1.03          |
|    value_loss           | 82.9          |
-------------------------------------------
---------------------------------------------
| rollout/                |                 |
|    ep_len_mean          | 1.44e+03        |
|    ep_rew_mean          | 1.44e+03        |
| time/                   |                 |
|    fps                  | 652             |
|    iterations           | 49              |
|    time_elapsed         | 76              |
|    total_timesteps      | 50176           |
| train/                  |                 |
|    approx_kl            | 0.015577065     |
|    clip_fraction        | 0.181           |
|    clip_range           | 0.2             |
|    entropy_loss         | -17.4           |
|    explained_variance   | -0.000120043755 |
|    learning_rate        | 0.0003          |
|    loss                 | 36.4            |
|    n_updates            | 480             |
|    policy_gradient_loss | -0.0151         |
|    std                  | 1.03            |
|    value_loss           | 80.7            |
---------------------------------------------
------------------------------------------
| rollout/                |              |
|    ep_len_mean          | 1.44e+03     |
|    ep_rew_mean          | 1.44e+03     |
| time/                   |              |
|    fps                  | 653          |
|    iterations           | 50           |
|    time_elapsed         | 78           |
|    total_timesteps      | 51200        |
| train/                  |              |
|    approx_kl            | 0.011000903  |
|    clip_fraction        | 0.206        |
|    clip_range           | 0.2          |
|    entropy_loss         | -17.4        |
|    explained_variance   | 0.0002143383 |
|    learning_rate        | 0.0003       |
|    loss                 | 36.8         |
|    n_updates            | 490          |
|    policy_gradient_loss | -0.0165      |
|    std                  | 1.03         |
|    value_loss           | 80.3         |
------------------------------------------
-------------------------------------------
| rollout/                |               |
|    ep_len_mean          | 1.44e+03      |
|    ep_rew_mean          | 1.44e+03      |
| time/                   |               |
|    fps                  | 653           |
|    iterations           | 51            |
|    time_elapsed         | 79            |
|    total_timesteps      | 52224         |
| train/                  |               |
|    approx_kl            | 0.009981789   |
|    clip_fraction        | 0.111         |
|    clip_range           | 0.2           |
|    entropy_loss         | -17.4         |
|    explained_variance   | -4.518032e-05 |
|    learning_rate        | 0.0003        |
|    loss                 | 34.6          |
|    n_updates            | 500           |
|    policy_gradient_loss | -0.0112       |
|    std                  | 1.03          |
|    value_loss           | 76.3          |
-------------------------------------------
--------------------------------------------
| rollout/                |                |
|    ep_len_mean          | 1.44e+03       |
|    ep_rew_mean          | 1.44e+03       |
| time/                   |                |
|    fps                  | 653            |
|    iterations           | 52             |
|    time_elapsed         | 81             |
|    total_timesteps      | 53248          |
| train/                  |                |
|    approx_kl            | 0.014084091    |
|    clip_fraction        | 0.17           |
|    clip_range           | 0.2            |
|    entropy_loss         | -17.4          |
|    explained_variance   | -3.3020973e-05 |
|    learning_rate        | 0.0003         |
|    loss                 | 34.3           |
|    n_updates            | 510            |
|    policy_gradient_loss | -0.015         |
|    std                  | 1.03           |
|    value_loss           | 73.9           |
--------------------------------------------
--------------------------------------------
| rollout/                |                |
|    ep_len_mean          | 1.44e+03       |
|    ep_rew_mean          | 1.44e+03       |
| time/                   |                |
|    fps                  | 654            |
|    iterations           | 53             |
|    time_elapsed         | 82             |
|    total_timesteps      | 54272          |
| train/                  |                |
|    approx_kl            | 0.012888226    |
|    clip_fraction        | 0.177          |
|    clip_range           | 0.2            |
|    entropy_loss         | -17.4          |
|    explained_variance   | -0.00011634827 |
|    learning_rate        | 0.0003         |
|    loss                 | 33.6           |
|    n_updates            | 520            |
|    policy_gradient_loss | -0.0162        |
|    std                  | 1.03           |
|    value_loss           | 73.9           |
--------------------------------------------
--------------------------------------------
| rollout/                |                |
|    ep_len_mean          | 1.44e+03       |
|    ep_rew_mean          | 1.44e+03       |
| time/                   |                |
|    fps                  | 654            |
|    iterations           | 54             |
|    time_elapsed         | 84             |
|    total_timesteps      | 55296          |
| train/                  |                |
|    approx_kl            | 0.016183475    |
|    clip_fraction        | 0.215          |
|    clip_range           | 0.2            |
|    entropy_loss         | -17.4          |
|    explained_variance   | -2.5987625e-05 |
|    learning_rate        | 0.0003         |
|    loss                 | 32             |
|    n_updates            | 530            |
|    policy_gradient_loss | -0.0181        |
|    std                  | 1.04           |
|    value_loss           | 69.8           |
--------------------------------------------
--------------------------------------------
| rollout/                |                |
|    ep_len_mean          | 1.44e+03       |
|    ep_rew_mean          | 1.44e+03       |
| time/                   |                |
|    fps                  | 654            |
|    iterations           | 55             |
|    time_elapsed         | 86             |
|    total_timesteps      | 56320          |
| train/                  |                |
|    approx_kl            | 0.014989903    |
|    clip_fraction        | 0.2            |
|    clip_range           | 0.2            |
|    entropy_loss         | -17.5          |
|    explained_variance   | -1.2755394e-05 |
|    learning_rate        | 0.0003         |
|    loss                 | 31             |
|    n_updates            | 540            |
|    policy_gradient_loss | -0.0171        |
|    std                  | 1.04           |
|    value_loss           | 67.6           |
--------------------------------------------
--------------------------------------------
| rollout/                |                |
|    ep_len_mean          | 1.44e+03       |
|    ep_rew_mean          | 1.44e+03       |
| time/                   |                |
|    fps                  | 654            |
|    iterations           | 56             |
|    time_elapsed         | 87             |
|    total_timesteps      | 57344          |
| train/                  |                |
|    approx_kl            | 0.013160151    |
|    clip_fraction        | 0.162          |
|    clip_range           | 0.2            |
|    entropy_loss         | -17.5          |
|    explained_variance   | -3.8027763e-05 |
|    learning_rate        | 0.0003         |
|    loss                 | 29.1           |
|    n_updates            | 550            |
|    policy_gradient_loss | -0.0187        |
|    std                  | 1.04           |
|    value_loss           | 65.1           |
--------------------------------------------
-------------------------------------------
| rollout/                |               |
|    ep_len_mean          | 1.44e+03      |
|    ep_rew_mean          | 1.44e+03      |
| time/                   |               |
|    fps                  | 653           |
|    iterations           | 57            |
|    time_elapsed         | 89            |
|    total_timesteps      | 58368         |
| train/                  |               |
|    approx_kl            | 0.019341055   |
|    clip_fraction        | 0.225         |
|    clip_range           | 0.2           |
|    entropy_loss         | -17.5         |
|    explained_variance   | -9.262562e-05 |
|    learning_rate        | 0.0003        |
|    loss                 | 29.3          |
|    n_updates            | 560           |
|    policy_gradient_loss | -0.0162       |
|    std                  | 1.04          |
|    value_loss           | 64.9          |
-------------------------------------------
--------------------------------------------
| rollout/                |                |
|    ep_len_mean          | 1.44e+03       |
|    ep_rew_mean          | 1.44e+03       |
| time/                   |                |
|    fps                  | 652            |
|    iterations           | 58             |
|    time_elapsed         | 91             |
|    total_timesteps      | 59392          |
| train/                  |                |
|    approx_kl            | 0.013889111    |
|    clip_fraction        | 0.193          |
|    clip_range           | 0.2            |
|    entropy_loss         | -17.5          |
|    explained_variance   | -5.4836273e-06 |
|    learning_rate        | 0.0003         |
|    loss                 | 27.5           |
|    n_updates            | 570            |
|    policy_gradient_loss | -0.0162        |
|    std                  | 1.04           |
|    value_loss           | 61.1           |
--------------------------------------------
-------------------------------------------
| rollout/                |               |
|    ep_len_mean          | 1.44e+03      |
|    ep_rew_mean          | 1.44e+03      |
| time/                   |               |
|    fps                  | 651           |
|    iterations           | 59            |
|    time_elapsed         | 92            |
|    total_timesteps      | 60416         |
| train/                  |               |
|    approx_kl            | 0.015387951   |
|    clip_fraction        | 0.194         |
|    clip_range           | 0.2           |
|    entropy_loss         | -17.5         |
|    explained_variance   | -3.027916e-05 |
|    learning_rate        | 0.0003        |
|    loss                 | 26.9          |
|    n_updates            | 580           |
|    policy_gradient_loss | -0.0169       |
|    std                  | 1.04          |
|    value_loss           | 59.1          |
-------------------------------------------
------------------------------------------
| rollout/                |              |
|    ep_len_mean          | 1.44e+03     |
|    ep_rew_mean          | 1.44e+03     |
| time/                   |              |
|    fps                  | 649          |
|    iterations           | 60           |
|    time_elapsed         | 94           |
|    total_timesteps      | 61440        |
| train/                  |              |
|    approx_kl            | 0.0114039825 |
|    clip_fraction        | 0.197        |
|    clip_range           | 0.2          |
|    entropy_loss         | -17.5        |
|    explained_variance   | 4.87566e-05  |
|    learning_rate        | 0.0003       |
|    loss                 | 26.5         |
|    n_updates            | 590          |
|    policy_gradient_loss | -0.0141      |
|    std                  | 1.05         |
|    value_loss           | 58.3         |
------------------------------------------
--------------------------------------------
| rollout/                |                |
|    ep_len_mean          | 1.44e+03       |
|    ep_rew_mean          | 1.44e+03       |
| time/                   |                |
|    fps                  | 649            |
|    iterations           | 61             |
|    time_elapsed         | 96             |
|    total_timesteps      | 62464          |
| train/                  |                |
|    approx_kl            | 0.012048142    |
|    clip_fraction        | 0.104          |
|    clip_range           | 0.2            |
|    entropy_loss         | -17.6          |
|    explained_variance   | 0.000107467175 |
|    learning_rate        | 0.0003         |
|    loss                 | 24.7           |
|    n_updates            | 600            |
|    policy_gradient_loss | -0.0127        |
|    std                  | 1.05           |
|    value_loss           | 55.3           |
--------------------------------------------
-------------------------------------------
| rollout/                |               |
|    ep_len_mean          | 1.44e+03      |
|    ep_rew_mean          | 1.44e+03      |
| time/                   |               |
|    fps                  | 648           |
|    iterations           | 62            |
|    time_elapsed         | 97            |
|    total_timesteps      | 63488         |
| train/                  |               |
|    approx_kl            | 0.010519186   |
|    clip_fraction        | 0.129         |
|    clip_range           | 0.2           |
|    entropy_loss         | -17.5         |
|    explained_variance   | 4.5597553e-05 |
|    learning_rate        | 0.0003        |
|    loss                 | 23.8          |
|    n_updates            | 610           |
|    policy_gradient_loss | -0.0141       |
|    std                  | 1.04          |
|    value_loss           | 53.5          |
-------------------------------------------
--------------------------------------------
| rollout/                |                |
|    ep_len_mean          | 1.44e+03       |
|    ep_rew_mean          | 1.44e+03       |
| time/                   |                |
|    fps                  | 647            |
|    iterations           | 63             |
|    time_elapsed         | 99             |
|    total_timesteps      | 64512          |
| train/                  |                |
|    approx_kl            | 0.015514348    |
|    clip_fraction        | 0.25           |
|    clip_range           | 0.2            |
|    entropy_loss         | -17.5          |
|    explained_variance   | -1.5497208e-05 |
|    learning_rate        | 0.0003         |
|    loss                 | 23.2           |
|    n_updates            | 620            |
|    policy_gradient_loss | -0.0198        |
|    std                  | 1.04           |
|    value_loss           | 51.5           |
--------------------------------------------
--------------------------------------------
| rollout/                |                |
|    ep_len_mean          | 1.44e+03       |
|    ep_rew_mean          | 1.44e+03       |
| time/                   |                |
|    fps                  | 646            |
|    iterations           | 64             |
|    time_elapsed         | 101            |
|    total_timesteps      | 65536          |
| train/                  |                |
|    approx_kl            | 0.014474623    |
|    clip_fraction        | 0.184          |
|    clip_range           | 0.2            |
|    entropy_loss         | -17.5          |
|    explained_variance   | -9.3102455e-05 |
|    learning_rate        | 0.0003         |
|    loss                 | 22.7           |
|    n_updates            | 630            |
|    policy_gradient_loss | -0.0163        |
|    std                  | 1.05           |
|    value_loss           | 50.9           |
--------------------------------------------
--------------------------------------------
| rollout/                |                |
|    ep_len_mean          | 1.44e+03       |
|    ep_rew_mean          | 1.44e+03       |
| time/                   |                |
|    fps                  | 646            |
|    iterations           | 65             |
|    time_elapsed         | 102            |
|    total_timesteps      | 66560          |
| train/                  |                |
|    approx_kl            | 0.015081866    |
|    clip_fraction        | 0.235          |
|    clip_range           | 0.2            |
|    entropy_loss         | -17.6          |
|    explained_variance   | -3.4689903e-05 |
|    learning_rate        | 0.0003         |
|    loss                 | 21.4           |
|    n_updates            | 640            |
|    policy_gradient_loss | -0.0171        |
|    std                  | 1.05           |
|    value_loss           | 48             |
--------------------------------------------
-------------------------------------------
| rollout/                |               |
|    ep_len_mean          | 1.44e+03      |
|    ep_rew_mean          | 1.44e+03      |
| time/                   |               |
|    fps                  | 646           |
|    iterations           | 66            |
|    time_elapsed         | 104           |
|    total_timesteps      | 67584         |
| train/                  |               |
|    approx_kl            | 0.011925684   |
|    clip_fraction        | 0.154         |
|    clip_range           | 0.2           |
|    entropy_loss         | -17.6         |
|    explained_variance   | -5.531311e-05 |
|    learning_rate        | 0.0003        |
|    loss                 | 20.4          |
|    n_updates            | 650           |
|    policy_gradient_loss | -0.0132       |
|    std                  | 1.05          |
|    value_loss           | 46            |
-------------------------------------------
--------------------------------------------
| rollout/                |                |
|    ep_len_mean          | 1.44e+03       |
|    ep_rew_mean          | 1.44e+03       |
| time/                   |                |
|    fps                  | 646            |
|    iterations           | 67             |
|    time_elapsed         | 106            |
|    total_timesteps      | 68608          |
| train/                  |                |
|    approx_kl            | 0.011928881    |
|    clip_fraction        | 0.118          |
|    clip_range           | 0.2            |
|    entropy_loss         | -17.6          |
|    explained_variance   | -5.4955482e-05 |
|    learning_rate        | 0.0003         |
|    loss                 | 20.1           |
|    n_updates            | 660            |
|    policy_gradient_loss | -0.0119        |
|    std                  | 1.04           |
|    value_loss           | 45.4           |
--------------------------------------------
-------------------------------------------
| rollout/                |               |
|    ep_len_mean          | 1.44e+03      |
|    ep_rew_mean          | 1.44e+03      |
| time/                   |               |
|    fps                  | 646           |
|    iterations           | 68            |
|    time_elapsed         | 107           |
|    total_timesteps      | 69632         |
| train/                  |               |
|    approx_kl            | 0.016159264   |
|    clip_fraction        | 0.189         |
|    clip_range           | 0.2           |
|    entropy_loss         | -17.5         |
|    explained_variance   | -3.838539e-05 |
|    learning_rate        | 0.0003        |
|    loss                 | 18.8          |
|    n_updates            | 670           |
|    policy_gradient_loss | -0.0168       |
|    std                  | 1.05          |
|    value_loss           | 42.6          |
-------------------------------------------
--------------------------------------------
| rollout/                |                |
|    ep_len_mean          | 1.44e+03       |
|    ep_rew_mean          | 1.44e+03       |
| time/                   |                |
|    fps                  | 647            |
|    iterations           | 69             |
|    time_elapsed         | 109            |
|    total_timesteps      | 70656          |
| train/                  |                |
|    approx_kl            | 0.016127434    |
|    clip_fraction        | 0.191          |
|    clip_range           | 0.2            |
|    entropy_loss         | -17.5          |
|    explained_variance   | -2.7537346e-05 |
|    learning_rate        | 0.0003         |
|    loss                 | 17.7           |
|    n_updates            | 680            |
|    policy_gradient_loss | -0.0156        |
|    std                  | 1.04           |
|    value_loss           | 40.8           |
--------------------------------------------
------------------------------------------
| rollout/                |              |
|    ep_len_mean          | 1.44e+03     |
|    ep_rew_mean          | 1.44e+03     |
| time/                   |              |
|    fps                  | 647          |
|    iterations           | 70           |
|    time_elapsed         | 110          |
|    total_timesteps      | 71680        |
| train/                  |              |
|    approx_kl            | 0.013851349  |
|    clip_fraction        | 0.215        |
|    clip_range           | 0.2          |
|    entropy_loss         | -17.5        |
|    explained_variance   | 4.464388e-05 |
|    learning_rate        | 0.0003       |
|    loss                 | 17.3         |
|    n_updates            | 690          |
|    policy_gradient_loss | -0.0182      |
|    std                  | 1.04         |
|    value_loss           | 39.3         |
------------------------------------------
-------------------------------------------
| rollout/                |               |
|    ep_len_mean          | 1.44e+03      |
|    ep_rew_mean          | 1.44e+03      |
| time/                   |               |
|    fps                  | 647           |
|    iterations           | 71            |
|    time_elapsed         | 112           |
|    total_timesteps      | 72704         |
| train/                  |               |
|    approx_kl            | 0.015801761   |
|    clip_fraction        | 0.211         |
|    clip_range           | 0.2           |
|    entropy_loss         | -17.5         |
|    explained_variance   | 0.00014287233 |
|    learning_rate        | 0.0003        |
|    loss                 | 17.1          |
|    n_updates            | 700           |
|    policy_gradient_loss | -0.0158       |
|    std                  | 1.05          |
|    value_loss           | 38.8          |
-------------------------------------------
-------------------------------------------
| rollout/                |               |
|    ep_len_mean          | 1.44e+03      |
|    ep_rew_mean          | 1.44e+03      |
| time/                   |               |
|    fps                  | 647           |
|    iterations           | 72            |
|    time_elapsed         | 113           |
|    total_timesteps      | 73728         |
| train/                  |               |
|    approx_kl            | 0.014370829   |
|    clip_fraction        | 0.212         |
|    clip_range           | 0.2           |
|    entropy_loss         | -17.6         |
|    explained_variance   | -5.888939e-05 |
|    learning_rate        | 0.0003        |
|    loss                 | 15.9          |
|    n_updates            | 710           |
|    policy_gradient_loss | -0.019        |
|    std                  | 1.05          |
|    value_loss           | 36.2          |
-------------------------------------------
-------------------------------------------
| rollout/                |               |
|    ep_len_mean          | 1.44e+03      |
|    ep_rew_mean          | 1.44e+03      |
| time/                   |               |
|    fps                  | 647           |
|    iterations           | 73            |
|    time_elapsed         | 115           |
|    total_timesteps      | 74752         |
| train/                  |               |
|    approx_kl            | 0.017084252   |
|    clip_fraction        | 0.213         |
|    clip_range           | 0.2           |
|    entropy_loss         | -17.5         |
|    explained_variance   | 4.0769577e-05 |
|    learning_rate        | 0.0003        |
|    loss                 | 15.1          |
|    n_updates            | 720           |
|    policy_gradient_loss | -0.0208       |
|    std                  | 1.05          |
|    value_loss           | 34.6          |
-------------------------------------------
--------------------------------------------
| rollout/                |                |
|    ep_len_mean          | 1.44e+03       |
|    ep_rew_mean          | 1.44e+03       |
| time/                   |                |
|    fps                  | 647            |
|    iterations           | 74             |
|    time_elapsed         | 117            |
|    total_timesteps      | 75776          |
| train/                  |                |
|    approx_kl            | 0.010143308    |
|    clip_fraction        | 0.209          |
|    clip_range           | 0.2            |
|    entropy_loss         | -17.5          |
|    explained_variance   | -6.6280365e-05 |
|    learning_rate        | 0.0003         |
|    loss                 | 14.7           |
|    n_updates            | 730            |
|    policy_gradient_loss | -0.0164        |
|    std                  | 1.05           |
|    value_loss           | 34             |
--------------------------------------------
--------------------------------------------
| rollout/                |                |
|    ep_len_mean          | 1.44e+03       |
|    ep_rew_mean          | 1.44e+03       |
| time/                   |                |
|    fps                  | 647            |
|    iterations           | 75             |
|    time_elapsed         | 118            |
|    total_timesteps      | 76800          |
| train/                  |                |
|    approx_kl            | 0.013644249    |
|    clip_fraction        | 0.216          |
|    clip_range           | 0.2            |
|    entropy_loss         | -17.6          |
|    explained_variance   | -1.7285347e-05 |
|    learning_rate        | 0.0003         |
|    loss                 | 13.8           |
|    n_updates            | 740            |
|    policy_gradient_loss | -0.0132        |
|    std                  | 1.05           |
|    value_loss           | 31.8           |
--------------------------------------------
------------------------------------------
| rollout/                |              |
|    ep_len_mean          | 1.44e+03     |
|    ep_rew_mean          | 1.44e+03     |
| time/                   |              |
|    fps                  | 647          |
|    iterations           | 76           |
|    time_elapsed         | 120          |
|    total_timesteps      | 77824        |
| train/                  |              |
|    approx_kl            | 0.0131479    |
|    clip_fraction        | 0.182        |
|    clip_range           | 0.2          |
|    entropy_loss         | -17.6        |
|    explained_variance   | 4.053116e-06 |
|    learning_rate        | 0.0003       |
|    loss                 | 13           |
|    n_updates            | 750          |
|    policy_gradient_loss | -0.0135      |
|    std                  | 1.04         |
|    value_loss           | 30.3         |
------------------------------------------
--------------------------------------------
| rollout/                |                |
|    ep_len_mean          | 1.44e+03       |
|    ep_rew_mean          | 1.44e+03       |
| time/                   |                |
|    fps                  | 647            |
|    iterations           | 77             |
|    time_elapsed         | 121            |
|    total_timesteps      | 78848          |
| train/                  |                |
|    approx_kl            | 0.011746615    |
|    clip_fraction        | 0.252          |
|    clip_range           | 0.2            |
|    entropy_loss         | -17.5          |
|    explained_variance   | -1.0371208e-05 |
|    learning_rate        | 0.0003         |
|    loss                 | 12.4           |
|    n_updates            | 760            |
|    policy_gradient_loss | -0.0187        |
|    std                  | 1.04           |
|    value_loss           | 28.8           |
--------------------------------------------
-------------------------------------------
| rollout/                |               |
|    ep_len_mean          | 1.44e+03      |
|    ep_rew_mean          | 1.44e+03      |
| time/                   |               |
|    fps                  | 647           |
|    iterations           | 78            |
|    time_elapsed         | 123           |
|    total_timesteps      | 79872         |
| train/                  |               |
|    approx_kl            | 0.01390457    |
|    clip_fraction        | 0.2           |
|    clip_range           | 0.2           |
|    entropy_loss         | -17.5         |
|    explained_variance   | 1.5318394e-05 |
|    learning_rate        | 0.0003        |
|    loss                 | 11.9          |
|    n_updates            | 770           |
|    policy_gradient_loss | -0.0137       |
|    std                  | 1.05          |
|    value_loss           | 28.2          |
-------------------------------------------
------------------------------------------
| rollout/                |              |
|    ep_len_mean          | 1.44e+03     |
|    ep_rew_mean          | 1.44e+03     |
| time/                   |              |
|    fps                  | 647          |
|    iterations           | 79           |
|    time_elapsed         | 125          |
|    total_timesteps      | 80896        |
| train/                  |              |
|    approx_kl            | 0.01070603   |
|    clip_fraction        | 0.154        |
|    clip_range           | 0.2          |
|    entropy_loss         | -17.6        |
|    explained_variance   | 9.179115e-06 |
|    learning_rate        | 0.0003       |
|    loss                 | 11.4         |
|    n_updates            | 780          |
|    policy_gradient_loss | -0.0161      |
|    std                  | 1.05         |
|    value_loss           | 26.2         |
------------------------------------------
--------------------------------------------
| rollout/                |                |
|    ep_len_mean          | 1.44e+03       |
|    ep_rew_mean          | 1.44e+03       |
| time/                   |                |
|    fps                  | 646            |
|    iterations           | 80             |
|    time_elapsed         | 126            |
|    total_timesteps      | 81920          |
| train/                  |                |
|    approx_kl            | 0.019529358    |
|    clip_fraction        | 0.283          |
|    clip_range           | 0.2            |
|    entropy_loss         | -17.6          |
|    explained_variance   | -3.0875206e-05 |
|    learning_rate        | 0.0003         |
|    loss                 | 10.5           |
|    n_updates            | 790            |
|    policy_gradient_loss | -0.0226        |
|    std                  | 1.05           |
|    value_loss           | 25.1           |
--------------------------------------------
-------------------------------------------
| rollout/                |               |
|    ep_len_mean          | 1.44e+03      |
|    ep_rew_mean          | 1.44e+03      |
| time/                   |               |
|    fps                  | 646           |
|    iterations           | 81            |
|    time_elapsed         | 128           |
|    total_timesteps      | 82944         |
| train/                  |               |
|    approx_kl            | 0.014055519   |
|    clip_fraction        | 0.209         |
|    clip_range           | 0.2           |
|    entropy_loss         | -17.6         |
|    explained_variance   | -6.556511e-05 |
|    learning_rate        | 0.0003        |
|    loss                 | 10.1          |
|    n_updates            | 800           |
|    policy_gradient_loss | -0.015        |
|    std                  | 1.05          |
|    value_loss           | 24.2          |
-------------------------------------------
--------------------------------------------
| rollout/                |                |
|    ep_len_mean          | 1.44e+03       |
|    ep_rew_mean          | 1.44e+03       |
| time/                   |                |
|    fps                  | 646            |
|    iterations           | 82             |
|    time_elapsed         | 129            |
|    total_timesteps      | 83968          |
| train/                  |                |
|    approx_kl            | 0.014924008    |
|    clip_fraction        | 0.165          |
|    clip_range           | 0.2            |
|    entropy_loss         | -17.6          |
|    explained_variance   | -5.9366226e-05 |
|    learning_rate        | 0.0003         |
|    loss                 | 9.33           |
|    n_updates            | 810            |
|    policy_gradient_loss | -0.0148        |
|    std                  | 1.05           |
|    value_loss           | 22.5           |
--------------------------------------------
-------------------------------------------
| rollout/                |               |
|    ep_len_mean          | 1.44e+03      |
|    ep_rew_mean          | 1.44e+03      |
| time/                   |               |
|    fps                  | 646           |
|    iterations           | 83            |
|    time_elapsed         | 131           |
|    total_timesteps      | 84992         |
| train/                  |               |
|    approx_kl            | 0.013359311   |
|    clip_fraction        | 0.25          |
|    clip_range           | 0.2           |
|    entropy_loss         | -17.6         |
|    explained_variance   | -3.683567e-05 |
|    learning_rate        | 0.0003        |
|    loss                 | 8.83          |
|    n_updates            | 820           |
|    policy_gradient_loss | -0.02         |
|    std                  | 1.05          |
|    value_loss           | 21            |
-------------------------------------------
---------------------------------------------
| rollout/                |                 |
|    ep_len_mean          | 1.44e+03        |
|    ep_rew_mean          | 1.44e+03        |
| time/                   |                 |
|    fps                  | 646             |
|    iterations           | 84              |
|    time_elapsed         | 133             |
|    total_timesteps      | 86016           |
| train/                  |                 |
|    approx_kl            | 0.017996728     |
|    clip_fraction        | 0.225           |
|    clip_range           | 0.2             |
|    entropy_loss         | -17.6           |
|    explained_variance   | -1.50203705e-05 |
|    learning_rate        | 0.0003          |
|    loss                 | 8.3             |
|    n_updates            | 830             |
|    policy_gradient_loss | -0.0184         |
|    std                  | 1.05            |
|    value_loss           | 20.1            |
---------------------------------------------
--------------------------------------------
| rollout/                |                |
|    ep_len_mean          | 1.44e+03       |
|    ep_rew_mean          | 1.44e+03       |
| time/                   |                |
|    fps                  | 646            |
|    iterations           | 85             |
|    time_elapsed         | 134            |
|    total_timesteps      | 87040          |
| train/                  |                |
|    approx_kl            | 0.016267993    |
|    clip_fraction        | 0.251          |
|    clip_range           | 0.2            |
|    entropy_loss         | -17.6          |
|    explained_variance   | -5.5909157e-05 |
|    learning_rate        | 0.0003         |
|    loss                 | 7.9            |
|    n_updates            | 840            |
|    policy_gradient_loss | -0.0164        |
|    std                  | 1.05           |
|    value_loss           | 19.3           |
--------------------------------------------
--------------------------------------------
| rollout/                |                |
|    ep_len_mean          | 1.44e+03       |
|    ep_rew_mean          | 1.44e+03       |
| time/                   |                |
|    fps                  | 646            |
|    iterations           | 86             |
|    time_elapsed         | 136            |
|    total_timesteps      | 88064          |
| train/                  |                |
|    approx_kl            | 0.012980657    |
|    clip_fraction        | 0.172          |
|    clip_range           | 0.2            |
|    entropy_loss         | -17.6          |
|    explained_variance   | -2.3841858e-05 |
|    learning_rate        | 0.0003         |
|    loss                 | 7.31           |
|    n_updates            | 850            |
|    policy_gradient_loss | -0.0202        |
|    std                  | 1.05           |
|    value_loss           | 17.7           |
--------------------------------------------
--------------------------------------------
| rollout/                |                |
|    ep_len_mean          | 1.44e+03       |
|    ep_rew_mean          | 1.44e+03       |
| time/                   |                |
|    fps                  | 646            |
|    iterations           | 87             |
|    time_elapsed         | 137            |
|    total_timesteps      | 89088          |
| train/                  |                |
|    approx_kl            | 0.0127808275   |
|    clip_fraction        | 0.157          |
|    clip_range           | 0.2            |
|    entropy_loss         | -17.6          |
|    explained_variance   | -3.4809113e-05 |
|    learning_rate        | 0.0003         |
|    loss                 | 6.78           |
|    n_updates            | 860            |
|    policy_gradient_loss | -0.0147        |
|    std                  | 1.06           |
|    value_loss           | 16.7           |
--------------------------------------------
--------------------------------------------
| rollout/                |                |
|    ep_len_mean          | 1.44e+03       |
|    ep_rew_mean          | 1.44e+03       |
| time/                   |                |
|    fps                  | 646            |
|    iterations           | 88             |
|    time_elapsed         | 139            |
|    total_timesteps      | 90112          |
| train/                  |                |
|    approx_kl            | 0.013744516    |
|    clip_fraction        | 0.181          |
|    clip_range           | 0.2            |
|    entropy_loss         | -17.7          |
|    explained_variance   | -1.4662743e-05 |
|    learning_rate        | 0.0003         |
|    loss                 | 6.6            |
|    n_updates            | 870            |
|    policy_gradient_loss | -0.0141        |
|    std                  | 1.06           |
|    value_loss           | 16             |
--------------------------------------------
--------------------------------------------
| rollout/                |                |
|    ep_len_mean          | 1.44e+03       |
|    ep_rew_mean          | 1.44e+03       |
| time/                   |                |
|    fps                  | 646            |
|    iterations           | 89             |
|    time_elapsed         | 140            |
|    total_timesteps      | 91136          |
| train/                  |                |
|    approx_kl            | 0.013827465    |
|    clip_fraction        | 0.143          |
|    clip_range           | 0.2            |
|    entropy_loss         | -17.7          |
|    explained_variance   | -4.4584274e-05 |
|    learning_rate        | 0.0003         |
|    loss                 | 5.86           |
|    n_updates            | 880            |
|    policy_gradient_loss | -0.0156        |
|    std                  | 1.06           |
|    value_loss           | 14.6           |
--------------------------------------------
--------------------------------------------
| rollout/                |                |
|    ep_len_mean          | 1.44e+03       |
|    ep_rew_mean          | 1.44e+03       |
| time/                   |                |
|    fps                  | 646            |
|    iterations           | 90             |
|    time_elapsed         | 142            |
|    total_timesteps      | 92160          |
| train/                  |                |
|    approx_kl            | 0.014515091    |
|    clip_fraction        | 0.219          |
|    clip_range           | 0.2            |
|    entropy_loss         | -17.7          |
|    explained_variance   | -3.7789345e-05 |
|    learning_rate        | 0.0003         |
|    loss                 | 5.37           |
|    n_updates            | 890            |
|    policy_gradient_loss | -0.0214        |
|    std                  | 1.05           |
|    value_loss           | 13.6           |
--------------------------------------------
-------------------------------------------
| rollout/                |               |
|    ep_len_mean          | 1.44e+03      |
|    ep_rew_mean          | 1.44e+03      |
| time/                   |               |
|    fps                  | 647           |
|    iterations           | 91            |
|    time_elapsed         | 143           |
|    total_timesteps      | 93184         |
| train/                  |               |
|    approx_kl            | 0.013650452   |
|    clip_fraction        | 0.204         |
|    clip_range           | 0.2           |
|    entropy_loss         | -17.7         |
|    explained_variance   | -4.172325e-05 |
|    learning_rate        | 0.0003        |
|    loss                 | 5.22          |
|    n_updates            | 900           |
|    policy_gradient_loss | -0.0181       |
|    std                  | 1.06          |
|    value_loss           | 13.1          |
-------------------------------------------
--------------------------------------------
| rollout/                |                |
|    ep_len_mean          | 1.44e+03       |
|    ep_rew_mean          | 1.44e+03       |
| time/                   |                |
|    fps                  | 647            |
|    iterations           | 92             |
|    time_elapsed         | 145            |
|    total_timesteps      | 94208          |
| train/                  |                |
|    approx_kl            | 0.014776322    |
|    clip_fraction        | 0.209          |
|    clip_range           | 0.2            |
|    entropy_loss         | -17.7          |
|    explained_variance   | -4.0769577e-05 |
|    learning_rate        | 0.0003         |
|    loss                 | 4.86           |
|    n_updates            | 910            |
|    policy_gradient_loss | -0.0162        |
|    std                  | 1.06           |
|    value_loss           | 12.2           |
--------------------------------------------
--------------------------------------------
| rollout/                |                |
|    ep_len_mean          | 1.44e+03       |
|    ep_rew_mean          | 1.44e+03       |
| time/                   |                |
|    fps                  | 647            |
|    iterations           | 93             |
|    time_elapsed         | 147            |
|    total_timesteps      | 95232          |
| train/                  |                |
|    approx_kl            | 0.01720763     |
|    clip_fraction        | 0.228          |
|    clip_range           | 0.2            |
|    entropy_loss         | -17.7          |
|    explained_variance   | -1.4662743e-05 |
|    learning_rate        | 0.0003         |
|    loss                 | 4.42           |
|    n_updates            | 920            |
|    policy_gradient_loss | -0.0208        |
|    std                  | 1.06           |
|    value_loss           | 11.1           |
--------------------------------------------
-------------------------------------------
| rollout/                |               |
|    ep_len_mean          | 1.44e+03      |
|    ep_rew_mean          | 1.44e+03      |
| time/                   |               |
|    fps                  | 648           |
|    iterations           | 94            |
|    time_elapsed         | 148           |
|    total_timesteps      | 96256         |
| train/                  |               |
|    approx_kl            | 0.016473476   |
|    clip_fraction        | 0.206         |
|    clip_range           | 0.2           |
|    entropy_loss         | -17.7         |
|    explained_variance   | 2.8014183e-05 |
|    learning_rate        | 0.0003        |
|    loss                 | 3.9           |
|    n_updates            | 930           |
|    policy_gradient_loss | -0.018        |
|    std                  | 1.06          |
|    value_loss           | 10.2          |
-------------------------------------------
--------------------------------------------
| rollout/                |                |
|    ep_len_mean          | 1.44e+03       |
|    ep_rew_mean          | 1.44e+03       |
| time/                   |                |
|    fps                  | 648            |
|    iterations           | 95             |
|    time_elapsed         | 150            |
|    total_timesteps      | 97280          |
| train/                  |                |
|    approx_kl            | 0.016680581    |
|    clip_fraction        | 0.217          |
|    clip_range           | 0.2            |
|    entropy_loss         | -17.7          |
|    explained_variance   | -3.6597252e-05 |
|    learning_rate        | 0.0003         |
|    loss                 | 3.68           |
|    n_updates            | 940            |
|    policy_gradient_loss | -0.0178        |
|    std                  | 1.06           |
|    value_loss           | 9.69           |
--------------------------------------------
------------------------------------------
| rollout/                |              |
|    ep_len_mean          | 1.44e+03     |
|    ep_rew_mean          | 1.44e+03     |
| time/                   |              |
|    fps                  | 648          |
|    iterations           | 96           |
|    time_elapsed         | 151          |
|    total_timesteps      | 98304        |
| train/                  |              |
|    approx_kl            | 0.017546318  |
|    clip_fraction        | 0.189        |
|    clip_range           | 0.2          |
|    entropy_loss         | -17.7        |
|    explained_variance   | 1.013279e-06 |
|    learning_rate        | 0.0003       |
|    loss                 | 3.15         |
|    n_updates            | 950          |
|    policy_gradient_loss | -0.0184      |
|    std                  | 1.06         |
|    value_loss           | 8.64         |
------------------------------------------
-------------------------------------------
| rollout/                |               |
|    ep_len_mean          | 1.44e+03      |
|    ep_rew_mean          | 1.44e+03      |
| time/                   |               |
|    fps                  | 648           |
|    iterations           | 97            |
|    time_elapsed         | 153           |
|    total_timesteps      | 99328         |
| train/                  |               |
|    approx_kl            | 0.013219863   |
|    clip_fraction        | 0.224         |
|    clip_range           | 0.2           |
|    entropy_loss         | -17.7         |
|    explained_variance   | 6.7949295e-06 |
|    learning_rate        | 0.0003        |
|    loss                 | 2.99          |
|    n_updates            | 960           |
|    policy_gradient_loss | -0.0219       |
|    std                  | 1.06          |
|    value_loss           | 7.98          |
-------------------------------------------
--------------------------------------------
| rollout/                |                |
|    ep_len_mean          | 1.44e+03       |
|    ep_rew_mean          | 1.44e+03       |
| time/                   |                |
|    fps                  | 649            |
|    iterations           | 98             |
|    time_elapsed         | 154            |
|    total_timesteps      | 100352         |
| train/                  |                |
|    approx_kl            | 0.01769755     |
|    clip_fraction        | 0.224          |
|    clip_range           | 0.2            |
|    entropy_loss         | -17.7          |
|    explained_variance   | -2.8848648e-05 |
|    learning_rate        | 0.0003         |
|    loss                 | 2.67           |
|    n_updates            | 970            |
|    policy_gradient_loss | -0.0174        |
|    std                  | 1.06           |
|    value_loss           | 7.33           |
--------------------------------------------
--------------------------------------------
| rollout/                |                |
|    ep_len_mean          | 1.44e+03       |
|    ep_rew_mean          | 1.44e+03       |
| time/                   |                |
|    fps                  | 649            |
|    iterations           | 99             |
|    time_elapsed         | 156            |
|    total_timesteps      | 101376         |
| train/                  |                |
|    approx_kl            | 0.015271885    |
|    clip_fraction        | 0.195          |
|    clip_range           | 0.2            |
|    entropy_loss         | -17.7          |
|    explained_variance   | -1.2874603e-05 |
|    learning_rate        | 0.0003         |
|    loss                 | 2.37           |
|    n_updates            | 980            |
|    policy_gradient_loss | -0.019         |
|    std                  | 1.06           |
|    value_loss           | 6.63           |
--------------------------------------------
--------------------------------------------
| rollout/                |                |
|    ep_len_mean          | 1.44e+03       |
|    ep_rew_mean          | 1.44e+03       |
| time/                   |                |
|    fps                  | 649            |
|    iterations           | 100            |
|    time_elapsed         | 157            |
|    total_timesteps      | 102400         |
| train/                  |                |
|    approx_kl            | 0.015111798    |
|    clip_fraction        | 0.188          |
|    clip_range           | 0.2            |
|    entropy_loss         | -17.7          |
|    explained_variance   | -1.4781952e-05 |
|    learning_rate        | 0.0003         |
|    loss                 | 2.09           |
|    n_updates            | 990            |
|    policy_gradient_loss | -0.0188        |
|    std                  | 1.06           |
|    value_loss           | 5.89           |
--------------------------------------------
-------------------------------------------
| rollout/                |               |
|    ep_len_mean          | 1.44e+03      |
|    ep_rew_mean          | 1.44e+03      |
| time/                   |               |
|    fps                  | 649           |
|    iterations           | 101           |
|    time_elapsed         | 159           |
|    total_timesteps      | 103424        |
| train/                  |               |
|    approx_kl            | 0.014222845   |
|    clip_fraction        | 0.167         |
|    clip_range           | 0.2           |
|    entropy_loss         | -17.7         |
|    explained_variance   | -8.332729e-05 |
|    learning_rate        | 0.0003        |
|    loss                 | 1.84          |
|    n_updates            | 1000          |
|    policy_gradient_loss | -0.0172       |
|    std                  | 1.06          |
|    value_loss           | 5.42          |
-------------------------------------------
--------------------------------------------
| rollout/                |                |
|    ep_len_mean          | 1.44e+03       |
|    ep_rew_mean          | 1.44e+03       |
| time/                   |                |
|    fps                  | 650            |
|    iterations           | 102            |
|    time_elapsed         | 160            |
|    total_timesteps      | 104448         |
| train/                  |                |
|    approx_kl            | 0.017786307    |
|    clip_fraction        | 0.225          |
|    clip_range           | 0.2            |
|    entropy_loss         | -17.7          |
|    explained_variance   | -2.8133392e-05 |
|    learning_rate        | 0.0003         |
|    loss                 | 1.64           |
|    n_updates            | 1010           |
|    policy_gradient_loss | -0.0169        |
|    std                  | 1.06           |
|    value_loss           | 4.92           |
--------------------------------------------
-------------------------------------------
| rollout/                |               |
|    ep_len_mean          | 1.44e+03      |
|    ep_rew_mean          | 1.44e+03      |
| time/                   |               |
|    fps                  | 650           |
|    iterations           | 103           |
|    time_elapsed         | 162           |
|    total_timesteps      | 105472        |
| train/                  |               |
|    approx_kl            | 0.014861397   |
|    clip_fraction        | 0.199         |
|    clip_range           | 0.2           |
|    entropy_loss         | -17.8         |
|    explained_variance   | 1.6868114e-05 |
|    learning_rate        | 0.0003        |
|    loss                 | 1.33          |
|    n_updates            | 1020          |
|    policy_gradient_loss | -0.0182       |
|    std                  | 1.06          |
|    value_loss           | 4.23          |
-------------------------------------------
--------------------------------------------
| rollout/                |                |
|    ep_len_mean          | 1.44e+03       |
|    ep_rew_mean          | 1.44e+03       |
| time/                   |                |
|    fps                  | 650            |
|    iterations           | 104            |
|    time_elapsed         | 163            |
|    total_timesteps      | 106496         |
| train/                  |                |
|    approx_kl            | 0.019685581    |
|    clip_fraction        | 0.202          |
|    clip_range           | 0.2            |
|    entropy_loss         | -17.8          |
|    explained_variance   | -2.0980835e-05 |
|    learning_rate        | 0.0003         |
|    loss                 | 1.13           |
|    n_updates            | 1030           |
|    policy_gradient_loss | -0.0219        |
|    std                  | 1.06           |
|    value_loss           | 3.67           |
--------------------------------------------
-------------------------------------------
| rollout/                |               |
|    ep_len_mean          | 1.44e+03      |
|    ep_rew_mean          | 1.44e+03      |
| time/                   |               |
|    fps                  | 650           |
|    iterations           | 105           |
|    time_elapsed         | 165           |
|    total_timesteps      | 107520        |
| train/                  |               |
|    approx_kl            | 0.017221903   |
|    clip_fraction        | 0.22          |
|    clip_range           | 0.2           |
|    entropy_loss         | -17.8         |
|    explained_variance   | 2.8133392e-05 |
|    learning_rate        | 0.0003        |
|    loss                 | 1.03          |
|    n_updates            | 1040          |
|    policy_gradient_loss | -0.0209       |
|    std                  | 1.07          |
|    value_loss           | 3.43          |
-------------------------------------------
-------------------------------------------
| rollout/                |               |
|    ep_len_mean          | 1.44e+03      |
|    ep_rew_mean          | 1.44e+03      |
| time/                   |               |
|    fps                  | 650           |
|    iterations           | 106           |
|    time_elapsed         | 166           |
|    total_timesteps      | 108544        |
| train/                  |               |
|    approx_kl            | 0.018641986   |
|    clip_fraction        | 0.193         |
|    clip_range           | 0.2           |
|    entropy_loss         | -17.8         |
|    explained_variance   | 7.0929527e-06 |
|    learning_rate        | 0.0003        |
|    loss                 | 0.81          |
|    n_updates            | 1050          |
|    policy_gradient_loss | -0.0163       |
|    std                  | 1.06          |
|    value_loss           | 2.87          |
-------------------------------------------
--------------------------------------------
| rollout/                |                |
|    ep_len_mean          | 1.44e+03       |
|    ep_rew_mean          | 1.44e+03       |
| time/                   |                |
|    fps                  | 651            |
|    iterations           | 107            |
|    time_elapsed         | 168            |
|    total_timesteps      | 109568         |
| train/                  |                |
|    approx_kl            | 0.019075276    |
|    clip_fraction        | 0.196          |
|    clip_range           | 0.2            |
|    entropy_loss         | -17.7          |
|    explained_variance   | -3.2782555e-05 |
|    learning_rate        | 0.0003         |
|    loss                 | 0.677          |
|    n_updates            | 1060           |
|    policy_gradient_loss | -0.0215        |
|    std                  | 1.06           |
|    value_loss           | 2.4            |
--------------------------------------------
--------------------------------------------
| rollout/                |                |
|    ep_len_mean          | 1.44e+03       |
|    ep_rew_mean          | 1.44e+03       |
| time/                   |                |
|    fps                  | 651            |
|    iterations           | 108            |
|    time_elapsed         | 169            |
|    total_timesteps      | 110592         |
| train/                  |                |
|    approx_kl            | 0.019834222    |
|    clip_fraction        | 0.184          |
|    clip_range           | 0.2            |
|    entropy_loss         | -17.7          |
|    explained_variance   | -1.1920929e-06 |
|    learning_rate        | 0.0003         |
|    loss                 | 0.504          |
|    n_updates            | 1070           |
|    policy_gradient_loss | -0.02          |
|    std                  | 1.06           |
|    value_loss           | 2.01           |
--------------------------------------------
-------------------------------------------
| rollout/                |               |
|    ep_len_mean          | 1.44e+03      |
|    ep_rew_mean          | 1.44e+03      |
| time/                   |               |
|    fps                  | 651           |
|    iterations           | 109           |
|    time_elapsed         | 171           |
|    total_timesteps      | 111616        |
| train/                  |               |
|    approx_kl            | 0.013786126   |
|    clip_fraction        | 0.206         |
|    clip_range           | 0.2           |
|    entropy_loss         | -17.7         |
|    explained_variance   | -3.683567e-05 |
|    learning_rate        | 0.0003        |
|    loss                 | 0.406         |
|    n_updates            | 1080          |
|    policy_gradient_loss | -0.0187       |
|    std                  | 1.06          |
|    value_loss           | 1.78          |
-------------------------------------------
--------------------------------------------
| rollout/                |                |
|    ep_len_mean          | 1.44e+03       |
|    ep_rew_mean          | 1.44e+03       |
| time/                   |                |
|    fps                  | 652            |
|    iterations           | 110            |
|    time_elapsed         | 172            |
|    total_timesteps      | 112640         |
| train/                  |                |
|    approx_kl            | 0.020226566    |
|    clip_fraction        | 0.203          |
|    clip_range           | 0.2            |
|    entropy_loss         | -17.7          |
|    explained_variance   | -4.9591064e-05 |
|    learning_rate        | 0.0003         |
|    loss                 | 0.312          |
|    n_updates            | 1090           |
|    policy_gradient_loss | -0.0191        |
|    std                  | 1.06           |
|    value_loss           | 1.45           |
--------------------------------------------
--------------------------------------------
| rollout/                |                |
|    ep_len_mean          | 1.44e+03       |
|    ep_rew_mean          | 1.44e+03       |
| time/                   |                |
|    fps                  | 652            |
|    iterations           | 111            |
|    time_elapsed         | 174            |
|    total_timesteps      | 113664         |
| train/                  |                |
|    approx_kl            | 0.015815517    |
|    clip_fraction        | 0.181          |
|    clip_range           | 0.2            |
|    entropy_loss         | -17.7          |
|    explained_variance   | -2.6106834e-05 |
|    learning_rate        | 0.0003         |
|    loss                 | 0.193          |
|    n_updates            | 1100           |
|    policy_gradient_loss | -0.0201        |
|    std                  | 1.06           |
|    value_loss           | 1.15           |
--------------------------------------------
-------------------------------------------
| rollout/                |               |
|    ep_len_mean          | 1.44e+03      |
|    ep_rew_mean          | 1.44e+03      |
| time/                   |               |
|    fps                  | 652           |
|    iterations           | 112           |
|    time_elapsed         | 175           |
|    total_timesteps      | 114688        |
| train/                  |               |
|    approx_kl            | 0.017586675   |
|    clip_fraction        | 0.22          |
|    clip_range           | 0.2           |
|    entropy_loss         | -17.7         |
|    explained_variance   | -8.368492e-05 |
|    learning_rate        | 0.0003        |
|    loss                 | 0.128         |
|    n_updates            | 1110          |
|    policy_gradient_loss | -0.0212       |
|    std                  | 1.06          |
|    value_loss           | 0.925         |
-------------------------------------------
--------------------------------------------
| rollout/                |                |
|    ep_len_mean          | 1.44e+03       |
|    ep_rew_mean          | 1.44e+03       |
| time/                   |                |
|    fps                  | 652            |
|    iterations           | 113            |
|    time_elapsed         | 177            |
|    total_timesteps      | 115712         |
| train/                  |                |
|    approx_kl            | 0.018888064    |
|    clip_fraction        | 0.243          |
|    clip_range           | 0.2            |
|    entropy_loss         | -17.7          |
|    explained_variance   | -2.5749207e-05 |
|    learning_rate        | 0.0003         |
|    loss                 | 0.0676         |
|    n_updates            | 1120           |
|    policy_gradient_loss | -0.0231        |
|    std                  | 1.06           |
|    value_loss           | 0.755          |
--------------------------------------------
--------------------------------------------
| rollout/                |                |
|    ep_len_mean          | 1.44e+03       |
|    ep_rew_mean          | 1.44e+03       |
| time/                   |                |
|    fps                  | 653            |
|    iterations           | 114            |
|    time_elapsed         | 178            |
|    total_timesteps      | 116736         |
| train/                  |                |
|    approx_kl            | 0.015123692    |
|    clip_fraction        | 0.145          |
|    clip_range           | 0.2            |
|    entropy_loss         | -17.7          |
|    explained_variance   | -5.4836273e-05 |
|    learning_rate        | 0.0003         |
|    loss                 | 0.0414         |
|    n_updates            | 1130           |
|    policy_gradient_loss | -0.0178        |
|    std                  | 1.05           |
|    value_loss           | 0.593          |
--------------------------------------------
--------------------------------------------
| rollout/                |                |
|    ep_len_mean          | 1.44e+03       |
|    ep_rew_mean          | 1.44e+03       |
| time/                   |                |
|    fps                  | 653            |
|    iterations           | 115            |
|    time_elapsed         | 180            |
|    total_timesteps      | 117760         |
| train/                  |                |
|    approx_kl            | 0.028410323    |
|    clip_fraction        | 0.266          |
|    clip_range           | 0.2            |
|    entropy_loss         | -17.6          |
|    explained_variance   | -0.00021111965 |
|    learning_rate        | 0.0003         |
|    loss                 | 0.0161         |
|    n_updates            | 1140           |
|    policy_gradient_loss | -0.0249        |
|    std                  | 1.05           |
|    value_loss           | 0.444          |
--------------------------------------------
--------------------------------------------
| rollout/                |                |
|    ep_len_mean          | 1.44e+03       |
|    ep_rew_mean          | 1.44e+03       |
| time/                   |                |
|    fps                  | 653            |
|    iterations           | 116            |
|    time_elapsed         | 181            |
|    total_timesteps      | 118784         |
| train/                  |                |
|    approx_kl            | 0.020747395    |
|    clip_fraction        | 0.254          |
|    clip_range           | 0.2            |
|    entropy_loss         | -17.6          |
|    explained_variance   | -4.6372414e-05 |
|    learning_rate        | 0.0003         |
|    loss                 | -0.0362        |
|    n_updates            | 1150           |
|    policy_gradient_loss | -0.0246        |
|    std                  | 1.05           |
|    value_loss           | 0.309          |
--------------------------------------------
--------------------------------------------
| rollout/                |                |
|    ep_len_mean          | 1.44e+03       |
|    ep_rew_mean          | 1.44e+03       |
| time/                   |                |
|    fps                  | 653            |
|    iterations           | 117            |
|    time_elapsed         | 183            |
|    total_timesteps      | 119808         |
| train/                  |                |
|    approx_kl            | 0.017694436    |
|    clip_fraction        | 0.234          |
|    clip_range           | 0.2            |
|    entropy_loss         | -17.6          |
|    explained_variance   | -6.4611435e-05 |
|    learning_rate        | 0.0003         |
|    loss                 | -0.0117        |
|    n_updates            | 1160           |
|    policy_gradient_loss | -0.024         |
|    std                  | 1.05           |
|    value_loss           | 0.201          |
--------------------------------------------
-------------------------------------------
| rollout/                |               |
|    ep_len_mean          | 1.44e+03      |
|    ep_rew_mean          | 1.44e+03      |
| time/                   |               |
|    fps                  | 653           |
|    iterations           | 118           |
|    time_elapsed         | 184           |
|    total_timesteps      | 120832        |
| train/                  |               |
|    approx_kl            | 0.016719235   |
|    clip_fraction        | 0.18          |
|    clip_range           | 0.2           |
|    entropy_loss         | -17.6         |
|    explained_variance   | 4.6551228e-05 |
|    learning_rate        | 0.0003        |
|    loss                 | -0.000475     |
|    n_updates            | 1170          |
|    policy_gradient_loss | -0.0192       |
|    std                  | 1.05          |
|    value_loss           | 0.138         |
-------------------------------------------
--------------------------------------------
| rollout/                |                |
|    ep_len_mean          | 1.44e+03       |
|    ep_rew_mean          | 1.44e+03       |
| time/                   |                |
|    fps                  | 653            |
|    iterations           | 119            |
|    time_elapsed         | 186            |
|    total_timesteps      | 121856         |
| train/                  |                |
|    approx_kl            | 0.017610963    |
|    clip_fraction        | 0.199          |
|    clip_range           | 0.2            |
|    entropy_loss         | -17.6          |
|    explained_variance   | -3.8146973e-06 |
|    learning_rate        | 0.0003         |
|    loss                 | -0.0266        |
|    n_updates            | 1180           |
|    policy_gradient_loss | -0.0232        |
|    std                  | 1.04           |
|    value_loss           | 0.116          |
--------------------------------------------
-------------------------------------------
| rollout/                |               |
|    ep_len_mean          | 1.44e+03      |
|    ep_rew_mean          | 1.44e+03      |
| time/                   |               |
|    fps                  | 653           |
|    iterations           | 120           |
|    time_elapsed         | 187           |
|    total_timesteps      | 122880        |
| train/                  |               |
|    approx_kl            | 0.017151214   |
|    clip_fraction        | 0.204         |
|    clip_range           | 0.2           |
|    entropy_loss         | -17.5         |
|    explained_variance   | -8.833408e-05 |
|    learning_rate        | 0.0003        |
|    loss                 | -0.0198       |
|    n_updates            | 1190          |
|    policy_gradient_loss | -0.0251       |
|    std                  | 1.04          |
|    value_loss           | 0.0636        |
-------------------------------------------
-------------------------------------------
| rollout/                |               |
|    ep_len_mean          | 1.44e+03      |
|    ep_rew_mean          | 1.44e+03      |
| time/                   |               |
|    fps                  | 653           |
|    iterations           | 121           |
|    time_elapsed         | 189           |
|    total_timesteps      | 123904        |
| train/                  |               |
|    approx_kl            | 0.01830148    |
|    clip_fraction        | 0.181         |
|    clip_range           | 0.2           |
|    entropy_loss         | -17.5         |
|    explained_variance   | -7.247925e-05 |
|    learning_rate        | 0.0003        |
|    loss                 | -0.027        |
|    n_updates            | 1200          |
|    policy_gradient_loss | -0.025        |
|    std                  | 1.03          |
|    value_loss           | 0.0562        |
-------------------------------------------
--------------------------------------------
| rollout/                |                |
|    ep_len_mean          | 1.44e+03       |
|    ep_rew_mean          | 1.44e+03       |
| time/                   |                |
|    fps                  | 654            |
|    iterations           | 122            |
|    time_elapsed         | 191            |
|    total_timesteps      | 124928         |
| train/                  |                |
|    approx_kl            | 0.015990287    |
|    clip_fraction        | 0.212          |
|    clip_range           | 0.2            |
|    entropy_loss         | -17.4          |
|    explained_variance   | -1.5497208e-06 |
|    learning_rate        | 0.0003         |
|    loss                 | -0.026         |
|    n_updates            | 1210           |
|    policy_gradient_loss | -0.0233        |
|    std                  | 1.03           |
|    value_loss           | 0.0384         |
--------------------------------------------
-------------------------------------------
| rollout/                |               |
|    ep_len_mean          | 1.44e+03      |
|    ep_rew_mean          | 1.44e+03      |
| time/                   |               |
|    fps                  | 654           |
|    iterations           | 123           |
|    time_elapsed         | 192           |
|    total_timesteps      | 125952        |
| train/                  |               |
|    approx_kl            | 0.01719191    |
|    clip_fraction        | 0.213         |
|    clip_range           | 0.2           |
|    entropy_loss         | -17.4         |
|    explained_variance   | 5.6505203e-05 |
|    learning_rate        | 0.0003        |
|    loss                 | -0.037        |
|    n_updates            | 1220          |
|    policy_gradient_loss | -0.0237       |
|    std                  | 1.03          |
|    value_loss           | 0.0321        |
-------------------------------------------
-------------------------------------------
| rollout/                |               |
|    ep_len_mean          | 1.44e+03      |
|    ep_rew_mean          | 1.44e+03      |
| time/                   |               |
|    fps                  | 654           |
|    iterations           | 124           |
|    time_elapsed         | 194           |
|    total_timesteps      | 126976        |
| train/                  |               |
|    approx_kl            | 0.016055776   |
|    clip_fraction        | 0.182         |
|    clip_range           | 0.2           |
|    entropy_loss         | -17.3         |
|    explained_variance   | 3.5762787e-06 |
|    learning_rate        | 0.0003        |
|    loss                 | -0.0215       |
|    n_updates            | 1230          |
|    policy_gradient_loss | -0.0238       |
|    std                  | 1.03          |
|    value_loss           | 0.0381        |
-------------------------------------------
-------------------------------------------
| rollout/                |               |
|    ep_len_mean          | 1.44e+03      |
|    ep_rew_mean          | 1.44e+03      |
| time/                   |               |
|    fps                  | 654           |
|    iterations           | 125           |
|    time_elapsed         | 195           |
|    total_timesteps      | 128000        |
| train/                  |               |
|    approx_kl            | 0.015671365   |
|    clip_fraction        | 0.188         |
|    clip_range           | 0.2           |
|    entropy_loss         | -17.3         |
|    explained_variance   | 9.7095966e-05 |
|    learning_rate        | 0.0003        |
|    loss                 | -0.026        |
|    n_updates            | 1240          |
|    policy_gradient_loss | -0.0261       |
|    std                  | 1.02          |
|    value_loss           | 0.019         |
-------------------------------------------
------------------------------------------
| rollout/                |              |
|    ep_len_mean          | 1.44e+03     |
|    ep_rew_mean          | 1.44e+03     |
| time/                   |              |
|    fps                  | 654          |
|    iterations           | 126          |
|    time_elapsed         | 197          |
|    total_timesteps      | 129024       |
| train/                  |              |
|    approx_kl            | 0.015207326  |
|    clip_fraction        | 0.191        |
|    clip_range           | 0.2          |
|    entropy_loss         | -17.3        |
|    explained_variance   | 1.180172e-05 |
|    learning_rate        | 0.0003       |
|    loss                 | -0.0304      |
|    n_updates            | 1250         |
|    policy_gradient_loss | -0.0217      |
|    std                  | 1.02         |
|    value_loss           | 0.0172       |
------------------------------------------
------------------------------------------
| rollout/                |              |
|    ep_len_mean          | 1.44e+03     |
|    ep_rew_mean          | 1.44e+03     |
| time/                   |              |
|    fps                  | 653          |
|    iterations           | 127          |
|    time_elapsed         | 198          |
|    total_timesteps      | 130048       |
| train/                  |              |
|    approx_kl            | 0.01515808   |
|    clip_fraction        | 0.155        |
|    clip_range           | 0.2          |
|    entropy_loss         | -17.2        |
|    explained_variance   | 9.357929e-06 |
|    learning_rate        | 0.0003       |
|    loss                 | -0.0228      |
|    n_updates            | 1260         |
|    policy_gradient_loss | -0.0206      |
|    std                  | 1.02         |
|    value_loss           | 0.015        |
------------------------------------------
------------------------------------------
| rollout/                |              |
|    ep_len_mean          | 1.44e+03     |
|    ep_rew_mean          | 1.44e+03     |
| time/                   |              |
|    fps                  | 653          |
|    iterations           | 128          |
|    time_elapsed         | 200          |
|    total_timesteps      | 131072       |
| train/                  |              |
|    approx_kl            | 0.014578298  |
|    clip_fraction        | 0.169        |
|    clip_range           | 0.2          |
|    entropy_loss         | -17.2        |
|    explained_variance   | 7.814169e-05 |
|    learning_rate        | 0.0003       |
|    loss                 | -0.0218      |
|    n_updates            | 1270         |
|    policy_gradient_loss | -0.0233      |
|    std                  | 1.01         |
|    value_loss           | 0.0246       |
------------------------------------------
--------------------------------------------
| rollout/                |                |
|    ep_len_mean          | 1.44e+03       |
|    ep_rew_mean          | 1.44e+03       |
| time/                   |                |
|    fps                  | 653            |
|    iterations           | 129            |
|    time_elapsed         | 202            |
|    total_timesteps      | 132096         |
| train/                  |                |
|    approx_kl            | 0.017500719    |
|    clip_fraction        | 0.202          |
|    clip_range           | 0.2            |
|    entropy_loss         | -17.2          |
|    explained_variance   | -1.5616417e-05 |
|    learning_rate        | 0.0003         |
|    loss                 | -0.036         |
|    n_updates            | 1280           |
|    policy_gradient_loss | -0.0228        |
|    std                  | 1.01           |
|    value_loss           | 0.0281         |
--------------------------------------------
---------------------------------------------
| rollout/                |                 |
|    ep_len_mean          | 1.44e+03        |
|    ep_rew_mean          | 1.44e+03        |
| time/                   |                 |
|    fps                  | 653             |
|    iterations           | 130             |
|    time_elapsed         | 203             |
|    total_timesteps      | 133120          |
| train/                  |                 |
|    approx_kl            | 0.01608109      |
|    clip_fraction        | 0.215           |
|    clip_range           | 0.2             |
|    entropy_loss         | -17.1           |
|    explained_variance   | -0.000118136406 |
|    learning_rate        | 0.0003          |
|    loss                 | -0.0247         |
|    n_updates            | 1290            |
|    policy_gradient_loss | -0.0273         |
|    std                  | 1.01            |
|    value_loss           | 0.0171          |
---------------------------------------------
-------------------------------------------
| rollout/                |               |
|    ep_len_mean          | 1.44e+03      |
|    ep_rew_mean          | 1.44e+03      |
| time/                   |               |
|    fps                  | 653           |
|    iterations           | 131           |
|    time_elapsed         | 205           |
|    total_timesteps      | 134144        |
| train/                  |               |
|    approx_kl            | 0.014741929   |
|    clip_fraction        | 0.164         |
|    clip_range           | 0.2           |
|    entropy_loss         | -17.1         |
|    explained_variance   | -5.733967e-05 |
|    learning_rate        | 0.0003        |
|    loss                 | -0.021        |
|    n_updates            | 1300          |
|    policy_gradient_loss | -0.0225       |
|    std                  | 1.01          |
|    value_loss           | 0.0395        |
-------------------------------------------
------------------------------------------
| rollout/                |              |
|    ep_len_mean          | 1.44e+03     |
|    ep_rew_mean          | 1.44e+03     |
| time/                   |              |
|    fps                  | 653          |
|    iterations           | 132          |
|    time_elapsed         | 206          |
|    total_timesteps      | 135168       |
| train/                  |              |
|    approx_kl            | 0.014542445  |
|    clip_fraction        | 0.198        |
|    clip_range           | 0.2          |
|    entropy_loss         | -17.1        |
|    explained_variance   | 5.632639e-05 |
|    learning_rate        | 0.0003       |
|    loss                 | -0.0364      |
|    n_updates            | 1310         |
|    policy_gradient_loss | -0.028       |
|    std                  | 1.01         |
|    value_loss           | 0.0194       |
------------------------------------------
-------------------------------------------
| rollout/                |               |
|    ep_len_mean          | 1.44e+03      |
|    ep_rew_mean          | 1.44e+03      |
| time/                   |               |
|    fps                  | 653           |
|    iterations           | 133           |
|    time_elapsed         | 208           |
|    total_timesteps      | 136192        |
| train/                  |               |
|    approx_kl            | 0.014173042   |
|    clip_fraction        | 0.142         |
|    clip_range           | 0.2           |
|    entropy_loss         | -17.2         |
|    explained_variance   | -9.572506e-05 |
|    learning_rate        | 0.0003        |
|    loss                 | -0.0223       |
|    n_updates            | 1320          |
|    policy_gradient_loss | -0.0203       |
|    std                  | 1.01          |
|    value_loss           | 0.0139        |
-------------------------------------------
-------------------------------------------
| rollout/                |               |
|    ep_len_mean          | 1.44e+03      |
|    ep_rew_mean          | 1.44e+03      |
| time/                   |               |
|    fps                  | 652           |
|    iterations           | 134           |
|    time_elapsed         | 210           |
|    total_timesteps      | 137216        |
| train/                  |               |
|    approx_kl            | 0.014774296   |
|    clip_fraction        | 0.157         |
|    clip_range           | 0.2           |
|    entropy_loss         | -17.2         |
|    explained_variance   | 2.1219254e-05 |
|    learning_rate        | 0.0003        |
|    loss                 | -0.0164       |
|    n_updates            | 1330          |
|    policy_gradient_loss | -0.0214       |
|    std                  | 1.01          |
|    value_loss           | 0.0317        |
-------------------------------------------
--------------------------------------------
| rollout/                |                |
|    ep_len_mean          | 1.44e+03       |
|    ep_rew_mean          | 1.45e+03       |
| time/                   |                |
|    fps                  | 652            |
|    iterations           | 135            |
|    time_elapsed         | 211            |
|    total_timesteps      | 138240         |
| train/                  |                |
|    approx_kl            | 0.012225486    |
|    clip_fraction        | 0.134          |
|    clip_range           | 0.2            |
|    entropy_loss         | -17.2          |
|    explained_variance   | -1.0609627e-05 |
|    learning_rate        | 0.0003         |
|    loss                 | -0.0143        |
|    n_updates            | 1340           |
|    policy_gradient_loss | -0.0197        |
|    std                  | 1.01           |
|    value_loss           | 0.018          |
--------------------------------------------
--------------------------------------------
| rollout/                |                |
|    ep_len_mean          | 1.44e+03       |
|    ep_rew_mean          | 1.45e+03       |
| time/                   |                |
|    fps                  | 653            |
|    iterations           | 136            |
|    time_elapsed         | 213            |
|    total_timesteps      | 139264         |
| train/                  |                |
|    approx_kl            | 0.01378507     |
|    clip_fraction        | 0.173          |
|    clip_range           | 0.2            |
|    entropy_loss         | -17.2          |
|    explained_variance   | -1.4781952e-05 |
|    learning_rate        | 0.0003         |
|    loss                 | -0.0112        |
|    n_updates            | 1350           |
|    policy_gradient_loss | -0.0209        |
|    std                  | 1.01           |
|    value_loss           | 0.0137         |
--------------------------------------------
-------------------------------------------
| rollout/                |               |
|    ep_len_mean          | 1.44e+03      |
|    ep_rew_mean          | 1.45e+03      |
| time/                   |               |
|    fps                  | 653           |
|    iterations           | 137           |
|    time_elapsed         | 214           |
|    total_timesteps      | 140288        |
| train/                  |               |
|    approx_kl            | 0.014760196   |
|    clip_fraction        | 0.167         |
|    clip_range           | 0.2           |
|    entropy_loss         | -17.1         |
|    explained_variance   | -0.0002682209 |
|    learning_rate        | 0.0003        |
|    loss                 | -0.0464       |
|    n_updates            | 1360          |
|    policy_gradient_loss | -0.0234       |
|    std                  | 1.01          |
|    value_loss           | 0.0118        |
-------------------------------------------
--------------------------------------------
| rollout/                |                |
|    ep_len_mean          | 1.44e+03       |
|    ep_rew_mean          | 1.45e+03       |
| time/                   |                |
|    fps                  | 653            |
|    iterations           | 138            |
|    time_elapsed         | 216            |
|    total_timesteps      | 141312         |
| train/                  |                |
|    approx_kl            | 0.013176296    |
|    clip_fraction        | 0.172          |
|    clip_range           | 0.2            |
|    entropy_loss         | -17.1          |
|    explained_variance   | -2.3841858e-05 |
|    learning_rate        | 0.0003         |
|    loss                 | -0.0209        |
|    n_updates            | 1370           |
|    policy_gradient_loss | -0.0224        |
|    std                  | 1.01           |
|    value_loss           | 0.0259         |
--------------------------------------------
--------------------------------------------
| rollout/                |                |
|    ep_len_mean          | 1.44e+03       |
|    ep_rew_mean          | 1.45e+03       |
| time/                   |                |
|    fps                  | 653            |
|    iterations           | 139            |
|    time_elapsed         | 217            |
|    total_timesteps      | 142336         |
| train/                  |                |
|    approx_kl            | 0.016528282    |
|    clip_fraction        | 0.155          |
|    clip_range           | 0.2            |
|    entropy_loss         | -17.1          |
|    explained_variance   | -1.8954277e-05 |
|    learning_rate        | 0.0003         |
|    loss                 | -0.0155        |
|    n_updates            | 1380           |
|    policy_gradient_loss | -0.0233        |
|    std                  | 1.01           |
|    value_loss           | 0.0339         |
--------------------------------------------
--------------------------------------------
| rollout/                |                |
|    ep_len_mean          | 1.44e+03       |
|    ep_rew_mean          | 1.45e+03       |
| time/                   |                |
|    fps                  | 653            |
|    iterations           | 140            |
|    time_elapsed         | 219            |
|    total_timesteps      | 143360         |
| train/                  |                |
|    approx_kl            | 0.013369798    |
|    clip_fraction        | 0.152          |
|    clip_range           | 0.2            |
|    entropy_loss         | -17.1          |
|    explained_variance   | -5.2332878e-05 |
|    learning_rate        | 0.0003         |
|    loss                 | -0.0249        |
|    n_updates            | 1390           |
|    policy_gradient_loss | -0.0207        |
|    std                  | 1.01           |
|    value_loss           | 0.00875        |
--------------------------------------------
---------------------------------------------
| rollout/                |                 |
|    ep_len_mean          | 1.44e+03        |
|    ep_rew_mean          | 1.45e+03        |
| time/                   |                 |
|    fps                  | 652             |
|    iterations           | 141             |
|    time_elapsed         | 221             |
|    total_timesteps      | 144384          |
| train/                  |                 |
|    approx_kl            | 0.016255146     |
|    clip_fraction        | 0.175           |
|    clip_range           | 0.2             |
|    entropy_loss         | -17.1           |
|    explained_variance   | -0.000103116035 |
|    learning_rate        | 0.0003          |
|    loss                 | -0.0226         |
|    n_updates            | 1400            |
|    policy_gradient_loss | -0.0234         |
|    std                  | 1               |
|    value_loss           | 0.0135          |
---------------------------------------------
-------------------------------------------
| rollout/                |               |
|    ep_len_mean          | 1.44e+03      |
|    ep_rew_mean          | 1.45e+03      |
| time/                   |               |
|    fps                  | 652           |
|    iterations           | 142           |
|    time_elapsed         | 222           |
|    total_timesteps      | 145408        |
| train/                  |               |
|    approx_kl            | 0.013669524   |
|    clip_fraction        | 0.165         |
|    clip_range           | 0.2           |
|    entropy_loss         | -17           |
|    explained_variance   | -9.405613e-05 |
|    learning_rate        | 0.0003        |
|    loss                 | -0.0192       |
|    n_updates            | 1410          |
|    policy_gradient_loss | -0.023        |
|    std                  | 1             |
|    value_loss           | 0.0264        |
-------------------------------------------
-------------------------------------------
| rollout/                |               |
|    ep_len_mean          | 1.44e+03      |
|    ep_rew_mean          | 1.45e+03      |
| time/                   |               |
|    fps                  | 652           |
|    iterations           | 143           |
|    time_elapsed         | 224           |
|    total_timesteps      | 146432        |
| train/                  |               |
|    approx_kl            | 0.0120773055  |
|    clip_fraction        | 0.139         |
|    clip_range           | 0.2           |
|    entropy_loss         | -17           |
|    explained_variance   | -9.071827e-05 |
|    learning_rate        | 0.0003        |
|    loss                 | -0.0298       |
|    n_updates            | 1420          |
|    policy_gradient_loss | -0.019        |
|    std                  | 1             |
|    value_loss           | 0.0136        |
-------------------------------------------
-------------------------------------------
| rollout/                |               |
|    ep_len_mean          | 1.44e+03      |
|    ep_rew_mean          | 1.45e+03      |
| time/                   |               |
|    fps                  | 652           |
|    iterations           | 144           |
|    time_elapsed         | 225           |
|    total_timesteps      | 147456        |
| train/                  |               |
|    approx_kl            | 0.014914466   |
|    clip_fraction        | 0.198         |
|    clip_range           | 0.2           |
|    entropy_loss         | -17           |
|    explained_variance   | -0.0002001524 |
|    learning_rate        | 0.0003        |
|    loss                 | -0.0257       |
|    n_updates            | 1430          |
|    policy_gradient_loss | -0.0259       |
|    std                  | 1             |
|    value_loss           | 0.0102        |
-------------------------------------------
--------------------------------------------
| rollout/                |                |
|    ep_len_mean          | 1.44e+03       |
|    ep_rew_mean          | 1.45e+03       |
| time/                   |                |
|    fps                  | 653            |
|    iterations           | 145            |
|    time_elapsed         | 227            |
|    total_timesteps      | 148480         |
| train/                  |                |
|    approx_kl            | 0.015599827    |
|    clip_fraction        | 0.186          |
|    clip_range           | 0.2            |
|    entropy_loss         | -17            |
|    explained_variance   | -2.9802322e-05 |
|    learning_rate        | 0.0003         |
|    loss                 | -0.0245        |
|    n_updates            | 1440           |
|    policy_gradient_loss | -0.0238        |
|    std                  | 0.999          |
|    value_loss           | 0.0158         |
--------------------------------------------
-------------------------------------------
| rollout/                |               |
|    ep_len_mean          | 1.44e+03      |
|    ep_rew_mean          | 1.45e+03      |
| time/                   |               |
|    fps                  | 653           |
|    iterations           | 146           |
|    time_elapsed         | 228           |
|    total_timesteps      | 149504        |
| train/                  |               |
|    approx_kl            | 0.0147915585  |
|    clip_fraction        | 0.184         |
|    clip_range           | 0.2           |
|    entropy_loss         | -17           |
|    explained_variance   | -1.847744e-05 |
|    learning_rate        | 0.0003        |
|    loss                 | -0.0357       |
|    n_updates            | 1450          |
|    policy_gradient_loss | -0.0245       |
|    std                  | 0.997         |
|    value_loss           | 0.0103        |
-------------------------------------------
--------------------------------------------
| rollout/                |                |
|    ep_len_mean          | 1.44e+03       |
|    ep_rew_mean          | 1.45e+03       |
| time/                   |                |
|    fps                  | 653            |
|    iterations           | 147            |
|    time_elapsed         | 230            |
|    total_timesteps      | 150528         |
| train/                  |                |
|    approx_kl            | 0.012889192    |
|    clip_fraction        | 0.132          |
|    clip_range           | 0.2            |
|    entropy_loss         | -17            |
|    explained_variance   | -0.00043272972 |
|    learning_rate        | 0.0003         |
|    loss                 | -0.0289        |
|    n_updates            | 1460           |
|    policy_gradient_loss | -0.0205        |
|    std                  | 0.994          |
|    value_loss           | 0.0116         |
--------------------------------------------
-------------------------------------------
| rollout/                |               |
|    ep_len_mean          | 1.44e+03      |
|    ep_rew_mean          | 1.45e+03      |
| time/                   |               |
|    fps                  | 653           |
|    iterations           | 148           |
|    time_elapsed         | 231           |
|    total_timesteps      | 151552        |
| train/                  |               |
|    approx_kl            | 0.014959499   |
|    clip_fraction        | 0.169         |
|    clip_range           | 0.2           |
|    entropy_loss         | -16.9         |
|    explained_variance   | -0.0002002716 |
|    learning_rate        | 0.0003        |
|    loss                 | -0.0336       |
|    n_updates            | 1470          |
|    policy_gradient_loss | -0.0247       |
|    std                  | 0.99          |
|    value_loss           | 0.00855       |
-------------------------------------------
--------------------------------------------
| rollout/                |                |
|    ep_len_mean          | 1.44e+03       |
|    ep_rew_mean          | 1.45e+03       |
| time/                   |                |
|    fps                  | 653            |
|    iterations           | 149            |
|    time_elapsed         | 233            |
|    total_timesteps      | 152576         |
| train/                  |                |
|    approx_kl            | 0.015698353    |
|    clip_fraction        | 0.206          |
|    clip_range           | 0.2            |
|    entropy_loss         | -16.9          |
|    explained_variance   | -0.00022685528 |
|    learning_rate        | 0.0003         |
|    loss                 | -0.0387        |
|    n_updates            | 1480           |
|    policy_gradient_loss | -0.0261        |
|    std                  | 0.988          |
|    value_loss           | 0.00799        |
--------------------------------------------
-------------------------------------------
| rollout/                |               |
|    ep_len_mean          | 1.44e+03      |
|    ep_rew_mean          | 1.45e+03      |
| time/                   |               |
|    fps                  | 653           |
|    iterations           | 150           |
|    time_elapsed         | 234           |
|    total_timesteps      | 153600        |
| train/                  |               |
|    approx_kl            | 0.01217797    |
|    clip_fraction        | 0.171         |
|    clip_range           | 0.2           |
|    entropy_loss         | -16.9         |
|    explained_variance   | 4.9471855e-06 |
|    learning_rate        | 0.0003        |
|    loss                 | -0.029        |
|    n_updates            | 1490          |
|    policy_gradient_loss | -0.0246       |
|    std                  | 0.988         |
|    value_loss           | 0.0118        |
-------------------------------------------
--------------------------------------------
| rollout/                |                |
|    ep_len_mean          | 1.44e+03       |
|    ep_rew_mean          | 1.45e+03       |
| time/                   |                |
|    fps                  | 653            |
|    iterations           | 151            |
|    time_elapsed         | 236            |
|    total_timesteps      | 154624         |
| train/                  |                |
|    approx_kl            | 0.020006595    |
|    clip_fraction        | 0.228          |
|    clip_range           | 0.2            |
|    entropy_loss         | -16.9          |
|    explained_variance   | 1.41859055e-05 |
|    learning_rate        | 0.0003         |
|    loss                 | -0.0396        |
|    n_updates            | 1500           |
|    policy_gradient_loss | -0.0271        |
|    std                  | 0.988          |
|    value_loss           | 0.0109         |
--------------------------------------------
--------------------------------------------
| rollout/                |                |
|    ep_len_mean          | 1.44e+03       |
|    ep_rew_mean          | 1.45e+03       |
| time/                   |                |
|    fps                  | 653            |
|    iterations           | 152            |
|    time_elapsed         | 238            |
|    total_timesteps      | 155648         |
| train/                  |                |
|    approx_kl            | 0.011421869    |
|    clip_fraction        | 0.12           |
|    clip_range           | 0.2            |
|    entropy_loss         | -16.9          |
|    explained_variance   | -2.2292137e-05 |
|    learning_rate        | 0.0003         |
|    loss                 | -0.0191        |
|    n_updates            | 1510           |
|    policy_gradient_loss | -0.0169        |
|    std                  | 0.986          |
|    value_loss           | 0.0217         |
--------------------------------------------
------------------------------------------
| rollout/                |              |
|    ep_len_mean          | 1.44e+03     |
|    ep_rew_mean          | 1.45e+03     |
| time/                   |              |
|    fps                  | 653          |
|    iterations           | 153          |
|    time_elapsed         | 239          |
|    total_timesteps      | 156672       |
| train/                  |              |
|    approx_kl            | 0.011973426  |
|    clip_fraction        | 0.158        |
|    clip_range           | 0.2          |
|    entropy_loss         | -16.8        |
|    explained_variance   | -5.00679e-05 |
|    learning_rate        | 0.0003       |
|    loss                 | -0.0288      |
|    n_updates            | 1520         |
|    policy_gradient_loss | -0.0207      |
|    std                  | 0.984        |
|    value_loss           | 0.0163       |
------------------------------------------
------------------------------------------
| rollout/                |              |
|    ep_len_mean          | 1.44e+03     |
|    ep_rew_mean          | 1.45e+03     |
| time/                   |              |
|    fps                  | 654          |
|    iterations           | 154          |
|    time_elapsed         | 241          |
|    total_timesteps      | 157696       |
| train/                  |              |
|    approx_kl            | 0.014182121  |
|    clip_fraction        | 0.142        |
|    clip_range           | 0.2          |
|    entropy_loss         | -16.8        |
|    explained_variance   | 6.455183e-05 |
|    learning_rate        | 0.0003       |
|    loss                 | -0.0405      |
|    n_updates            | 1530         |
|    policy_gradient_loss | -0.0219      |
|    std                  | 0.984        |
|    value_loss           | 0.00877      |
------------------------------------------
-------------------------------------------
| rollout/                |               |
|    ep_len_mean          | 1.44e+03      |
|    ep_rew_mean          | 1.45e+03      |
| time/                   |               |
|    fps                  | 654           |
|    iterations           | 155           |
|    time_elapsed         | 242           |
|    total_timesteps      | 158720        |
| train/                  |               |
|    approx_kl            | 0.019052615   |
|    clip_fraction        | 0.185         |
|    clip_range           | 0.2           |
|    entropy_loss         | -16.8         |
|    explained_variance   | -7.355213e-05 |
|    learning_rate        | 0.0003        |
|    loss                 | -0.0321       |
|    n_updates            | 1540          |
|    policy_gradient_loss | -0.0247       |
|    std                  | 0.984         |
|    value_loss           | 0.00899       |
-------------------------------------------
--------------------------------------------
| rollout/                |                |
|    ep_len_mean          | 1.44e+03       |
|    ep_rew_mean          | 1.45e+03       |
| time/                   |                |
|    fps                  | 654            |
|    iterations           | 156            |
|    time_elapsed         | 244            |
|    total_timesteps      | 159744         |
| train/                  |                |
|    approx_kl            | 0.012701576    |
|    clip_fraction        | 0.151          |
|    clip_range           | 0.2            |
|    entropy_loss         | -16.8          |
|    explained_variance   | -4.9710274e-05 |
|    learning_rate        | 0.0003         |
|    loss                 | -0.0266        |
|    n_updates            | 1550           |
|    policy_gradient_loss | -0.022         |
|    std                  | 0.984          |
|    value_loss           | 0.00671        |
--------------------------------------------
--------------------------------------------
| rollout/                |                |
|    ep_len_mean          | 1.44e+03       |
|    ep_rew_mean          | 1.45e+03       |
| time/                   |                |
|    fps                  | 654            |
|    iterations           | 157            |
|    time_elapsed         | 245            |
|    total_timesteps      | 160768         |
| train/                  |                |
|    approx_kl            | 0.015790012    |
|    clip_fraction        | 0.14           |
|    clip_range           | 0.2            |
|    entropy_loss         | -16.8          |
|    explained_variance   | -0.00039577484 |
|    learning_rate        | 0.0003         |
|    loss                 | -0.0261        |
|    n_updates            | 1560           |
|    policy_gradient_loss | -0.0219        |
|    std                  | 0.984          |
|    value_loss           | 0.00996        |
--------------------------------------------
--------------------------------------------
| rollout/                |                |
|    ep_len_mean          | 1.44e+03       |
|    ep_rew_mean          | 1.45e+03       |
| time/                   |                |
|    fps                  | 654            |
|    iterations           | 158            |
|    time_elapsed         | 247            |
|    total_timesteps      | 161792         |
| train/                  |                |
|    approx_kl            | 0.013408125    |
|    clip_fraction        | 0.187          |
|    clip_range           | 0.2            |
|    entropy_loss         | -16.8          |
|    explained_variance   | -0.00020885468 |
|    learning_rate        | 0.0003         |
|    loss                 | -0.0361        |
|    n_updates            | 1570           |
|    policy_gradient_loss | -0.0243        |
|    std                  | 0.984          |
|    value_loss           | 0.00761        |
--------------------------------------------
--------------------------------------------
| rollout/                |                |
|    ep_len_mean          | 1.44e+03       |
|    ep_rew_mean          | 1.45e+03       |
| time/                   |                |
|    fps                  | 654            |
|    iterations           | 159            |
|    time_elapsed         | 248            |
|    total_timesteps      | 162816         |
| train/                  |                |
|    approx_kl            | 0.013986227    |
|    clip_fraction        | 0.149          |
|    clip_range           | 0.2            |
|    entropy_loss         | -16.8          |
|    explained_variance   | -5.9366226e-05 |
|    learning_rate        | 0.0003         |
|    loss                 | -0.0246        |
|    n_updates            | 1580           |
|    policy_gradient_loss | -0.0217        |
|    std                  | 0.983          |
|    value_loss           | 0.00783        |
--------------------------------------------
-------------------------------------------
| rollout/                |               |
|    ep_len_mean          | 1.44e+03      |
|    ep_rew_mean          | 1.45e+03      |
| time/                   |               |
|    fps                  | 654           |
|    iterations           | 160           |
|    time_elapsed         | 250           |
|    total_timesteps      | 163840        |
| train/                  |               |
|    approx_kl            | 0.0188478     |
|    clip_fraction        | 0.202         |
|    clip_range           | 0.2           |
|    entropy_loss         | -16.8         |
|    explained_variance   | -8.785725e-05 |
|    learning_rate        | 0.0003        |
|    loss                 | -0.0253       |
|    n_updates            | 1590          |
|    policy_gradient_loss | -0.0256       |
|    std                  | 0.982         |
|    value_loss           | 0.00745       |
-------------------------------------------
--------------------------------------------
| rollout/                |                |
|    ep_len_mean          | 1.44e+03       |
|    ep_rew_mean          | 1.45e+03       |
| time/                   |                |
|    fps                  | 655            |
|    iterations           | 161            |
|    time_elapsed         | 251            |
|    total_timesteps      | 164864         |
| train/                  |                |
|    approx_kl            | 0.017033048    |
|    clip_fraction        | 0.194          |
|    clip_range           | 0.2            |
|    entropy_loss         | -16.8          |
|    explained_variance   | -8.6426735e-05 |
|    learning_rate        | 0.0003         |
|    loss                 | -0.0333        |
|    n_updates            | 1600           |
|    policy_gradient_loss | -0.0241        |
|    std                  | 0.981          |
|    value_loss           | 0.00966        |
--------------------------------------------
--------------------------------------------
| rollout/                |                |
|    ep_len_mean          | 1.44e+03       |
|    ep_rew_mean          | 1.45e+03       |
| time/                   |                |
|    fps                  | 655            |
|    iterations           | 162            |
|    time_elapsed         | 253            |
|    total_timesteps      | 165888         |
| train/                  |                |
|    approx_kl            | 0.0132448515   |
|    clip_fraction        | 0.145          |
|    clip_range           | 0.2            |
|    entropy_loss         | -16.8          |
|    explained_variance   | -0.00038564205 |
|    learning_rate        | 0.0003         |
|    loss                 | -0.0182        |
|    n_updates            | 1610           |
|    policy_gradient_loss | -0.0224        |
|    std                  | 0.98           |
|    value_loss           | 0.00945        |
--------------------------------------------
--------------------------------------------
| rollout/                |                |
|    ep_len_mean          | 1.44e+03       |
|    ep_rew_mean          | 1.45e+03       |
| time/                   |                |
|    fps                  | 655            |
|    iterations           | 163            |
|    time_elapsed         | 254            |
|    total_timesteps      | 166912         |
| train/                  |                |
|    approx_kl            | 0.016113248    |
|    clip_fraction        | 0.179          |
|    clip_range           | 0.2            |
|    entropy_loss         | -16.8          |
|    explained_variance   | -0.00012457371 |
|    learning_rate        | 0.0003         |
|    loss                 | -0.037         |
|    n_updates            | 1620           |
|    policy_gradient_loss | -0.0248        |
|    std                  | 0.978          |
|    value_loss           | 0.00921        |
--------------------------------------------
-------------------------------------------
| rollout/                |               |
|    ep_len_mean          | 1.44e+03      |
|    ep_rew_mean          | 1.45e+03      |
| time/                   |               |
|    fps                  | 655           |
|    iterations           | 164           |
|    time_elapsed         | 256           |
|    total_timesteps      | 167936        |
| train/                  |               |
|    approx_kl            | 0.012557071   |
|    clip_fraction        | 0.139         |
|    clip_range           | 0.2           |
|    entropy_loss         | -16.7         |
|    explained_variance   | 4.9233437e-05 |
|    learning_rate        | 0.0003        |
|    loss                 | -0.0167       |
|    n_updates            | 1630          |
|    policy_gradient_loss | -0.0189       |
|    std                  | 0.976         |
|    value_loss           | 0.00787       |
-------------------------------------------
--------------------------------------------
| rollout/                |                |
|    ep_len_mean          | 1.44e+03       |
|    ep_rew_mean          | 1.45e+03       |
| time/                   |                |
|    fps                  | 655            |
|    iterations           | 165            |
|    time_elapsed         | 257            |
|    total_timesteps      | 168960         |
| train/                  |                |
|    approx_kl            | 0.0132324025   |
|    clip_fraction        | 0.148          |
|    clip_range           | 0.2            |
|    entropy_loss         | -16.7          |
|    explained_variance   | -0.00025486946 |
|    learning_rate        | 0.0003         |
|    loss                 | -0.0351        |
|    n_updates            | 1640           |
|    policy_gradient_loss | -0.0197        |
|    std                  | 0.977          |
|    value_loss           | 0.00722        |
--------------------------------------------
--------------------------------------------
| rollout/                |                |
|    ep_len_mean          | 1.44e+03       |
|    ep_rew_mean          | 1.45e+03       |
| time/                   |                |
|    fps                  | 655            |
|    iterations           | 166            |
|    time_elapsed         | 259            |
|    total_timesteps      | 169984         |
| train/                  |                |
|    approx_kl            | 0.012427634    |
|    clip_fraction        | 0.168          |
|    clip_range           | 0.2            |
|    entropy_loss         | -16.7          |
|    explained_variance   | -0.00015985966 |
|    learning_rate        | 0.0003         |
|    loss                 | -0.0361        |
|    n_updates            | 1650           |
|    policy_gradient_loss | -0.0217        |
|    std                  | 0.977          |
|    value_loss           | 0.00939        |
--------------------------------------------
--------------------------------------------
| rollout/                |                |
|    ep_len_mean          | 1.44e+03       |
|    ep_rew_mean          | 1.45e+03       |
| time/                   |                |
|    fps                  | 655            |
|    iterations           | 167            |
|    time_elapsed         | 260            |
|    total_timesteps      | 171008         |
| train/                  |                |
|    approx_kl            | 0.017003711    |
|    clip_fraction        | 0.228          |
|    clip_range           | 0.2            |
|    entropy_loss         | -16.7          |
|    explained_variance   | -5.1259995e-06 |
|    learning_rate        | 0.0003         |
|    loss                 | -0.0361        |
|    n_updates            | 1660           |
|    policy_gradient_loss | -0.0269        |
|    std                  | 0.976          |
|    value_loss           | 0.00954        |
--------------------------------------------
-------------------------------------------
| rollout/                |               |
|    ep_len_mean          | 1.44e+03      |
|    ep_rew_mean          | 1.45e+03      |
| time/                   |               |
|    fps                  | 655           |
|    iterations           | 168           |
|    time_elapsed         | 262           |
|    total_timesteps      | 172032        |
| train/                  |               |
|    approx_kl            | 0.010644787   |
|    clip_fraction        | 0.135         |
|    clip_range           | 0.2           |
|    entropy_loss         | -16.7         |
|    explained_variance   | -4.196167e-05 |
|    learning_rate        | 0.0003        |
|    loss                 | -0.0243       |
|    n_updates            | 1670          |
|    policy_gradient_loss | -0.0174       |
|    std                  | 0.975         |
|    value_loss           | 0.00831       |
-------------------------------------------
------------------------------------------
| rollout/                |              |
|    ep_len_mean          | 1.44e+03     |
|    ep_rew_mean          | 1.45e+03     |
| time/                   |              |
|    fps                  | 656          |
|    iterations           | 169          |
|    time_elapsed         | 263          |
|    total_timesteps      | 173056       |
| train/                  |              |
|    approx_kl            | 0.01739711   |
|    clip_fraction        | 0.194        |
|    clip_range           | 0.2          |
|    entropy_loss         | -16.7        |
|    explained_variance   | 0.0026272535 |
|    learning_rate        | 0.0003       |
|    loss                 | -0.0408      |
|    n_updates            | 1680         |
|    policy_gradient_loss | -0.0282      |
|    std                  | 0.975        |
|    value_loss           | 0.00783      |
------------------------------------------
--------------------------------------------
| rollout/                |                |
|    ep_len_mean          | 1.44e+03       |
|    ep_rew_mean          | 1.45e+03       |
| time/                   |                |
|    fps                  | 656            |
|    iterations           | 170            |
|    time_elapsed         | 265            |
|    total_timesteps      | 174080         |
| train/                  |                |
|    approx_kl            | 0.01259684     |
|    clip_fraction        | 0.137          |
|    clip_range           | 0.2            |
|    entropy_loss         | -16.7          |
|    explained_variance   | 0.000103116035 |
|    learning_rate        | 0.0003         |
|    loss                 | -0.0367        |
|    n_updates            | 1690           |
|    policy_gradient_loss | -0.0208        |
|    std                  | 0.973          |
|    value_loss           | 0.00872        |
--------------------------------------------
-------------------------------------------
| rollout/                |               |
|    ep_len_mean          | 1.44e+03      |
|    ep_rew_mean          | 1.45e+03      |
| time/                   |               |
|    fps                  | 656           |
|    iterations           | 171           |
|    time_elapsed         | 266           |
|    total_timesteps      | 175104        |
| train/                  |               |
|    approx_kl            | 0.012634629   |
|    clip_fraction        | 0.157         |
|    clip_range           | 0.2           |
|    entropy_loss         | -16.7         |
|    explained_variance   | -7.343292e-05 |
|    learning_rate        | 0.0003        |
|    loss                 | -0.0249       |
|    n_updates            | 1700          |
|    policy_gradient_loss | -0.0226       |
|    std                  | 0.97          |
|    value_loss           | 0.00759       |
-------------------------------------------
--------------------------------------------
| rollout/                |                |
|    ep_len_mean          | 1.44e+03       |
|    ep_rew_mean          | 1.45e+03       |
| time/                   |                |
|    fps                  | 656            |
|    iterations           | 172            |
|    time_elapsed         | 268            |
|    total_timesteps      | 176128         |
| train/                  |                |
|    approx_kl            | 0.013884974    |
|    clip_fraction        | 0.161          |
|    clip_range           | 0.2            |
|    entropy_loss         | -16.6          |
|    explained_variance   | -1.4543533e-05 |
|    learning_rate        | 0.0003         |
|    loss                 | -0.0417        |
|    n_updates            | 1710           |
|    policy_gradient_loss | -0.0227        |
|    std                  | 0.968          |
|    value_loss           | 0.00736        |
--------------------------------------------
------------------------------------------
| rollout/                |              |
|    ep_len_mean          | 1.44e+03     |
|    ep_rew_mean          | 1.45e+03     |
| time/                   |              |
|    fps                  | 656          |
|    iterations           | 173          |
|    time_elapsed         | 270          |
|    total_timesteps      | 177152       |
| train/                  |              |
|    approx_kl            | 0.0110514    |
|    clip_fraction        | 0.141        |
|    clip_range           | 0.2          |
|    entropy_loss         | -16.6        |
|    explained_variance   | 4.053116e-05 |
|    learning_rate        | 0.0003       |
|    loss                 | -0.0226      |
|    n_updates            | 1720         |
|    policy_gradient_loss | -0.0191      |
|    std                  | 0.968        |
|    value_loss           | 0.00777      |
------------------------------------------
-------------------------------------------
| rollout/                |               |
|    ep_len_mean          | 1.44e+03      |
|    ep_rew_mean          | 1.45e+03      |
| time/                   |               |
|    fps                  | 656           |
|    iterations           | 174           |
|    time_elapsed         | 271           |
|    total_timesteps      | 178176        |
| train/                  |               |
|    approx_kl            | 0.016289022   |
|    clip_fraction        | 0.17          |
|    clip_range           | 0.2           |
|    entropy_loss         | -16.6         |
|    explained_variance   | 4.0709972e-05 |
|    learning_rate        | 0.0003        |
|    loss                 | -0.0527       |
|    n_updates            | 1730          |
|    policy_gradient_loss | -0.0257       |
|    std                  | 0.968         |
|    value_loss           | 0.00663       |
-------------------------------------------
--------------------------------------------
| rollout/                |                |
|    ep_len_mean          | 1.44e+03       |
|    ep_rew_mean          | 1.45e+03       |
| time/                   |                |
|    fps                  | 656            |
|    iterations           | 175            |
|    time_elapsed         | 273            |
|    total_timesteps      | 179200         |
| train/                  |                |
|    approx_kl            | 0.013844724    |
|    clip_fraction        | 0.139          |
|    clip_range           | 0.2            |
|    entropy_loss         | -16.6          |
|    explained_variance   | -7.1287155e-05 |
|    learning_rate        | 0.0003         |
|    loss                 | -0.0263        |
|    n_updates            | 1740           |
|    policy_gradient_loss | -0.0203        |
|    std                  | 0.967          |
|    value_loss           | 0.0073         |
--------------------------------------------
-------------------------------------------
| rollout/                |               |
|    ep_len_mean          | 1.44e+03      |
|    ep_rew_mean          | 1.45e+03      |
| time/                   |               |
|    fps                  | 656           |
|    iterations           | 176           |
|    time_elapsed         | 274           |
|    total_timesteps      | 180224        |
| train/                  |               |
|    approx_kl            | 0.012376167   |
|    clip_fraction        | 0.168         |
|    clip_range           | 0.2           |
|    entropy_loss         | -16.6         |
|    explained_variance   | -3.159046e-05 |
|    learning_rate        | 0.0003        |
|    loss                 | -0.041        |
|    n_updates            | 1750          |
|    policy_gradient_loss | -0.0221       |
|    std                  | 0.969         |
|    value_loss           | 0.0101        |
-------------------------------------------
-------------------------------------------
| rollout/                |               |
|    ep_len_mean          | 1.44e+03      |
|    ep_rew_mean          | 1.45e+03      |
| time/                   |               |
|    fps                  | 656           |
|    iterations           | 177           |
|    time_elapsed         | 275           |
|    total_timesteps      | 181248        |
| train/                  |               |
|    approx_kl            | 0.016934093   |
|    clip_fraction        | 0.174         |
|    clip_range           | 0.2           |
|    entropy_loss         | -16.6         |
|    explained_variance   | -7.748604e-05 |
|    learning_rate        | 0.0003        |
|    loss                 | -0.0342       |
|    n_updates            | 1760          |
|    policy_gradient_loss | -0.0246       |
|    std                  | 0.967         |
|    value_loss           | 0.0074        |
-------------------------------------------
--------------------------------------------
| rollout/                |                |
|    ep_len_mean          | 1.44e+03       |
|    ep_rew_mean          | 1.45e+03       |
| time/                   |                |
|    fps                  | 656            |
|    iterations           | 178            |
|    time_elapsed         | 277            |
|    total_timesteps      | 182272         |
| train/                  |                |
|    approx_kl            | 0.015032677    |
|    clip_fraction        | 0.16           |
|    clip_range           | 0.2            |
|    entropy_loss         | -16.6          |
|    explained_variance   | -1.7523766e-05 |
|    learning_rate        | 0.0003         |
|    loss                 | -0.0363        |
|    n_updates            | 1770           |
|    policy_gradient_loss | -0.0228        |
|    std                  | 0.964          |
|    value_loss           | 0.00725        |
--------------------------------------------
-------------------------------------------
| rollout/                |               |
|    ep_len_mean          | 1.44e+03      |
|    ep_rew_mean          | 1.45e+03      |
| time/                   |               |
|    fps                  | 656           |
|    iterations           | 179           |
|    time_elapsed         | 279           |
|    total_timesteps      | 183296        |
| train/                  |               |
|    approx_kl            | 0.013120828   |
|    clip_fraction        | 0.15          |
|    clip_range           | 0.2           |
|    entropy_loss         | -16.6         |
|    explained_variance   | 0.00013893843 |
|    learning_rate        | 0.0003        |
|    loss                 | -0.0372       |
|    n_updates            | 1780          |
|    policy_gradient_loss | -0.0233       |
|    std                  | 0.962         |
|    value_loss           | 0.00573       |
-------------------------------------------
-------------------------------------------
| rollout/                |               |
|    ep_len_mean          | 1.44e+03      |
|    ep_rew_mean          | 1.45e+03      |
| time/                   |               |
|    fps                  | 656           |
|    iterations           | 180           |
|    time_elapsed         | 280           |
|    total_timesteps      | 184320        |
| train/                  |               |
|    approx_kl            | 0.015771918   |
|    clip_fraction        | 0.19          |
|    clip_range           | 0.2           |
|    entropy_loss         | -16.5         |
|    explained_variance   | 2.8431416e-05 |
|    learning_rate        | 0.0003        |
|    loss                 | -0.0267       |
|    n_updates            | 1790          |
|    policy_gradient_loss | -0.0237       |
|    std                  | 0.963         |
|    value_loss           | 0.00665       |
-------------------------------------------
-------------------------------------------
| rollout/                |               |
|    ep_len_mean          | 1.44e+03      |
|    ep_rew_mean          | 1.45e+03      |
| time/                   |               |
|    fps                  | 656           |
|    iterations           | 181           |
|    time_elapsed         | 282           |
|    total_timesteps      | 185344        |
| train/                  |               |
|    approx_kl            | 0.01225446    |
|    clip_fraction        | 0.144         |
|    clip_range           | 0.2           |
|    entropy_loss         | -16.5         |
|    explained_variance   | 0.00018954277 |
|    learning_rate        | 0.0003        |
|    loss                 | -0.0227       |
|    n_updates            | 1800          |
|    policy_gradient_loss | -0.0188       |
|    std                  | 0.961         |
|    value_loss           | 0.00812       |
-------------------------------------------
-------------------------------------------
| rollout/                |               |
|    ep_len_mean          | 1.44e+03      |
|    ep_rew_mean          | 1.45e+03      |
| time/                   |               |
|    fps                  | 657           |
|    iterations           | 182           |
|    time_elapsed         | 283           |
|    total_timesteps      | 186368        |
| train/                  |               |
|    approx_kl            | 0.01410965    |
|    clip_fraction        | 0.162         |
|    clip_range           | 0.2           |
|    entropy_loss         | -16.5         |
|    explained_variance   | -7.939339e-05 |
|    learning_rate        | 0.0003        |
|    loss                 | -0.0245       |
|    n_updates            | 1810          |
|    policy_gradient_loss | -0.0202       |
|    std                  | 0.96          |
|    value_loss           | 0.00903       |
-------------------------------------------
---------------------------------------------
| rollout/                |                 |
|    ep_len_mean          | 1.44e+03        |
|    ep_rew_mean          | 1.45e+03        |
| time/                   |                 |
|    fps                  | 657             |
|    iterations           | 183             |
|    time_elapsed         | 285             |
|    total_timesteps      | 187392          |
| train/                  |                 |
|    approx_kl            | 0.017702393     |
|    clip_fraction        | 0.203           |
|    clip_range           | 0.2             |
|    entropy_loss         | -16.5           |
|    explained_variance   | -0.000115156174 |
|    learning_rate        | 0.0003          |
|    loss                 | -0.0378         |
|    n_updates            | 1820            |
|    policy_gradient_loss | -0.0274         |
|    std                  | 0.961           |
|    value_loss           | 0.00727         |
---------------------------------------------
-------------------------------------------
| rollout/                |               |
|    ep_len_mean          | 1.44e+03      |
|    ep_rew_mean          | 1.45e+03      |
| time/                   |               |
|    fps                  | 657           |
|    iterations           | 184           |
|    time_elapsed         | 286           |
|    total_timesteps      | 188416        |
| train/                  |               |
|    approx_kl            | 0.011477398   |
|    clip_fraction        | 0.13          |
|    clip_range           | 0.2           |
|    entropy_loss         | -16.5         |
|    explained_variance   | 0.00014019012 |
|    learning_rate        | 0.0003        |
|    loss                 | -0.0304       |
|    n_updates            | 1830          |
|    policy_gradient_loss | -0.0205       |
|    std                  | 0.959         |
|    value_loss           | 0.00784       |
-------------------------------------------
--------------------------------------------
| rollout/                |                |
|    ep_len_mean          | 1.44e+03       |
|    ep_rew_mean          | 1.45e+03       |
| time/                   |                |
|    fps                  | 657            |
|    iterations           | 185            |
|    time_elapsed         | 287            |
|    total_timesteps      | 189440         |
| train/                  |                |
|    approx_kl            | 0.01454213     |
|    clip_fraction        | 0.168          |
|    clip_range           | 0.2            |
|    entropy_loss         | -16.5          |
|    explained_variance   | -0.00014960766 |
|    learning_rate        | 0.0003         |
|    loss                 | -0.0347        |
|    n_updates            | 1840           |
|    policy_gradient_loss | -0.0276        |
|    std                  | 0.957          |
|    value_loss           | 0.00521        |
--------------------------------------------
-------------------------------------------
| rollout/                |               |
|    ep_len_mean          | 1.44e+03      |
|    ep_rew_mean          | 1.45e+03      |
| time/                   |               |
|    fps                  | 658           |
|    iterations           | 186           |
|    time_elapsed         | 289           |
|    total_timesteps      | 190464        |
| train/                  |               |
|    approx_kl            | 0.014782939   |
|    clip_fraction        | 0.136         |
|    clip_range           | 0.2           |
|    entropy_loss         | -16.5         |
|    explained_variance   | 0.00027251244 |
|    learning_rate        | 0.0003        |
|    loss                 | -0.0199       |
|    n_updates            | 1850          |
|    policy_gradient_loss | -0.0217       |
|    std                  | 0.956         |
|    value_loss           | 0.00685       |
-------------------------------------------
-------------------------------------------
| rollout/                |               |
|    ep_len_mean          | 1.44e+03      |
|    ep_rew_mean          | 1.45e+03      |
| time/                   |               |
|    fps                  | 658           |
|    iterations           | 187           |
|    time_elapsed         | 290           |
|    total_timesteps      | 191488        |
| train/                  |               |
|    approx_kl            | 0.013841013   |
|    clip_fraction        | 0.158         |
|    clip_range           | 0.2           |
|    entropy_loss         | -16.5         |
|    explained_variance   | 0.00028169155 |
|    learning_rate        | 0.0003        |
|    loss                 | -0.0238       |
|    n_updates            | 1860          |
|    policy_gradient_loss | -0.0229       |
|    std                  | 0.955         |
|    value_loss           | 0.00647       |
-------------------------------------------
-------------------------------------------
| rollout/                |               |
|    ep_len_mean          | 1.44e+03      |
|    ep_rew_mean          | 1.45e+03      |
| time/                   |               |
|    fps                  | 658           |
|    iterations           | 188           |
|    time_elapsed         | 292           |
|    total_timesteps      | 192512        |
| train/                  |               |
|    approx_kl            | 0.01491438    |
|    clip_fraction        | 0.184         |
|    clip_range           | 0.2           |
|    entropy_loss         | -16.4         |
|    explained_variance   | 0.00016140938 |
|    learning_rate        | 0.0003        |
|    loss                 | -0.0407       |
|    n_updates            | 1870          |
|    policy_gradient_loss | -0.0249       |
|    std                  | 0.954         |
|    value_loss           | 0.00712       |
-------------------------------------------
-------------------------------------------
| rollout/                |               |
|    ep_len_mean          | 1.44e+03      |
|    ep_rew_mean          | 1.46e+03      |
| time/                   |               |
|    fps                  | 657           |
|    iterations           | 189           |
|    time_elapsed         | 294           |
|    total_timesteps      | 193536        |
| train/                  |               |
|    approx_kl            | 0.014393143   |
|    clip_fraction        | 0.176         |
|    clip_range           | 0.2           |
|    entropy_loss         | -16.4         |
|    explained_variance   | 0.00014561415 |
|    learning_rate        | 0.0003        |
|    loss                 | -0.032        |
|    n_updates            | 1880          |
|    policy_gradient_loss | -0.0233       |
|    std                  | 0.952         |
|    value_loss           | 0.00927       |
-------------------------------------------
-------------------------------------------
| rollout/                |               |
|    ep_len_mean          | 1.44e+03      |
|    ep_rew_mean          | 1.46e+03      |
| time/                   |               |
|    fps                  | 657           |
|    iterations           | 190           |
|    time_elapsed         | 295           |
|    total_timesteps      | 194560        |
| train/                  |               |
|    approx_kl            | 0.012181889   |
|    clip_fraction        | 0.128         |
|    clip_range           | 0.2           |
|    entropy_loss         | -16.4         |
|    explained_variance   | 0.00028717518 |
|    learning_rate        | 0.0003        |
|    loss                 | -0.0314       |
|    n_updates            | 1890          |
|    policy_gradient_loss | -0.0183       |
|    std                  | 0.952         |
|    value_loss           | 0.00737       |
-------------------------------------------
-------------------------------------------
| rollout/                |               |
|    ep_len_mean          | 1.44e+03      |
|    ep_rew_mean          | 1.46e+03      |
| time/                   |               |
|    fps                  | 657           |
|    iterations           | 191           |
|    time_elapsed         | 297           |
|    total_timesteps      | 195584        |
| train/                  |               |
|    approx_kl            | 0.013107955   |
|    clip_fraction        | 0.162         |
|    clip_range           | 0.2           |
|    entropy_loss         | -16.4         |
|    explained_variance   | 0.00036495924 |
|    learning_rate        | 0.0003        |
|    loss                 | -0.0355       |
|    n_updates            | 1900          |
|    policy_gradient_loss | -0.0242       |
|    std                  | 0.949         |
|    value_loss           | 0.00446       |
-------------------------------------------
-------------------------------------------
| rollout/                |               |
|    ep_len_mean          | 1.44e+03      |
|    ep_rew_mean          | 1.46e+03      |
| time/                   |               |
|    fps                  | 657           |
|    iterations           | 192           |
|    time_elapsed         | 298           |
|    total_timesteps      | 196608        |
| train/                  |               |
|    approx_kl            | 0.013943567   |
|    clip_fraction        | 0.128         |
|    clip_range           | 0.2           |
|    entropy_loss         | -16.3         |
|    explained_variance   | 0.00021970272 |
|    learning_rate        | 0.0003        |
|    loss                 | -0.0316       |
|    n_updates            | 1910          |
|    policy_gradient_loss | -0.0216       |
|    std                  | 0.945         |
|    value_loss           | 0.00899       |
-------------------------------------------
-------------------------------------------
| rollout/                |               |
|    ep_len_mean          | 1.44e+03      |
|    ep_rew_mean          | 1.46e+03      |
| time/                   |               |
|    fps                  | 657           |
|    iterations           | 193           |
|    time_elapsed         | 300           |
|    total_timesteps      | 197632        |
| train/                  |               |
|    approx_kl            | 0.01582496    |
|    clip_fraction        | 0.179         |
|    clip_range           | 0.2           |
|    entropy_loss         | -16.3         |
|    explained_variance   | 0.00010097027 |
|    learning_rate        | 0.0003        |
|    loss                 | -0.0383       |
|    n_updates            | 1920          |
|    policy_gradient_loss | -0.0264       |
|    std                  | 0.944         |
|    value_loss           | 0.00844       |
-------------------------------------------
------------------------------------------
| rollout/                |              |
|    ep_len_mean          | 1.44e+03     |
|    ep_rew_mean          | 1.46e+03     |
| time/                   |              |
|    fps                  | 657          |
|    iterations           | 194          |
|    time_elapsed         | 302          |
|    total_timesteps      | 198656       |
| train/                  |              |
|    approx_kl            | 0.014113968  |
|    clip_fraction        | 0.161        |
|    clip_range           | 0.2          |
|    entropy_loss         | -16.3        |
|    explained_variance   | 0.0003479123 |
|    learning_rate        | 0.0003       |
|    loss                 | -0.0341      |
|    n_updates            | 1930         |
|    policy_gradient_loss | -0.0226      |
|    std                  | 0.942        |
|    value_loss           | 0.00573      |
------------------------------------------
------------------------------------------
| rollout/                |              |
|    ep_len_mean          | 1.44e+03     |
|    ep_rew_mean          | 1.46e+03     |
| time/                   |              |
|    fps                  | 657          |
|    iterations           | 195          |
|    time_elapsed         | 303          |
|    total_timesteps      | 199680       |
| train/                  |              |
|    approx_kl            | 0.011638679  |
|    clip_fraction        | 0.152        |
|    clip_range           | 0.2          |
|    entropy_loss         | -16.3        |
|    explained_variance   | 0.0004336238 |
|    learning_rate        | 0.0003       |
|    loss                 | -0.0386      |
|    n_updates            | 1940         |
|    policy_gradient_loss | -0.0213      |
|    std                  | 0.941        |
|    value_loss           | 0.00542      |
------------------------------------------
------------------------------------------
| rollout/                |              |
|    ep_len_mean          | 1.44e+03     |
|    ep_rew_mean          | 1.46e+03     |
| time/                   |              |
|    fps                  | 657          |
|    iterations           | 196          |
|    time_elapsed         | 305          |
|    total_timesteps      | 200704       |
| train/                  |              |
|    approx_kl            | 0.014626343  |
|    clip_fraction        | 0.183        |
|    clip_range           | 0.2          |
|    entropy_loss         | -16.3        |
|    explained_variance   | 0.0002554655 |
|    learning_rate        | 0.0003       |
|    loss                 | -0.0326      |
|    n_updates            | 1950         |
|    policy_gradient_loss | -0.0263      |
|    std                  | 0.938        |
|    value_loss           | 0.0137       |
------------------------------------------
Política MuJoCo guardada en /home/juli/unitree_ros2/nova-spot-micro-tesis/Experimentos/campana_distribuida_step_s23_20260928/mujoco/step_semilla_1053/policy.zip
