Using cuda device
Wrapping the env with a `Monitor` wrapper
Wrapping the env in a DummyVecEnv.
-----------------------------
| time/              |      |
|    fps             | 679  |
|    iterations      | 1    |
|    time_elapsed    | 1    |
|    total_timesteps | 1024 |
-----------------------------
------------------------------------------
| rollout/                |              |
|    ep_len_mean          | 1.44e+03     |
|    ep_rew_mean          | 1.44e+03     |
| time/                   |              |
|    fps                  | 618          |
|    iterations           | 2            |
|    time_elapsed         | 3            |
|    total_timesteps      | 2048         |
| train/                  |              |
|    approx_kl            | 0.012825938  |
|    clip_fraction        | 0.145        |
|    clip_range           | 0.2          |
|    entropy_loss         | -17          |
|    explained_variance   | -0.015316844 |
|    learning_rate        | 0.0003       |
|    loss                 | 91           |
|    n_updates            | 10           |
|    policy_gradient_loss | -0.0105      |
|    std                  | 1            |
|    value_loss           | 230          |
------------------------------------------
-------------------------------------------
| rollout/                |               |
|    ep_len_mean          | 1.44e+03      |
|    ep_rew_mean          | 1.44e+03      |
| time/                   |               |
|    fps                  | 633           |
|    iterations           | 3             |
|    time_elapsed         | 4             |
|    total_timesteps      | 3072          |
| train/                  |               |
|    approx_kl            | 0.012416292   |
|    clip_fraction        | 0.159         |
|    clip_range           | 0.2           |
|    entropy_loss         | -17           |
|    explained_variance   | -0.0061346292 |
|    learning_rate        | 0.0003        |
|    loss                 | 90.4          |
|    n_updates            | 20            |
|    policy_gradient_loss | -0.0126       |
|    std                  | 1             |
|    value_loss           | 213           |
-------------------------------------------
------------------------------------------
| rollout/                |              |
|    ep_len_mean          | 1.44e+03     |
|    ep_rew_mean          | 1.44e+03     |
| time/                   |              |
|    fps                  | 641          |
|    iterations           | 4            |
|    time_elapsed         | 6            |
|    total_timesteps      | 4096         |
| train/                  |              |
|    approx_kl            | 0.015235662  |
|    clip_fraction        | 0.153        |
|    clip_range           | 0.2          |
|    entropy_loss         | -17          |
|    explained_variance   | -0.007879257 |
|    learning_rate        | 0.0003       |
|    loss                 | 93.7         |
|    n_updates            | 30           |
|    policy_gradient_loss | -0.00983     |
|    std                  | 1            |
|    value_loss           | 211          |
------------------------------------------
------------------------------------------
| rollout/                |              |
|    ep_len_mean          | 1.44e+03     |
|    ep_rew_mean          | 1.44e+03     |
| time/                   |              |
|    fps                  | 646          |
|    iterations           | 5            |
|    time_elapsed         | 7            |
|    total_timesteps      | 5120         |
| train/                  |              |
|    approx_kl            | 0.011450894  |
|    clip_fraction        | 0.166        |
|    clip_range           | 0.2          |
|    entropy_loss         | -17          |
|    explained_variance   | -0.008107424 |
|    learning_rate        | 0.0003       |
|    loss                 | 97           |
|    n_updates            | 40           |
|    policy_gradient_loss | -0.00992     |
|    std                  | 1            |
|    value_loss           | 215          |
------------------------------------------
--------------------------------------------
| rollout/                |                |
|    ep_len_mean          | 1.44e+03       |
|    ep_rew_mean          | 1.44e+03       |
| time/                   |                |
|    fps                  | 648            |
|    iterations           | 6              |
|    time_elapsed         | 9              |
|    total_timesteps      | 6144           |
| train/                  |                |
|    approx_kl            | 0.015119747    |
|    clip_fraction        | 0.182          |
|    clip_range           | 0.2            |
|    entropy_loss         | -17.1          |
|    explained_variance   | -0.00037896633 |
|    learning_rate        | 0.0003         |
|    loss                 | 95.9           |
|    n_updates            | 50             |
|    policy_gradient_loss | -0.0137        |
|    std                  | 1              |
|    value_loss           | 209            |
--------------------------------------------
--------------------------------------------
| rollout/                |                |
|    ep_len_mean          | 1.44e+03       |
|    ep_rew_mean          | 1.44e+03       |
| time/                   |                |
|    fps                  | 650            |
|    iterations           | 7              |
|    time_elapsed         | 11             |
|    total_timesteps      | 7168           |
| train/                  |                |
|    approx_kl            | 0.010831358    |
|    clip_fraction        | 0.126          |
|    clip_range           | 0.2            |
|    entropy_loss         | -17.1          |
|    explained_variance   | -2.5391579e-05 |
|    learning_rate        | 0.0003         |
|    loss                 | 96.8           |
|    n_updates            | 60             |
|    policy_gradient_loss | -0.0101        |
|    std                  | 1              |
|    value_loss           | 206            |
--------------------------------------------
-------------------------------------------
| rollout/                |               |
|    ep_len_mean          | 1.44e+03      |
|    ep_rew_mean          | 1.44e+03      |
| time/                   |               |
|    fps                  | 651           |
|    iterations           | 8             |
|    time_elapsed         | 12            |
|    total_timesteps      | 8192          |
| train/                  |               |
|    approx_kl            | 0.019828046   |
|    clip_fraction        | 0.176         |
|    clip_range           | 0.2           |
|    entropy_loss         | -17           |
|    explained_variance   | -0.0035635233 |
|    learning_rate        | 0.0003        |
|    loss                 | 96.7          |
|    n_updates            | 70            |
|    policy_gradient_loss | -0.011        |
|    std                  | 1             |
|    value_loss           | 207           |
-------------------------------------------
------------------------------------------
| rollout/                |              |
|    ep_len_mean          | 1.44e+03     |
|    ep_rew_mean          | 1.44e+03     |
| time/                   |              |
|    fps                  | 652          |
|    iterations           | 9            |
|    time_elapsed         | 14           |
|    total_timesteps      | 9216         |
| train/                  |              |
|    approx_kl            | 0.016957048  |
|    clip_fraction        | 0.19         |
|    clip_range           | 0.2          |
|    entropy_loss         | -17.1        |
|    explained_variance   | -0.001721859 |
|    learning_rate        | 0.0003       |
|    loss                 | 92.6         |
|    n_updates            | 80           |
|    policy_gradient_loss | -0.0129      |
|    std                  | 1            |
|    value_loss           | 198          |
------------------------------------------
------------------------------------------
| rollout/                |              |
|    ep_len_mean          | 1.44e+03     |
|    ep_rew_mean          | 1.44e+03     |
| time/                   |              |
|    fps                  | 652          |
|    iterations           | 10           |
|    time_elapsed         | 15           |
|    total_timesteps      | 10240        |
| train/                  |              |
|    approx_kl            | 0.010622607  |
|    clip_fraction        | 0.151        |
|    clip_range           | 0.2          |
|    entropy_loss         | -17.1        |
|    explained_variance   | 6.121397e-05 |
|    learning_rate        | 0.0003       |
|    loss                 | 93.4         |
|    n_updates            | 90           |
|    policy_gradient_loss | -0.0104      |
|    std                  | 1            |
|    value_loss           | 194          |
------------------------------------------
-------------------------------------------
| rollout/                |               |
|    ep_len_mean          | 1.44e+03      |
|    ep_rew_mean          | 1.44e+03      |
| time/                   |               |
|    fps                  | 654           |
|    iterations           | 11            |
|    time_elapsed         | 17            |
|    total_timesteps      | 11264         |
| train/                  |               |
|    approx_kl            | 0.016918274   |
|    clip_fraction        | 0.213         |
|    clip_range           | 0.2           |
|    entropy_loss         | -17           |
|    explained_variance   | -0.0007991791 |
|    learning_rate        | 0.0003        |
|    loss                 | 88.5          |
|    n_updates            | 100           |
|    policy_gradient_loss | -0.0139       |
|    std                  | 1             |
|    value_loss           | 190           |
-------------------------------------------
--------------------------------------------
| rollout/                |                |
|    ep_len_mean          | 1.44e+03       |
|    ep_rew_mean          | 1.44e+03       |
| time/                   |                |
|    fps                  | 656            |
|    iterations           | 12             |
|    time_elapsed         | 18             |
|    total_timesteps      | 12288          |
| train/                  |                |
|    approx_kl            | 0.011647217    |
|    clip_fraction        | 0.127          |
|    clip_range           | 0.2            |
|    entropy_loss         | -17.1          |
|    explained_variance   | -4.1007996e-05 |
|    learning_rate        | 0.0003         |
|    loss                 | 89.7           |
|    n_updates            | 110            |
|    policy_gradient_loss | -0.00801       |
|    std                  | 1              |
|    value_loss           | 191            |
--------------------------------------------
------------------------------------------
| rollout/                |              |
|    ep_len_mean          | 1.44e+03     |
|    ep_rew_mean          | 1.44e+03     |
| time/                   |              |
|    fps                  | 657          |
|    iterations           | 13           |
|    time_elapsed         | 20           |
|    total_timesteps      | 13312        |
| train/                  |              |
|    approx_kl            | 0.016335143  |
|    clip_fraction        | 0.234        |
|    clip_range           | 0.2          |
|    entropy_loss         | -17.1        |
|    explained_variance   | 0.0008082986 |
|    learning_rate        | 0.0003       |
|    loss                 | 86.5         |
|    n_updates            | 120          |
|    policy_gradient_loss | -0.015       |
|    std                  | 1            |
|    value_loss           | 183          |
------------------------------------------
--------------------------------------------
| rollout/                |                |
|    ep_len_mean          | 1.44e+03       |
|    ep_rew_mean          | 1.44e+03       |
| time/                   |                |
|    fps                  | 658            |
|    iterations           | 14             |
|    time_elapsed         | 21             |
|    total_timesteps      | 14336          |
| train/                  |                |
|    approx_kl            | 0.009861198    |
|    clip_fraction        | 0.144          |
|    clip_range           | 0.2            |
|    entropy_loss         | -17.1          |
|    explained_variance   | -1.9431114e-05 |
|    learning_rate        | 0.0003         |
|    loss                 | 85.2           |
|    n_updates            | 130            |
|    policy_gradient_loss | -0.0106        |
|    std                  | 1              |
|    value_loss           | 179            |
--------------------------------------------
-------------------------------------------
| rollout/                |               |
|    ep_len_mean          | 1.44e+03      |
|    ep_rew_mean          | 1.44e+03      |
| time/                   |               |
|    fps                  | 658           |
|    iterations           | 15            |
|    time_elapsed         | 23            |
|    total_timesteps      | 15360         |
| train/                  |               |
|    approx_kl            | 0.016425626   |
|    clip_fraction        | 0.212         |
|    clip_range           | 0.2           |
|    entropy_loss         | -17.1         |
|    explained_variance   | 0.00038778782 |
|    learning_rate        | 0.0003        |
|    loss                 | 83.8          |
|    n_updates            | 140           |
|    policy_gradient_loss | -0.0136       |
|    std                  | 1.01          |
|    value_loss           | 180           |
-------------------------------------------
------------------------------------------
| rollout/                |              |
|    ep_len_mean          | 1.44e+03     |
|    ep_rew_mean          | 1.44e+03     |
| time/                   |              |
|    fps                  | 658          |
|    iterations           | 16           |
|    time_elapsed         | 24           |
|    total_timesteps      | 16384        |
| train/                  |              |
|    approx_kl            | 0.009839163  |
|    clip_fraction        | 0.146        |
|    clip_range           | 0.2          |
|    entropy_loss         | -17.1        |
|    explained_variance   | 0.0001116395 |
|    learning_rate        | 0.0003       |
|    loss                 | 80.3         |
|    n_updates            | 150          |
|    policy_gradient_loss | -0.0107      |
|    std                  | 1.01         |
|    value_loss           | 172          |
------------------------------------------
-------------------------------------------
| rollout/                |               |
|    ep_len_mean          | 1.44e+03      |
|    ep_rew_mean          | 1.44e+03      |
| time/                   |               |
|    fps                  | 658           |
|    iterations           | 17            |
|    time_elapsed         | 26            |
|    total_timesteps      | 17408         |
| train/                  |               |
|    approx_kl            | 0.015627878   |
|    clip_fraction        | 0.199         |
|    clip_range           | 0.2           |
|    entropy_loss         | -17.1         |
|    explained_variance   | 0.00031417608 |
|    learning_rate        | 0.0003        |
|    loss                 | 78.8          |
|    n_updates            | 160           |
|    policy_gradient_loss | -0.015        |
|    std                  | 1.01          |
|    value_loss           | 169           |
-------------------------------------------
--------------------------------------------
| rollout/                |                |
|    ep_len_mean          | 1.44e+03       |
|    ep_rew_mean          | 1.44e+03       |
| time/                   |                |
|    fps                  | 659            |
|    iterations           | 18             |
|    time_elapsed         | 27             |
|    total_timesteps      | 18432          |
| train/                  |                |
|    approx_kl            | 0.011135673    |
|    clip_fraction        | 0.141          |
|    clip_range           | 0.2            |
|    entropy_loss         | -17.1          |
|    explained_variance   | -0.00038588047 |
|    learning_rate        | 0.0003         |
|    loss                 | 78.2           |
|    n_updates            | 170            |
|    policy_gradient_loss | -0.0104        |
|    std                  | 1.01           |
|    value_loss           | 166            |
--------------------------------------------
--------------------------------------------
| rollout/                |                |
|    ep_len_mean          | 1.44e+03       |
|    ep_rew_mean          | 1.44e+03       |
| time/                   |                |
|    fps                  | 660            |
|    iterations           | 19             |
|    time_elapsed         | 29             |
|    total_timesteps      | 19456          |
| train/                  |                |
|    approx_kl            | 0.012571907    |
|    clip_fraction        | 0.143          |
|    clip_range           | 0.2            |
|    entropy_loss         | -17.1          |
|    explained_variance   | -0.00022816658 |
|    learning_rate        | 0.0003         |
|    loss                 | 78.5           |
|    n_updates            | 180            |
|    policy_gradient_loss | -0.012         |
|    std                  | 1              |
|    value_loss           | 166            |
--------------------------------------------
-------------------------------------------
| rollout/                |               |
|    ep_len_mean          | 1.44e+03      |
|    ep_rew_mean          | 1.44e+03      |
| time/                   |               |
|    fps                  | 660           |
|    iterations           | 20            |
|    time_elapsed         | 31            |
|    total_timesteps      | 20480         |
| train/                  |               |
|    approx_kl            | 0.013923895   |
|    clip_fraction        | 0.161         |
|    clip_range           | 0.2           |
|    entropy_loss         | -17.1         |
|    explained_variance   | 0.00047922134 |
|    learning_rate        | 0.0003        |
|    loss                 | 75.9          |
|    n_updates            | 190           |
|    policy_gradient_loss | -0.0103       |
|    std                  | 1             |
|    value_loss           | 159           |
-------------------------------------------
--------------------------------------------
| rollout/                |                |
|    ep_len_mean          | 1.44e+03       |
|    ep_rew_mean          | 1.44e+03       |
| time/                   |                |
|    fps                  | 660            |
|    iterations           | 21             |
|    time_elapsed         | 32             |
|    total_timesteps      | 21504          |
| train/                  |                |
|    approx_kl            | 0.0112141445   |
|    clip_fraction        | 0.0799         |
|    clip_range           | 0.2            |
|    entropy_loss         | -17.1          |
|    explained_variance   | -0.00013542175 |
|    learning_rate        | 0.0003         |
|    loss                 | 72.9           |
|    n_updates            | 200            |
|    policy_gradient_loss | -0.00891       |
|    std                  | 1.01           |
|    value_loss           | 155            |
--------------------------------------------
-------------------------------------------
| rollout/                |               |
|    ep_len_mean          | 1.44e+03      |
|    ep_rew_mean          | 1.44e+03      |
| time/                   |               |
|    fps                  | 660           |
|    iterations           | 22            |
|    time_elapsed         | 34            |
|    total_timesteps      | 22528         |
| train/                  |               |
|    approx_kl            | 0.01710188    |
|    clip_fraction        | 0.17          |
|    clip_range           | 0.2           |
|    entropy_loss         | -17.1         |
|    explained_variance   | -7.867813e-06 |
|    learning_rate        | 0.0003        |
|    loss                 | 73.6          |
|    n_updates            | 210           |
|    policy_gradient_loss | -0.0109       |
|    std                  | 1.01          |
|    value_loss           | 156           |
-------------------------------------------
--------------------------------------------
| rollout/                |                |
|    ep_len_mean          | 1.44e+03       |
|    ep_rew_mean          | 1.44e+03       |
| time/                   |                |
|    fps                  | 661            |
|    iterations           | 23             |
|    time_elapsed         | 35             |
|    total_timesteps      | 23552          |
| train/                  |                |
|    approx_kl            | 0.011829709    |
|    clip_fraction        | 0.145          |
|    clip_range           | 0.2            |
|    entropy_loss         | -17.1          |
|    explained_variance   | -3.2782555e-05 |
|    learning_rate        | 0.0003         |
|    loss                 | 70.3           |
|    n_updates            | 220            |
|    policy_gradient_loss | -0.0104        |
|    std                  | 1              |
|    value_loss           | 149            |
--------------------------------------------
-------------------------------------------
| rollout/                |               |
|    ep_len_mean          | 1.44e+03      |
|    ep_rew_mean          | 1.44e+03      |
| time/                   |               |
|    fps                  | 662           |
|    iterations           | 24            |
|    time_elapsed         | 37            |
|    total_timesteps      | 24576         |
| train/                  |               |
|    approx_kl            | 0.015612066   |
|    clip_fraction        | 0.208         |
|    clip_range           | 0.2           |
|    entropy_loss         | -17.1         |
|    explained_variance   | 0.00010716915 |
|    learning_rate        | 0.0003        |
|    loss                 | 68.2          |
|    n_updates            | 230           |
|    policy_gradient_loss | -0.015        |
|    std                  | 1             |
|    value_loss           | 146           |
-------------------------------------------
--------------------------------------------
| rollout/                |                |
|    ep_len_mean          | 1.44e+03       |
|    ep_rew_mean          | 1.44e+03       |
| time/                   |                |
|    fps                  | 664            |
|    iterations           | 25             |
|    time_elapsed         | 38             |
|    total_timesteps      | 25600          |
| train/                  |                |
|    approx_kl            | 0.009524238    |
|    clip_fraction        | 0.0935         |
|    clip_range           | 0.2            |
|    entropy_loss         | -17.1          |
|    explained_variance   | -0.00010406971 |
|    learning_rate        | 0.0003         |
|    loss                 | 66.8           |
|    n_updates            | 240            |
|    policy_gradient_loss | -0.0112        |
|    std                  | 1              |
|    value_loss           | 143            |
--------------------------------------------
--------------------------------------------
| rollout/                |                |
|    ep_len_mean          | 1.44e+03       |
|    ep_rew_mean          | 1.44e+03       |
| time/                   |                |
|    fps                  | 664            |
|    iterations           | 26             |
|    time_elapsed         | 40             |
|    total_timesteps      | 26624          |
| train/                  |                |
|    approx_kl            | 0.01084562     |
|    clip_fraction        | 0.162          |
|    clip_range           | 0.2            |
|    entropy_loss         | -17            |
|    explained_variance   | -0.00017678738 |
|    learning_rate        | 0.0003         |
|    loss                 | 67.2           |
|    n_updates            | 250            |
|    policy_gradient_loss | -0.0131        |
|    std                  | 1              |
|    value_loss           | 143            |
--------------------------------------------
--------------------------------------------
| rollout/                |                |
|    ep_len_mean          | 1.44e+03       |
|    ep_rew_mean          | 1.44e+03       |
| time/                   |                |
|    fps                  | 665            |
|    iterations           | 27             |
|    time_elapsed         | 41             |
|    total_timesteps      | 27648          |
| train/                  |                |
|    approx_kl            | 0.020032141    |
|    clip_fraction        | 0.244          |
|    clip_range           | 0.2            |
|    entropy_loss         | -17            |
|    explained_variance   | -0.00015628338 |
|    learning_rate        | 0.0003         |
|    loss                 | 64             |
|    n_updates            | 260            |
|    policy_gradient_loss | -0.0167        |
|    std                  | 1              |
|    value_loss           | 137            |
--------------------------------------------
-------------------------------------------
| rollout/                |               |
|    ep_len_mean          | 1.44e+03      |
|    ep_rew_mean          | 1.44e+03      |
| time/                   |               |
|    fps                  | 665           |
|    iterations           | 28            |
|    time_elapsed         | 43            |
|    total_timesteps      | 28672         |
| train/                  |               |
|    approx_kl            | 0.012600263   |
|    clip_fraction        | 0.16          |
|    clip_range           | 0.2           |
|    entropy_loss         | -17           |
|    explained_variance   | 0.00021368265 |
|    learning_rate        | 0.0003        |
|    loss                 | 61.6          |
|    n_updates            | 270           |
|    policy_gradient_loss | -0.012        |
|    std                  | 1             |
|    value_loss           | 134           |
-------------------------------------------
--------------------------------------------
| rollout/                |                |
|    ep_len_mean          | 1.44e+03       |
|    ep_rew_mean          | 1.44e+03       |
| time/                   |                |
|    fps                  | 665            |
|    iterations           | 29             |
|    time_elapsed         | 44             |
|    total_timesteps      | 29696          |
| train/                  |                |
|    approx_kl            | 0.014537389    |
|    clip_fraction        | 0.189          |
|    clip_range           | 0.2            |
|    entropy_loss         | -17            |
|    explained_variance   | -5.9127808e-05 |
|    learning_rate        | 0.0003         |
|    loss                 | 63.5           |
|    n_updates            | 280            |
|    policy_gradient_loss | -0.0151        |
|    std                  | 1              |
|    value_loss           | 135            |
--------------------------------------------
---------------------------------------------
| rollout/                |                 |
|    ep_len_mean          | 1.44e+03        |
|    ep_rew_mean          | 1.44e+03        |
| time/                   |                 |
|    fps                  | 665             |
|    iterations           | 30              |
|    time_elapsed         | 46              |
|    total_timesteps      | 30720           |
| train/                  |                 |
|    approx_kl            | 0.0088921       |
|    clip_fraction        | 0.0931          |
|    clip_range           | 0.2             |
|    entropy_loss         | -17             |
|    explained_variance   | -0.000103354454 |
|    learning_rate        | 0.0003          |
|    loss                 | 60.6            |
|    n_updates            | 290             |
|    policy_gradient_loss | -0.0119         |
|    std                  | 0.999           |
|    value_loss           | 128             |
---------------------------------------------
--------------------------------------------
| rollout/                |                |
|    ep_len_mean          | 1.44e+03       |
|    ep_rew_mean          | 1.44e+03       |
| time/                   |                |
|    fps                  | 665            |
|    iterations           | 31             |
|    time_elapsed         | 47             |
|    total_timesteps      | 31744          |
| train/                  |                |
|    approx_kl            | 0.015368948    |
|    clip_fraction        | 0.216          |
|    clip_range           | 0.2            |
|    entropy_loss         | -17            |
|    explained_variance   | -0.00011026859 |
|    learning_rate        | 0.0003         |
|    loss                 | 58.2           |
|    n_updates            | 300            |
|    policy_gradient_loss | -0.0167        |
|    std                  | 1              |
|    value_loss           | 125            |
--------------------------------------------
-------------------------------------------
| rollout/                |               |
|    ep_len_mean          | 1.44e+03      |
|    ep_rew_mean          | 1.44e+03      |
| time/                   |               |
|    fps                  | 665           |
|    iterations           | 32            |
|    time_elapsed         | 49            |
|    total_timesteps      | 32768         |
| train/                  |               |
|    approx_kl            | 0.010287808   |
|    clip_fraction        | 0.125         |
|    clip_range           | 0.2           |
|    entropy_loss         | -17           |
|    explained_variance   | -0.0001142025 |
|    learning_rate        | 0.0003        |
|    loss                 | 56.1          |
|    n_updates            | 310           |
|    policy_gradient_loss | -0.0124       |
|    std                  | 0.999         |
|    value_loss           | 123           |
-------------------------------------------
-------------------------------------------
| rollout/                |               |
|    ep_len_mean          | 1.44e+03      |
|    ep_rew_mean          | 1.44e+03      |
| time/                   |               |
|    fps                  | 665           |
|    iterations           | 33            |
|    time_elapsed         | 50            |
|    total_timesteps      | 33792         |
| train/                  |               |
|    approx_kl            | 0.012483158   |
|    clip_fraction        | 0.157         |
|    clip_range           | 0.2           |
|    entropy_loss         | -17           |
|    explained_variance   | 0.00014770031 |
|    learning_rate        | 0.0003        |
|    loss                 | 56.9          |
|    n_updates            | 320           |
|    policy_gradient_loss | -0.0128       |
|    std                  | 1             |
|    value_loss           | 122           |
-------------------------------------------
------------------------------------------
| rollout/                |              |
|    ep_len_mean          | 1.44e+03     |
|    ep_rew_mean          | 1.44e+03     |
| time/                   |              |
|    fps                  | 665          |
|    iterations           | 34           |
|    time_elapsed         | 52           |
|    total_timesteps      | 34816        |
| train/                  |              |
|    approx_kl            | 0.016298782  |
|    clip_fraction        | 0.183        |
|    clip_range           | 0.2          |
|    entropy_loss         | -17          |
|    explained_variance   | 0.0003232956 |
|    learning_rate        | 0.0003       |
|    loss                 | 54.1         |
|    n_updates            | 330          |
|    policy_gradient_loss | -0.0158      |
|    std                  | 1            |
|    value_loss           | 117          |
------------------------------------------
-------------------------------------------
| rollout/                |               |
|    ep_len_mean          | 1.44e+03      |
|    ep_rew_mean          | 1.44e+03      |
| time/                   |               |
|    fps                  | 665           |
|    iterations           | 35            |
|    time_elapsed         | 53            |
|    total_timesteps      | 35840         |
| train/                  |               |
|    approx_kl            | 0.010544959   |
|    clip_fraction        | 0.115         |
|    clip_range           | 0.2           |
|    entropy_loss         | -17           |
|    explained_variance   | -8.225441e-06 |
|    learning_rate        | 0.0003        |
|    loss                 | 53.5          |
|    n_updates            | 340           |
|    policy_gradient_loss | -0.0121       |
|    std                  | 1             |
|    value_loss           | 114           |
-------------------------------------------
-------------------------------------------
| rollout/                |               |
|    ep_len_mean          | 1.44e+03      |
|    ep_rew_mean          | 1.44e+03      |
| time/                   |               |
|    fps                  | 666           |
|    iterations           | 36            |
|    time_elapsed         | 55            |
|    total_timesteps      | 36864         |
| train/                  |               |
|    approx_kl            | 0.012499936   |
|    clip_fraction        | 0.144         |
|    clip_range           | 0.2           |
|    entropy_loss         | -17           |
|    explained_variance   | 0.00012791157 |
|    learning_rate        | 0.0003        |
|    loss                 | 53.1          |
|    n_updates            | 350           |
|    policy_gradient_loss | -0.0124       |
|    std                  | 0.998         |
|    value_loss           | 114           |
-------------------------------------------
--------------------------------------------
| rollout/                |                |
|    ep_len_mean          | 1.44e+03       |
|    ep_rew_mean          | 1.44e+03       |
| time/                   |                |
|    fps                  | 666            |
|    iterations           | 37             |
|    time_elapsed         | 56             |
|    total_timesteps      | 37888          |
| train/                  |                |
|    approx_kl            | 0.010019698    |
|    clip_fraction        | 0.0989         |
|    clip_range           | 0.2            |
|    entropy_loss         | -17            |
|    explained_variance   | -0.00021350384 |
|    learning_rate        | 0.0003         |
|    loss                 | 50.2           |
|    n_updates            | 360            |
|    policy_gradient_loss | -0.00979       |
|    std                  | 0.999          |
|    value_loss           | 109            |
--------------------------------------------
--------------------------------------------
| rollout/                |                |
|    ep_len_mean          | 1.44e+03       |
|    ep_rew_mean          | 1.44e+03       |
| time/                   |                |
|    fps                  | 666            |
|    iterations           | 38             |
|    time_elapsed         | 58             |
|    total_timesteps      | 38912          |
| train/                  |                |
|    approx_kl            | 0.010823308    |
|    clip_fraction        | 0.152          |
|    clip_range           | 0.2            |
|    entropy_loss         | -17            |
|    explained_variance   | -2.2172928e-05 |
|    learning_rate        | 0.0003         |
|    loss                 | 48.9           |
|    n_updates            | 370            |
|    policy_gradient_loss | -0.015         |
|    std                  | 1              |
|    value_loss           | 106            |
--------------------------------------------
------------------------------------------
| rollout/                |              |
|    ep_len_mean          | 1.44e+03     |
|    ep_rew_mean          | 1.44e+03     |
| time/                   |              |
|    fps                  | 666          |
|    iterations           | 39           |
|    time_elapsed         | 59           |
|    total_timesteps      | 39936        |
| train/                  |              |
|    approx_kl            | 0.012009958  |
|    clip_fraction        | 0.0934       |
|    clip_range           | 0.2          |
|    entropy_loss         | -17          |
|    explained_variance   | 7.987022e-06 |
|    learning_rate        | 0.0003       |
|    loss                 | 47.5         |
|    n_updates            | 380          |
|    policy_gradient_loss | -0.00948     |
|    std                  | 1            |
|    value_loss           | 104          |
------------------------------------------
--------------------------------------------
| rollout/                |                |
|    ep_len_mean          | 1.44e+03       |
|    ep_rew_mean          | 1.44e+03       |
| time/                   |                |
|    fps                  | 667            |
|    iterations           | 40             |
|    time_elapsed         | 61             |
|    total_timesteps      | 40960          |
| train/                  |                |
|    approx_kl            | 0.020121418    |
|    clip_fraction        | 0.221          |
|    clip_range           | 0.2            |
|    entropy_loss         | -17            |
|    explained_variance   | -0.00015807152 |
|    learning_rate        | 0.0003         |
|    loss                 | 48.1           |
|    n_updates            | 390            |
|    policy_gradient_loss | -0.014         |
|    std                  | 1              |
|    value_loss           | 103            |
--------------------------------------------
--------------------------------------------
| rollout/                |                |
|    ep_len_mean          | 1.44e+03       |
|    ep_rew_mean          | 1.44e+03       |
| time/                   |                |
|    fps                  | 667            |
|    iterations           | 41             |
|    time_elapsed         | 62             |
|    total_timesteps      | 41984          |
| train/                  |                |
|    approx_kl            | 0.015630439    |
|    clip_fraction        | 0.18           |
|    clip_range           | 0.2            |
|    entropy_loss         | -17            |
|    explained_variance   | -5.6624413e-05 |
|    learning_rate        | 0.0003         |
|    loss                 | 45.7           |
|    n_updates            | 400            |
|    policy_gradient_loss | -0.0149        |
|    std                  | 1              |
|    value_loss           | 98.1           |
--------------------------------------------
-------------------------------------------
| rollout/                |               |
|    ep_len_mean          | 1.44e+03      |
|    ep_rew_mean          | 1.44e+03      |
| time/                   |               |
|    fps                  | 667           |
|    iterations           | 42            |
|    time_elapsed         | 64            |
|    total_timesteps      | 43008         |
| train/                  |               |
|    approx_kl            | 0.012791086   |
|    clip_fraction        | 0.153         |
|    clip_range           | 0.2           |
|    entropy_loss         | -17.1         |
|    explained_variance   | 4.4345856e-05 |
|    learning_rate        | 0.0003        |
|    loss                 | 43.7          |
|    n_updates            | 410           |
|    policy_gradient_loss | -0.0142       |
|    std                  | 1             |
|    value_loss           | 95.1          |
-------------------------------------------
-------------------------------------------
| rollout/                |               |
|    ep_len_mean          | 1.44e+03      |
|    ep_rew_mean          | 1.44e+03      |
| time/                   |               |
|    fps                  | 667           |
|    iterations           | 43            |
|    time_elapsed         | 65            |
|    total_timesteps      | 44032         |
| train/                  |               |
|    approx_kl            | 0.02107767    |
|    clip_fraction        | 0.221         |
|    clip_range           | 0.2           |
|    entropy_loss         | -17.1         |
|    explained_variance   | 0.00018584728 |
|    learning_rate        | 0.0003        |
|    loss                 | 44.6          |
|    n_updates            | 420           |
|    policy_gradient_loss | -0.0142       |
|    std                  | 1             |
|    value_loss           | 95.2          |
-------------------------------------------
--------------------------------------------
| rollout/                |                |
|    ep_len_mean          | 1.44e+03       |
|    ep_rew_mean          | 1.44e+03       |
| time/                   |                |
|    fps                  | 667            |
|    iterations           | 44             |
|    time_elapsed         | 67             |
|    total_timesteps      | 45056          |
| train/                  |                |
|    approx_kl            | 0.008804083    |
|    clip_fraction        | 0.117          |
|    clip_range           | 0.2            |
|    entropy_loss         | -17.1          |
|    explained_variance   | -4.2438507e-05 |
|    learning_rate        | 0.0003         |
|    loss                 | 41.9           |
|    n_updates            | 430            |
|    policy_gradient_loss | -0.0115        |
|    std                  | 1.01           |
|    value_loss           | 90.4           |
--------------------------------------------
------------------------------------------
| rollout/                |              |
|    ep_len_mean          | 1.44e+03     |
|    ep_rew_mean          | 1.44e+03     |
| time/                   |              |
|    fps                  | 667          |
|    iterations           | 45           |
|    time_elapsed         | 68           |
|    total_timesteps      | 46080        |
| train/                  |              |
|    approx_kl            | 0.012639234  |
|    clip_fraction        | 0.192        |
|    clip_range           | 0.2          |
|    entropy_loss         | -17.1        |
|    explained_variance   | 8.445978e-05 |
|    learning_rate        | 0.0003       |
|    loss                 | 41           |
|    n_updates            | 440          |
|    policy_gradient_loss | -0.0179      |
|    std                  | 1            |
|    value_loss           | 88           |
------------------------------------------
------------------------------------------
| rollout/                |              |
|    ep_len_mean          | 1.44e+03     |
|    ep_rew_mean          | 1.44e+03     |
| time/                   |              |
|    fps                  | 667          |
|    iterations           | 46           |
|    time_elapsed         | 70           |
|    total_timesteps      | 47104        |
| train/                  |              |
|    approx_kl            | 0.0129999835 |
|    clip_fraction        | 0.17         |
|    clip_range           | 0.2          |
|    entropy_loss         | -17.1        |
|    explained_variance   | 0.0001654625 |
|    learning_rate        | 0.0003       |
|    loss                 | 40.3         |
|    n_updates            | 450          |
|    policy_gradient_loss | -0.0144      |
|    std                  | 1            |
|    value_loss           | 87.9         |
------------------------------------------
--------------------------------------------
| rollout/                |                |
|    ep_len_mean          | 1.44e+03       |
|    ep_rew_mean          | 1.44e+03       |
| time/                   |                |
|    fps                  | 668            |
|    iterations           | 47             |
|    time_elapsed         | 72             |
|    total_timesteps      | 48128          |
| train/                  |                |
|    approx_kl            | 0.018594226    |
|    clip_fraction        | 0.202          |
|    clip_range           | 0.2            |
|    entropy_loss         | -17.1          |
|    explained_variance   | -0.00010716915 |
|    learning_rate        | 0.0003         |
|    loss                 | 39.6           |
|    n_updates            | 460            |
|    policy_gradient_loss | -0.0103        |
|    std                  | 1.01           |
|    value_loss           | 85.5           |
--------------------------------------------
--------------------------------------------
| rollout/                |                |
|    ep_len_mean          | 1.44e+03       |
|    ep_rew_mean          | 1.44e+03       |
| time/                   |                |
|    fps                  | 667            |
|    iterations           | 48             |
|    time_elapsed         | 73             |
|    total_timesteps      | 49152          |
| train/                  |                |
|    approx_kl            | 0.015330051    |
|    clip_fraction        | 0.196          |
|    clip_range           | 0.2            |
|    entropy_loss         | -17.1          |
|    explained_variance   | -0.00014328957 |
|    learning_rate        | 0.0003         |
|    loss                 | 37.3           |
|    n_updates            | 470            |
|    policy_gradient_loss | -0.0168        |
|    std                  | 1.01           |
|    value_loss           | 80.7           |
--------------------------------------------
--------------------------------------------
| rollout/                |                |
|    ep_len_mean          | 1.44e+03       |
|    ep_rew_mean          | 1.44e+03       |
| time/                   |                |
|    fps                  | 667            |
|    iterations           | 49             |
|    time_elapsed         | 75             |
|    total_timesteps      | 50176          |
| train/                  |                |
|    approx_kl            | 0.01846334     |
|    clip_fraction        | 0.204          |
|    clip_range           | 0.2            |
|    entropy_loss         | -17.1          |
|    explained_variance   | -2.2530556e-05 |
|    learning_rate        | 0.0003         |
|    loss                 | 36             |
|    n_updates            | 480            |
|    policy_gradient_loss | -0.0144        |
|    std                  | 1.01           |
|    value_loss           | 78.5           |
--------------------------------------------
------------------------------------------
| rollout/                |              |
|    ep_len_mean          | 1.44e+03     |
|    ep_rew_mean          | 1.44e+03     |
| time/                   |              |
|    fps                  | 667          |
|    iterations           | 50           |
|    time_elapsed         | 76           |
|    total_timesteps      | 51200        |
| train/                  |              |
|    approx_kl            | 0.012300745  |
|    clip_fraction        | 0.127        |
|    clip_range           | 0.2          |
|    entropy_loss         | -17.1        |
|    explained_variance   | 5.930662e-05 |
|    learning_rate        | 0.0003       |
|    loss                 | 35.4         |
|    n_updates            | 490          |
|    policy_gradient_loss | -0.00962     |
|    std                  | 1.01         |
|    value_loss           | 78.2         |
------------------------------------------
------------------------------------------
| rollout/                |              |
|    ep_len_mean          | 1.44e+03     |
|    ep_rew_mean          | 1.44e+03     |
| time/                   |              |
|    fps                  | 667          |
|    iterations           | 51           |
|    time_elapsed         | 78           |
|    total_timesteps      | 52224        |
| train/                  |              |
|    approx_kl            | 0.009965997  |
|    clip_fraction        | 0.148        |
|    clip_range           | 0.2          |
|    entropy_loss         | -17.1        |
|    explained_variance   | 5.030632e-05 |
|    learning_rate        | 0.0003       |
|    loss                 | 33.5         |
|    n_updates            | 500          |
|    policy_gradient_loss | -0.0166      |
|    std                  | 1.01         |
|    value_loss           | 73.7         |
------------------------------------------
-------------------------------------------
| rollout/                |               |
|    ep_len_mean          | 1.44e+03      |
|    ep_rew_mean          | 1.44e+03      |
| time/                   |               |
|    fps                  | 667           |
|    iterations           | 52            |
|    time_elapsed         | 79            |
|    total_timesteps      | 53248         |
| train/                  |               |
|    approx_kl            | 0.011890192   |
|    clip_fraction        | 0.155         |
|    clip_range           | 0.2           |
|    entropy_loss         | -17.1         |
|    explained_variance   | -1.001358e-05 |
|    learning_rate        | 0.0003        |
|    loss                 | 32.2          |
|    n_updates            | 510           |
|    policy_gradient_loss | -0.0165       |
|    std                  | 1.01          |
|    value_loss           | 71.8          |
-------------------------------------------
--------------------------------------------
| rollout/                |                |
|    ep_len_mean          | 1.44e+03       |
|    ep_rew_mean          | 1.44e+03       |
| time/                   |                |
|    fps                  | 667            |
|    iterations           | 53             |
|    time_elapsed         | 81             |
|    total_timesteps      | 54272          |
| train/                  |                |
|    approx_kl            | 0.018097047    |
|    clip_fraction        | 0.19           |
|    clip_range           | 0.2            |
|    entropy_loss         | -17.1          |
|    explained_variance   | -0.00014734268 |
|    learning_rate        | 0.0003         |
|    loss                 | 32.4           |
|    n_updates            | 520            |
|    policy_gradient_loss | -0.0117        |
|    std                  | 1.01           |
|    value_loss           | 71.4           |
--------------------------------------------
------------------------------------------
| rollout/                |              |
|    ep_len_mean          | 1.44e+03     |
|    ep_rew_mean          | 1.44e+03     |
| time/                   |              |
|    fps                  | 668          |
|    iterations           | 54           |
|    time_elapsed         | 82           |
|    total_timesteps      | 55296        |
| train/                  |              |
|    approx_kl            | 0.015471699  |
|    clip_fraction        | 0.208        |
|    clip_range           | 0.2          |
|    entropy_loss         | -17.2        |
|    explained_variance   | -4.87566e-05 |
|    learning_rate        | 0.0003       |
|    loss                 | 31.3         |
|    n_updates            | 530          |
|    policy_gradient_loss | -0.0159      |
|    std                  | 1.01         |
|    value_loss           | 68.2         |
------------------------------------------
-------------------------------------------
| rollout/                |               |
|    ep_len_mean          | 1.44e+03      |
|    ep_rew_mean          | 1.44e+03      |
| time/                   |               |
|    fps                  | 668           |
|    iterations           | 55            |
|    time_elapsed         | 84            |
|    total_timesteps      | 56320         |
| train/                  |               |
|    approx_kl            | 0.012319803   |
|    clip_fraction        | 0.133         |
|    clip_range           | 0.2           |
|    entropy_loss         | -17.2         |
|    explained_variance   | 0.00010275841 |
|    learning_rate        | 0.0003        |
|    loss                 | 29.9          |
|    n_updates            | 540           |
|    policy_gradient_loss | -0.0113       |
|    std                  | 1.01          |
|    value_loss           | 65.7          |
-------------------------------------------
-------------------------------------------
| rollout/                |               |
|    ep_len_mean          | 1.44e+03      |
|    ep_rew_mean          | 1.44e+03      |
| time/                   |               |
|    fps                  | 668           |
|    iterations           | 56            |
|    time_elapsed         | 85            |
|    total_timesteps      | 57344         |
| train/                  |               |
|    approx_kl            | 0.010062348   |
|    clip_fraction        | 0.142         |
|    clip_range           | 0.2           |
|    entropy_loss         | -17.2         |
|    explained_variance   | 1.0371208e-05 |
|    learning_rate        | 0.0003        |
|    loss                 | 29.1          |
|    n_updates            | 550           |
|    policy_gradient_loss | -0.0139       |
|    std                  | 1.01          |
|    value_loss           | 63.8          |
-------------------------------------------
-------------------------------------------
| rollout/                |               |
|    ep_len_mean          | 1.44e+03      |
|    ep_rew_mean          | 1.44e+03      |
| time/                   |               |
|    fps                  | 668           |
|    iterations           | 57            |
|    time_elapsed         | 87            |
|    total_timesteps      | 58368         |
| train/                  |               |
|    approx_kl            | 0.014429498   |
|    clip_fraction        | 0.152         |
|    clip_range           | 0.2           |
|    entropy_loss         | -17.2         |
|    explained_variance   | -2.026558e-06 |
|    learning_rate        | 0.0003        |
|    loss                 | 28.7          |
|    n_updates            | 560           |
|    policy_gradient_loss | -0.0101       |
|    std                  | 1.01          |
|    value_loss           | 63.2          |
-------------------------------------------
------------------------------------------
| rollout/                |              |
|    ep_len_mean          | 1.44e+03     |
|    ep_rew_mean          | 1.44e+03     |
| time/                   |              |
|    fps                  | 669          |
|    iterations           | 58           |
|    time_elapsed         | 88           |
|    total_timesteps      | 59392        |
| train/                  |              |
|    approx_kl            | 0.015457285  |
|    clip_fraction        | 0.242        |
|    clip_range           | 0.2          |
|    entropy_loss         | -17.2        |
|    explained_variance   | 4.273653e-05 |
|    learning_rate        | 0.0003       |
|    loss                 | 26.6         |
|    n_updates            | 570          |
|    policy_gradient_loss | -0.0172      |
|    std                  | 1.02         |
|    value_loss           | 59.6         |
------------------------------------------
------------------------------------------
| rollout/                |              |
|    ep_len_mean          | 1.44e+03     |
|    ep_rew_mean          | 1.44e+03     |
| time/                   |              |
|    fps                  | 669          |
|    iterations           | 59           |
|    time_elapsed         | 90           |
|    total_timesteps      | 60416        |
| train/                  |              |
|    approx_kl            | 0.01180445   |
|    clip_fraction        | 0.113        |
|    clip_range           | 0.2          |
|    entropy_loss         | -17.2        |
|    explained_variance   | 3.373623e-05 |
|    learning_rate        | 0.0003       |
|    loss                 | 25.7         |
|    n_updates            | 580          |
|    policy_gradient_loss | -0.0142      |
|    std                  | 1.02         |
|    value_loss           | 57.9         |
------------------------------------------
-----------------------------------------
| rollout/                |             |
|    ep_len_mean          | 1.44e+03    |
|    ep_rew_mean          | 1.44e+03    |
| time/                   |             |
|    fps                  | 669         |
|    iterations           | 60          |
|    time_elapsed         | 91          |
|    total_timesteps      | 61440       |
| train/                  |             |
|    approx_kl            | 0.01278674  |
|    clip_fraction        | 0.179       |
|    clip_range           | 0.2         |
|    entropy_loss         | -17.2       |
|    explained_variance   | 6.16312e-05 |
|    learning_rate        | 0.0003      |
|    loss                 | 25.7        |
|    n_updates            | 590         |
|    policy_gradient_loss | -0.014      |
|    std                  | 1.02        |
|    value_loss           | 57.3        |
-----------------------------------------
-------------------------------------------
| rollout/                |               |
|    ep_len_mean          | 1.44e+03      |
|    ep_rew_mean          | 1.44e+03      |
| time/                   |               |
|    fps                  | 669           |
|    iterations           | 61            |
|    time_elapsed         | 93            |
|    total_timesteps      | 62464         |
| train/                  |               |
|    approx_kl            | 0.019982893   |
|    clip_fraction        | 0.221         |
|    clip_range           | 0.2           |
|    entropy_loss         | -17.3         |
|    explained_variance   | -0.0001206398 |
|    learning_rate        | 0.0003        |
|    loss                 | 24.1          |
|    n_updates            | 600           |
|    policy_gradient_loss | -0.0141       |
|    std                  | 1.02          |
|    value_loss           | 53.9          |
-------------------------------------------
-------------------------------------------
| rollout/                |               |
|    ep_len_mean          | 1.44e+03      |
|    ep_rew_mean          | 1.45e+03      |
| time/                   |               |
|    fps                  | 669           |
|    iterations           | 62            |
|    time_elapsed         | 94            |
|    total_timesteps      | 63488         |
| train/                  |               |
|    approx_kl            | 0.012282763   |
|    clip_fraction        | 0.165         |
|    clip_range           | 0.2           |
|    entropy_loss         | -17.3         |
|    explained_variance   | -3.504753e-05 |
|    learning_rate        | 0.0003        |
|    loss                 | 23.2          |
|    n_updates            | 610           |
|    policy_gradient_loss | -0.0153       |
|    std                  | 1.02          |
|    value_loss           | 52            |
-------------------------------------------
------------------------------------------
| rollout/                |              |
|    ep_len_mean          | 1.44e+03     |
|    ep_rew_mean          | 1.45e+03     |
| time/                   |              |
|    fps                  | 669          |
|    iterations           | 63           |
|    time_elapsed         | 96           |
|    total_timesteps      | 64512        |
| train/                  |              |
|    approx_kl            | 0.009676641  |
|    clip_fraction        | 0.106        |
|    clip_range           | 0.2          |
|    entropy_loss         | -17.2        |
|    explained_variance   | 5.888939e-05 |
|    learning_rate        | 0.0003       |
|    loss                 | 22.6         |
|    n_updates            | 620          |
|    policy_gradient_loss | -0.0112      |
|    std                  | 1.02         |
|    value_loss           | 50.4         |
------------------------------------------
-------------------------------------------
| rollout/                |               |
|    ep_len_mean          | 1.44e+03      |
|    ep_rew_mean          | 1.45e+03      |
| time/                   |               |
|    fps                  | 669           |
|    iterations           | 64            |
|    time_elapsed         | 97            |
|    total_timesteps      | 65536         |
| train/                  |               |
|    approx_kl            | 0.019367786   |
|    clip_fraction        | 0.229         |
|    clip_range           | 0.2           |
|    entropy_loss         | -17.2         |
|    explained_variance   | 1.5377998e-05 |
|    learning_rate        | 0.0003        |
|    loss                 | 22.2          |
|    n_updates            | 630           |
|    policy_gradient_loss | -0.0167       |
|    std                  | 1.02          |
|    value_loss           | 49.7          |
-------------------------------------------
-------------------------------------------
| rollout/                |               |
|    ep_len_mean          | 1.44e+03      |
|    ep_rew_mean          | 1.45e+03      |
| time/                   |               |
|    fps                  | 669           |
|    iterations           | 65            |
|    time_elapsed         | 99            |
|    total_timesteps      | 66560         |
| train/                  |               |
|    approx_kl            | 0.013200274   |
|    clip_fraction        | 0.133         |
|    clip_range           | 0.2           |
|    entropy_loss         | -17.2         |
|    explained_variance   | -1.680851e-05 |
|    learning_rate        | 0.0003        |
|    loss                 | 20.8          |
|    n_updates            | 640           |
|    policy_gradient_loss | -0.0138       |
|    std                  | 1.02          |
|    value_loss           | 46.5          |
-------------------------------------------
------------------------------------------
| rollout/                |              |
|    ep_len_mean          | 1.44e+03     |
|    ep_rew_mean          | 1.45e+03     |
| time/                   |              |
|    fps                  | 669          |
|    iterations           | 66           |
|    time_elapsed         | 100          |
|    total_timesteps      | 67584        |
| train/                  |              |
|    approx_kl            | 0.01235933   |
|    clip_fraction        | 0.181        |
|    clip_range           | 0.2          |
|    entropy_loss         | -17.2        |
|    explained_variance   | -7.05719e-05 |
|    learning_rate        | 0.0003       |
|    loss                 | 19.8         |
|    n_updates            | 650          |
|    policy_gradient_loss | -0.0164      |
|    std                  | 1.01         |
|    value_loss           | 45           |
------------------------------------------
-------------------------------------------
| rollout/                |               |
|    ep_len_mean          | 1.44e+03      |
|    ep_rew_mean          | 1.45e+03      |
| time/                   |               |
|    fps                  | 669           |
|    iterations           | 67            |
|    time_elapsed         | 102           |
|    total_timesteps      | 68608         |
| train/                  |               |
|    approx_kl            | 0.0126404315  |
|    clip_fraction        | 0.198         |
|    clip_range           | 0.2           |
|    entropy_loss         | -17.2         |
|    explained_variance   | -4.053116e-06 |
|    learning_rate        | 0.0003        |
|    loss                 | 19.6          |
|    n_updates            | 660           |
|    policy_gradient_loss | -0.0149       |
|    std                  | 1.01          |
|    value_loss           | 44.3          |
-------------------------------------------
------------------------------------------
| rollout/                |              |
|    ep_len_mean          | 1.44e+03     |
|    ep_rew_mean          | 1.45e+03     |
| time/                   |              |
|    fps                  | 669          |
|    iterations           | 68           |
|    time_elapsed         | 103          |
|    total_timesteps      | 69632        |
| train/                  |              |
|    approx_kl            | 0.009046894  |
|    clip_fraction        | 0.137        |
|    clip_range           | 0.2          |
|    entropy_loss         | -17.2        |
|    explained_variance   | 2.270937e-05 |
|    learning_rate        | 0.0003       |
|    loss                 | 18.6         |
|    n_updates            | 670          |
|    policy_gradient_loss | -0.0139      |
|    std                  | 1.01         |
|    value_loss           | 41.9         |
------------------------------------------
--------------------------------------------
| rollout/                |                |
|    ep_len_mean          | 1.44e+03       |
|    ep_rew_mean          | 1.45e+03       |
| time/                   |                |
|    fps                  | 669            |
|    iterations           | 69             |
|    time_elapsed         | 105            |
|    total_timesteps      | 70656          |
| train/                  |                |
|    approx_kl            | 0.015986364    |
|    clip_fraction        | 0.199          |
|    clip_range           | 0.2            |
|    entropy_loss         | -17.2          |
|    explained_variance   | -1.0967255e-05 |
|    learning_rate        | 0.0003         |
|    loss                 | 17.5           |
|    n_updates            | 680            |
|    policy_gradient_loss | -0.0209        |
|    std                  | 1.02           |
|    value_loss           | 40             |
--------------------------------------------
--------------------------------------------
| rollout/                |                |
|    ep_len_mean          | 1.44e+03       |
|    ep_rew_mean          | 1.45e+03       |
| time/                   |                |
|    fps                  | 670            |
|    iterations           | 70             |
|    time_elapsed         | 106            |
|    total_timesteps      | 71680          |
| train/                  |                |
|    approx_kl            | 0.010413796    |
|    clip_fraction        | 0.101          |
|    clip_range           | 0.2            |
|    entropy_loss         | -17.2          |
|    explained_variance   | -1.3113022e-06 |
|    learning_rate        | 0.0003         |
|    loss                 | 16.6           |
|    n_updates            | 690            |
|    policy_gradient_loss | -0.0151        |
|    std                  | 1.02           |
|    value_loss           | 38.5           |
--------------------------------------------
-------------------------------------------
| rollout/                |               |
|    ep_len_mean          | 1.44e+03      |
|    ep_rew_mean          | 1.45e+03      |
| time/                   |               |
|    fps                  | 670           |
|    iterations           | 71            |
|    time_elapsed         | 108           |
|    total_timesteps      | 72704         |
| train/                  |               |
|    approx_kl            | 0.016956057   |
|    clip_fraction        | 0.198         |
|    clip_range           | 0.2           |
|    entropy_loss         | -17.2         |
|    explained_variance   | 1.9073486e-05 |
|    learning_rate        | 0.0003        |
|    loss                 | 16.5          |
|    n_updates            | 700           |
|    policy_gradient_loss | -0.0162       |
|    std                  | 1.02          |
|    value_loss           | 37.9          |
-------------------------------------------
--------------------------------------------
| rollout/                |                |
|    ep_len_mean          | 1.44e+03       |
|    ep_rew_mean          | 1.45e+03       |
| time/                   |                |
|    fps                  | 670            |
|    iterations           | 72             |
|    time_elapsed         | 109            |
|    total_timesteps      | 73728          |
| train/                  |                |
|    approx_kl            | 0.012872024    |
|    clip_fraction        | 0.161          |
|    clip_range           | 0.2            |
|    entropy_loss         | -17.2          |
|    explained_variance   | -4.4107437e-05 |
|    learning_rate        | 0.0003         |
|    loss                 | 15.5           |
|    n_updates            | 710            |
|    policy_gradient_loss | -0.0175        |
|    std                  | 1.02           |
|    value_loss           | 35.5           |
--------------------------------------------
-------------------------------------------
| rollout/                |               |
|    ep_len_mean          | 1.44e+03      |
|    ep_rew_mean          | 1.45e+03      |
| time/                   |               |
|    fps                  | 670           |
|    iterations           | 73            |
|    time_elapsed         | 111           |
|    total_timesteps      | 74752         |
| train/                  |               |
|    approx_kl            | 0.014651797   |
|    clip_fraction        | 0.207         |
|    clip_range           | 0.2           |
|    entropy_loss         | -17.2         |
|    explained_variance   | -3.695488e-05 |
|    learning_rate        | 0.0003        |
|    loss                 | 14.7          |
|    n_updates            | 720           |
|    policy_gradient_loss | -0.018        |
|    std                  | 1.02          |
|    value_loss           | 33.9          |
-------------------------------------------
------------------------------------------
| rollout/                |              |
|    ep_len_mean          | 1.44e+03     |
|    ep_rew_mean          | 1.45e+03     |
| time/                   |              |
|    fps                  | 670          |
|    iterations           | 74           |
|    time_elapsed         | 112          |
|    total_timesteps      | 75776        |
| train/                  |              |
|    approx_kl            | 0.013599677  |
|    clip_fraction        | 0.174        |
|    clip_range           | 0.2          |
|    entropy_loss         | -17.2        |
|    explained_variance   | 0.0003017187 |
|    learning_rate        | 0.0003       |
|    loss                 | 14.5         |
|    n_updates            | 730          |
|    policy_gradient_loss | -0.0142      |
|    std                  | 1.02         |
|    value_loss           | 33.3         |
------------------------------------------
-------------------------------------------
| rollout/                |               |
|    ep_len_mean          | 1.44e+03      |
|    ep_rew_mean          | 1.45e+03      |
| time/                   |               |
|    fps                  | 670           |
|    iterations           | 75            |
|    time_elapsed         | 114           |
|    total_timesteps      | 76800         |
| train/                  |               |
|    approx_kl            | 0.016708352   |
|    clip_fraction        | 0.209         |
|    clip_range           | 0.2           |
|    entropy_loss         | -17.3         |
|    explained_variance   | 2.3782253e-05 |
|    learning_rate        | 0.0003        |
|    loss                 | 13.7          |
|    n_updates            | 740           |
|    policy_gradient_loss | -0.0193       |
|    std                  | 1.02          |
|    value_loss           | 31.3          |
-------------------------------------------
--------------------------------------------
| rollout/                |                |
|    ep_len_mean          | 1.44e+03       |
|    ep_rew_mean          | 1.45e+03       |
| time/                   |                |
|    fps                  | 670            |
|    iterations           | 76             |
|    time_elapsed         | 115            |
|    total_timesteps      | 77824          |
| train/                  |                |
|    approx_kl            | 0.013436762    |
|    clip_fraction        | 0.19           |
|    clip_range           | 0.2            |
|    entropy_loss         | -17.3          |
|    explained_variance   | -2.1576881e-05 |
|    learning_rate        | 0.0003         |
|    loss                 | 12.5           |
|    n_updates            | 750            |
|    policy_gradient_loss | -0.02          |
|    std                  | 1.02           |
|    value_loss           | 29.5           |
--------------------------------------------
-------------------------------------------
| rollout/                |               |
|    ep_len_mean          | 1.44e+03      |
|    ep_rew_mean          | 1.45e+03      |
| time/                   |               |
|    fps                  | 671           |
|    iterations           | 77            |
|    time_elapsed         | 117           |
|    total_timesteps      | 78848         |
| train/                  |               |
|    approx_kl            | 0.01558094    |
|    clip_fraction        | 0.159         |
|    clip_range           | 0.2           |
|    entropy_loss         | -17.3         |
|    explained_variance   | 1.9609928e-05 |
|    learning_rate        | 0.0003        |
|    loss                 | 12.1          |
|    n_updates            | 760           |
|    policy_gradient_loss | -0.0184       |
|    std                  | 1.03          |
|    value_loss           | 28.2          |
-------------------------------------------
-------------------------------------------
| rollout/                |               |
|    ep_len_mean          | 1.44e+03      |
|    ep_rew_mean          | 1.45e+03      |
| time/                   |               |
|    fps                  | 671           |
|    iterations           | 78            |
|    time_elapsed         | 119           |
|    total_timesteps      | 79872         |
| train/                  |               |
|    approx_kl            | 0.014099627   |
|    clip_fraction        | 0.192         |
|    clip_range           | 0.2           |
|    entropy_loss         | -17.3         |
|    explained_variance   | 5.7816505e-06 |
|    learning_rate        | 0.0003        |
|    loss                 | 11.8          |
|    n_updates            | 770           |
|    policy_gradient_loss | -0.0184       |
|    std                  | 1.03          |
|    value_loss           | 27.5          |
-------------------------------------------
------------------------------------------
| rollout/                |              |
|    ep_len_mean          | 1.44e+03     |
|    ep_rew_mean          | 1.45e+03     |
| time/                   |              |
|    fps                  | 671          |
|    iterations           | 79           |
|    time_elapsed         | 120          |
|    total_timesteps      | 80896        |
| train/                  |              |
|    approx_kl            | 0.0144348    |
|    clip_fraction        | 0.178        |
|    clip_range           | 0.2          |
|    entropy_loss         | -17.3        |
|    explained_variance   | 9.846687e-05 |
|    learning_rate        | 0.0003       |
|    loss                 | 10.9         |
|    n_updates            | 780          |
|    policy_gradient_loss | -0.0178      |
|    std                  | 1.03         |
|    value_loss           | 25.7         |
------------------------------------------
------------------------------------------
| rollout/                |              |
|    ep_len_mean          | 1.44e+03     |
|    ep_rew_mean          | 1.45e+03     |
| time/                   |              |
|    fps                  | 671          |
|    iterations           | 80           |
|    time_elapsed         | 122          |
|    total_timesteps      | 81920        |
| train/                  |              |
|    approx_kl            | 0.015518676  |
|    clip_fraction        | 0.146        |
|    clip_range           | 0.2          |
|    entropy_loss         | -17.3        |
|    explained_variance   | -3.33786e-06 |
|    learning_rate        | 0.0003       |
|    loss                 | 10.4         |
|    n_updates            | 790          |
|    policy_gradient_loss | -0.0171      |
|    std                  | 1.03         |
|    value_loss           | 24.2         |
------------------------------------------
-------------------------------------------
| rollout/                |               |
|    ep_len_mean          | 1.44e+03      |
|    ep_rew_mean          | 1.45e+03      |
| time/                   |               |
|    fps                  | 670           |
|    iterations           | 81            |
|    time_elapsed         | 123           |
|    total_timesteps      | 82944         |
| train/                  |               |
|    approx_kl            | 0.01331971    |
|    clip_fraction        | 0.188         |
|    clip_range           | 0.2           |
|    entropy_loss         | -17.3         |
|    explained_variance   | 4.9948692e-05 |
|    learning_rate        | 0.0003        |
|    loss                 | 9.93          |
|    n_updates            | 800           |
|    policy_gradient_loss | -0.0195       |
|    std                  | 1.03          |
|    value_loss           | 23.5          |
-------------------------------------------
-------------------------------------------
| rollout/                |               |
|    ep_len_mean          | 1.44e+03      |
|    ep_rew_mean          | 1.45e+03      |
| time/                   |               |
|    fps                  | 670           |
|    iterations           | 82            |
|    time_elapsed         | 125           |
|    total_timesteps      | 83968         |
| train/                  |               |
|    approx_kl            | 0.014275197   |
|    clip_fraction        | 0.181         |
|    clip_range           | 0.2           |
|    entropy_loss         | -17.3         |
|    explained_variance   | 1.7344952e-05 |
|    learning_rate        | 0.0003        |
|    loss                 | 8.88          |
|    n_updates            | 810           |
|    policy_gradient_loss | -0.0182       |
|    std                  | 1.03          |
|    value_loss           | 21.7          |
-------------------------------------------
--------------------------------------------
| rollout/                |                |
|    ep_len_mean          | 1.44e+03       |
|    ep_rew_mean          | 1.45e+03       |
| time/                   |                |
|    fps                  | 670            |
|    iterations           | 83             |
|    time_elapsed         | 126            |
|    total_timesteps      | 84992          |
| train/                  |                |
|    approx_kl            | 0.01737352     |
|    clip_fraction        | 0.233          |
|    clip_range           | 0.2            |
|    entropy_loss         | -17.4          |
|    explained_variance   | -6.7949295e-06 |
|    learning_rate        | 0.0003         |
|    loss                 | 8.65           |
|    n_updates            | 820            |
|    policy_gradient_loss | -0.0216        |
|    std                  | 1.03           |
|    value_loss           | 20.6           |
--------------------------------------------
-------------------------------------------
| rollout/                |               |
|    ep_len_mean          | 1.44e+03      |
|    ep_rew_mean          | 1.45e+03      |
| time/                   |               |
|    fps                  | 670           |
|    iterations           | 84            |
|    time_elapsed         | 128           |
|    total_timesteps      | 86016         |
| train/                  |               |
|    approx_kl            | 0.019936567   |
|    clip_fraction        | 0.237         |
|    clip_range           | 0.2           |
|    entropy_loss         | -17.4         |
|    explained_variance   | 2.1755695e-05 |
|    learning_rate        | 0.0003        |
|    loss                 | 8.24          |
|    n_updates            | 830           |
|    policy_gradient_loss | -0.0215       |
|    std                  | 1.03          |
|    value_loss           | 19.5          |
-------------------------------------------
-------------------------------------------
| rollout/                |               |
|    ep_len_mean          | 1.44e+03      |
|    ep_rew_mean          | 1.45e+03      |
| time/                   |               |
|    fps                  | 671           |
|    iterations           | 85            |
|    time_elapsed         | 129           |
|    total_timesteps      | 87040         |
| train/                  |               |
|    approx_kl            | 0.016782332   |
|    clip_fraction        | 0.179         |
|    clip_range           | 0.2           |
|    entropy_loss         | -17.4         |
|    explained_variance   | 5.6624413e-06 |
|    learning_rate        | 0.0003        |
|    loss                 | 7.86          |
|    n_updates            | 840           |
|    policy_gradient_loss | -0.0173       |
|    std                  | 1.03          |
|    value_loss           | 18.8          |
-------------------------------------------
------------------------------------------
| rollout/                |              |
|    ep_len_mean          | 1.44e+03     |
|    ep_rew_mean          | 1.45e+03     |
| time/                   |              |
|    fps                  | 671          |
|    iterations           | 86           |
|    time_elapsed         | 131          |
|    total_timesteps      | 88064        |
| train/                  |              |
|    approx_kl            | 0.01920061   |
|    clip_fraction        | 0.238        |
|    clip_range           | 0.2          |
|    entropy_loss         | -17.4        |
|    explained_variance   | 3.385544e-05 |
|    learning_rate        | 0.0003       |
|    loss                 | 7.27         |
|    n_updates            | 850          |
|    policy_gradient_loss | -0.0203      |
|    std                  | 1.03         |
|    value_loss           | 17.4         |
------------------------------------------
--------------------------------------------
| rollout/                |                |
|    ep_len_mean          | 1.44e+03       |
|    ep_rew_mean          | 1.45e+03       |
| time/                   |                |
|    fps                  | 671            |
|    iterations           | 87             |
|    time_elapsed         | 132            |
|    total_timesteps      | 89088          |
| train/                  |                |
|    approx_kl            | 0.012443839    |
|    clip_fraction        | 0.141          |
|    clip_range           | 0.2            |
|    entropy_loss         | -17.4          |
|    explained_variance   | -2.4318695e-05 |
|    learning_rate        | 0.0003         |
|    loss                 | 6.47           |
|    n_updates            | 860            |
|    policy_gradient_loss | -0.0156        |
|    std                  | 1.03           |
|    value_loss           | 16.2           |
--------------------------------------------
-------------------------------------------
| rollout/                |               |
|    ep_len_mean          | 1.44e+03      |
|    ep_rew_mean          | 1.45e+03      |
| time/                   |               |
|    fps                  | 671           |
|    iterations           | 88            |
|    time_elapsed         | 134           |
|    total_timesteps      | 90112         |
| train/                  |               |
|    approx_kl            | 0.0122584915  |
|    clip_fraction        | 0.158         |
|    clip_range           | 0.2           |
|    entropy_loss         | -17.4         |
|    explained_variance   | 0.00014394522 |
|    learning_rate        | 0.0003        |
|    loss                 | 6.34          |
|    n_updates            | 870           |
|    policy_gradient_loss | -0.0175       |
|    std                  | 1.03          |
|    value_loss           | 15.5          |
-------------------------------------------
--------------------------------------------
| rollout/                |                |
|    ep_len_mean          | 1.44e+03       |
|    ep_rew_mean          | 1.45e+03       |
| time/                   |                |
|    fps                  | 671            |
|    iterations           | 89             |
|    time_elapsed         | 135            |
|    total_timesteps      | 91136          |
| train/                  |                |
|    approx_kl            | 0.011572521    |
|    clip_fraction        | 0.173          |
|    clip_range           | 0.2            |
|    entropy_loss         | -17.4          |
|    explained_variance   | -1.2278557e-05 |
|    learning_rate        | 0.0003         |
|    loss                 | 5.74           |
|    n_updates            | 880            |
|    policy_gradient_loss | -0.0176        |
|    std                  | 1.04           |
|    value_loss           | 14.2           |
--------------------------------------------
-------------------------------------------
| rollout/                |               |
|    ep_len_mean          | 1.44e+03      |
|    ep_rew_mean          | 1.45e+03      |
| time/                   |               |
|    fps                  | 671           |
|    iterations           | 90            |
|    time_elapsed         | 137           |
|    total_timesteps      | 92160         |
| train/                  |               |
|    approx_kl            | 0.014265487   |
|    clip_fraction        | 0.162         |
|    clip_range           | 0.2           |
|    entropy_loss         | -17.4         |
|    explained_variance   | 2.2411346e-05 |
|    learning_rate        | 0.0003        |
|    loss                 | 5.34          |
|    n_updates            | 890           |
|    policy_gradient_loss | -0.0154       |
|    std                  | 1.04          |
|    value_loss           | 13.4          |
-------------------------------------------
-------------------------------------------
| rollout/                |               |
|    ep_len_mean          | 1.44e+03      |
|    ep_rew_mean          | 1.45e+03      |
| time/                   |               |
|    fps                  | 671           |
|    iterations           | 91            |
|    time_elapsed         | 138           |
|    total_timesteps      | 93184         |
| train/                  |               |
|    approx_kl            | 0.012933641   |
|    clip_fraction        | 0.163         |
|    clip_range           | 0.2           |
|    entropy_loss         | -17.5         |
|    explained_variance   | 3.8444996e-05 |
|    learning_rate        | 0.0003        |
|    loss                 | 5.05          |
|    n_updates            | 900           |
|    policy_gradient_loss | -0.017        |
|    std                  | 1.04          |
|    value_loss           | 12.9          |
-------------------------------------------
--------------------------------------------
| rollout/                |                |
|    ep_len_mean          | 1.44e+03       |
|    ep_rew_mean          | 1.45e+03       |
| time/                   |                |
|    fps                  | 671            |
|    iterations           | 92             |
|    time_elapsed         | 140            |
|    total_timesteps      | 94208          |
| train/                  |                |
|    approx_kl            | 0.01828715     |
|    clip_fraction        | 0.195          |
|    clip_range           | 0.2            |
|    entropy_loss         | -17.5          |
|    explained_variance   | -3.9458275e-05 |
|    learning_rate        | 0.0003         |
|    loss                 | 4.65           |
|    n_updates            | 910            |
|    policy_gradient_loss | -0.0172        |
|    std                  | 1.04           |
|    value_loss           | 11.9           |
--------------------------------------------
-------------------------------------------
| rollout/                |               |
|    ep_len_mean          | 1.44e+03      |
|    ep_rew_mean          | 1.45e+03      |
| time/                   |               |
|    fps                  | 671           |
|    iterations           | 93            |
|    time_elapsed         | 141           |
|    total_timesteps      | 95232         |
| train/                  |               |
|    approx_kl            | 0.015546641   |
|    clip_fraction        | 0.161         |
|    clip_range           | 0.2           |
|    entropy_loss         | -17.5         |
|    explained_variance   | 2.9444695e-05 |
|    learning_rate        | 0.0003        |
|    loss                 | 4.13          |
|    n_updates            | 920           |
|    policy_gradient_loss | -0.0161       |
|    std                  | 1.04          |
|    value_loss           | 10.6          |
-------------------------------------------
-------------------------------------------
| rollout/                |               |
|    ep_len_mean          | 1.44e+03      |
|    ep_rew_mean          | 1.45e+03      |
| time/                   |               |
|    fps                  | 671           |
|    iterations           | 94            |
|    time_elapsed         | 143           |
|    total_timesteps      | 96256         |
| train/                  |               |
|    approx_kl            | 0.0098268185  |
|    clip_fraction        | 0.152         |
|    clip_range           | 0.2           |
|    entropy_loss         | -17.5         |
|    explained_variance   | 3.0994415e-06 |
|    learning_rate        | 0.0003        |
|    loss                 | 3.86          |
|    n_updates            | 930           |
|    policy_gradient_loss | -0.0163       |
|    std                  | 1.04          |
|    value_loss           | 9.85          |
-------------------------------------------
--------------------------------------------
| rollout/                |                |
|    ep_len_mean          | 1.44e+03       |
|    ep_rew_mean          | 1.45e+03       |
| time/                   |                |
|    fps                  | 671            |
|    iterations           | 95             |
|    time_elapsed         | 144            |
|    total_timesteps      | 97280          |
| train/                  |                |
|    approx_kl            | 0.01807251     |
|    clip_fraction        | 0.221          |
|    clip_range           | 0.2            |
|    entropy_loss         | -17.5          |
|    explained_variance   | -5.9247017e-05 |
|    learning_rate        | 0.0003         |
|    loss                 | 3.55           |
|    n_updates            | 940            |
|    policy_gradient_loss | -0.0209        |
|    std                  | 1.04           |
|    value_loss           | 9.34           |
--------------------------------------------
-------------------------------------------
| rollout/                |               |
|    ep_len_mean          | 1.44e+03      |
|    ep_rew_mean          | 1.45e+03      |
| time/                   |               |
|    fps                  | 671           |
|    iterations           | 96            |
|    time_elapsed         | 146           |
|    total_timesteps      | 98304         |
| train/                  |               |
|    approx_kl            | 0.0151712205  |
|    clip_fraction        | 0.237         |
|    clip_range           | 0.2           |
|    entropy_loss         | -17.5         |
|    explained_variance   | 3.0040741e-05 |
|    learning_rate        | 0.0003        |
|    loss                 | 3.18          |
|    n_updates            | 950           |
|    policy_gradient_loss | -0.0229       |
|    std                  | 1.04          |
|    value_loss           | 8.46          |
-------------------------------------------
-------------------------------------------
| rollout/                |               |
|    ep_len_mean          | 1.44e+03      |
|    ep_rew_mean          | 1.45e+03      |
| time/                   |               |
|    fps                  | 671           |
|    iterations           | 97            |
|    time_elapsed         | 147           |
|    total_timesteps      | 99328         |
| train/                  |               |
|    approx_kl            | 0.017039012   |
|    clip_fraction        | 0.171         |
|    clip_range           | 0.2           |
|    entropy_loss         | -17.5         |
|    explained_variance   | 1.8060207e-05 |
|    learning_rate        | 0.0003        |
|    loss                 | 2.82          |
|    n_updates            | 960           |
|    policy_gradient_loss | -0.0164       |
|    std                  | 1.04          |
|    value_loss           | 7.66          |
-------------------------------------------
-------------------------------------------
| rollout/                |               |
|    ep_len_mean          | 1.44e+03      |
|    ep_rew_mean          | 1.45e+03      |
| time/                   |               |
|    fps                  | 671           |
|    iterations           | 98            |
|    time_elapsed         | 149           |
|    total_timesteps      | 100352        |
| train/                  |               |
|    approx_kl            | 0.01545505    |
|    clip_fraction        | 0.18          |
|    clip_range           | 0.2           |
|    entropy_loss         | -17.5         |
|    explained_variance   | -3.886223e-05 |
|    learning_rate        | 0.0003        |
|    loss                 | 2.55          |
|    n_updates            | 970           |
|    policy_gradient_loss | -0.0165       |
|    std                  | 1.04          |
|    value_loss           | 7.18          |
-------------------------------------------
-------------------------------------------
| rollout/                |               |
|    ep_len_mean          | 1.44e+03      |
|    ep_rew_mean          | 1.45e+03      |
| time/                   |               |
|    fps                  | 672           |
|    iterations           | 99            |
|    time_elapsed         | 150           |
|    total_timesteps      | 101376        |
| train/                  |               |
|    approx_kl            | 0.021556169   |
|    clip_fraction        | 0.253         |
|    clip_range           | 0.2           |
|    entropy_loss         | -17.5         |
|    explained_variance   | 3.0040741e-05 |
|    learning_rate        | 0.0003        |
|    loss                 | 2.2           |
|    n_updates            | 980           |
|    policy_gradient_loss | -0.0193       |
|    std                  | 1.04          |
|    value_loss           | 6.39          |
-------------------------------------------
--------------------------------------------
| rollout/                |                |
|    ep_len_mean          | 1.44e+03       |
|    ep_rew_mean          | 1.45e+03       |
| time/                   |                |
|    fps                  | 672            |
|    iterations           | 100            |
|    time_elapsed         | 152            |
|    total_timesteps      | 102400         |
| train/                  |                |
|    approx_kl            | 0.014995823    |
|    clip_fraction        | 0.174          |
|    clip_range           | 0.2            |
|    entropy_loss         | -17.5          |
|    explained_variance   | -4.6491623e-06 |
|    learning_rate        | 0.0003         |
|    loss                 | 1.96           |
|    n_updates            | 990            |
|    policy_gradient_loss | -0.0193        |
|    std                  | 1.05           |
|    value_loss           | 5.64           |
--------------------------------------------
-------------------------------------------
| rollout/                |               |
|    ep_len_mean          | 1.44e+03      |
|    ep_rew_mean          | 1.45e+03      |
| time/                   |               |
|    fps                  | 672           |
|    iterations           | 101           |
|    time_elapsed         | 153           |
|    total_timesteps      | 103424        |
| train/                  |               |
|    approx_kl            | 0.0234164     |
|    clip_fraction        | 0.221         |
|    clip_range           | 0.2           |
|    entropy_loss         | -17.6         |
|    explained_variance   | 8.4638596e-05 |
|    learning_rate        | 0.0003        |
|    loss                 | 1.62          |
|    n_updates            | 1000          |
|    policy_gradient_loss | -0.0214       |
|    std                  | 1.05          |
|    value_loss           | 4.84          |
-------------------------------------------
--------------------------------------------
| rollout/                |                |
|    ep_len_mean          | 1.44e+03       |
|    ep_rew_mean          | 1.45e+03       |
| time/                   |                |
|    fps                  | 672            |
|    iterations           | 102            |
|    time_elapsed         | 155            |
|    total_timesteps      | 104448         |
| train/                  |                |
|    approx_kl            | 0.014389766    |
|    clip_fraction        | 0.187          |
|    clip_range           | 0.2            |
|    entropy_loss         | -17.6          |
|    explained_variance   | -3.8981438e-05 |
|    learning_rate        | 0.0003         |
|    loss                 | 1.49           |
|    n_updates            | 1010           |
|    policy_gradient_loss | -0.0193        |
|    std                  | 1.05           |
|    value_loss           | 4.63           |
--------------------------------------------
--------------------------------------------
| rollout/                |                |
|    ep_len_mean          | 1.44e+03       |
|    ep_rew_mean          | 1.45e+03       |
| time/                   |                |
|    fps                  | 672            |
|    iterations           | 103            |
|    time_elapsed         | 156            |
|    total_timesteps      | 105472         |
| train/                  |                |
|    approx_kl            | 0.019288661    |
|    clip_fraction        | 0.22           |
|    clip_range           | 0.2            |
|    entropy_loss         | -17.6          |
|    explained_variance   | -6.0796738e-06 |
|    learning_rate        | 0.0003         |
|    loss                 | 1.26           |
|    n_updates            | 1020           |
|    policy_gradient_loss | -0.0198        |
|    std                  | 1.05           |
|    value_loss           | 4              |
--------------------------------------------
-----------------------------------------
| rollout/                |             |
|    ep_len_mean          | 1.44e+03    |
|    ep_rew_mean          | 1.45e+03    |
| time/                   |             |
|    fps                  | 672         |
|    iterations           | 104         |
|    time_elapsed         | 158         |
|    total_timesteps      | 106496      |
| train/                  |             |
|    approx_kl            | 0.01627678  |
|    clip_fraction        | 0.181       |
|    clip_range           | 0.2         |
|    entropy_loss         | -17.6       |
|    explained_variance   | 6.67572e-06 |
|    learning_rate        | 0.0003      |
|    loss                 | 1.1         |
|    n_updates            | 1030        |
|    policy_gradient_loss | -0.0182     |
|    std                  | 1.05        |
|    value_loss           | 3.58        |
-----------------------------------------
-------------------------------------------
| rollout/                |               |
|    ep_len_mean          | 1.44e+03      |
|    ep_rew_mean          | 1.45e+03      |
| time/                   |               |
|    fps                  | 672           |
|    iterations           | 105           |
|    time_elapsed         | 159           |
|    total_timesteps      | 107520        |
| train/                  |               |
|    approx_kl            | 0.015982788   |
|    clip_fraction        | 0.189         |
|    clip_range           | 0.2           |
|    entropy_loss         | -17.6         |
|    explained_variance   | 4.4107437e-06 |
|    learning_rate        | 0.0003        |
|    loss                 | 0.923         |
|    n_updates            | 1040          |
|    policy_gradient_loss | -0.0181       |
|    std                  | 1.05          |
|    value_loss           | 3.11          |
-------------------------------------------
------------------------------------------
| rollout/                |              |
|    ep_len_mean          | 1.44e+03     |
|    ep_rew_mean          | 1.45e+03     |
| time/                   |              |
|    fps                  | 672          |
|    iterations           | 106          |
|    time_elapsed         | 161          |
|    total_timesteps      | 108544       |
| train/                  |              |
|    approx_kl            | 0.020226076  |
|    clip_fraction        | 0.212        |
|    clip_range           | 0.2          |
|    entropy_loss         | -17.5        |
|    explained_variance   | 5.364418e-05 |
|    learning_rate        | 0.0003       |
|    loss                 | 0.745        |
|    n_updates            | 1050         |
|    policy_gradient_loss | -0.0196      |
|    std                  | 1.05         |
|    value_loss           | 2.6          |
------------------------------------------
--------------------------------------------
| rollout/                |                |
|    ep_len_mean          | 1.44e+03       |
|    ep_rew_mean          | 1.45e+03       |
| time/                   |                |
|    fps                  | 672            |
|    iterations           | 107            |
|    time_elapsed         | 162            |
|    total_timesteps      | 109568         |
| train/                  |                |
|    approx_kl            | 0.015850756    |
|    clip_fraction        | 0.216          |
|    clip_range           | 0.2            |
|    entropy_loss         | -17.6          |
|    explained_variance   | -7.1406364e-05 |
|    learning_rate        | 0.0003         |
|    loss                 | 0.563          |
|    n_updates            | 1060           |
|    policy_gradient_loss | -0.0222        |
|    std                  | 1.05           |
|    value_loss           | 2.22           |
--------------------------------------------
-----------------------------------------
| rollout/                |             |
|    ep_len_mean          | 1.44e+03    |
|    ep_rew_mean          | 1.45e+03    |
| time/                   |             |
|    fps                  | 672         |
|    iterations           | 108         |
|    time_elapsed         | 164         |
|    total_timesteps      | 110592      |
| train/                  |             |
|    approx_kl            | 0.015401889 |
|    clip_fraction        | 0.177       |
|    clip_range           | 0.2         |
|    entropy_loss         | -17.6       |
|    explained_variance   | 0.0         |
|    learning_rate        | 0.0003      |
|    loss                 | 0.473       |
|    n_updates            | 1070        |
|    policy_gradient_loss | -0.0167     |
|    std                  | 1.05        |
|    value_loss           | 1.95        |
-----------------------------------------
-------------------------------------------
| rollout/                |               |
|    ep_len_mean          | 1.44e+03      |
|    ep_rew_mean          | 1.45e+03      |
| time/                   |               |
|    fps                  | 672           |
|    iterations           | 109           |
|    time_elapsed         | 165           |
|    total_timesteps      | 111616        |
| train/                  |               |
|    approx_kl            | 0.019446228   |
|    clip_fraction        | 0.237         |
|    clip_range           | 0.2           |
|    entropy_loss         | -17.6         |
|    explained_variance   | 1.3053417e-05 |
|    learning_rate        | 0.0003        |
|    loss                 | 0.361         |
|    n_updates            | 1080          |
|    policy_gradient_loss | -0.0244       |
|    std                  | 1.05          |
|    value_loss           | 1.6           |
-------------------------------------------
--------------------------------------------
| rollout/                |                |
|    ep_len_mean          | 1.44e+03       |
|    ep_rew_mean          | 1.45e+03       |
| time/                   |                |
|    fps                  | 672            |
|    iterations           | 110            |
|    time_elapsed         | 167            |
|    total_timesteps      | 112640         |
| train/                  |                |
|    approx_kl            | 0.01616311     |
|    clip_fraction        | 0.213          |
|    clip_range           | 0.2            |
|    entropy_loss         | -17.6          |
|    explained_variance   | -5.8054924e-05 |
|    learning_rate        | 0.0003         |
|    loss                 | 0.26           |
|    n_updates            | 1090           |
|    policy_gradient_loss | -0.0228        |
|    std                  | 1.05           |
|    value_loss           | 1.31           |
--------------------------------------------
-------------------------------------------
| rollout/                |               |
|    ep_len_mean          | 1.44e+03      |
|    ep_rew_mean          | 1.45e+03      |
| time/                   |               |
|    fps                  | 672           |
|    iterations           | 111           |
|    time_elapsed         | 168           |
|    total_timesteps      | 113664        |
| train/                  |               |
|    approx_kl            | 0.01615078    |
|    clip_fraction        | 0.208         |
|    clip_range           | 0.2           |
|    entropy_loss         | -17.5         |
|    explained_variance   | -5.841255e-06 |
|    learning_rate        | 0.0003        |
|    loss                 | 0.178         |
|    n_updates            | 1100          |
|    policy_gradient_loss | -0.0191       |
|    std                  | 1.05          |
|    value_loss           | 1.08          |
-------------------------------------------
-------------------------------------------
| rollout/                |               |
|    ep_len_mean          | 1.44e+03      |
|    ep_rew_mean          | 1.45e+03      |
| time/                   |               |
|    fps                  | 672           |
|    iterations           | 112           |
|    time_elapsed         | 170           |
|    total_timesteps      | 114688        |
| train/                  |               |
|    approx_kl            | 0.018833002   |
|    clip_fraction        | 0.232         |
|    clip_range           | 0.2           |
|    entropy_loss         | -17.5         |
|    explained_variance   | 1.0609627e-05 |
|    learning_rate        | 0.0003        |
|    loss                 | 0.113         |
|    n_updates            | 1110          |
|    policy_gradient_loss | -0.0254       |
|    std                  | 1.04          |
|    value_loss           | 0.909         |
-------------------------------------------
-------------------------------------------
| rollout/                |               |
|    ep_len_mean          | 1.44e+03      |
|    ep_rew_mean          | 1.45e+03      |
| time/                   |               |
|    fps                  | 673           |
|    iterations           | 113           |
|    time_elapsed         | 171           |
|    total_timesteps      | 115712        |
| train/                  |               |
|    approx_kl            | 0.018673949   |
|    clip_fraction        | 0.194         |
|    clip_range           | 0.2           |
|    entropy_loss         | -17.5         |
|    explained_variance   | -4.673004e-05 |
|    learning_rate        | 0.0003        |
|    loss                 | 0.0775        |
|    n_updates            | 1120          |
|    policy_gradient_loss | -0.023        |
|    std                  | 1.04          |
|    value_loss           | 0.71          |
-------------------------------------------
---------------------------------------------
| rollout/                |                 |
|    ep_len_mean          | 1.44e+03        |
|    ep_rew_mean          | 1.45e+03        |
| time/                   |                 |
|    fps                  | 673             |
|    iterations           | 114             |
|    time_elapsed         | 173             |
|    total_timesteps      | 116736          |
| train/                  |                 |
|    approx_kl            | 0.015380512     |
|    clip_fraction        | 0.203           |
|    clip_range           | 0.2             |
|    entropy_loss         | -17.5           |
|    explained_variance   | -1.21593475e-05 |
|    learning_rate        | 0.0003          |
|    loss                 | 0.00966         |
|    n_updates            | 1130            |
|    policy_gradient_loss | -0.0229         |
|    std                  | 1.04            |
|    value_loss           | 0.507           |
---------------------------------------------
-------------------------------------------
| rollout/                |               |
|    ep_len_mean          | 1.44e+03      |
|    ep_rew_mean          | 1.45e+03      |
| time/                   |               |
|    fps                  | 673           |
|    iterations           | 115           |
|    time_elapsed         | 174           |
|    total_timesteps      | 117760        |
| train/                  |               |
|    approx_kl            | 0.018021885   |
|    clip_fraction        | 0.197         |
|    clip_range           | 0.2           |
|    entropy_loss         | -17.4         |
|    explained_variance   | 1.2218952e-05 |
|    learning_rate        | 0.0003        |
|    loss                 | -0.000109     |
|    n_updates            | 1140          |
|    policy_gradient_loss | -0.0211       |
|    std                  | 1.03          |
|    value_loss           | 0.401         |
-------------------------------------------
-------------------------------------------
| rollout/                |               |
|    ep_len_mean          | 1.44e+03      |
|    ep_rew_mean          | 1.45e+03      |
| time/                   |               |
|    fps                  | 673           |
|    iterations           | 116           |
|    time_elapsed         | 176           |
|    total_timesteps      | 118784        |
| train/                  |               |
|    approx_kl            | 0.017527428   |
|    clip_fraction        | 0.201         |
|    clip_range           | 0.2           |
|    entropy_loss         | -17.4         |
|    explained_variance   | -7.331371e-05 |
|    learning_rate        | 0.0003        |
|    loss                 | -0.014        |
|    n_updates            | 1150          |
|    policy_gradient_loss | -0.0218       |
|    std                  | 1.03          |
|    value_loss           | 0.279         |
-------------------------------------------
-------------------------------------------
| rollout/                |               |
|    ep_len_mean          | 1.44e+03      |
|    ep_rew_mean          | 1.45e+03      |
| time/                   |               |
|    fps                  | 673           |
|    iterations           | 117           |
|    time_elapsed         | 177           |
|    total_timesteps      | 119808        |
| train/                  |               |
|    approx_kl            | 0.021378636   |
|    clip_fraction        | 0.208         |
|    clip_range           | 0.2           |
|    entropy_loss         | -17.4         |
|    explained_variance   | 1.9133091e-05 |
|    learning_rate        | 0.0003        |
|    loss                 | -0.0234       |
|    n_updates            | 1160          |
|    policy_gradient_loss | -0.0225       |
|    std                  | 1.03          |
|    value_loss           | 0.194         |
-------------------------------------------
-------------------------------------------
| rollout/                |               |
|    ep_len_mean          | 1.44e+03      |
|    ep_rew_mean          | 1.45e+03      |
| time/                   |               |
|    fps                  | 673           |
|    iterations           | 118           |
|    time_elapsed         | 179           |
|    total_timesteps      | 120832        |
| train/                  |               |
|    approx_kl            | 0.024206284   |
|    clip_fraction        | 0.279         |
|    clip_range           | 0.2           |
|    entropy_loss         | -17.4         |
|    explained_variance   | 0.00033956766 |
|    learning_rate        | 0.0003        |
|    loss                 | -0.042        |
|    n_updates            | 1170          |
|    policy_gradient_loss | -0.0288       |
|    std                  | 1.03          |
|    value_loss           | 0.135         |
-------------------------------------------
-------------------------------------------
| rollout/                |               |
|    ep_len_mean          | 1.44e+03      |
|    ep_rew_mean          | 1.45e+03      |
| time/                   |               |
|    fps                  | 673           |
|    iterations           | 119           |
|    time_elapsed         | 180           |
|    total_timesteps      | 121856        |
| train/                  |               |
|    approx_kl            | 0.021189462   |
|    clip_fraction        | 0.202         |
|    clip_range           | 0.2           |
|    entropy_loss         | -17.3         |
|    explained_variance   | 0.00014746189 |
|    learning_rate        | 0.0003        |
|    loss                 | -0.0341       |
|    n_updates            | 1180          |
|    policy_gradient_loss | -0.0221       |
|    std                  | 1.03          |
|    value_loss           | 0.0845        |
-------------------------------------------
------------------------------------------
| rollout/                |              |
|    ep_len_mean          | 1.44e+03     |
|    ep_rew_mean          | 1.45e+03     |
| time/                   |              |
|    fps                  | 673          |
|    iterations           | 120          |
|    time_elapsed         | 182          |
|    total_timesteps      | 122880       |
| train/                  |              |
|    approx_kl            | 0.018805142  |
|    clip_fraction        | 0.2          |
|    clip_range           | 0.2          |
|    entropy_loss         | -17.3        |
|    explained_variance   | 0.0001296401 |
|    learning_rate        | 0.0003       |
|    loss                 | -0.0386      |
|    n_updates            | 1190         |
|    policy_gradient_loss | -0.0221      |
|    std                  | 1.02         |
|    value_loss           | 0.0693       |
------------------------------------------
-------------------------------------------
| rollout/                |               |
|    ep_len_mean          | 1.44e+03      |
|    ep_rew_mean          | 1.45e+03      |
| time/                   |               |
|    fps                  | 673           |
|    iterations           | 121           |
|    time_elapsed         | 183           |
|    total_timesteps      | 123904        |
| train/                  |               |
|    approx_kl            | 0.015682988   |
|    clip_fraction        | 0.19          |
|    clip_range           | 0.2           |
|    entropy_loss         | -17.2         |
|    explained_variance   | 1.2397766e-05 |
|    learning_rate        | 0.0003        |
|    loss                 | -0.0163       |
|    n_updates            | 1200          |
|    policy_gradient_loss | -0.0242       |
|    std                  | 1.02          |
|    value_loss           | 0.0486        |
-------------------------------------------
------------------------------------------
| rollout/                |              |
|    ep_len_mean          | 1.44e+03     |
|    ep_rew_mean          | 1.45e+03     |
| time/                   |              |
|    fps                  | 673          |
|    iterations           | 122          |
|    time_elapsed         | 185          |
|    total_timesteps      | 124928       |
| train/                  |              |
|    approx_kl            | 0.018212736  |
|    clip_fraction        | 0.18         |
|    clip_range           | 0.2          |
|    entropy_loss         | -17.2        |
|    explained_variance   | 0.0005598068 |
|    learning_rate        | 0.0003       |
|    loss                 | -0.0241      |
|    n_updates            | 1210         |
|    policy_gradient_loss | -0.0232      |
|    std                  | 1.01         |
|    value_loss           | 0.0358       |
------------------------------------------
--------------------------------------------
| rollout/                |                |
|    ep_len_mean          | 1.44e+03       |
|    ep_rew_mean          | 1.45e+03       |
| time/                   |                |
|    fps                  | 673            |
|    iterations           | 123            |
|    time_elapsed         | 186            |
|    total_timesteps      | 125952         |
| train/                  |                |
|    approx_kl            | 0.022862475    |
|    clip_fraction        | 0.219          |
|    clip_range           | 0.2            |
|    entropy_loss         | -17.1          |
|    explained_variance   | -5.6624413e-05 |
|    learning_rate        | 0.0003         |
|    loss                 | -0.0512        |
|    n_updates            | 1220           |
|    policy_gradient_loss | -0.03          |
|    std                  | 1.01           |
|    value_loss           | 0.029          |
--------------------------------------------
------------------------------------------
| rollout/                |              |
|    ep_len_mean          | 1.44e+03     |
|    ep_rew_mean          | 1.45e+03     |
| time/                   |              |
|    fps                  | 673          |
|    iterations           | 124          |
|    time_elapsed         | 188          |
|    total_timesteps      | 126976       |
| train/                  |              |
|    approx_kl            | 0.018156322  |
|    clip_fraction        | 0.232        |
|    clip_range           | 0.2          |
|    entropy_loss         | -17.1        |
|    explained_variance   | 8.511543e-05 |
|    learning_rate        | 0.0003       |
|    loss                 | -0.0362      |
|    n_updates            | 1230         |
|    policy_gradient_loss | -0.0273      |
|    std                  | 1            |
|    value_loss           | 0.0256       |
------------------------------------------
-------------------------------------------
| rollout/                |               |
|    ep_len_mean          | 1.44e+03      |
|    ep_rew_mean          | 1.45e+03      |
| time/                   |               |
|    fps                  | 674           |
|    iterations           | 125           |
|    time_elapsed         | 189           |
|    total_timesteps      | 128000        |
| train/                  |               |
|    approx_kl            | 0.013810643   |
|    clip_fraction        | 0.195         |
|    clip_range           | 0.2           |
|    entropy_loss         | -17           |
|    explained_variance   | -1.335144e-05 |
|    learning_rate        | 0.0003        |
|    loss                 | -0.0278       |
|    n_updates            | 1240          |
|    policy_gradient_loss | -0.022        |
|    std                  | 1             |
|    value_loss           | 0.0143        |
-------------------------------------------
-------------------------------------------
| rollout/                |               |
|    ep_len_mean          | 1.44e+03      |
|    ep_rew_mean          | 1.45e+03      |
| time/                   |               |
|    fps                  | 674           |
|    iterations           | 126           |
|    time_elapsed         | 191           |
|    total_timesteps      | 129024        |
| train/                  |               |
|    approx_kl            | 0.016118158   |
|    clip_fraction        | 0.204         |
|    clip_range           | 0.2           |
|    entropy_loss         | -17           |
|    explained_variance   | 0.00032281876 |
|    learning_rate        | 0.0003        |
|    loss                 | -0.0263       |
|    n_updates            | 1250          |
|    policy_gradient_loss | -0.024        |
|    std                  | 0.998         |
|    value_loss           | 0.0136        |
-------------------------------------------
-------------------------------------------
| rollout/                |               |
|    ep_len_mean          | 1.44e+03      |
|    ep_rew_mean          | 1.45e+03      |
| time/                   |               |
|    fps                  | 674           |
|    iterations           | 127           |
|    time_elapsed         | 192           |
|    total_timesteps      | 130048        |
| train/                  |               |
|    approx_kl            | 0.017302085   |
|    clip_fraction        | 0.235         |
|    clip_range           | 0.2           |
|    entropy_loss         | -17           |
|    explained_variance   | 0.00035852194 |
|    learning_rate        | 0.0003        |
|    loss                 | -0.0356       |
|    n_updates            | 1260          |
|    policy_gradient_loss | -0.0308       |
|    std                  | 0.997         |
|    value_loss           | 0.0123        |
-------------------------------------------
-------------------------------------------
| rollout/                |               |
|    ep_len_mean          | 1.44e+03      |
|    ep_rew_mean          | 1.45e+03      |
| time/                   |               |
|    fps                  | 674           |
|    iterations           | 128           |
|    time_elapsed         | 194           |
|    total_timesteps      | 131072        |
| train/                  |               |
|    approx_kl            | 0.015600687   |
|    clip_fraction        | 0.185         |
|    clip_range           | 0.2           |
|    entropy_loss         | -16.9         |
|    explained_variance   | 1.5318394e-05 |
|    learning_rate        | 0.0003        |
|    loss                 | -0.0252       |
|    n_updates            | 1270          |
|    policy_gradient_loss | -0.0238       |
|    std                  | 0.992         |
|    value_loss           | 0.008         |
-------------------------------------------
-------------------------------------------
| rollout/                |               |
|    ep_len_mean          | 1.44e+03      |
|    ep_rew_mean          | 1.45e+03      |
| time/                   |               |
|    fps                  | 674           |
|    iterations           | 129           |
|    time_elapsed         | 195           |
|    total_timesteps      | 132096        |
| train/                  |               |
|    approx_kl            | 0.018287681   |
|    clip_fraction        | 0.222         |
|    clip_range           | 0.2           |
|    entropy_loss         | -16.9         |
|    explained_variance   | 0.00017648935 |
|    learning_rate        | 0.0003        |
|    loss                 | -0.0394       |
|    n_updates            | 1280          |
|    policy_gradient_loss | -0.0311       |
|    std                  | 0.989         |
|    value_loss           | 0.00746       |
-------------------------------------------
-------------------------------------------
| rollout/                |               |
|    ep_len_mean          | 1.44e+03      |
|    ep_rew_mean          | 1.45e+03      |
| time/                   |               |
|    fps                  | 674           |
|    iterations           | 130           |
|    time_elapsed         | 197           |
|    total_timesteps      | 133120        |
| train/                  |               |
|    approx_kl            | 0.01518249    |
|    clip_fraction        | 0.213         |
|    clip_range           | 0.2           |
|    entropy_loss         | -16.9         |
|    explained_variance   | 0.00023585558 |
|    learning_rate        | 0.0003        |
|    loss                 | -0.0344       |
|    n_updates            | 1290          |
|    policy_gradient_loss | -0.0279       |
|    std                  | 0.99          |
|    value_loss           | 0.00728       |
-------------------------------------------
-------------------------------------------
| rollout/                |               |
|    ep_len_mean          | 1.44e+03      |
|    ep_rew_mean          | 1.45e+03      |
| time/                   |               |
|    fps                  | 674           |
|    iterations           | 131           |
|    time_elapsed         | 198           |
|    total_timesteps      | 134144        |
| train/                  |               |
|    approx_kl            | 0.01717158    |
|    clip_fraction        | 0.184         |
|    clip_range           | 0.2           |
|    entropy_loss         | -16.8         |
|    explained_variance   | 3.9756298e-05 |
|    learning_rate        | 0.0003        |
|    loss                 | -0.0337       |
|    n_updates            | 1300          |
|    policy_gradient_loss | -0.0262       |
|    std                  | 0.987         |
|    value_loss           | 0.00739       |
-------------------------------------------
-------------------------------------------
| rollout/                |               |
|    ep_len_mean          | 1.44e+03      |
|    ep_rew_mean          | 1.45e+03      |
| time/                   |               |
|    fps                  | 674           |
|    iterations           | 132           |
|    time_elapsed         | 200           |
|    total_timesteps      | 135168        |
| train/                  |               |
|    approx_kl            | 0.013100531   |
|    clip_fraction        | 0.159         |
|    clip_range           | 0.2           |
|    entropy_loss         | -16.8         |
|    explained_variance   | 0.00031918287 |
|    learning_rate        | 0.0003        |
|    loss                 | -0.0393       |
|    n_updates            | 1310          |
|    policy_gradient_loss | -0.0226       |
|    std                  | 0.986         |
|    value_loss           | 0.0076        |
-------------------------------------------
-------------------------------------------
| rollout/                |               |
|    ep_len_mean          | 1.44e+03      |
|    ep_rew_mean          | 1.45e+03      |
| time/                   |               |
|    fps                  | 674           |
|    iterations           | 133           |
|    time_elapsed         | 201           |
|    total_timesteps      | 136192        |
| train/                  |               |
|    approx_kl            | 0.015219908   |
|    clip_fraction        | 0.171         |
|    clip_range           | 0.2           |
|    entropy_loss         | -16.8         |
|    explained_variance   | 1.6748905e-05 |
|    learning_rate        | 0.0003        |
|    loss                 | -0.0201       |
|    n_updates            | 1320          |
|    policy_gradient_loss | -0.0256       |
|    std                  | 0.986         |
|    value_loss           | 0.0101        |
-------------------------------------------
------------------------------------------
| rollout/                |              |
|    ep_len_mean          | 1.44e+03     |
|    ep_rew_mean          | 1.45e+03     |
| time/                   |              |
|    fps                  | 674          |
|    iterations           | 134          |
|    time_elapsed         | 203          |
|    total_timesteps      | 137216       |
| train/                  |              |
|    approx_kl            | 0.017664839  |
|    clip_fraction        | 0.219        |
|    clip_range           | 0.2          |
|    entropy_loss         | -16.8        |
|    explained_variance   | 4.810095e-05 |
|    learning_rate        | 0.0003       |
|    loss                 | -0.0488      |
|    n_updates            | 1330         |
|    policy_gradient_loss | -0.0277      |
|    std                  | 0.984        |
|    value_loss           | 0.0074       |
------------------------------------------
------------------------------------------
| rollout/                |              |
|    ep_len_mean          | 1.44e+03     |
|    ep_rew_mean          | 1.45e+03     |
| time/                   |              |
|    fps                  | 674          |
|    iterations           | 135          |
|    time_elapsed         | 204          |
|    total_timesteps      | 138240       |
| train/                  |              |
|    approx_kl            | 0.013382441  |
|    clip_fraction        | 0.182        |
|    clip_range           | 0.2          |
|    entropy_loss         | -16.8        |
|    explained_variance   | 7.247925e-05 |
|    learning_rate        | 0.0003       |
|    loss                 | -0.0335      |
|    n_updates            | 1340         |
|    policy_gradient_loss | -0.0252      |
|    std                  | 0.982        |
|    value_loss           | 0.00585      |
------------------------------------------
-------------------------------------------
| rollout/                |               |
|    ep_len_mean          | 1.44e+03      |
|    ep_rew_mean          | 1.45e+03      |
| time/                   |               |
|    fps                  | 674           |
|    iterations           | 136           |
|    time_elapsed         | 206           |
|    total_timesteps      | 139264        |
| train/                  |               |
|    approx_kl            | 0.013967713   |
|    clip_fraction        | 0.169         |
|    clip_range           | 0.2           |
|    entropy_loss         | -16.8         |
|    explained_variance   | 0.00021380186 |
|    learning_rate        | 0.0003        |
|    loss                 | -0.019        |
|    n_updates            | 1350          |
|    policy_gradient_loss | -0.0221       |
|    std                  | 0.979         |
|    value_loss           | 0.00617       |
-------------------------------------------
------------------------------------------
| rollout/                |              |
|    ep_len_mean          | 1.44e+03     |
|    ep_rew_mean          | 1.45e+03     |
| time/                   |              |
|    fps                  | 674          |
|    iterations           | 137          |
|    time_elapsed         | 207          |
|    total_timesteps      | 140288       |
| train/                  |              |
|    approx_kl            | 0.015402318  |
|    clip_fraction        | 0.208        |
|    clip_range           | 0.2          |
|    entropy_loss         | -16.7        |
|    explained_variance   | 4.810095e-05 |
|    learning_rate        | 0.0003       |
|    loss                 | -0.0274      |
|    n_updates            | 1360         |
|    policy_gradient_loss | -0.0242      |
|    std                  | 0.979        |
|    value_loss           | 0.00506      |
------------------------------------------
-------------------------------------------
| rollout/                |               |
|    ep_len_mean          | 1.44e+03      |
|    ep_rew_mean          | 1.45e+03      |
| time/                   |               |
|    fps                  | 674           |
|    iterations           | 138           |
|    time_elapsed         | 209           |
|    total_timesteps      | 141312        |
| train/                  |               |
|    approx_kl            | 0.015433022   |
|    clip_fraction        | 0.193         |
|    clip_range           | 0.2           |
|    entropy_loss         | -16.7         |
|    explained_variance   | 0.00011795759 |
|    learning_rate        | 0.0003        |
|    loss                 | -0.0396       |
|    n_updates            | 1370          |
|    policy_gradient_loss | -0.0252       |
|    std                  | 0.975         |
|    value_loss           | 0.00758       |
-------------------------------------------
-------------------------------------------
| rollout/                |               |
|    ep_len_mean          | 1.44e+03      |
|    ep_rew_mean          | 1.45e+03      |
| time/                   |               |
|    fps                  | 674           |
|    iterations           | 139           |
|    time_elapsed         | 210           |
|    total_timesteps      | 142336        |
| train/                  |               |
|    approx_kl            | 0.021209974   |
|    clip_fraction        | 0.213         |
|    clip_range           | 0.2           |
|    entropy_loss         | -16.7         |
|    explained_variance   | 0.00045734644 |
|    learning_rate        | 0.0003        |
|    loss                 | -0.0428       |
|    n_updates            | 1380          |
|    policy_gradient_loss | -0.0281       |
|    std                  | 0.972         |
|    value_loss           | 0.00831       |
-------------------------------------------
-------------------------------------------
| rollout/                |               |
|    ep_len_mean          | 1.44e+03      |
|    ep_rew_mean          | 1.45e+03      |
| time/                   |               |
|    fps                  | 674           |
|    iterations           | 140           |
|    time_elapsed         | 212           |
|    total_timesteps      | 143360        |
| train/                  |               |
|    approx_kl            | 0.015993865   |
|    clip_fraction        | 0.209         |
|    clip_range           | 0.2           |
|    entropy_loss         | -16.6         |
|    explained_variance   | 0.00011622906 |
|    learning_rate        | 0.0003        |
|    loss                 | -0.0371       |
|    n_updates            | 1390          |
|    policy_gradient_loss | -0.0258       |
|    std                  | 0.971         |
|    value_loss           | 0.00667       |
-------------------------------------------
-----------------------------------------
| rollout/                |             |
|    ep_len_mean          | 1.44e+03    |
|    ep_rew_mean          | 1.45e+03    |
| time/                   |             |
|    fps                  | 674         |
|    iterations           | 141         |
|    time_elapsed         | 214         |
|    total_timesteps      | 144384      |
| train/                  |             |
|    approx_kl            | 0.014392685 |
|    clip_fraction        | 0.192       |
|    clip_range           | 0.2         |
|    entropy_loss         | -16.6       |
|    explained_variance   | 2.95043e-05 |
|    learning_rate        | 0.0003      |
|    loss                 | -0.0358     |
|    n_updates            | 1400        |
|    policy_gradient_loss | -0.0248     |
|    std                  | 0.968       |
|    value_loss           | 0.00543     |
-----------------------------------------
------------------------------------------
| rollout/                |              |
|    ep_len_mean          | 1.44e+03     |
|    ep_rew_mean          | 1.45e+03     |
| time/                   |              |
|    fps                  | 674          |
|    iterations           | 142          |
|    time_elapsed         | 215          |
|    total_timesteps      | 145408       |
| train/                  |              |
|    approx_kl            | 0.0154190995 |
|    clip_fraction        | 0.186        |
|    clip_range           | 0.2          |
|    entropy_loss         | -16.6        |
|    explained_variance   | 0.0001295805 |
|    learning_rate        | 0.0003       |
|    loss                 | -0.0388      |
|    n_updates            | 1410         |
|    policy_gradient_loss | -0.0267      |
|    std                  | 0.966        |
|    value_loss           | 0.0101       |
------------------------------------------
-------------------------------------------
| rollout/                |               |
|    ep_len_mean          | 1.44e+03      |
|    ep_rew_mean          | 1.45e+03      |
| time/                   |               |
|    fps                  | 674           |
|    iterations           | 143           |
|    time_elapsed         | 217           |
|    total_timesteps      | 146432        |
| train/                  |               |
|    approx_kl            | 0.017148431   |
|    clip_fraction        | 0.191         |
|    clip_range           | 0.2           |
|    entropy_loss         | -16.6         |
|    explained_variance   | 0.00020503998 |
|    learning_rate        | 0.0003        |
|    loss                 | -0.0377       |
|    n_updates            | 1420          |
|    policy_gradient_loss | -0.0231       |
|    std                  | 0.965         |
|    value_loss           | 0.00564       |
-------------------------------------------
-------------------------------------------
| rollout/                |               |
|    ep_len_mean          | 1.44e+03      |
|    ep_rew_mean          | 1.45e+03      |
| time/                   |               |
|    fps                  | 674           |
|    iterations           | 144           |
|    time_elapsed         | 218           |
|    total_timesteps      | 147456        |
| train/                  |               |
|    approx_kl            | 0.014310117   |
|    clip_fraction        | 0.165         |
|    clip_range           | 0.2           |
|    entropy_loss         | -16.6         |
|    explained_variance   | 0.00037193298 |
|    learning_rate        | 0.0003        |
|    loss                 | -0.0297       |
|    n_updates            | 1430          |
|    policy_gradient_loss | -0.0258       |
|    std                  | 0.966         |
|    value_loss           | 0.0059        |
-------------------------------------------
-----------------------------------------
| rollout/                |             |
|    ep_len_mean          | 1.44e+03    |
|    ep_rew_mean          | 1.45e+03    |
| time/                   |             |
|    fps                  | 674         |
|    iterations           | 145         |
|    time_elapsed         | 220         |
|    total_timesteps      | 148480      |
| train/                  |             |
|    approx_kl            | 0.018900689 |
|    clip_fraction        | 0.198       |
|    clip_range           | 0.2         |
|    entropy_loss         | -16.6       |
|    explained_variance   | 0.000562191 |
|    learning_rate        | 0.0003      |
|    loss                 | -0.0282     |
|    n_updates            | 1440        |
|    policy_gradient_loss | -0.0274     |
|    std                  | 0.964       |
|    value_loss           | 0.00524     |
-----------------------------------------
-------------------------------------------
| rollout/                |               |
|    ep_len_mean          | 1.44e+03      |
|    ep_rew_mean          | 1.45e+03      |
| time/                   |               |
|    fps                  | 674           |
|    iterations           | 146           |
|    time_elapsed         | 221           |
|    total_timesteps      | 149504        |
| train/                  |               |
|    approx_kl            | 0.012467098   |
|    clip_fraction        | 0.165         |
|    clip_range           | 0.2           |
|    entropy_loss         | -16.5         |
|    explained_variance   | 0.00017130375 |
|    learning_rate        | 0.0003        |
|    loss                 | -0.0284       |
|    n_updates            | 1450          |
|    policy_gradient_loss | -0.0234       |
|    std                  | 0.964         |
|    value_loss           | 0.00547       |
-------------------------------------------
-------------------------------------------
| rollout/                |               |
|    ep_len_mean          | 1.44e+03      |
|    ep_rew_mean          | 1.45e+03      |
| time/                   |               |
|    fps                  | 674           |
|    iterations           | 147           |
|    time_elapsed         | 223           |
|    total_timesteps      | 150528        |
| train/                  |               |
|    approx_kl            | 0.015246654   |
|    clip_fraction        | 0.185         |
|    clip_range           | 0.2           |
|    entropy_loss         | -16.5         |
|    explained_variance   | 3.9100647e-05 |
|    learning_rate        | 0.0003        |
|    loss                 | -0.042        |
|    n_updates            | 1460          |
|    policy_gradient_loss | -0.0262       |
|    std                  | 0.964         |
|    value_loss           | 0.00861       |
-------------------------------------------
-------------------------------------------
| rollout/                |               |
|    ep_len_mean          | 1.44e+03      |
|    ep_rew_mean          | 1.45e+03      |
| time/                   |               |
|    fps                  | 674           |
|    iterations           | 148           |
|    time_elapsed         | 224           |
|    total_timesteps      | 151552        |
| train/                  |               |
|    approx_kl            | 0.016439632   |
|    clip_fraction        | 0.202         |
|    clip_range           | 0.2           |
|    entropy_loss         | -16.5         |
|    explained_variance   | 0.00013333559 |
|    learning_rate        | 0.0003        |
|    loss                 | -0.0392       |
|    n_updates            | 1470          |
|    policy_gradient_loss | -0.026        |
|    std                  | 0.963         |
|    value_loss           | 0.00702       |
-------------------------------------------
-------------------------------------------
| rollout/                |               |
|    ep_len_mean          | 1.44e+03      |
|    ep_rew_mean          | 1.45e+03      |
| time/                   |               |
|    fps                  | 674           |
|    iterations           | 149           |
|    time_elapsed         | 226           |
|    total_timesteps      | 152576        |
| train/                  |               |
|    approx_kl            | 0.018225133   |
|    clip_fraction        | 0.206         |
|    clip_range           | 0.2           |
|    entropy_loss         | -16.5         |
|    explained_variance   | 3.4451485e-05 |
|    learning_rate        | 0.0003        |
|    loss                 | -0.0425       |
|    n_updates            | 1480          |
|    policy_gradient_loss | -0.0277       |
|    std                  | 0.961         |
|    value_loss           | 0.00829       |
-------------------------------------------
-------------------------------------------
| rollout/                |               |
|    ep_len_mean          | 1.44e+03      |
|    ep_rew_mean          | 1.45e+03      |
| time/                   |               |
|    fps                  | 674           |
|    iterations           | 150           |
|    time_elapsed         | 227           |
|    total_timesteps      | 153600        |
| train/                  |               |
|    approx_kl            | 0.014653327   |
|    clip_fraction        | 0.19          |
|    clip_range           | 0.2           |
|    entropy_loss         | -16.5         |
|    explained_variance   | 0.00044637918 |
|    learning_rate        | 0.0003        |
|    loss                 | -0.0585       |
|    n_updates            | 1490          |
|    policy_gradient_loss | -0.0263       |
|    std                  | 0.96          |
|    value_loss           | 0.00482       |
-------------------------------------------
-------------------------------------------
| rollout/                |               |
|    ep_len_mean          | 1.44e+03      |
|    ep_rew_mean          | 1.45e+03      |
| time/                   |               |
|    fps                  | 674           |
|    iterations           | 151           |
|    time_elapsed         | 229           |
|    total_timesteps      | 154624        |
| train/                  |               |
|    approx_kl            | 0.013526415   |
|    clip_fraction        | 0.172         |
|    clip_range           | 0.2           |
|    entropy_loss         | -16.5         |
|    explained_variance   | 0.00032907724 |
|    learning_rate        | 0.0003        |
|    loss                 | -0.0392       |
|    n_updates            | 1500          |
|    policy_gradient_loss | -0.0256       |
|    std                  | 0.959         |
|    value_loss           | 0.00446       |
-------------------------------------------
-------------------------------------------
| rollout/                |               |
|    ep_len_mean          | 1.44e+03      |
|    ep_rew_mean          | 1.45e+03      |
| time/                   |               |
|    fps                  | 674           |
|    iterations           | 152           |
|    time_elapsed         | 230           |
|    total_timesteps      | 155648        |
| train/                  |               |
|    approx_kl            | 0.012447666   |
|    clip_fraction        | 0.134         |
|    clip_range           | 0.2           |
|    entropy_loss         | -16.5         |
|    explained_variance   | 0.00025081635 |
|    learning_rate        | 0.0003        |
|    loss                 | -0.0272       |
|    n_updates            | 1510          |
|    policy_gradient_loss | -0.019        |
|    std                  | 0.957         |
|    value_loss           | 0.00592       |
-------------------------------------------
-------------------------------------------
| rollout/                |               |
|    ep_len_mean          | 1.44e+03      |
|    ep_rew_mean          | 1.45e+03      |
| time/                   |               |
|    fps                  | 674           |
|    iterations           | 153           |
|    time_elapsed         | 232           |
|    total_timesteps      | 156672        |
| train/                  |               |
|    approx_kl            | 0.010970563   |
|    clip_fraction        | 0.14          |
|    clip_range           | 0.2           |
|    entropy_loss         | -16.4         |
|    explained_variance   | 0.00037926435 |
|    learning_rate        | 0.0003        |
|    loss                 | -0.0258       |
|    n_updates            | 1520          |
|    policy_gradient_loss | -0.0192       |
|    std                  | 0.956         |
|    value_loss           | 0.00395       |
-------------------------------------------
------------------------------------------
| rollout/                |              |
|    ep_len_mean          | 1.44e+03     |
|    ep_rew_mean          | 1.45e+03     |
| time/                   |              |
|    fps                  | 674          |
|    iterations           | 154          |
|    time_elapsed         | 233          |
|    total_timesteps      | 157696       |
| train/                  |              |
|    approx_kl            | 0.016536351  |
|    clip_fraction        | 0.183        |
|    clip_range           | 0.2          |
|    entropy_loss         | -16.4        |
|    explained_variance   | 0.0004386902 |
|    learning_rate        | 0.0003       |
|    loss                 | -0.0275      |
|    n_updates            | 1530         |
|    policy_gradient_loss | -0.0235      |
|    std                  | 0.955        |
|    value_loss           | 0.00502      |
------------------------------------------
------------------------------------------
| rollout/                |              |
|    ep_len_mean          | 1.44e+03     |
|    ep_rew_mean          | 1.45e+03     |
| time/                   |              |
|    fps                  | 674          |
|    iterations           | 155          |
|    time_elapsed         | 235          |
|    total_timesteps      | 158720       |
| train/                  |              |
|    approx_kl            | 0.013715148  |
|    clip_fraction        | 0.178        |
|    clip_range           | 0.2          |
|    entropy_loss         | -16.4        |
|    explained_variance   | 0.0004761219 |
|    learning_rate        | 0.0003       |
|    loss                 | -0.0309      |
|    n_updates            | 1540         |
|    policy_gradient_loss | -0.0218      |
|    std                  | 0.951        |
|    value_loss           | 0.0057       |
------------------------------------------
-------------------------------------------
| rollout/                |               |
|    ep_len_mean          | 1.44e+03      |
|    ep_rew_mean          | 1.45e+03      |
| time/                   |               |
|    fps                  | 675           |
|    iterations           | 156           |
|    time_elapsed         | 236           |
|    total_timesteps      | 159744        |
| train/                  |               |
|    approx_kl            | 0.012316337   |
|    clip_fraction        | 0.154         |
|    clip_range           | 0.2           |
|    entropy_loss         | -16.3         |
|    explained_variance   | 0.00082832575 |
|    learning_rate        | 0.0003        |
|    loss                 | -0.0323       |
|    n_updates            | 1550          |
|    policy_gradient_loss | -0.0216       |
|    std                  | 0.948         |
|    value_loss           | 0.00483       |
-------------------------------------------
------------------------------------------
| rollout/                |              |
|    ep_len_mean          | 1.44e+03     |
|    ep_rew_mean          | 1.46e+03     |
| time/                   |              |
|    fps                  | 675          |
|    iterations           | 157          |
|    time_elapsed         | 238          |
|    total_timesteps      | 160768       |
| train/                  |              |
|    approx_kl            | 0.014229792  |
|    clip_fraction        | 0.188        |
|    clip_range           | 0.2          |
|    entropy_loss         | -16.3        |
|    explained_variance   | 0.0006530881 |
|    learning_rate        | 0.0003       |
|    loss                 | -0.0476      |
|    n_updates            | 1560         |
|    policy_gradient_loss | -0.0227      |
|    std                  | 0.948        |
|    value_loss           | 0.00457      |
------------------------------------------
-------------------------------------------
| rollout/                |               |
|    ep_len_mean          | 1.44e+03      |
|    ep_rew_mean          | 1.46e+03      |
| time/                   |               |
|    fps                  | 675           |
|    iterations           | 158           |
|    time_elapsed         | 239           |
|    total_timesteps      | 161792        |
| train/                  |               |
|    approx_kl            | 0.01280755    |
|    clip_fraction        | 0.143         |
|    clip_range           | 0.2           |
|    entropy_loss         | -16.3         |
|    explained_variance   | 0.00043547153 |
|    learning_rate        | 0.0003        |
|    loss                 | -0.0354       |
|    n_updates            | 1570          |
|    policy_gradient_loss | -0.0215       |
|    std                  | 0.947         |
|    value_loss           | 0.00516       |
-------------------------------------------
-------------------------------------------
| rollout/                |               |
|    ep_len_mean          | 1.44e+03      |
|    ep_rew_mean          | 1.46e+03      |
| time/                   |               |
|    fps                  | 675           |
|    iterations           | 159           |
|    time_elapsed         | 241           |
|    total_timesteps      | 162816        |
| train/                  |               |
|    approx_kl            | 0.013479291   |
|    clip_fraction        | 0.162         |
|    clip_range           | 0.2           |
|    entropy_loss         | -16.3         |
|    explained_variance   | 0.00027871132 |
|    learning_rate        | 0.0003        |
|    loss                 | -0.0397       |
|    n_updates            | 1580          |
|    policy_gradient_loss | -0.0233       |
|    std                  | 0.945         |
|    value_loss           | 0.00486       |
-------------------------------------------
-----------------------------------------
| rollout/                |             |
|    ep_len_mean          | 1.44e+03    |
|    ep_rew_mean          | 1.46e+03    |
| time/                   |             |
|    fps                  | 675         |
|    iterations           | 160         |
|    time_elapsed         | 242         |
|    total_timesteps      | 163840      |
| train/                  |             |
|    approx_kl            | 0.014629417 |
|    clip_fraction        | 0.19        |
|    clip_range           | 0.2         |
|    entropy_loss         | -16.3       |
|    explained_variance   | 0.000615716 |
|    learning_rate        | 0.0003      |
|    loss                 | -0.0442     |
|    n_updates            | 1590        |
|    policy_gradient_loss | -0.0289     |
|    std                  | 0.943       |
|    value_loss           | 0.00418     |
-----------------------------------------
-----------------------------------------
| rollout/                |             |
|    ep_len_mean          | 1.44e+03    |
|    ep_rew_mean          | 1.46e+03    |
| time/                   |             |
|    fps                  | 675         |
|    iterations           | 161         |
|    time_elapsed         | 243         |
|    total_timesteps      | 164864      |
| train/                  |             |
|    approx_kl            | 0.012046266 |
|    clip_fraction        | 0.126       |
|    clip_range           | 0.2         |
|    entropy_loss         | -16.2       |
|    explained_variance   | 0.000490427 |
|    learning_rate        | 0.0003      |
|    loss                 | -0.0306     |
|    n_updates            | 1600        |
|    policy_gradient_loss | -0.0186     |
|    std                  | 0.942       |
|    value_loss           | 0.00388     |
-----------------------------------------
-------------------------------------------
| rollout/                |               |
|    ep_len_mean          | 1.44e+03      |
|    ep_rew_mean          | 1.46e+03      |
| time/                   |               |
|    fps                  | 675           |
|    iterations           | 162           |
|    time_elapsed         | 245           |
|    total_timesteps      | 165888        |
| train/                  |               |
|    approx_kl            | 0.012138158   |
|    clip_fraction        | 0.154         |
|    clip_range           | 0.2           |
|    entropy_loss         | -16.2         |
|    explained_variance   | 0.00049096346 |
|    learning_rate        | 0.0003        |
|    loss                 | -0.0228       |
|    n_updates            | 1610          |
|    policy_gradient_loss | -0.0231       |
|    std                  | 0.942         |
|    value_loss           | 0.00511       |
-------------------------------------------
-------------------------------------------
| rollout/                |               |
|    ep_len_mean          | 1.44e+03      |
|    ep_rew_mean          | 1.46e+03      |
| time/                   |               |
|    fps                  | 676           |
|    iterations           | 163           |
|    time_elapsed         | 246           |
|    total_timesteps      | 166912        |
| train/                  |               |
|    approx_kl            | 0.014633253   |
|    clip_fraction        | 0.182         |
|    clip_range           | 0.2           |
|    entropy_loss         | -16.2         |
|    explained_variance   | 0.00012511015 |
|    learning_rate        | 0.0003        |
|    loss                 | -0.0288       |
|    n_updates            | 1620          |
|    policy_gradient_loss | -0.0247       |
|    std                  | 0.94          |
|    value_loss           | 0.00543       |
-------------------------------------------
-------------------------------------------
| rollout/                |               |
|    ep_len_mean          | 1.44e+03      |
|    ep_rew_mean          | 1.46e+03      |
| time/                   |               |
|    fps                  | 676           |
|    iterations           | 164           |
|    time_elapsed         | 248           |
|    total_timesteps      | 167936        |
| train/                  |               |
|    approx_kl            | 0.013997205   |
|    clip_fraction        | 0.192         |
|    clip_range           | 0.2           |
|    entropy_loss         | -16.2         |
|    explained_variance   | 3.6358833e-05 |
|    learning_rate        | 0.0003        |
|    loss                 | -0.0364       |
|    n_updates            | 1630          |
|    policy_gradient_loss | -0.0224       |
|    std                  | 0.938         |
|    value_loss           | 0.00959       |
-------------------------------------------
-------------------------------------------
| rollout/                |               |
|    ep_len_mean          | 1.44e+03      |
|    ep_rew_mean          | 1.46e+03      |
| time/                   |               |
|    fps                  | 676           |
|    iterations           | 165           |
|    time_elapsed         | 249           |
|    total_timesteps      | 168960        |
| train/                  |               |
|    approx_kl            | 0.013209016   |
|    clip_fraction        | 0.149         |
|    clip_range           | 0.2           |
|    entropy_loss         | -16.2         |
|    explained_variance   | 0.00021487474 |
|    learning_rate        | 0.0003        |
|    loss                 | -0.0181       |
|    n_updates            | 1640          |
|    policy_gradient_loss | -0.0188       |
|    std                  | 0.934         |
|    value_loss           | 0.00791       |
-------------------------------------------
-------------------------------------------
| rollout/                |               |
|    ep_len_mean          | 1.44e+03      |
|    ep_rew_mean          | 1.46e+03      |
| time/                   |               |
|    fps                  | 676           |
|    iterations           | 166           |
|    time_elapsed         | 251           |
|    total_timesteps      | 169984        |
| train/                  |               |
|    approx_kl            | 0.013098068   |
|    clip_fraction        | 0.183         |
|    clip_range           | 0.2           |
|    entropy_loss         | -16.1         |
|    explained_variance   | 0.00012558699 |
|    learning_rate        | 0.0003        |
|    loss                 | -0.0289       |
|    n_updates            | 1650          |
|    policy_gradient_loss | -0.024        |
|    std                  | 0.932         |
|    value_loss           | 0.00754       |
-------------------------------------------
-------------------------------------------
| rollout/                |               |
|    ep_len_mean          | 1.44e+03      |
|    ep_rew_mean          | 1.46e+03      |
| time/                   |               |
|    fps                  | 676           |
|    iterations           | 167           |
|    time_elapsed         | 252           |
|    total_timesteps      | 171008        |
| train/                  |               |
|    approx_kl            | 0.012916056   |
|    clip_fraction        | 0.133         |
|    clip_range           | 0.2           |
|    entropy_loss         | -16.1         |
|    explained_variance   | 0.00011694431 |
|    learning_rate        | 0.0003        |
|    loss                 | -0.0241       |
|    n_updates            | 1660          |
|    policy_gradient_loss | -0.0199       |
|    std                  | 0.934         |
|    value_loss           | 0.00988       |
-------------------------------------------
-------------------------------------------
| rollout/                |               |
|    ep_len_mean          | 1.44e+03      |
|    ep_rew_mean          | 1.46e+03      |
| time/                   |               |
|    fps                  | 677           |
|    iterations           | 168           |
|    time_elapsed         | 254           |
|    total_timesteps      | 172032        |
| train/                  |               |
|    approx_kl            | 0.014844122   |
|    clip_fraction        | 0.196         |
|    clip_range           | 0.2           |
|    entropy_loss         | -16.2         |
|    explained_variance   | 0.00025725365 |
|    learning_rate        | 0.0003        |
|    loss                 | -0.0367       |
|    n_updates            | 1670          |
|    policy_gradient_loss | -0.023        |
|    std                  | 0.935         |
|    value_loss           | 0.00443       |
-------------------------------------------
-----------------------------------------
| rollout/                |             |
|    ep_len_mean          | 1.44e+03    |
|    ep_rew_mean          | 1.46e+03    |
| time/                   |             |
|    fps                  | 677         |
|    iterations           | 169         |
|    time_elapsed         | 255         |
|    total_timesteps      | 173056      |
| train/                  |             |
|    approx_kl            | 0.012891194 |
|    clip_fraction        | 0.16        |
|    clip_range           | 0.2         |
|    entropy_loss         | -16.2       |
|    explained_variance   | 9.62615e-05 |
|    learning_rate        | 0.0003      |
|    loss                 | -0.0188     |
|    n_updates            | 1680        |
|    policy_gradient_loss | -0.0212     |
|    std                  | 0.937       |
|    value_loss           | 0.0193      |
-----------------------------------------
-------------------------------------------
| rollout/                |               |
|    ep_len_mean          | 1.44e+03      |
|    ep_rew_mean          | 1.46e+03      |
| time/                   |               |
|    fps                  | 677           |
|    iterations           | 170           |
|    time_elapsed         | 257           |
|    total_timesteps      | 174080        |
| train/                  |               |
|    approx_kl            | 0.011037566   |
|    clip_fraction        | 0.139         |
|    clip_range           | 0.2           |
|    entropy_loss         | -16.2         |
|    explained_variance   | 1.2218952e-05 |
|    learning_rate        | 0.0003        |
|    loss                 | -0.0333       |
|    n_updates            | 1690          |
|    policy_gradient_loss | -0.0186       |
|    std                  | 0.937         |
|    value_loss           | 0.0224        |
-------------------------------------------
-------------------------------------------
| rollout/                |               |
|    ep_len_mean          | 1.44e+03      |
|    ep_rew_mean          | 1.46e+03      |
| time/                   |               |
|    fps                  | 677           |
|    iterations           | 171           |
|    time_elapsed         | 258           |
|    total_timesteps      | 175104        |
| train/                  |               |
|    approx_kl            | 0.016467363   |
|    clip_fraction        | 0.207         |
|    clip_range           | 0.2           |
|    entropy_loss         | -16.2         |
|    explained_variance   | 0.00025898218 |
|    learning_rate        | 0.0003        |
|    loss                 | -0.0462       |
|    n_updates            | 1700          |
|    policy_gradient_loss | -0.0254       |
|    std                  | 0.935         |
|    value_loss           | 0.00608       |
-------------------------------------------
-------------------------------------------
| rollout/                |               |
|    ep_len_mean          | 1.44e+03      |
|    ep_rew_mean          | 1.46e+03      |
| time/                   |               |
|    fps                  | 677           |
|    iterations           | 172           |
|    time_elapsed         | 259           |
|    total_timesteps      | 176128        |
| train/                  |               |
|    approx_kl            | 0.012152011   |
|    clip_fraction        | 0.135         |
|    clip_range           | 0.2           |
|    entropy_loss         | -16.2         |
|    explained_variance   | 0.00010818243 |
|    learning_rate        | 0.0003        |
|    loss                 | -0.0316       |
|    n_updates            | 1710          |
|    policy_gradient_loss | -0.0209       |
|    std                  | 0.936         |
|    value_loss           | 0.00906       |
-------------------------------------------
------------------------------------------
| rollout/                |              |
|    ep_len_mean          | 1.44e+03     |
|    ep_rew_mean          | 1.46e+03     |
| time/                   |              |
|    fps                  | 677          |
|    iterations           | 173          |
|    time_elapsed         | 261          |
|    total_timesteps      | 177152       |
| train/                  |              |
|    approx_kl            | 0.013165789  |
|    clip_fraction        | 0.152        |
|    clip_range           | 0.2          |
|    entropy_loss         | -16.2        |
|    explained_variance   | 0.0004956126 |
|    learning_rate        | 0.0003       |
|    loss                 | -0.0301      |
|    n_updates            | 1720         |
|    policy_gradient_loss | -0.0231      |
|    std                  | 0.936        |
|    value_loss           | 0.00745      |
------------------------------------------
------------------------------------------
| rollout/                |              |
|    ep_len_mean          | 1.44e+03     |
|    ep_rew_mean          | 1.46e+03     |
| time/                   |              |
|    fps                  | 677          |
|    iterations           | 174          |
|    time_elapsed         | 262          |
|    total_timesteps      | 178176       |
| train/                  |              |
|    approx_kl            | 0.013214191  |
|    clip_fraction        | 0.186        |
|    clip_range           | 0.2          |
|    entropy_loss         | -16.2        |
|    explained_variance   | 0.0010266304 |
|    learning_rate        | 0.0003       |
|    loss                 | -0.0414      |
|    n_updates            | 1730         |
|    policy_gradient_loss | -0.024       |
|    std                  | 0.935        |
|    value_loss           | 0.00508      |
------------------------------------------
------------------------------------------
| rollout/                |              |
|    ep_len_mean          | 1.44e+03     |
|    ep_rew_mean          | 1.46e+03     |
| time/                   |              |
|    fps                  | 678          |
|    iterations           | 175          |
|    time_elapsed         | 264          |
|    total_timesteps      | 179200       |
| train/                  |              |
|    approx_kl            | 0.010497036  |
|    clip_fraction        | 0.144        |
|    clip_range           | 0.2          |
|    entropy_loss         | -16.2        |
|    explained_variance   | 0.0013890862 |
|    learning_rate        | 0.0003       |
|    loss                 | -0.0375      |
|    n_updates            | 1740         |
|    policy_gradient_loss | -0.0189      |
|    std                  | 0.933        |
|    value_loss           | 0.00484      |
------------------------------------------
-----------------------------------------
| rollout/                |             |
|    ep_len_mean          | 1.44e+03    |
|    ep_rew_mean          | 1.46e+03    |
| time/                   |             |
|    fps                  | 678         |
|    iterations           | 176         |
|    time_elapsed         | 265         |
|    total_timesteps      | 180224      |
| train/                  |             |
|    approx_kl            | 0.013473058 |
|    clip_fraction        | 0.177       |
|    clip_range           | 0.2         |
|    entropy_loss         | -16.1       |
|    explained_variance   | 0.000621438 |
|    learning_rate        | 0.0003      |
|    loss                 | -0.0298     |
|    n_updates            | 1750        |
|    policy_gradient_loss | -0.0237     |
|    std                  | 0.932       |
|    value_loss           | 0.00501     |
-----------------------------------------
-------------------------------------------
| rollout/                |               |
|    ep_len_mean          | 1.44e+03      |
|    ep_rew_mean          | 1.46e+03      |
| time/                   |               |
|    fps                  | 678           |
|    iterations           | 177           |
|    time_elapsed         | 267           |
|    total_timesteps      | 181248        |
| train/                  |               |
|    approx_kl            | 0.012931148   |
|    clip_fraction        | 0.143         |
|    clip_range           | 0.2           |
|    entropy_loss         | -16.1         |
|    explained_variance   | 0.00036782026 |
|    learning_rate        | 0.0003        |
|    loss                 | -0.0251       |
|    n_updates            | 1760          |
|    policy_gradient_loss | -0.0204       |
|    std                  | 0.932         |
|    value_loss           | 0.00486       |
-------------------------------------------
------------------------------------------
| rollout/                |              |
|    ep_len_mean          | 1.44e+03     |
|    ep_rew_mean          | 1.46e+03     |
| time/                   |              |
|    fps                  | 678          |
|    iterations           | 178          |
|    time_elapsed         | 268          |
|    total_timesteps      | 182272       |
| train/                  |              |
|    approx_kl            | 0.016306207  |
|    clip_fraction        | 0.175        |
|    clip_range           | 0.2          |
|    entropy_loss         | -16.1        |
|    explained_variance   | 0.0006452203 |
|    learning_rate        | 0.0003       |
|    loss                 | -0.0323      |
|    n_updates            | 1770         |
|    policy_gradient_loss | -0.0252      |
|    std                  | 0.932        |
|    value_loss           | 0.00444      |
------------------------------------------
------------------------------------------
| rollout/                |              |
|    ep_len_mean          | 1.44e+03     |
|    ep_rew_mean          | 1.46e+03     |
| time/                   |              |
|    fps                  | 678          |
|    iterations           | 179          |
|    time_elapsed         | 270          |
|    total_timesteps      | 183296       |
| train/                  |              |
|    approx_kl            | 0.014096903  |
|    clip_fraction        | 0.178        |
|    clip_range           | 0.2          |
|    entropy_loss         | -16.1        |
|    explained_variance   | 0.0010659695 |
|    learning_rate        | 0.0003       |
|    loss                 | -0.0396      |
|    n_updates            | 1780         |
|    policy_gradient_loss | -0.0234      |
|    std                  | 0.932        |
|    value_loss           | 0.00577      |
------------------------------------------
------------------------------------------
| rollout/                |              |
|    ep_len_mean          | 1.44e+03     |
|    ep_rew_mean          | 1.46e+03     |
| time/                   |              |
|    fps                  | 678          |
|    iterations           | 180          |
|    time_elapsed         | 271          |
|    total_timesteps      | 184320       |
| train/                  |              |
|    approx_kl            | 0.014678867  |
|    clip_fraction        | 0.175        |
|    clip_range           | 0.2          |
|    entropy_loss         | -16.1        |
|    explained_variance   | 0.0008660555 |
|    learning_rate        | 0.0003       |
|    loss                 | -0.029       |
|    n_updates            | 1790         |
|    policy_gradient_loss | -0.025       |
|    std                  | 0.929        |
|    value_loss           | 0.00449      |
------------------------------------------
-------------------------------------------
| rollout/                |               |
|    ep_len_mean          | 1.44e+03      |
|    ep_rew_mean          | 1.46e+03      |
| time/                   |               |
|    fps                  | 678           |
|    iterations           | 181           |
|    time_elapsed         | 273           |
|    total_timesteps      | 185344        |
| train/                  |               |
|    approx_kl            | 0.013755495   |
|    clip_fraction        | 0.158         |
|    clip_range           | 0.2           |
|    entropy_loss         | -16.1         |
|    explained_variance   | 0.00015896559 |
|    learning_rate        | 0.0003        |
|    loss                 | -0.0168       |
|    n_updates            | 1800          |
|    policy_gradient_loss | -0.0216       |
|    std                  | 0.928         |
|    value_loss           | 0.0119        |
-------------------------------------------
-------------------------------------------
| rollout/                |               |
|    ep_len_mean          | 1.44e+03      |
|    ep_rew_mean          | 1.46e+03      |
| time/                   |               |
|    fps                  | 678           |
|    iterations           | 182           |
|    time_elapsed         | 274           |
|    total_timesteps      | 186368        |
| train/                  |               |
|    approx_kl            | 0.012541991   |
|    clip_fraction        | 0.166         |
|    clip_range           | 0.2           |
|    entropy_loss         | -16.1         |
|    explained_variance   | 0.00071811676 |
|    learning_rate        | 0.0003        |
|    loss                 | -0.0218       |
|    n_updates            | 1810          |
|    policy_gradient_loss | -0.021        |
|    std                  | 0.927         |
|    value_loss           | 0.0054        |
-------------------------------------------
-------------------------------------------
| rollout/                |               |
|    ep_len_mean          | 1.44e+03      |
|    ep_rew_mean          | 1.46e+03      |
| time/                   |               |
|    fps                  | 678           |
|    iterations           | 183           |
|    time_elapsed         | 276           |
|    total_timesteps      | 187392        |
| train/                  |               |
|    approx_kl            | 0.012796655   |
|    clip_fraction        | 0.173         |
|    clip_range           | 0.2           |
|    entropy_loss         | -16.1         |
|    explained_variance   | 0.00021117926 |
|    learning_rate        | 0.0003        |
|    loss                 | -0.0322       |
|    n_updates            | 1820          |
|    policy_gradient_loss | -0.0213       |
|    std                  | 0.926         |
|    value_loss           | 0.00727       |
-------------------------------------------
------------------------------------------
| rollout/                |              |
|    ep_len_mean          | 1.44e+03     |
|    ep_rew_mean          | 1.46e+03     |
| time/                   |              |
|    fps                  | 677          |
|    iterations           | 184          |
|    time_elapsed         | 277          |
|    total_timesteps      | 188416       |
| train/                  |              |
|    approx_kl            | 0.014008208  |
|    clip_fraction        | 0.172        |
|    clip_range           | 0.2          |
|    entropy_loss         | -16          |
|    explained_variance   | 0.0008562803 |
|    learning_rate        | 0.0003       |
|    loss                 | -0.0404      |
|    n_updates            | 1830         |
|    policy_gradient_loss | -0.0238      |
|    std                  | 0.925        |
|    value_loss           | 0.00532      |
------------------------------------------
------------------------------------------
| rollout/                |              |
|    ep_len_mean          | 1.44e+03     |
|    ep_rew_mean          | 1.46e+03     |
| time/                   |              |
|    fps                  | 677          |
|    iterations           | 185          |
|    time_elapsed         | 279          |
|    total_timesteps      | 189440       |
| train/                  |              |
|    approx_kl            | 0.011604056  |
|    clip_fraction        | 0.138        |
|    clip_range           | 0.2          |
|    entropy_loss         | -16          |
|    explained_variance   | 0.0010660887 |
|    learning_rate        | 0.0003       |
|    loss                 | -0.0313      |
|    n_updates            | 1840         |
|    policy_gradient_loss | -0.0191      |
|    std                  | 0.925        |
|    value_loss           | 0.00473      |
------------------------------------------
------------------------------------------
| rollout/                |              |
|    ep_len_mean          | 1.44e+03     |
|    ep_rew_mean          | 1.46e+03     |
| time/                   |              |
|    fps                  | 677          |
|    iterations           | 186          |
|    time_elapsed         | 280          |
|    total_timesteps      | 190464       |
| train/                  |              |
|    approx_kl            | 0.014228582  |
|    clip_fraction        | 0.149        |
|    clip_range           | 0.2          |
|    entropy_loss         | -16          |
|    explained_variance   | 0.0001577735 |
|    learning_rate        | 0.0003       |
|    loss                 | -0.0373      |
|    n_updates            | 1850         |
|    policy_gradient_loss | -0.0243      |
|    std                  | 0.922        |
|    value_loss           | 0.00675      |
------------------------------------------
-------------------------------------------
| rollout/                |               |
|    ep_len_mean          | 1.44e+03      |
|    ep_rew_mean          | 1.46e+03      |
| time/                   |               |
|    fps                  | 677           |
|    iterations           | 187           |
|    time_elapsed         | 282           |
|    total_timesteps      | 191488        |
| train/                  |               |
|    approx_kl            | 0.016478274   |
|    clip_fraction        | 0.171         |
|    clip_range           | 0.2           |
|    entropy_loss         | -16           |
|    explained_variance   | 0.00028693676 |
|    learning_rate        | 0.0003        |
|    loss                 | -0.0398       |
|    n_updates            | 1860          |
|    policy_gradient_loss | -0.0248       |
|    std                  | 0.919         |
|    value_loss           | 0.00711       |
-------------------------------------------
------------------------------------------
| rollout/                |              |
|    ep_len_mean          | 1.44e+03     |
|    ep_rew_mean          | 1.46e+03     |
| time/                   |              |
|    fps                  | 677          |
|    iterations           | 188          |
|    time_elapsed         | 284          |
|    total_timesteps      | 192512       |
| train/                  |              |
|    approx_kl            | 0.011241725  |
|    clip_fraction        | 0.13         |
|    clip_range           | 0.2          |
|    entropy_loss         | -15.9        |
|    explained_variance   | 0.0007369518 |
|    learning_rate        | 0.0003       |
|    loss                 | -0.0318      |
|    n_updates            | 1870         |
|    policy_gradient_loss | -0.022       |
|    std                  | 0.917        |
|    value_loss           | 0.00565      |
------------------------------------------
------------------------------------------
| rollout/                |              |
|    ep_len_mean          | 1.44e+03     |
|    ep_rew_mean          | 1.46e+03     |
| time/                   |              |
|    fps                  | 677          |
|    iterations           | 189          |
|    time_elapsed         | 285          |
|    total_timesteps      | 193536       |
| train/                  |              |
|    approx_kl            | 0.013788377  |
|    clip_fraction        | 0.157        |
|    clip_range           | 0.2          |
|    entropy_loss         | -15.9        |
|    explained_variance   | 0.0004566908 |
|    learning_rate        | 0.0003       |
|    loss                 | -0.031       |
|    n_updates            | 1880         |
|    policy_gradient_loss | -0.0196      |
|    std                  | 0.915        |
|    value_loss           | 0.0104       |
------------------------------------------
-------------------------------------------
| rollout/                |               |
|    ep_len_mean          | 1.44e+03      |
|    ep_rew_mean          | 1.46e+03      |
| time/                   |               |
|    fps                  | 677           |
|    iterations           | 190           |
|    time_elapsed         | 287           |
|    total_timesteps      | 194560        |
| train/                  |               |
|    approx_kl            | 0.011378625   |
|    clip_fraction        | 0.13          |
|    clip_range           | 0.2           |
|    entropy_loss         | -15.9         |
|    explained_variance   | 4.1007996e-05 |
|    learning_rate        | 0.0003        |
|    loss                 | -0.0234       |
|    n_updates            | 1890          |
|    policy_gradient_loss | -0.0208       |
|    std                  | 0.912         |
|    value_loss           | 0.0435        |
-------------------------------------------
------------------------------------------
| rollout/                |              |
|    ep_len_mean          | 1.44e+03     |
|    ep_rew_mean          | 1.46e+03     |
| time/                   |              |
|    fps                  | 677          |
|    iterations           | 191          |
|    time_elapsed         | 288          |
|    total_timesteps      | 195584       |
| train/                  |              |
|    approx_kl            | 0.014930345  |
|    clip_fraction        | 0.155        |
|    clip_range           | 0.2          |
|    entropy_loss         | -15.8        |
|    explained_variance   | 0.0022875667 |
|    learning_rate        | 0.0003       |
|    loss                 | -0.0231      |
|    n_updates            | 1900         |
|    policy_gradient_loss | -0.0222      |
|    std                  | 0.909        |
|    value_loss           | 0.00439      |
------------------------------------------
------------------------------------------
| rollout/                |              |
|    ep_len_mean          | 1.44e+03     |
|    ep_rew_mean          | 1.47e+03     |
| time/                   |              |
|    fps                  | 677          |
|    iterations           | 192          |
|    time_elapsed         | 290          |
|    total_timesteps      | 196608       |
| train/                  |              |
|    approx_kl            | 0.018278163  |
|    clip_fraction        | 0.175        |
|    clip_range           | 0.2          |
|    entropy_loss         | -15.8        |
|    explained_variance   | 0.0005785823 |
|    learning_rate        | 0.0003       |
|    loss                 | -0.0325      |
|    n_updates            | 1910         |
|    policy_gradient_loss | -0.0253      |
|    std                  | 0.906        |
|    value_loss           | 0.00588      |
------------------------------------------
------------------------------------------
| rollout/                |              |
|    ep_len_mean          | 1.44e+03     |
|    ep_rew_mean          | 1.47e+03     |
| time/                   |              |
|    fps                  | 677          |
|    iterations           | 193          |
|    time_elapsed         | 291          |
|    total_timesteps      | 197632       |
| train/                  |              |
|    approx_kl            | 0.015574301  |
|    clip_fraction        | 0.207        |
|    clip_range           | 0.2          |
|    entropy_loss         | -15.8        |
|    explained_variance   | 0.0006259084 |
|    learning_rate        | 0.0003       |
|    loss                 | -0.0353      |
|    n_updates            | 1920         |
|    policy_gradient_loss | -0.0284      |
|    std                  | 0.905        |
|    value_loss           | 0.012        |
------------------------------------------
------------------------------------------
| rollout/                |              |
|    ep_len_mean          | 1.44e+03     |
|    ep_rew_mean          | 1.47e+03     |
| time/                   |              |
|    fps                  | 677          |
|    iterations           | 194          |
|    time_elapsed         | 293          |
|    total_timesteps      | 198656       |
| train/                  |              |
|    approx_kl            | 0.016123224  |
|    clip_fraction        | 0.166        |
|    clip_range           | 0.2          |
|    entropy_loss         | -15.8        |
|    explained_variance   | 0.0011616349 |
|    learning_rate        | 0.0003       |
|    loss                 | -0.0291      |
|    n_updates            | 1930         |
|    policy_gradient_loss | -0.0214      |
|    std                  | 0.906        |
|    value_loss           | 0.0055       |
------------------------------------------
------------------------------------------
| rollout/                |              |
|    ep_len_mean          | 1.44e+03     |
|    ep_rew_mean          | 1.47e+03     |
| time/                   |              |
|    fps                  | 677          |
|    iterations           | 195          |
|    time_elapsed         | 294          |
|    total_timesteps      | 199680       |
| train/                  |              |
|    approx_kl            | 0.015028257  |
|    clip_fraction        | 0.164        |
|    clip_range           | 0.2          |
|    entropy_loss         | -15.8        |
|    explained_variance   | 0.0019052625 |
|    learning_rate        | 0.0003       |
|    loss                 | -0.0253      |
|    n_updates            | 1940         |
|    policy_gradient_loss | -0.0237      |
|    std                  | 0.906        |
|    value_loss           | 0.00577      |
------------------------------------------
-------------------------------------------
| rollout/                |               |
|    ep_len_mean          | 1.44e+03      |
|    ep_rew_mean          | 1.47e+03      |
| time/                   |               |
|    fps                  | 677           |
|    iterations           | 196           |
|    time_elapsed         | 296           |
|    total_timesteps      | 200704        |
| train/                  |               |
|    approx_kl            | 0.016463418   |
|    clip_fraction        | 0.182         |
|    clip_range           | 0.2           |
|    entropy_loss         | -15.8         |
|    explained_variance   | 0.00049614906 |
|    learning_rate        | 0.0003        |
|    loss                 | -0.0428       |
|    n_updates            | 1950          |
|    policy_gradient_loss | -0.0244       |
|    std                  | 0.904         |
|    value_loss           | 0.00931       |
-------------------------------------------
Política MuJoCo guardada en /home/juli/unitree_ros2/nova-spot-micro-tesis/Experimentos/campana_distribuida_step_s23_20260928/mujoco/step_semilla_1043/policy.zip
