Using cuda device
Wrapping the env with a `Monitor` wrapper
Wrapping the env in a DummyVecEnv.
-----------------------------
| time/              |      |
|    fps             | 683  |
|    iterations      | 1    |
|    time_elapsed    | 1    |
|    total_timesteps | 1024 |
-----------------------------
------------------------------------------
| rollout/                |              |
|    ep_len_mean          | 1.44e+03     |
|    ep_rew_mean          | 1.44e+03     |
| time/                   |              |
|    fps                  | 625          |
|    iterations           | 2            |
|    time_elapsed         | 3            |
|    total_timesteps      | 2048         |
| train/                  |              |
|    approx_kl            | 0.01767382   |
|    clip_fraction        | 0.224        |
|    clip_range           | 0.2          |
|    entropy_loss         | -17          |
|    explained_variance   | -0.027865648 |
|    learning_rate        | 0.0003       |
|    loss                 | 96.9         |
|    n_updates            | 10           |
|    policy_gradient_loss | -0.0138      |
|    std                  | 1            |
|    value_loss           | 236          |
------------------------------------------
------------------------------------------
| rollout/                |              |
|    ep_len_mean          | 1.44e+03     |
|    ep_rew_mean          | 1.44e+03     |
| time/                   |              |
|    fps                  | 639          |
|    iterations           | 3            |
|    time_elapsed         | 4            |
|    total_timesteps      | 3072         |
| train/                  |              |
|    approx_kl            | 0.010502448  |
|    clip_fraction        | 0.171        |
|    clip_range           | 0.2          |
|    entropy_loss         | -17          |
|    explained_variance   | -0.017591238 |
|    learning_rate        | 0.0003       |
|    loss                 | 91.3         |
|    n_updates            | 20           |
|    policy_gradient_loss | -0.0121      |
|    std                  | 1            |
|    value_loss           | 218          |
------------------------------------------
------------------------------------------
| rollout/                |              |
|    ep_len_mean          | 1.44e+03     |
|    ep_rew_mean          | 1.44e+03     |
| time/                   |              |
|    fps                  | 646          |
|    iterations           | 4            |
|    time_elapsed         | 6            |
|    total_timesteps      | 4096         |
| train/                  |              |
|    approx_kl            | 0.0116546955 |
|    clip_fraction        | 0.139        |
|    clip_range           | 0.2          |
|    entropy_loss         | -17          |
|    explained_variance   | 0.0033515096 |
|    learning_rate        | 0.0003       |
|    loss                 | 93.9         |
|    n_updates            | 30           |
|    policy_gradient_loss | -0.0124      |
|    std                  | 1            |
|    value_loss           | 214          |
------------------------------------------
------------------------------------------
| rollout/                |              |
|    ep_len_mean          | 1.44e+03     |
|    ep_rew_mean          | 1.44e+03     |
| time/                   |              |
|    fps                  | 649          |
|    iterations           | 5            |
|    time_elapsed         | 7            |
|    total_timesteps      | 5120         |
| train/                  |              |
|    approx_kl            | 0.02241734   |
|    clip_fraction        | 0.231        |
|    clip_range           | 0.2          |
|    entropy_loss         | -17          |
|    explained_variance   | -0.013171911 |
|    learning_rate        | 0.0003       |
|    loss                 | 101          |
|    n_updates            | 40           |
|    policy_gradient_loss | -0.0117      |
|    std                  | 1            |
|    value_loss           | 220          |
------------------------------------------
-------------------------------------------
| rollout/                |               |
|    ep_len_mean          | 1.44e+03      |
|    ep_rew_mean          | 1.44e+03      |
| time/                   |               |
|    fps                  | 652           |
|    iterations           | 6             |
|    time_elapsed         | 9             |
|    total_timesteps      | 6144          |
| train/                  |               |
|    approx_kl            | 0.019070413   |
|    clip_fraction        | 0.204         |
|    clip_range           | 0.2           |
|    entropy_loss         | -17.1         |
|    explained_variance   | -0.0058398247 |
|    learning_rate        | 0.0003        |
|    loss                 | 96.5          |
|    n_updates            | 50            |
|    policy_gradient_loss | -0.0138       |
|    std                  | 1             |
|    value_loss           | 212           |
-------------------------------------------
-------------------------------------------
| rollout/                |               |
|    ep_len_mean          | 1.44e+03      |
|    ep_rew_mean          | 1.44e+03      |
| time/                   |               |
|    fps                  | 653           |
|    iterations           | 7             |
|    time_elapsed         | 10            |
|    total_timesteps      | 7168          |
| train/                  |               |
|    approx_kl            | 0.011345816   |
|    clip_fraction        | 0.195         |
|    clip_range           | 0.2           |
|    entropy_loss         | -17.1         |
|    explained_variance   | 0.00038427114 |
|    learning_rate        | 0.0003        |
|    loss                 | 96.3          |
|    n_updates            | 60            |
|    policy_gradient_loss | -0.0113       |
|    std                  | 1             |
|    value_loss           | 208           |
-------------------------------------------
-------------------------------------------
| rollout/                |               |
|    ep_len_mean          | 1.44e+03      |
|    ep_rew_mean          | 1.44e+03      |
| time/                   |               |
|    fps                  | 654           |
|    iterations           | 8             |
|    time_elapsed         | 12            |
|    total_timesteps      | 8192          |
| train/                  |               |
|    approx_kl            | 0.015409188   |
|    clip_fraction        | 0.156         |
|    clip_range           | 0.2           |
|    entropy_loss         | -17.1         |
|    explained_variance   | -0.0038609505 |
|    learning_rate        | 0.0003        |
|    loss                 | 97.9          |
|    n_updates            | 70            |
|    policy_gradient_loss | -0.011        |
|    std                  | 1.01          |
|    value_loss           | 210           |
-------------------------------------------
------------------------------------------
| rollout/                |              |
|    ep_len_mean          | 1.44e+03     |
|    ep_rew_mean          | 1.44e+03     |
| time/                   |              |
|    fps                  | 654          |
|    iterations           | 9            |
|    time_elapsed         | 14           |
|    total_timesteps      | 9216         |
| train/                  |              |
|    approx_kl            | 0.016778162  |
|    clip_fraction        | 0.163        |
|    clip_range           | 0.2          |
|    entropy_loss         | -17.1        |
|    explained_variance   | 0.0012379289 |
|    learning_rate        | 0.0003       |
|    loss                 | 95.7         |
|    n_updates            | 80           |
|    policy_gradient_loss | -0.0119      |
|    std                  | 1.01         |
|    value_loss           | 202          |
------------------------------------------
--------------------------------------------
| rollout/                |                |
|    ep_len_mean          | 1.44e+03       |
|    ep_rew_mean          | 1.44e+03       |
| time/                   |                |
|    fps                  | 654            |
|    iterations           | 10             |
|    time_elapsed         | 15             |
|    total_timesteps      | 10240          |
| train/                  |                |
|    approx_kl            | 0.013175572    |
|    clip_fraction        | 0.164          |
|    clip_range           | 0.2            |
|    entropy_loss         | -17.1          |
|    explained_variance   | -0.00063312054 |
|    learning_rate        | 0.0003         |
|    loss                 | 93             |
|    n_updates            | 90             |
|    policy_gradient_loss | -0.012         |
|    std                  | 1.01           |
|    value_loss           | 198            |
--------------------------------------------
--------------------------------------------
| rollout/                |                |
|    ep_len_mean          | 1.44e+03       |
|    ep_rew_mean          | 1.44e+03       |
| time/                   |                |
|    fps                  | 654            |
|    iterations           | 11             |
|    time_elapsed         | 17             |
|    total_timesteps      | 11264          |
| train/                  |                |
|    approx_kl            | 0.0087539535   |
|    clip_fraction        | 0.11           |
|    clip_range           | 0.2            |
|    entropy_loss         | -17.1          |
|    explained_variance   | -6.7949295e-06 |
|    learning_rate        | 0.0003         |
|    loss                 | 90.8           |
|    n_updates            | 100            |
|    policy_gradient_loss | -0.0108        |
|    std                  | 1              |
|    value_loss           | 194            |
--------------------------------------------
-------------------------------------------
| rollout/                |               |
|    ep_len_mean          | 1.44e+03      |
|    ep_rew_mean          | 1.44e+03      |
| time/                   |               |
|    fps                  | 655           |
|    iterations           | 12            |
|    time_elapsed         | 18            |
|    total_timesteps      | 12288         |
| train/                  |               |
|    approx_kl            | 0.01322642    |
|    clip_fraction        | 0.133         |
|    clip_range           | 0.2           |
|    entropy_loss         | -17.1         |
|    explained_variance   | -0.0014778376 |
|    learning_rate        | 0.0003        |
|    loss                 | 91.1          |
|    n_updates            | 110           |
|    policy_gradient_loss | -0.0107       |
|    std                  | 1             |
|    value_loss           | 194           |
-------------------------------------------
-------------------------------------------
| rollout/                |               |
|    ep_len_mean          | 1.44e+03      |
|    ep_rew_mean          | 1.44e+03      |
| time/                   |               |
|    fps                  | 655           |
|    iterations           | 13            |
|    time_elapsed         | 20            |
|    total_timesteps      | 13312         |
| train/                  |               |
|    approx_kl            | 0.016764257   |
|    clip_fraction        | 0.233         |
|    clip_range           | 0.2           |
|    entropy_loss         | -17.1         |
|    explained_variance   | 0.00041544437 |
|    learning_rate        | 0.0003        |
|    loss                 | 87.1          |
|    n_updates            | 120           |
|    policy_gradient_loss | -0.0171       |
|    std                  | 1             |
|    value_loss           | 186           |
-------------------------------------------
--------------------------------------------
| rollout/                |                |
|    ep_len_mean          | 1.44e+03       |
|    ep_rew_mean          | 1.44e+03       |
| time/                   |                |
|    fps                  | 656            |
|    iterations           | 14             |
|    time_elapsed         | 21             |
|    total_timesteps      | 14336          |
| train/                  |                |
|    approx_kl            | 0.009067483    |
|    clip_fraction        | 0.115          |
|    clip_range           | 0.2            |
|    entropy_loss         | -17.1          |
|    explained_variance   | -0.00031924248 |
|    learning_rate        | 0.0003         |
|    loss                 | 86.1           |
|    n_updates            | 130            |
|    policy_gradient_loss | -0.00976       |
|    std                  | 1              |
|    value_loss           | 183            |
--------------------------------------------
------------------------------------------
| rollout/                |              |
|    ep_len_mean          | 1.44e+03     |
|    ep_rew_mean          | 1.44e+03     |
| time/                   |              |
|    fps                  | 657          |
|    iterations           | 15           |
|    time_elapsed         | 23           |
|    total_timesteps      | 15360        |
| train/                  |              |
|    approx_kl            | 0.012608588  |
|    clip_fraction        | 0.161        |
|    clip_range           | 0.2          |
|    entropy_loss         | -17.1        |
|    explained_variance   | 0.0002821684 |
|    learning_rate        | 0.0003       |
|    loss                 | 86.1         |
|    n_updates            | 140          |
|    policy_gradient_loss | -0.0128      |
|    std                  | 1            |
|    value_loss           | 184          |
------------------------------------------
-------------------------------------------
| rollout/                |               |
|    ep_len_mean          | 1.44e+03      |
|    ep_rew_mean          | 1.44e+03      |
| time/                   |               |
|    fps                  | 657           |
|    iterations           | 16            |
|    time_elapsed         | 24            |
|    total_timesteps      | 16384         |
| train/                  |               |
|    approx_kl            | 0.008482426   |
|    clip_fraction        | 0.119         |
|    clip_range           | 0.2           |
|    entropy_loss         | -17.1         |
|    explained_variance   | 0.00061905384 |
|    learning_rate        | 0.0003        |
|    loss                 | 81.5          |
|    n_updates            | 150           |
|    policy_gradient_loss | -0.0111       |
|    std                  | 1.01          |
|    value_loss           | 176           |
-------------------------------------------
-------------------------------------------
| rollout/                |               |
|    ep_len_mean          | 1.44e+03      |
|    ep_rew_mean          | 1.44e+03      |
| time/                   |               |
|    fps                  | 656           |
|    iterations           | 17            |
|    time_elapsed         | 26            |
|    total_timesteps      | 17408         |
| train/                  |               |
|    approx_kl            | 0.008768168   |
|    clip_fraction        | 0.128         |
|    clip_range           | 0.2           |
|    entropy_loss         | -17.1         |
|    explained_variance   | 0.00054216385 |
|    learning_rate        | 0.0003        |
|    loss                 | 81.8          |
|    n_updates            | 160           |
|    policy_gradient_loss | -0.0117       |
|    std                  | 1.01          |
|    value_loss           | 172           |
-------------------------------------------
--------------------------------------------
| rollout/                |                |
|    ep_len_mean          | 1.44e+03       |
|    ep_rew_mean          | 1.44e+03       |
| time/                   |                |
|    fps                  | 656            |
|    iterations           | 18             |
|    time_elapsed         | 28             |
|    total_timesteps      | 18432          |
| train/                  |                |
|    approx_kl            | 0.00947578     |
|    clip_fraction        | 0.143          |
|    clip_range           | 0.2            |
|    entropy_loss         | -17.1          |
|    explained_variance   | -2.9802322e-05 |
|    learning_rate        | 0.0003         |
|    loss                 | 78.8           |
|    n_updates            | 170            |
|    policy_gradient_loss | -0.0119        |
|    std                  | 1.01           |
|    value_loss           | 169            |
--------------------------------------------
--------------------------------------------
| rollout/                |                |
|    ep_len_mean          | 1.44e+03       |
|    ep_rew_mean          | 1.44e+03       |
| time/                   |                |
|    fps                  | 655            |
|    iterations           | 19             |
|    time_elapsed         | 29             |
|    total_timesteps      | 19456          |
| train/                  |                |
|    approx_kl            | 0.019230336    |
|    clip_fraction        | 0.207          |
|    clip_range           | 0.2            |
|    entropy_loss         | -17.1          |
|    explained_variance   | -0.00077319145 |
|    learning_rate        | 0.0003         |
|    loss                 | 79.8           |
|    n_updates            | 180            |
|    policy_gradient_loss | -0.0123        |
|    std                  | 1.01           |
|    value_loss           | 169            |
--------------------------------------------
--------------------------------------------
| rollout/                |                |
|    ep_len_mean          | 1.44e+03       |
|    ep_rew_mean          | 1.44e+03       |
| time/                   |                |
|    fps                  | 655            |
|    iterations           | 20             |
|    time_elapsed         | 31             |
|    total_timesteps      | 20480          |
| train/                  |                |
|    approx_kl            | 0.009807704    |
|    clip_fraction        | 0.13           |
|    clip_range           | 0.2            |
|    entropy_loss         | -17.1          |
|    explained_variance   | -0.00018620491 |
|    learning_rate        | 0.0003         |
|    loss                 | 76             |
|    n_updates            | 190            |
|    policy_gradient_loss | -0.0131        |
|    std                  | 1.01           |
|    value_loss           | 162            |
--------------------------------------------
-------------------------------------------
| rollout/                |               |
|    ep_len_mean          | 1.44e+03      |
|    ep_rew_mean          | 1.44e+03      |
| time/                   |               |
|    fps                  | 655           |
|    iterations           | 21            |
|    time_elapsed         | 32            |
|    total_timesteps      | 21504         |
| train/                  |               |
|    approx_kl            | 0.009109051   |
|    clip_fraction        | 0.162         |
|    clip_range           | 0.2           |
|    entropy_loss         | -17.1         |
|    explained_variance   | 1.4960766e-05 |
|    learning_rate        | 0.0003        |
|    loss                 | 75            |
|    n_updates            | 200           |
|    policy_gradient_loss | -0.014        |
|    std                  | 1.01          |
|    value_loss           | 159           |
-------------------------------------------
-------------------------------------------
| rollout/                |               |
|    ep_len_mean          | 1.44e+03      |
|    ep_rew_mean          | 1.44e+03      |
| time/                   |               |
|    fps                  | 656           |
|    iterations           | 22            |
|    time_elapsed         | 34            |
|    total_timesteps      | 22528         |
| train/                  |               |
|    approx_kl            | 0.017826505   |
|    clip_fraction        | 0.201         |
|    clip_range           | 0.2           |
|    entropy_loss         | -17.1         |
|    explained_variance   | 0.00014901161 |
|    learning_rate        | 0.0003        |
|    loss                 | 74.8          |
|    n_updates            | 210           |
|    policy_gradient_loss | -0.0135       |
|    std                  | 1.01          |
|    value_loss           | 159           |
-------------------------------------------
-------------------------------------------
| rollout/                |               |
|    ep_len_mean          | 1.44e+03      |
|    ep_rew_mean          | 1.44e+03      |
| time/                   |               |
|    fps                  | 657           |
|    iterations           | 23            |
|    time_elapsed         | 35            |
|    total_timesteps      | 23552         |
| train/                  |               |
|    approx_kl            | 0.013580031   |
|    clip_fraction        | 0.177         |
|    clip_range           | 0.2           |
|    entropy_loss         | -17.1         |
|    explained_variance   | 0.00034111738 |
|    learning_rate        | 0.0003        |
|    loss                 | 71.6          |
|    n_updates            | 220           |
|    policy_gradient_loss | -0.014        |
|    std                  | 1.01          |
|    value_loss           | 152           |
-------------------------------------------
-------------------------------------------
| rollout/                |               |
|    ep_len_mean          | 1.44e+03      |
|    ep_rew_mean          | 1.44e+03      |
| time/                   |               |
|    fps                  | 657           |
|    iterations           | 24            |
|    time_elapsed         | 37            |
|    total_timesteps      | 24576         |
| train/                  |               |
|    approx_kl            | 0.012132442   |
|    clip_fraction        | 0.153         |
|    clip_range           | 0.2           |
|    entropy_loss         | -17.1         |
|    explained_variance   | -1.680851e-05 |
|    learning_rate        | 0.0003        |
|    loss                 | 69.5          |
|    n_updates            | 230           |
|    policy_gradient_loss | -0.0143       |
|    std                  | 1.01          |
|    value_loss           | 149           |
-------------------------------------------
------------------------------------------
| rollout/                |              |
|    ep_len_mean          | 1.44e+03     |
|    ep_rew_mean          | 1.44e+03     |
| time/                   |              |
|    fps                  | 658          |
|    iterations           | 25           |
|    time_elapsed         | 38           |
|    total_timesteps      | 25600        |
| train/                  |              |
|    approx_kl            | 0.011033466  |
|    clip_fraction        | 0.183        |
|    clip_range           | 0.2          |
|    entropy_loss         | -17.1        |
|    explained_variance   | -0.000436306 |
|    learning_rate        | 0.0003       |
|    loss                 | 69.3         |
|    n_updates            | 240          |
|    policy_gradient_loss | -0.0143      |
|    std                  | 1.01         |
|    value_loss           | 146          |
------------------------------------------
------------------------------------------
| rollout/                |              |
|    ep_len_mean          | 1.44e+03     |
|    ep_rew_mean          | 1.44e+03     |
| time/                   |              |
|    fps                  | 659          |
|    iterations           | 26           |
|    time_elapsed         | 40           |
|    total_timesteps      | 26624        |
| train/                  |              |
|    approx_kl            | 0.017199317  |
|    clip_fraction        | 0.157        |
|    clip_range           | 0.2          |
|    entropy_loss         | -17.1        |
|    explained_variance   | 0.0009614229 |
|    learning_rate        | 0.0003       |
|    loss                 | 68.8         |
|    n_updates            | 250          |
|    policy_gradient_loss | -0.0108      |
|    std                  | 1.01         |
|    value_loss           | 147          |
------------------------------------------
-------------------------------------------
| rollout/                |               |
|    ep_len_mean          | 1.44e+03      |
|    ep_rew_mean          | 1.44e+03      |
| time/                   |               |
|    fps                  | 659           |
|    iterations           | 27            |
|    time_elapsed         | 41            |
|    total_timesteps      | 27648         |
| train/                  |               |
|    approx_kl            | 0.011287924   |
|    clip_fraction        | 0.144         |
|    clip_range           | 0.2           |
|    entropy_loss         | -17.1         |
|    explained_variance   | 0.00029313564 |
|    learning_rate        | 0.0003        |
|    loss                 | 64.6          |
|    n_updates            | 260           |
|    policy_gradient_loss | -0.0149       |
|    std                  | 1             |
|    value_loss           | 140           |
-------------------------------------------
---------------------------------------------
| rollout/                |                 |
|    ep_len_mean          | 1.44e+03        |
|    ep_rew_mean          | 1.44e+03        |
| time/                   |                 |
|    fps                  | 659             |
|    iterations           | 28              |
|    time_elapsed         | 43              |
|    total_timesteps      | 28672           |
| train/                  |                 |
|    approx_kl            | 0.008369794     |
|    clip_fraction        | 0.121           |
|    clip_range           | 0.2             |
|    entropy_loss         | -17.1           |
|    explained_variance   | -0.000121474266 |
|    learning_rate        | 0.0003          |
|    loss                 | 64              |
|    n_updates            | 270             |
|    policy_gradient_loss | -0.0144         |
|    std                  | 1               |
|    value_loss           | 136             |
---------------------------------------------
-------------------------------------------
| rollout/                |               |
|    ep_len_mean          | 1.44e+03      |
|    ep_rew_mean          | 1.44e+03      |
| time/                   |               |
|    fps                  | 659           |
|    iterations           | 29            |
|    time_elapsed         | 45            |
|    total_timesteps      | 29696         |
| train/                  |               |
|    approx_kl            | 0.013397418   |
|    clip_fraction        | 0.165         |
|    clip_range           | 0.2           |
|    entropy_loss         | -17.1         |
|    explained_variance   | 0.00015848875 |
|    learning_rate        | 0.0003        |
|    loss                 | 63.7          |
|    n_updates            | 280           |
|    policy_gradient_loss | -0.0115       |
|    std                  | 1             |
|    value_loss           | 137           |
-------------------------------------------
--------------------------------------------
| rollout/                |                |
|    ep_len_mean          | 1.44e+03       |
|    ep_rew_mean          | 1.44e+03       |
| time/                   |                |
|    fps                  | 659            |
|    iterations           | 30             |
|    time_elapsed         | 46             |
|    total_timesteps      | 30720          |
| train/                  |                |
|    approx_kl            | 0.012664283    |
|    clip_fraction        | 0.165          |
|    clip_range           | 0.2            |
|    entropy_loss         | -17.1          |
|    explained_variance   | -4.4465065e-05 |
|    learning_rate        | 0.0003         |
|    loss                 | 60.6           |
|    n_updates            | 290            |
|    policy_gradient_loss | -0.0175        |
|    std                  | 1              |
|    value_loss           | 130            |
--------------------------------------------
------------------------------------------
| rollout/                |              |
|    ep_len_mean          | 1.44e+03     |
|    ep_rew_mean          | 1.44e+03     |
| time/                   |              |
|    fps                  | 660          |
|    iterations           | 31           |
|    time_elapsed         | 48           |
|    total_timesteps      | 31744        |
| train/                  |              |
|    approx_kl            | 0.012789421  |
|    clip_fraction        | 0.148        |
|    clip_range           | 0.2          |
|    entropy_loss         | -17.1        |
|    explained_variance   | 2.360344e-05 |
|    learning_rate        | 0.0003       |
|    loss                 | 60           |
|    n_updates            | 300          |
|    policy_gradient_loss | -0.012       |
|    std                  | 1            |
|    value_loss           | 128          |
------------------------------------------
-------------------------------------------
| rollout/                |               |
|    ep_len_mean          | 1.44e+03      |
|    ep_rew_mean          | 1.44e+03      |
| time/                   |               |
|    fps                  | 660           |
|    iterations           | 32            |
|    time_elapsed         | 49            |
|    total_timesteps      | 32768         |
| train/                  |               |
|    approx_kl            | 0.010043526   |
|    clip_fraction        | 0.136         |
|    clip_range           | 0.2           |
|    entropy_loss         | -17.1         |
|    explained_variance   | 0.00020420551 |
|    learning_rate        | 0.0003        |
|    loss                 | 58.4          |
|    n_updates            | 310           |
|    policy_gradient_loss | -0.0138       |
|    std                  | 1             |
|    value_loss           | 124           |
-------------------------------------------
--------------------------------------------
| rollout/                |                |
|    ep_len_mean          | 1.44e+03       |
|    ep_rew_mean          | 1.44e+03       |
| time/                   |                |
|    fps                  | 661            |
|    iterations           | 33             |
|    time_elapsed         | 51             |
|    total_timesteps      | 33792          |
| train/                  |                |
|    approx_kl            | 0.011858081    |
|    clip_fraction        | 0.163          |
|    clip_range           | 0.2            |
|    entropy_loss         | -17.1          |
|    explained_variance   | -0.00036513805 |
|    learning_rate        | 0.0003         |
|    loss                 | 58.3           |
|    n_updates            | 320            |
|    policy_gradient_loss | -0.0105        |
|    std                  | 1              |
|    value_loss           | 125            |
--------------------------------------------
-------------------------------------------
| rollout/                |               |
|    ep_len_mean          | 1.44e+03      |
|    ep_rew_mean          | 1.44e+03      |
| time/                   |               |
|    fps                  | 661           |
|    iterations           | 34            |
|    time_elapsed         | 52            |
|    total_timesteps      | 34816         |
| train/                  |               |
|    approx_kl            | 0.010010582   |
|    clip_fraction        | 0.138         |
|    clip_range           | 0.2           |
|    entropy_loss         | -17.1         |
|    explained_variance   | 0.00010603666 |
|    learning_rate        | 0.0003        |
|    loss                 | 55.8          |
|    n_updates            | 330           |
|    policy_gradient_loss | -0.0124       |
|    std                  | 1             |
|    value_loss           | 119           |
-------------------------------------------
------------------------------------------
| rollout/                |              |
|    ep_len_mean          | 1.44e+03     |
|    ep_rew_mean          | 1.44e+03     |
| time/                   |              |
|    fps                  | 661          |
|    iterations           | 35           |
|    time_elapsed         | 54           |
|    total_timesteps      | 35840        |
| train/                  |              |
|    approx_kl            | 0.011729543  |
|    clip_fraction        | 0.162        |
|    clip_range           | 0.2          |
|    entropy_loss         | -17.1        |
|    explained_variance   | 7.688999e-06 |
|    learning_rate        | 0.0003       |
|    loss                 | 54.1         |
|    n_updates            | 340          |
|    policy_gradient_loss | -0.0128      |
|    std                  | 1            |
|    value_loss           | 116          |
------------------------------------------
--------------------------------------------
| rollout/                |                |
|    ep_len_mean          | 1.44e+03       |
|    ep_rew_mean          | 1.44e+03       |
| time/                   |                |
|    fps                  | 661            |
|    iterations           | 36             |
|    time_elapsed         | 55             |
|    total_timesteps      | 36864          |
| train/                  |                |
|    approx_kl            | 0.01033259     |
|    clip_fraction        | 0.129          |
|    clip_range           | 0.2            |
|    entropy_loss         | -17.1          |
|    explained_variance   | -6.7830086e-05 |
|    learning_rate        | 0.0003         |
|    loss                 | 53.9           |
|    n_updates            | 350            |
|    policy_gradient_loss | -0.0139        |
|    std                  | 1              |
|    value_loss           | 116            |
--------------------------------------------
-------------------------------------------
| rollout/                |               |
|    ep_len_mean          | 1.44e+03      |
|    ep_rew_mean          | 1.44e+03      |
| time/                   |               |
|    fps                  | 661           |
|    iterations           | 37            |
|    time_elapsed         | 57            |
|    total_timesteps      | 37888         |
| train/                  |               |
|    approx_kl            | 0.011281299   |
|    clip_fraction        | 0.136         |
|    clip_range           | 0.2           |
|    entropy_loss         | -17           |
|    explained_variance   | -1.859665e-05 |
|    learning_rate        | 0.0003        |
|    loss                 | 51            |
|    n_updates            | 360           |
|    policy_gradient_loss | -0.0147       |
|    std                  | 1             |
|    value_loss           | 111           |
-------------------------------------------
--------------------------------------------
| rollout/                |                |
|    ep_len_mean          | 1.44e+03       |
|    ep_rew_mean          | 1.44e+03       |
| time/                   |                |
|    fps                  | 661            |
|    iterations           | 38             |
|    time_elapsed         | 58             |
|    total_timesteps      | 38912          |
| train/                  |                |
|    approx_kl            | 0.012127667    |
|    clip_fraction        | 0.167          |
|    clip_range           | 0.2            |
|    entropy_loss         | -17            |
|    explained_variance   | -4.5657158e-05 |
|    learning_rate        | 0.0003         |
|    loss                 | 50.5           |
|    n_updates            | 370            |
|    policy_gradient_loss | -0.0174        |
|    std                  | 1              |
|    value_loss           | 108            |
--------------------------------------------
------------------------------------------
| rollout/                |              |
|    ep_len_mean          | 1.44e+03     |
|    ep_rew_mean          | 1.44e+03     |
| time/                   |              |
|    fps                  | 662          |
|    iterations           | 39           |
|    time_elapsed         | 60           |
|    total_timesteps      | 39936        |
| train/                  |              |
|    approx_kl            | 0.019798087  |
|    clip_fraction        | 0.234        |
|    clip_range           | 0.2          |
|    entropy_loss         | -17          |
|    explained_variance   | 8.201599e-05 |
|    learning_rate        | 0.0003       |
|    loss                 | 48.2         |
|    n_updates            | 380          |
|    policy_gradient_loss | -0.0182      |
|    std                  | 1            |
|    value_loss           | 106          |
------------------------------------------
-------------------------------------------
| rollout/                |               |
|    ep_len_mean          | 1.44e+03      |
|    ep_rew_mean          | 1.44e+03      |
| time/                   |               |
|    fps                  | 662           |
|    iterations           | 40            |
|    time_elapsed         | 61            |
|    total_timesteps      | 40960         |
| train/                  |               |
|    approx_kl            | 0.021357816   |
|    clip_fraction        | 0.216         |
|    clip_range           | 0.2           |
|    entropy_loss         | -17.1         |
|    explained_variance   | 0.00012099743 |
|    learning_rate        | 0.0003        |
|    loss                 | 49            |
|    n_updates            | 390           |
|    policy_gradient_loss | -0.0149       |
|    std                  | 1             |
|    value_loss           | 106           |
-------------------------------------------
-------------------------------------------
| rollout/                |               |
|    ep_len_mean          | 1.44e+03      |
|    ep_rew_mean          | 1.44e+03      |
| time/                   |               |
|    fps                  | 662           |
|    iterations           | 41            |
|    time_elapsed         | 63            |
|    total_timesteps      | 41984         |
| train/                  |               |
|    approx_kl            | 0.013141656   |
|    clip_fraction        | 0.163         |
|    clip_range           | 0.2           |
|    entropy_loss         | -17.1         |
|    explained_variance   | -5.698204e-05 |
|    learning_rate        | 0.0003        |
|    loss                 | 47.1          |
|    n_updates            | 400           |
|    policy_gradient_loss | -0.0152       |
|    std                  | 1             |
|    value_loss           | 100           |
-------------------------------------------
--------------------------------------------
| rollout/                |                |
|    ep_len_mean          | 1.44e+03       |
|    ep_rew_mean          | 1.44e+03       |
| time/                   |                |
|    fps                  | 663            |
|    iterations           | 42             |
|    time_elapsed         | 64             |
|    total_timesteps      | 43008          |
| train/                  |                |
|    approx_kl            | 0.01048808     |
|    clip_fraction        | 0.131          |
|    clip_range           | 0.2            |
|    entropy_loss         | -17.1          |
|    explained_variance   | -0.00010216236 |
|    learning_rate        | 0.0003         |
|    loss                 | 45.7           |
|    n_updates            | 410            |
|    policy_gradient_loss | -0.0128        |
|    std                  | 1.01           |
|    value_loss           | 97.4           |
--------------------------------------------
-------------------------------------------
| rollout/                |               |
|    ep_len_mean          | 1.44e+03      |
|    ep_rew_mean          | 1.44e+03      |
| time/                   |               |
|    fps                  | 663           |
|    iterations           | 43            |
|    time_elapsed         | 66            |
|    total_timesteps      | 44032         |
| train/                  |               |
|    approx_kl            | 0.013780385   |
|    clip_fraction        | 0.213         |
|    clip_range           | 0.2           |
|    entropy_loss         | -17.1         |
|    explained_variance   | 2.6285648e-05 |
|    learning_rate        | 0.0003        |
|    loss                 | 45            |
|    n_updates            | 420           |
|    policy_gradient_loss | -0.0138       |
|    std                  | 1.01          |
|    value_loss           | 97.8          |
-------------------------------------------
-------------------------------------------
| rollout/                |               |
|    ep_len_mean          | 1.44e+03      |
|    ep_rew_mean          | 1.44e+03      |
| time/                   |               |
|    fps                  | 664           |
|    iterations           | 44            |
|    time_elapsed         | 67            |
|    total_timesteps      | 45056         |
| train/                  |               |
|    approx_kl            | 0.009619921   |
|    clip_fraction        | 0.0939        |
|    clip_range           | 0.2           |
|    entropy_loss         | -17.1         |
|    explained_variance   | 8.8751316e-05 |
|    learning_rate        | 0.0003        |
|    loss                 | 43.2          |
|    n_updates            | 430           |
|    policy_gradient_loss | -0.0112       |
|    std                  | 1.01          |
|    value_loss           | 92.8          |
-------------------------------------------
-------------------------------------------
| rollout/                |               |
|    ep_len_mean          | 1.44e+03      |
|    ep_rew_mean          | 1.44e+03      |
| time/                   |               |
|    fps                  | 664           |
|    iterations           | 45            |
|    time_elapsed         | 69            |
|    total_timesteps      | 46080         |
| train/                  |               |
|    approx_kl            | 0.011231814   |
|    clip_fraction        | 0.164         |
|    clip_range           | 0.2           |
|    entropy_loss         | -17.1         |
|    explained_variance   | -4.518032e-05 |
|    learning_rate        | 0.0003        |
|    loss                 | 42.1          |
|    n_updates            | 440           |
|    policy_gradient_loss | -0.0134       |
|    std                  | 1.01          |
|    value_loss           | 89.9          |
-------------------------------------------
-------------------------------------------
| rollout/                |               |
|    ep_len_mean          | 1.44e+03      |
|    ep_rew_mean          | 1.44e+03      |
| time/                   |               |
|    fps                  | 664           |
|    iterations           | 46            |
|    time_elapsed         | 70            |
|    total_timesteps      | 47104         |
| train/                  |               |
|    approx_kl            | 0.0125289075  |
|    clip_fraction        | 0.132         |
|    clip_range           | 0.2           |
|    entropy_loss         | -17.1         |
|    explained_variance   | 7.0273876e-05 |
|    learning_rate        | 0.0003        |
|    loss                 | 41.4          |
|    n_updates            | 450           |
|    policy_gradient_loss | -0.0106       |
|    std                  | 1.01          |
|    value_loss           | 89.7          |
-------------------------------------------
-------------------------------------------
| rollout/                |               |
|    ep_len_mean          | 1.44e+03      |
|    ep_rew_mean          | 1.45e+03      |
| time/                   |               |
|    fps                  | 664           |
|    iterations           | 47            |
|    time_elapsed         | 72            |
|    total_timesteps      | 48128         |
| train/                  |               |
|    approx_kl            | 0.016659886   |
|    clip_fraction        | 0.197         |
|    clip_range           | 0.2           |
|    entropy_loss         | -17.1         |
|    explained_variance   | 1.5616417e-05 |
|    learning_rate        | 0.0003        |
|    loss                 | 40.8          |
|    n_updates            | 460           |
|    policy_gradient_loss | -0.0121       |
|    std                  | 1.01          |
|    value_loss           | 87.8          |
-------------------------------------------
--------------------------------------------
| rollout/                |                |
|    ep_len_mean          | 1.44e+03       |
|    ep_rew_mean          | 1.45e+03       |
| time/                   |                |
|    fps                  | 665            |
|    iterations           | 48             |
|    time_elapsed         | 73             |
|    total_timesteps      | 49152          |
| train/                  |                |
|    approx_kl            | 0.010787968    |
|    clip_fraction        | 0.174          |
|    clip_range           | 0.2            |
|    entropy_loss         | -17.2          |
|    explained_variance   | -2.4437904e-05 |
|    learning_rate        | 0.0003         |
|    loss                 | 38.8           |
|    n_updates            | 470            |
|    policy_gradient_loss | -0.0158        |
|    std                  | 1.01           |
|    value_loss           | 83.3           |
--------------------------------------------
--------------------------------------------
| rollout/                |                |
|    ep_len_mean          | 1.44e+03       |
|    ep_rew_mean          | 1.45e+03       |
| time/                   |                |
|    fps                  | 664            |
|    iterations           | 49             |
|    time_elapsed         | 75             |
|    total_timesteps      | 50176          |
| train/                  |                |
|    approx_kl            | 0.008245582    |
|    clip_fraction        | 0.126          |
|    clip_range           | 0.2            |
|    entropy_loss         | -17.2          |
|    explained_variance   | -3.2186508e-05 |
|    learning_rate        | 0.0003         |
|    loss                 | 37.7           |
|    n_updates            | 480            |
|    policy_gradient_loss | -0.0109        |
|    std                  | 1.01           |
|    value_loss           | 81.1           |
--------------------------------------------
--------------------------------------------
| rollout/                |                |
|    ep_len_mean          | 1.44e+03       |
|    ep_rew_mean          | 1.45e+03       |
| time/                   |                |
|    fps                  | 664            |
|    iterations           | 50             |
|    time_elapsed         | 77             |
|    total_timesteps      | 51200          |
| train/                  |                |
|    approx_kl            | 0.014576105    |
|    clip_fraction        | 0.21           |
|    clip_range           | 0.2            |
|    entropy_loss         | -17.2          |
|    explained_variance   | -6.9618225e-05 |
|    learning_rate        | 0.0003         |
|    loss                 | 36.8           |
|    n_updates            | 490            |
|    policy_gradient_loss | -0.0132        |
|    std                  | 1.01           |
|    value_loss           | 80.5           |
--------------------------------------------
--------------------------------------------
| rollout/                |                |
|    ep_len_mean          | 1.44e+03       |
|    ep_rew_mean          | 1.45e+03       |
| time/                   |                |
|    fps                  | 664            |
|    iterations           | 51             |
|    time_elapsed         | 78             |
|    total_timesteps      | 52224          |
| train/                  |                |
|    approx_kl            | 0.011050331    |
|    clip_fraction        | 0.169          |
|    clip_range           | 0.2            |
|    entropy_loss         | -17.2          |
|    explained_variance   | -7.2717667e-06 |
|    learning_rate        | 0.0003         |
|    loss                 | 34.8           |
|    n_updates            | 500            |
|    policy_gradient_loss | -0.0155        |
|    std                  | 1.01           |
|    value_loss           | 76             |
--------------------------------------------
-------------------------------------------
| rollout/                |               |
|    ep_len_mean          | 1.44e+03      |
|    ep_rew_mean          | 1.45e+03      |
| time/                   |               |
|    fps                  | 664           |
|    iterations           | 52            |
|    time_elapsed         | 80            |
|    total_timesteps      | 53248         |
| train/                  |               |
|    approx_kl            | 0.012401706   |
|    clip_fraction        | 0.145         |
|    clip_range           | 0.2           |
|    entropy_loss         | -17.1         |
|    explained_variance   | 0.00015968084 |
|    learning_rate        | 0.0003        |
|    loss                 | 33.7          |
|    n_updates            | 510           |
|    policy_gradient_loss | -0.0173       |
|    std                  | 1.01          |
|    value_loss           | 74            |
-------------------------------------------
------------------------------------------
| rollout/                |              |
|    ep_len_mean          | 1.44e+03     |
|    ep_rew_mean          | 1.45e+03     |
| time/                   |              |
|    fps                  | 664          |
|    iterations           | 53           |
|    time_elapsed         | 81           |
|    total_timesteps      | 54272        |
| train/                  |              |
|    approx_kl            | 0.011877345  |
|    clip_fraction        | 0.155        |
|    clip_range           | 0.2          |
|    entropy_loss         | -17.1        |
|    explained_variance   | 6.186962e-05 |
|    learning_rate        | 0.0003       |
|    loss                 | 33.3         |
|    n_updates            | 520          |
|    policy_gradient_loss | -0.0143      |
|    std                  | 1.01         |
|    value_loss           | 73.5         |
------------------------------------------
--------------------------------------------
| rollout/                |                |
|    ep_len_mean          | 1.44e+03       |
|    ep_rew_mean          | 1.45e+03       |
| time/                   |                |
|    fps                  | 663            |
|    iterations           | 54             |
|    time_elapsed         | 83             |
|    total_timesteps      | 55296          |
| train/                  |                |
|    approx_kl            | 0.012019043    |
|    clip_fraction        | 0.16           |
|    clip_range           | 0.2            |
|    entropy_loss         | -17.1          |
|    explained_variance   | -2.3245811e-05 |
|    learning_rate        | 0.0003         |
|    loss                 | 31.9           |
|    n_updates            | 530            |
|    policy_gradient_loss | -0.0128        |
|    std                  | 1.01           |
|    value_loss           | 70.2           |
--------------------------------------------
--------------------------------------------
| rollout/                |                |
|    ep_len_mean          | 1.44e+03       |
|    ep_rew_mean          | 1.45e+03       |
| time/                   |                |
|    fps                  | 664            |
|    iterations           | 55             |
|    time_elapsed         | 84             |
|    total_timesteps      | 56320          |
| train/                  |                |
|    approx_kl            | 0.010685499    |
|    clip_fraction        | 0.134          |
|    clip_range           | 0.2            |
|    entropy_loss         | -17.1          |
|    explained_variance   | -3.7431717e-05 |
|    learning_rate        | 0.0003         |
|    loss                 | 31.2           |
|    n_updates            | 540            |
|    policy_gradient_loss | -0.0139        |
|    std                  | 1.01           |
|    value_loss           | 67.9           |
--------------------------------------------
-------------------------------------------
| rollout/                |               |
|    ep_len_mean          | 1.44e+03      |
|    ep_rew_mean          | 1.45e+03      |
| time/                   |               |
|    fps                  | 664           |
|    iterations           | 56            |
|    time_elapsed         | 86            |
|    total_timesteps      | 57344         |
| train/                  |               |
|    approx_kl            | 0.011591718   |
|    clip_fraction        | 0.154         |
|    clip_range           | 0.2           |
|    entropy_loss         | -17.1         |
|    explained_variance   | 2.9861927e-05 |
|    learning_rate        | 0.0003        |
|    loss                 | 29.3          |
|    n_updates            | 550           |
|    policy_gradient_loss | -0.0161       |
|    std                  | 1.01          |
|    value_loss           | 65.8          |
-------------------------------------------
-------------------------------------------
| rollout/                |               |
|    ep_len_mean          | 1.44e+03      |
|    ep_rew_mean          | 1.45e+03      |
| time/                   |               |
|    fps                  | 663           |
|    iterations           | 57            |
|    time_elapsed         | 87            |
|    total_timesteps      | 58368         |
| train/                  |               |
|    approx_kl            | 0.012612498   |
|    clip_fraction        | 0.164         |
|    clip_range           | 0.2           |
|    entropy_loss         | -17.1         |
|    explained_variance   | -3.862381e-05 |
|    learning_rate        | 0.0003        |
|    loss                 | 29.2          |
|    n_updates            | 560           |
|    policy_gradient_loss | -0.013        |
|    std                  | 1.01          |
|    value_loss           | 65            |
-------------------------------------------
--------------------------------------------
| rollout/                |                |
|    ep_len_mean          | 1.44e+03       |
|    ep_rew_mean          | 1.45e+03       |
| time/                   |                |
|    fps                  | 663            |
|    iterations           | 58             |
|    time_elapsed         | 89             |
|    total_timesteps      | 59392          |
| train/                  |                |
|    approx_kl            | 0.010682257    |
|    clip_fraction        | 0.13           |
|    clip_range           | 0.2            |
|    entropy_loss         | -17.1          |
|    explained_variance   | -6.3061714e-05 |
|    learning_rate        | 0.0003         |
|    loss                 | 28.2           |
|    n_updates            | 570            |
|    policy_gradient_loss | -0.013         |
|    std                  | 1.01           |
|    value_loss           | 61.5           |
--------------------------------------------
-------------------------------------------
| rollout/                |               |
|    ep_len_mean          | 1.44e+03      |
|    ep_rew_mean          | 1.45e+03      |
| time/                   |               |
|    fps                  | 663           |
|    iterations           | 59            |
|    time_elapsed         | 91            |
|    total_timesteps      | 60416         |
| train/                  |               |
|    approx_kl            | 0.009732418   |
|    clip_fraction        | 0.11          |
|    clip_range           | 0.2           |
|    entropy_loss         | -17.1         |
|    explained_variance   | 0.00010019541 |
|    learning_rate        | 0.0003        |
|    loss                 | 27            |
|    n_updates            | 580           |
|    policy_gradient_loss | -0.012        |
|    std                  | 1.01          |
|    value_loss           | 59.4          |
-------------------------------------------
------------------------------------------
| rollout/                |              |
|    ep_len_mean          | 1.44e+03     |
|    ep_rew_mean          | 1.45e+03     |
| time/                   |              |
|    fps                  | 663          |
|    iterations           | 60           |
|    time_elapsed         | 92           |
|    total_timesteps      | 61440        |
| train/                  |              |
|    approx_kl            | 0.015214502  |
|    clip_fraction        | 0.234        |
|    clip_range           | 0.2          |
|    entropy_loss         | -17.1        |
|    explained_variance   | 3.194809e-05 |
|    learning_rate        | 0.0003       |
|    loss                 | 26.6         |
|    n_updates            | 590          |
|    policy_gradient_loss | -0.0162      |
|    std                  | 1.01         |
|    value_loss           | 59.1         |
------------------------------------------
-------------------------------------------
| rollout/                |               |
|    ep_len_mean          | 1.44e+03      |
|    ep_rew_mean          | 1.45e+03      |
| time/                   |               |
|    fps                  | 663           |
|    iterations           | 61            |
|    time_elapsed         | 94            |
|    total_timesteps      | 62464         |
| train/                  |               |
|    approx_kl            | 0.010791674   |
|    clip_fraction        | 0.154         |
|    clip_range           | 0.2           |
|    entropy_loss         | -17.1         |
|    explained_variance   | -8.940697e-06 |
|    learning_rate        | 0.0003        |
|    loss                 | 25.1          |
|    n_updates            | 600           |
|    policy_gradient_loss | -0.0166       |
|    std                  | 1.01          |
|    value_loss           | 55.6          |
-------------------------------------------
------------------------------------------
| rollout/                |              |
|    ep_len_mean          | 1.44e+03     |
|    ep_rew_mean          | 1.45e+03     |
| time/                   |              |
|    fps                  | 663          |
|    iterations           | 62           |
|    time_elapsed         | 95           |
|    total_timesteps      | 63488        |
| train/                  |              |
|    approx_kl            | 0.013639477  |
|    clip_fraction        | 0.153        |
|    clip_range           | 0.2          |
|    entropy_loss         | -17.1        |
|    explained_variance   | 3.373623e-05 |
|    learning_rate        | 0.0003       |
|    loss                 | 24.4         |
|    n_updates            | 610          |
|    policy_gradient_loss | -0.015       |
|    std                  | 1            |
|    value_loss           | 53.9         |
------------------------------------------
-------------------------------------------
| rollout/                |               |
|    ep_len_mean          | 1.44e+03      |
|    ep_rew_mean          | 1.45e+03      |
| time/                   |               |
|    fps                  | 663           |
|    iterations           | 63            |
|    time_elapsed         | 97            |
|    total_timesteps      | 64512         |
| train/                  |               |
|    approx_kl            | 0.011060387   |
|    clip_fraction        | 0.146         |
|    clip_range           | 0.2           |
|    entropy_loss         | -17.1         |
|    explained_variance   | 5.1259995e-05 |
|    learning_rate        | 0.0003        |
|    loss                 | 23.2          |
|    n_updates            | 620           |
|    policy_gradient_loss | -0.0141       |
|    std                  | 1             |
|    value_loss           | 51.8          |
-------------------------------------------
--------------------------------------------
| rollout/                |                |
|    ep_len_mean          | 1.44e+03       |
|    ep_rew_mean          | 1.45e+03       |
| time/                   |                |
|    fps                  | 663            |
|    iterations           | 64             |
|    time_elapsed         | 98             |
|    total_timesteps      | 65536          |
| train/                  |                |
|    approx_kl            | 0.012109842    |
|    clip_fraction        | 0.209          |
|    clip_range           | 0.2            |
|    entropy_loss         | -17.1          |
|    explained_variance   | -6.8068504e-05 |
|    learning_rate        | 0.0003         |
|    loss                 | 23.1           |
|    n_updates            | 630            |
|    policy_gradient_loss | -0.0166        |
|    std                  | 1              |
|    value_loss           | 51.4           |
--------------------------------------------
-------------------------------------------
| rollout/                |               |
|    ep_len_mean          | 1.44e+03      |
|    ep_rew_mean          | 1.45e+03      |
| time/                   |               |
|    fps                  | 663           |
|    iterations           | 65            |
|    time_elapsed         | 100           |
|    total_timesteps      | 66560         |
| train/                  |               |
|    approx_kl            | 0.01756697    |
|    clip_fraction        | 0.193         |
|    clip_range           | 0.2           |
|    entropy_loss         | -17           |
|    explained_variance   | -2.503395e-05 |
|    learning_rate        | 0.0003        |
|    loss                 | 22            |
|    n_updates            | 640           |
|    policy_gradient_loss | -0.0193       |
|    std                  | 1             |
|    value_loss           | 48.4          |
-------------------------------------------
--------------------------------------------
| rollout/                |                |
|    ep_len_mean          | 1.44e+03       |
|    ep_rew_mean          | 1.45e+03       |
| time/                   |                |
|    fps                  | 663            |
|    iterations           | 66             |
|    time_elapsed         | 101            |
|    total_timesteps      | 67584          |
| train/                  |                |
|    approx_kl            | 0.015847292    |
|    clip_fraction        | 0.221          |
|    clip_range           | 0.2            |
|    entropy_loss         | -17            |
|    explained_variance   | -1.9073486e-06 |
|    learning_rate        | 0.0003         |
|    loss                 | 21             |
|    n_updates            | 650            |
|    policy_gradient_loss | -0.0182        |
|    std                  | 1              |
|    value_loss           | 46.7           |
--------------------------------------------
-------------------------------------------
| rollout/                |               |
|    ep_len_mean          | 1.44e+03      |
|    ep_rew_mean          | 1.45e+03      |
| time/                   |               |
|    fps                  | 663           |
|    iterations           | 67            |
|    time_elapsed         | 103           |
|    total_timesteps      | 68608         |
| train/                  |               |
|    approx_kl            | 0.017995344   |
|    clip_fraction        | 0.228         |
|    clip_range           | 0.2           |
|    entropy_loss         | -17           |
|    explained_variance   | 2.3782253e-05 |
|    learning_rate        | 0.0003        |
|    loss                 | 20.8          |
|    n_updates            | 660           |
|    policy_gradient_loss | -0.0185       |
|    std                  | 1             |
|    value_loss           | 46.2          |
-------------------------------------------
-------------------------------------------
| rollout/                |               |
|    ep_len_mean          | 1.44e+03      |
|    ep_rew_mean          | 1.45e+03      |
| time/                   |               |
|    fps                  | 664           |
|    iterations           | 68            |
|    time_elapsed         | 104           |
|    total_timesteps      | 69632         |
| train/                  |               |
|    approx_kl            | 0.015921792   |
|    clip_fraction        | 0.203         |
|    clip_range           | 0.2           |
|    entropy_loss         | -17           |
|    explained_variance   | 1.4305115e-06 |
|    learning_rate        | 0.0003        |
|    loss                 | 19.2          |
|    n_updates            | 670           |
|    policy_gradient_loss | -0.0187       |
|    std                  | 0.999         |
|    value_loss           | 43.1          |
-------------------------------------------
------------------------------------------
| rollout/                |              |
|    ep_len_mean          | 1.44e+03     |
|    ep_rew_mean          | 1.45e+03     |
| time/                   |              |
|    fps                  | 664          |
|    iterations           | 69           |
|    time_elapsed         | 106          |
|    total_timesteps      | 70656        |
| train/                  |              |
|    approx_kl            | 0.016300064  |
|    clip_fraction        | 0.189        |
|    clip_range           | 0.2          |
|    entropy_loss         | -17          |
|    explained_variance   | -4.36306e-05 |
|    learning_rate        | 0.0003       |
|    loss                 | 18.4         |
|    n_updates            | 680          |
|    policy_gradient_loss | -0.0182      |
|    std                  | 1            |
|    value_loss           | 41.4         |
------------------------------------------
------------------------------------------
| rollout/                |              |
|    ep_len_mean          | 1.44e+03     |
|    ep_rew_mean          | 1.45e+03     |
| time/                   |              |
|    fps                  | 662          |
|    iterations           | 70           |
|    time_elapsed         | 108          |
|    total_timesteps      | 71680        |
| train/                  |              |
|    approx_kl            | 0.0146359    |
|    clip_fraction        | 0.179        |
|    clip_range           | 0.2          |
|    entropy_loss         | -17          |
|    explained_variance   | 1.513958e-05 |
|    learning_rate        | 0.0003       |
|    loss                 | 17.6         |
|    n_updates            | 690          |
|    policy_gradient_loss | -0.0158      |
|    std                  | 1            |
|    value_loss           | 39.6         |
------------------------------------------
--------------------------------------------
| rollout/                |                |
|    ep_len_mean          | 1.44e+03       |
|    ep_rew_mean          | 1.45e+03       |
| time/                   |                |
|    fps                  | 661            |
|    iterations           | 71             |
|    time_elapsed         | 109            |
|    total_timesteps      | 72704          |
| train/                  |                |
|    approx_kl            | 0.013407992    |
|    clip_fraction        | 0.255          |
|    clip_range           | 0.2            |
|    entropy_loss         | -17            |
|    explained_variance   | -0.00012683868 |
|    learning_rate        | 0.0003         |
|    loss                 | 17.3           |
|    n_updates            | 700            |
|    policy_gradient_loss | -0.017         |
|    std                  | 1              |
|    value_loss           | 39.1           |
--------------------------------------------
-------------------------------------------
| rollout/                |               |
|    ep_len_mean          | 1.44e+03      |
|    ep_rew_mean          | 1.45e+03      |
| time/                   |               |
|    fps                  | 659           |
|    iterations           | 72            |
|    time_elapsed         | 111           |
|    total_timesteps      | 73728         |
| train/                  |               |
|    approx_kl            | 0.017252106   |
|    clip_fraction        | 0.207         |
|    clip_range           | 0.2           |
|    entropy_loss         | -17           |
|    explained_variance   | 3.6001205e-05 |
|    learning_rate        | 0.0003        |
|    loss                 | 15.9          |
|    n_updates            | 710           |
|    policy_gradient_loss | -0.0179       |
|    std                  | 1             |
|    value_loss           | 36.2          |
-------------------------------------------
------------------------------------------
| rollout/                |              |
|    ep_len_mean          | 1.44e+03     |
|    ep_rew_mean          | 1.45e+03     |
| time/                   |              |
|    fps                  | 658          |
|    iterations           | 73           |
|    time_elapsed         | 113          |
|    total_timesteps      | 74752        |
| train/                  |              |
|    approx_kl            | 0.014308192  |
|    clip_fraction        | 0.171        |
|    clip_range           | 0.2          |
|    entropy_loss         | -17          |
|    explained_variance   | 6.020069e-05 |
|    learning_rate        | 0.0003       |
|    loss                 | 14.7         |
|    n_updates            | 720          |
|    policy_gradient_loss | -0.0173      |
|    std                  | 1            |
|    value_loss           | 34.3         |
------------------------------------------
-------------------------------------------
| rollout/                |               |
|    ep_len_mean          | 1.44e+03      |
|    ep_rew_mean          | 1.45e+03      |
| time/                   |               |
|    fps                  | 657           |
|    iterations           | 74            |
|    time_elapsed         | 115           |
|    total_timesteps      | 75776         |
| train/                  |               |
|    approx_kl            | 0.015600788   |
|    clip_fraction        | 0.205         |
|    clip_range           | 0.2           |
|    entropy_loss         | -17           |
|    explained_variance   | -7.915497e-05 |
|    learning_rate        | 0.0003        |
|    loss                 | 15            |
|    n_updates            | 730           |
|    policy_gradient_loss | -0.0184       |
|    std                  | 1             |
|    value_loss           | 33.9          |
-------------------------------------------
------------------------------------------
| rollout/                |              |
|    ep_len_mean          | 1.44e+03     |
|    ep_rew_mean          | 1.45e+03     |
| time/                   |              |
|    fps                  | 656          |
|    iterations           | 75           |
|    time_elapsed         | 116          |
|    total_timesteps      | 76800        |
| train/                  |              |
|    approx_kl            | 0.019841973  |
|    clip_fraction        | 0.244        |
|    clip_range           | 0.2          |
|    entropy_loss         | -17          |
|    explained_variance   | 6.842613e-05 |
|    learning_rate        | 0.0003       |
|    loss                 | 13.7         |
|    n_updates            | 740          |
|    policy_gradient_loss | -0.0203      |
|    std                  | 1            |
|    value_loss           | 31.6         |
------------------------------------------
--------------------------------------------
| rollout/                |                |
|    ep_len_mean          | 1.44e+03       |
|    ep_rew_mean          | 1.45e+03       |
| time/                   |                |
|    fps                  | 656            |
|    iterations           | 76             |
|    time_elapsed         | 118            |
|    total_timesteps      | 77824          |
| train/                  |                |
|    approx_kl            | 0.017649543    |
|    clip_fraction        | 0.23           |
|    clip_range           | 0.2            |
|    entropy_loss         | -17.1          |
|    explained_variance   | -1.0371208e-05 |
|    learning_rate        | 0.0003         |
|    loss                 | 13             |
|    n_updates            | 750            |
|    policy_gradient_loss | -0.0209        |
|    std                  | 1.01           |
|    value_loss           | 30             |
--------------------------------------------
-------------------------------------------
| rollout/                |               |
|    ep_len_mean          | 1.44e+03      |
|    ep_rew_mean          | 1.45e+03      |
| time/                   |               |
|    fps                  | 656           |
|    iterations           | 77            |
|    time_elapsed         | 120           |
|    total_timesteps      | 78848         |
| train/                  |               |
|    approx_kl            | 0.018403279   |
|    clip_fraction        | 0.23          |
|    clip_range           | 0.2           |
|    entropy_loss         | -17.1         |
|    explained_variance   | -2.861023e-06 |
|    learning_rate        | 0.0003        |
|    loss                 | 12.4          |
|    n_updates            | 760           |
|    policy_gradient_loss | -0.0185       |
|    std                  | 1.01          |
|    value_loss           | 28.8          |
-------------------------------------------
------------------------------------------
| rollout/                |              |
|    ep_len_mean          | 1.44e+03     |
|    ep_rew_mean          | 1.45e+03     |
| time/                   |              |
|    fps                  | 657          |
|    iterations           | 78           |
|    time_elapsed         | 121          |
|    total_timesteps      | 79872        |
| train/                  |              |
|    approx_kl            | 0.014407406  |
|    clip_fraction        | 0.219        |
|    clip_range           | 0.2          |
|    entropy_loss         | -17.1        |
|    explained_variance   | 4.476309e-05 |
|    learning_rate        | 0.0003       |
|    loss                 | 12.1         |
|    n_updates            | 770          |
|    policy_gradient_loss | -0.0169      |
|    std                  | 1.01         |
|    value_loss           | 28.1         |
------------------------------------------
--------------------------------------------
| rollout/                |                |
|    ep_len_mean          | 1.44e+03       |
|    ep_rew_mean          | 1.45e+03       |
| time/                   |                |
|    fps                  | 657            |
|    iterations           | 79             |
|    time_elapsed         | 123            |
|    total_timesteps      | 80896          |
| train/                  |                |
|    approx_kl            | 0.012916614    |
|    clip_fraction        | 0.178          |
|    clip_range           | 0.2            |
|    entropy_loss         | -17.1          |
|    explained_variance   | -5.6385994e-05 |
|    learning_rate        | 0.0003         |
|    loss                 | 11.4           |
|    n_updates            | 780            |
|    policy_gradient_loss | -0.0176        |
|    std                  | 1.01           |
|    value_loss           | 26.1           |
--------------------------------------------
--------------------------------------------
| rollout/                |                |
|    ep_len_mean          | 1.44e+03       |
|    ep_rew_mean          | 1.45e+03       |
| time/                   |                |
|    fps                  | 657            |
|    iterations           | 80             |
|    time_elapsed         | 124            |
|    total_timesteps      | 81920          |
| train/                  |                |
|    approx_kl            | 0.013805203    |
|    clip_fraction        | 0.136          |
|    clip_range           | 0.2            |
|    entropy_loss         | -17.1          |
|    explained_variance   | -2.6226044e-06 |
|    learning_rate        | 0.0003         |
|    loss                 | 10.5           |
|    n_updates            | 790            |
|    policy_gradient_loss | -0.0187        |
|    std                  | 1.01           |
|    value_loss           | 24.9           |
--------------------------------------------
--------------------------------------------
| rollout/                |                |
|    ep_len_mean          | 1.44e+03       |
|    ep_rew_mean          | 1.45e+03       |
| time/                   |                |
|    fps                  | 657            |
|    iterations           | 81             |
|    time_elapsed         | 126            |
|    total_timesteps      | 82944          |
| train/                  |                |
|    approx_kl            | 0.010805415    |
|    clip_fraction        | 0.131          |
|    clip_range           | 0.2            |
|    entropy_loss         | -17.1          |
|    explained_variance   | -2.7894974e-05 |
|    learning_rate        | 0.0003         |
|    loss                 | 10.1           |
|    n_updates            | 800            |
|    policy_gradient_loss | -0.0112        |
|    std                  | 1.01           |
|    value_loss           | 24.2           |
--------------------------------------------
------------------------------------------
| rollout/                |              |
|    ep_len_mean          | 1.44e+03     |
|    ep_rew_mean          | 1.45e+03     |
| time/                   |              |
|    fps                  | 657          |
|    iterations           | 82           |
|    time_elapsed         | 127          |
|    total_timesteps      | 83968        |
| train/                  |              |
|    approx_kl            | 0.014865316  |
|    clip_fraction        | 0.196        |
|    clip_range           | 0.2          |
|    entropy_loss         | -17.1        |
|    explained_variance   | 8.738041e-05 |
|    learning_rate        | 0.0003       |
|    loss                 | 9.33         |
|    n_updates            | 810          |
|    policy_gradient_loss | -0.018       |
|    std                  | 1.01         |
|    value_loss           | 22.2         |
------------------------------------------
-----------------------------------------
| rollout/                |             |
|    ep_len_mean          | 1.44e+03    |
|    ep_rew_mean          | 1.45e+03    |
| time/                   |             |
|    fps                  | 657         |
|    iterations           | 83          |
|    time_elapsed         | 129         |
|    total_timesteps      | 84992       |
| train/                  |             |
|    approx_kl            | 0.019736176 |
|    clip_fraction        | 0.232       |
|    clip_range           | 0.2         |
|    entropy_loss         | -17.1       |
|    explained_variance   | 4.87566e-05 |
|    learning_rate        | 0.0003      |
|    loss                 | 8.98        |
|    n_updates            | 820         |
|    policy_gradient_loss | -0.0206     |
|    std                  | 1.01        |
|    value_loss           | 21.2        |
-----------------------------------------
--------------------------------------------
| rollout/                |                |
|    ep_len_mean          | 1.44e+03       |
|    ep_rew_mean          | 1.45e+03       |
| time/                   |                |
|    fps                  | 658            |
|    iterations           | 84             |
|    time_elapsed         | 130            |
|    total_timesteps      | 86016          |
| train/                  |                |
|    approx_kl            | 0.016590789    |
|    clip_fraction        | 0.244          |
|    clip_range           | 0.2            |
|    entropy_loss         | -17.1          |
|    explained_variance   | -4.1365623e-05 |
|    learning_rate        | 0.0003         |
|    loss                 | 8.45           |
|    n_updates            | 830            |
|    policy_gradient_loss | -0.0199        |
|    std                  | 1.01           |
|    value_loss           | 19.9           |
--------------------------------------------
-------------------------------------------
| rollout/                |               |
|    ep_len_mean          | 1.44e+03      |
|    ep_rew_mean          | 1.45e+03      |
| time/                   |               |
|    fps                  | 658           |
|    iterations           | 85            |
|    time_elapsed         | 132           |
|    total_timesteps      | 87040         |
| train/                  |               |
|    approx_kl            | 0.01870435    |
|    clip_fraction        | 0.241         |
|    clip_range           | 0.2           |
|    entropy_loss         | -17.1         |
|    explained_variance   | -9.286404e-05 |
|    learning_rate        | 0.0003        |
|    loss                 | 8.08          |
|    n_updates            | 840           |
|    policy_gradient_loss | -0.0178       |
|    std                  | 1.01          |
|    value_loss           | 19.4          |
-------------------------------------------
-------------------------------------------
| rollout/                |               |
|    ep_len_mean          | 1.44e+03      |
|    ep_rew_mean          | 1.45e+03      |
| time/                   |               |
|    fps                  | 658           |
|    iterations           | 86            |
|    time_elapsed         | 133           |
|    total_timesteps      | 88064         |
| train/                  |               |
|    approx_kl            | 0.013286449   |
|    clip_fraction        | 0.18          |
|    clip_range           | 0.2           |
|    entropy_loss         | -17.1         |
|    explained_variance   | 2.0980835e-05 |
|    learning_rate        | 0.0003        |
|    loss                 | 7.39          |
|    n_updates            | 850           |
|    policy_gradient_loss | -0.0202       |
|    std                  | 1.01          |
|    value_loss           | 17.9          |
-------------------------------------------
--------------------------------------------
| rollout/                |                |
|    ep_len_mean          | 1.44e+03       |
|    ep_rew_mean          | 1.45e+03       |
| time/                   |                |
|    fps                  | 658            |
|    iterations           | 87             |
|    time_elapsed         | 135            |
|    total_timesteps      | 89088          |
| train/                  |                |
|    approx_kl            | 0.016208323    |
|    clip_fraction        | 0.203          |
|    clip_range           | 0.2            |
|    entropy_loss         | -17.1          |
|    explained_variance   | -5.4836273e-06 |
|    learning_rate        | 0.0003         |
|    loss                 | 6.94           |
|    n_updates            | 860            |
|    policy_gradient_loss | -0.0179        |
|    std                  | 1.01           |
|    value_loss           | 16.9           |
--------------------------------------------
-------------------------------------------
| rollout/                |               |
|    ep_len_mean          | 1.44e+03      |
|    ep_rew_mean          | 1.45e+03      |
| time/                   |               |
|    fps                  | 658           |
|    iterations           | 88            |
|    time_elapsed         | 136           |
|    total_timesteps      | 90112         |
| train/                  |               |
|    approx_kl            | 0.012009542   |
|    clip_fraction        | 0.137         |
|    clip_range           | 0.2           |
|    entropy_loss         | -17.1         |
|    explained_variance   | -2.527237e-05 |
|    learning_rate        | 0.0003        |
|    loss                 | 6.6           |
|    n_updates            | 870           |
|    policy_gradient_loss | -0.0138       |
|    std                  | 1.01          |
|    value_loss           | 16.2          |
-------------------------------------------
-----------------------------------------
| rollout/                |             |
|    ep_len_mean          | 1.44e+03    |
|    ep_rew_mean          | 1.45e+03    |
| time/                   |             |
|    fps                  | 657         |
|    iterations           | 89          |
|    time_elapsed         | 138         |
|    total_timesteps      | 91136       |
| train/                  |             |
|    approx_kl            | 0.017017111 |
|    clip_fraction        | 0.174       |
|    clip_range           | 0.2         |
|    entropy_loss         | -17.1       |
|    explained_variance   | 3.33786e-06 |
|    learning_rate        | 0.0003      |
|    loss                 | 5.94        |
|    n_updates            | 880         |
|    policy_gradient_loss | -0.0158     |
|    std                  | 1.01        |
|    value_loss           | 14.8        |
-----------------------------------------
------------------------------------------
| rollout/                |              |
|    ep_len_mean          | 1.44e+03     |
|    ep_rew_mean          | 1.45e+03     |
| time/                   |              |
|    fps                  | 657          |
|    iterations           | 90           |
|    time_elapsed         | 140          |
|    total_timesteps      | 92160        |
| train/                  |              |
|    approx_kl            | 0.015960846  |
|    clip_fraction        | 0.17         |
|    clip_range           | 0.2          |
|    entropy_loss         | -17.2        |
|    explained_variance   | 2.670288e-05 |
|    learning_rate        | 0.0003       |
|    loss                 | 5.61         |
|    n_updates            | 890          |
|    policy_gradient_loss | -0.0174      |
|    std                  | 1.01         |
|    value_loss           | 14.1         |
------------------------------------------
-------------------------------------------
| rollout/                |               |
|    ep_len_mean          | 1.44e+03      |
|    ep_rew_mean          | 1.45e+03      |
| time/                   |               |
|    fps                  | 657           |
|    iterations           | 91            |
|    time_elapsed         | 141           |
|    total_timesteps      | 93184         |
| train/                  |               |
|    approx_kl            | 0.015092331   |
|    clip_fraction        | 0.198         |
|    clip_range           | 0.2           |
|    entropy_loss         | -17.2         |
|    explained_variance   | 0.00017952919 |
|    learning_rate        | 0.0003        |
|    loss                 | 5.34          |
|    n_updates            | 900           |
|    policy_gradient_loss | -0.0168       |
|    std                  | 1.02          |
|    value_loss           | 13.5          |
-------------------------------------------
-------------------------------------------
| rollout/                |               |
|    ep_len_mean          | 1.44e+03      |
|    ep_rew_mean          | 1.45e+03      |
| time/                   |               |
|    fps                  | 657           |
|    iterations           | 92            |
|    time_elapsed         | 143           |
|    total_timesteps      | 94208         |
| train/                  |               |
|    approx_kl            | 0.014560069   |
|    clip_fraction        | 0.156         |
|    clip_range           | 0.2           |
|    entropy_loss         | -17.2         |
|    explained_variance   | 3.2305717e-05 |
|    learning_rate        | 0.0003        |
|    loss                 | 5             |
|    n_updates            | 910           |
|    policy_gradient_loss | -0.0128       |
|    std                  | 1.02          |
|    value_loss           | 12.7          |
-------------------------------------------
-------------------------------------------
| rollout/                |               |
|    ep_len_mean          | 1.44e+03      |
|    ep_rew_mean          | 1.45e+03      |
| time/                   |               |
|    fps                  | 657           |
|    iterations           | 93            |
|    time_elapsed         | 144           |
|    total_timesteps      | 95232         |
| train/                  |               |
|    approx_kl            | 0.018174779   |
|    clip_fraction        | 0.261         |
|    clip_range           | 0.2           |
|    entropy_loss         | -17.2         |
|    explained_variance   | 5.2809715e-05 |
|    learning_rate        | 0.0003        |
|    loss                 | 4.6           |
|    n_updates            | 920           |
|    policy_gradient_loss | -0.0197       |
|    std                  | 1.02          |
|    value_loss           | 11.7          |
-------------------------------------------
--------------------------------------------
| rollout/                |                |
|    ep_len_mean          | 1.44e+03       |
|    ep_rew_mean          | 1.45e+03       |
| time/                   |                |
|    fps                  | 657            |
|    iterations           | 94             |
|    time_elapsed         | 146            |
|    total_timesteps      | 96256          |
| train/                  |                |
|    approx_kl            | 0.019066382    |
|    clip_fraction        | 0.227          |
|    clip_range           | 0.2            |
|    entropy_loss         | -17.2          |
|    explained_variance   | -5.2690506e-05 |
|    learning_rate        | 0.0003         |
|    loss                 | 4.17           |
|    n_updates            | 930            |
|    policy_gradient_loss | -0.0209        |
|    std                  | 1.02           |
|    value_loss           | 10.8           |
--------------------------------------------
------------------------------------------
| rollout/                |              |
|    ep_len_mean          | 1.44e+03     |
|    ep_rew_mean          | 1.45e+03     |
| time/                   |              |
|    fps                  | 657          |
|    iterations           | 95           |
|    time_elapsed         | 147          |
|    total_timesteps      | 97280        |
| train/                  |              |
|    approx_kl            | 0.015910244  |
|    clip_fraction        | 0.193        |
|    clip_range           | 0.2          |
|    entropy_loss         | -17.2        |
|    explained_variance   | 5.722046e-06 |
|    learning_rate        | 0.0003       |
|    loss                 | 4.02         |
|    n_updates            | 940          |
|    policy_gradient_loss | -0.0152      |
|    std                  | 1.02         |
|    value_loss           | 10.3         |
------------------------------------------
-------------------------------------------
| rollout/                |               |
|    ep_len_mean          | 1.44e+03      |
|    ep_rew_mean          | 1.45e+03      |
| time/                   |               |
|    fps                  | 657           |
|    iterations           | 96            |
|    time_elapsed         | 149           |
|    total_timesteps      | 98304         |
| train/                  |               |
|    approx_kl            | 0.025398292   |
|    clip_fraction        | 0.263         |
|    clip_range           | 0.2           |
|    entropy_loss         | -17.2         |
|    explained_variance   | 2.0086765e-05 |
|    learning_rate        | 0.0003        |
|    loss                 | 3.5           |
|    n_updates            | 950           |
|    policy_gradient_loss | -0.0189       |
|    std                  | 1.02          |
|    value_loss           | 9.35          |
-------------------------------------------
------------------------------------------
| rollout/                |              |
|    ep_len_mean          | 1.44e+03     |
|    ep_rew_mean          | 1.45e+03     |
| time/                   |              |
|    fps                  | 657          |
|    iterations           | 97           |
|    time_elapsed         | 150          |
|    total_timesteps      | 99328        |
| train/                  |              |
|    approx_kl            | 0.019346125  |
|    clip_fraction        | 0.227        |
|    clip_range           | 0.2          |
|    entropy_loss         | -17.2        |
|    explained_variance   | -3.20673e-05 |
|    learning_rate        | 0.0003       |
|    loss                 | 3.21         |
|    n_updates            | 960          |
|    policy_gradient_loss | -0.0213      |
|    std                  | 1.02         |
|    value_loss           | 8.63         |
------------------------------------------
--------------------------------------------
| rollout/                |                |
|    ep_len_mean          | 1.44e+03       |
|    ep_rew_mean          | 1.45e+03       |
| time/                   |                |
|    fps                  | 657            |
|    iterations           | 98             |
|    time_elapsed         | 152            |
|    total_timesteps      | 100352         |
| train/                  |                |
|    approx_kl            | 0.012965853    |
|    clip_fraction        | 0.233          |
|    clip_range           | 0.2            |
|    entropy_loss         | -17.2          |
|    explained_variance   | -5.6624413e-05 |
|    learning_rate        | 0.0003         |
|    loss                 | 2.92           |
|    n_updates            | 970            |
|    policy_gradient_loss | -0.0194        |
|    std                  | 1.02           |
|    value_loss           | 8.01           |
--------------------------------------------
-------------------------------------------
| rollout/                |               |
|    ep_len_mean          | 1.44e+03      |
|    ep_rew_mean          | 1.45e+03      |
| time/                   |               |
|    fps                  | 657           |
|    iterations           | 99            |
|    time_elapsed         | 154           |
|    total_timesteps      | 101376        |
| train/                  |               |
|    approx_kl            | 0.019907588   |
|    clip_fraction        | 0.211         |
|    clip_range           | 0.2           |
|    entropy_loss         | -17.2         |
|    explained_variance   | -7.867813e-06 |
|    learning_rate        | 0.0003        |
|    loss                 | 2.57          |
|    n_updates            | 980           |
|    policy_gradient_loss | -0.019        |
|    std                  | 1.02          |
|    value_loss           | 7.22          |
-------------------------------------------
------------------------------------------
| rollout/                |              |
|    ep_len_mean          | 1.44e+03     |
|    ep_rew_mean          | 1.45e+03     |
| time/                   |              |
|    fps                  | 657          |
|    iterations           | 100          |
|    time_elapsed         | 155          |
|    total_timesteps      | 102400       |
| train/                  |              |
|    approx_kl            | 0.014393349  |
|    clip_fraction        | 0.192        |
|    clip_range           | 0.2          |
|    entropy_loss         | -17.3        |
|    explained_variance   | 8.165836e-06 |
|    learning_rate        | 0.0003       |
|    loss                 | 2.36         |
|    n_updates            | 990          |
|    policy_gradient_loss | -0.0183      |
|    std                  | 1.02         |
|    value_loss           | 6.64         |
------------------------------------------
------------------------------------------
| rollout/                |              |
|    ep_len_mean          | 1.44e+03     |
|    ep_rew_mean          | 1.45e+03     |
| time/                   |              |
|    fps                  | 657          |
|    iterations           | 101          |
|    time_elapsed         | 157          |
|    total_timesteps      | 103424       |
| train/                  |              |
|    approx_kl            | 0.01953173   |
|    clip_fraction        | 0.247        |
|    clip_range           | 0.2          |
|    entropy_loss         | -17.3        |
|    explained_variance   | 3.439188e-05 |
|    learning_rate        | 0.0003       |
|    loss                 | 2.01         |
|    n_updates            | 1000         |
|    policy_gradient_loss | -0.0226      |
|    std                  | 1.02         |
|    value_loss           | 5.8          |
------------------------------------------
--------------------------------------------
| rollout/                |                |
|    ep_len_mean          | 1.44e+03       |
|    ep_rew_mean          | 1.45e+03       |
| time/                   |                |
|    fps                  | 657            |
|    iterations           | 102            |
|    time_elapsed         | 158            |
|    total_timesteps      | 104448         |
| train/                  |                |
|    approx_kl            | 0.015182696    |
|    clip_fraction        | 0.209          |
|    clip_range           | 0.2            |
|    entropy_loss         | -17.2          |
|    explained_variance   | -3.6478043e-05 |
|    learning_rate        | 0.0003         |
|    loss                 | 1.88           |
|    n_updates            | 1010           |
|    policy_gradient_loss | -0.0183        |
|    std                  | 1.02           |
|    value_loss           | 5.35           |
--------------------------------------------
-------------------------------------------
| rollout/                |               |
|    ep_len_mean          | 1.44e+03      |
|    ep_rew_mean          | 1.45e+03      |
| time/                   |               |
|    fps                  | 658           |
|    iterations           | 103           |
|    time_elapsed         | 160           |
|    total_timesteps      | 105472        |
| train/                  |               |
|    approx_kl            | 0.015501763   |
|    clip_fraction        | 0.186         |
|    clip_range           | 0.2           |
|    entropy_loss         | -17.3         |
|    explained_variance   | -6.508827e-05 |
|    learning_rate        | 0.0003        |
|    loss                 | 1.57          |
|    n_updates            | 1020          |
|    policy_gradient_loss | -0.0173       |
|    std                  | 1.02          |
|    value_loss           | 4.72          |
-------------------------------------------
--------------------------------------------
| rollout/                |                |
|    ep_len_mean          | 1.44e+03       |
|    ep_rew_mean          | 1.45e+03       |
| time/                   |                |
|    fps                  | 658            |
|    iterations           | 104            |
|    time_elapsed         | 161            |
|    total_timesteps      | 106496         |
| train/                  |                |
|    approx_kl            | 0.016657501    |
|    clip_fraction        | 0.207          |
|    clip_range           | 0.2            |
|    entropy_loss         | -17.3          |
|    explained_variance   | -4.6372414e-05 |
|    learning_rate        | 0.0003         |
|    loss                 | 1.36           |
|    n_updates            | 1030           |
|    policy_gradient_loss | -0.0226        |
|    std                  | 1.02           |
|    value_loss           | 4.25           |
--------------------------------------------
-------------------------------------------
| rollout/                |               |
|    ep_len_mean          | 1.44e+03      |
|    ep_rew_mean          | 1.45e+03      |
| time/                   |               |
|    fps                  | 658           |
|    iterations           | 105           |
|    time_elapsed         | 163           |
|    total_timesteps      | 107520        |
| train/                  |               |
|    approx_kl            | 0.016774205   |
|    clip_fraction        | 0.214         |
|    clip_range           | 0.2           |
|    entropy_loss         | -17.3         |
|    explained_variance   | -4.851818e-05 |
|    learning_rate        | 0.0003        |
|    loss                 | 1.07          |
|    n_updates            | 1040          |
|    policy_gradient_loss | -0.0206       |
|    std                  | 1.02          |
|    value_loss           | 3.61          |
-------------------------------------------
--------------------------------------------
| rollout/                |                |
|    ep_len_mean          | 1.44e+03       |
|    ep_rew_mean          | 1.45e+03       |
| time/                   |                |
|    fps                  | 658            |
|    iterations           | 106            |
|    time_elapsed         | 164            |
|    total_timesteps      | 108544         |
| train/                  |                |
|    approx_kl            | 0.022713427    |
|    clip_fraction        | 0.258          |
|    clip_range           | 0.2            |
|    entropy_loss         | -17.3          |
|    explained_variance   | -4.9710274e-05 |
|    learning_rate        | 0.0003         |
|    loss                 | 0.984          |
|    n_updates            | 1050           |
|    policy_gradient_loss | -0.0209        |
|    std                  | 1.02           |
|    value_loss           | 3.27           |
--------------------------------------------
--------------------------------------------
| rollout/                |                |
|    ep_len_mean          | 1.44e+03       |
|    ep_rew_mean          | 1.45e+03       |
| time/                   |                |
|    fps                  | 658            |
|    iterations           | 107            |
|    time_elapsed         | 166            |
|    total_timesteps      | 109568         |
| train/                  |                |
|    approx_kl            | 0.01732707     |
|    clip_fraction        | 0.271          |
|    clip_range           | 0.2            |
|    entropy_loss         | -17.3          |
|    explained_variance   | -5.2571297e-05 |
|    learning_rate        | 0.0003         |
|    loss                 | 0.785          |
|    n_updates            | 1060           |
|    policy_gradient_loss | -0.026         |
|    std                  | 1.02           |
|    value_loss           | 2.83           |
--------------------------------------------
-------------------------------------------
| rollout/                |               |
|    ep_len_mean          | 1.44e+03      |
|    ep_rew_mean          | 1.45e+03      |
| time/                   |               |
|    fps                  | 658           |
|    iterations           | 108           |
|    time_elapsed         | 167           |
|    total_timesteps      | 110592        |
| train/                  |               |
|    approx_kl            | 0.022057584   |
|    clip_fraction        | 0.233         |
|    clip_range           | 0.2           |
|    entropy_loss         | -17.3         |
|    explained_variance   | 2.1994114e-05 |
|    learning_rate        | 0.0003        |
|    loss                 | 0.634         |
|    n_updates            | 1070          |
|    policy_gradient_loss | -0.0211       |
|    std                  | 1.02          |
|    value_loss           | 2.39          |
-------------------------------------------
-------------------------------------------
| rollout/                |               |
|    ep_len_mean          | 1.44e+03      |
|    ep_rew_mean          | 1.45e+03      |
| time/                   |               |
|    fps                  | 659           |
|    iterations           | 109           |
|    time_elapsed         | 169           |
|    total_timesteps      | 111616        |
| train/                  |               |
|    approx_kl            | 0.018716604   |
|    clip_fraction        | 0.19          |
|    clip_range           | 0.2           |
|    entropy_loss         | -17.2         |
|    explained_variance   | -4.374981e-05 |
|    learning_rate        | 0.0003        |
|    loss                 | 0.579         |
|    n_updates            | 1080          |
|    policy_gradient_loss | -0.0173       |
|    std                  | 1.02          |
|    value_loss           | 2.21          |
-------------------------------------------
-------------------------------------------
| rollout/                |               |
|    ep_len_mean          | 1.44e+03      |
|    ep_rew_mean          | 1.45e+03      |
| time/                   |               |
|    fps                  | 658           |
|    iterations           | 110           |
|    time_elapsed         | 170           |
|    total_timesteps      | 112640        |
| train/                  |               |
|    approx_kl            | 0.022405313   |
|    clip_fraction        | 0.23          |
|    clip_range           | 0.2           |
|    entropy_loss         | -17.2         |
|    explained_variance   | -4.553795e-05 |
|    learning_rate        | 0.0003        |
|    loss                 | 0.417         |
|    n_updates            | 1090          |
|    policy_gradient_loss | -0.0223       |
|    std                  | 1.02          |
|    value_loss           | 1.79          |
-------------------------------------------
-------------------------------------------
| rollout/                |               |
|    ep_len_mean          | 1.44e+03      |
|    ep_rew_mean          | 1.45e+03      |
| time/                   |               |
|    fps                  | 659           |
|    iterations           | 111           |
|    time_elapsed         | 172           |
|    total_timesteps      | 113664        |
| train/                  |               |
|    approx_kl            | 0.02148736    |
|    clip_fraction        | 0.238         |
|    clip_range           | 0.2           |
|    entropy_loss         | -17.2         |
|    explained_variance   | 1.5676022e-05 |
|    learning_rate        | 0.0003        |
|    loss                 | 0.354         |
|    n_updates            | 1100          |
|    policy_gradient_loss | -0.0229       |
|    std                  | 1.02          |
|    value_loss           | 1.57          |
-------------------------------------------
------------------------------------------
| rollout/                |              |
|    ep_len_mean          | 1.44e+03     |
|    ep_rew_mean          | 1.45e+03     |
| time/                   |              |
|    fps                  | 659          |
|    iterations           | 112          |
|    time_elapsed         | 173          |
|    total_timesteps      | 114688       |
| train/                  |              |
|    approx_kl            | 0.019516718  |
|    clip_fraction        | 0.232        |
|    clip_range           | 0.2          |
|    entropy_loss         | -17.2        |
|    explained_variance   | 6.347895e-05 |
|    learning_rate        | 0.0003       |
|    loss                 | 0.189        |
|    n_updates            | 1110         |
|    policy_gradient_loss | -0.0223      |
|    std                  | 1.02         |
|    value_loss           | 1.1          |
------------------------------------------
-----------------------------------------
| rollout/                |             |
|    ep_len_mean          | 1.44e+03    |
|    ep_rew_mean          | 1.45e+03    |
| time/                   |             |
|    fps                  | 659         |
|    iterations           | 113         |
|    time_elapsed         | 175         |
|    total_timesteps      | 115712      |
| train/                  |             |
|    approx_kl            | 0.015861861 |
|    clip_fraction        | 0.212       |
|    clip_range           | 0.2         |
|    entropy_loss         | -17.2       |
|    explained_variance   | 1.92523e-05 |
|    learning_rate        | 0.0003      |
|    loss                 | 0.152       |
|    n_updates            | 1120        |
|    policy_gradient_loss | -0.0199     |
|    std                  | 1.02        |
|    value_loss           | 0.962       |
-----------------------------------------
------------------------------------------
| rollout/                |              |
|    ep_len_mean          | 1.44e+03     |
|    ep_rew_mean          | 1.45e+03     |
| time/                   |              |
|    fps                  | 659          |
|    iterations           | 114          |
|    time_elapsed         | 176          |
|    total_timesteps      | 116736       |
| train/                  |              |
|    approx_kl            | 0.017744806  |
|    clip_fraction        | 0.192        |
|    clip_range           | 0.2          |
|    entropy_loss         | -17.2        |
|    explained_variance   | 5.173683e-05 |
|    learning_rate        | 0.0003       |
|    loss                 | 0.0748       |
|    n_updates            | 1130         |
|    policy_gradient_loss | -0.0192      |
|    std                  | 1.02         |
|    value_loss           | 0.69         |
------------------------------------------
--------------------------------------------
| rollout/                |                |
|    ep_len_mean          | 1.44e+03       |
|    ep_rew_mean          | 1.45e+03       |
| time/                   |                |
|    fps                  | 659            |
|    iterations           | 115            |
|    time_elapsed         | 178            |
|    total_timesteps      | 117760         |
| train/                  |                |
|    approx_kl            | 0.021053495    |
|    clip_fraction        | 0.245          |
|    clip_range           | 0.2            |
|    entropy_loss         | -17.2          |
|    explained_variance   | -4.0650368e-05 |
|    learning_rate        | 0.0003         |
|    loss                 | 0.000759       |
|    n_updates            | 1140           |
|    policy_gradient_loss | -0.0248        |
|    std                  | 1.01           |
|    value_loss           | 0.442          |
--------------------------------------------
-------------------------------------------
| rollout/                |               |
|    ep_len_mean          | 1.44e+03      |
|    ep_rew_mean          | 1.45e+03      |
| time/                   |               |
|    fps                  | 660           |
|    iterations           | 116           |
|    time_elapsed         | 179           |
|    total_timesteps      | 118784        |
| train/                  |               |
|    approx_kl            | 0.014699447   |
|    clip_fraction        | 0.215         |
|    clip_range           | 0.2           |
|    entropy_loss         | -17.2         |
|    explained_variance   | -4.386902e-05 |
|    learning_rate        | 0.0003        |
|    loss                 | 0.0144        |
|    n_updates            | 1150          |
|    policy_gradient_loss | -0.0212       |
|    std                  | 1.01          |
|    value_loss           | 0.459         |
-------------------------------------------
------------------------------------------
| rollout/                |              |
|    ep_len_mean          | 1.44e+03     |
|    ep_rew_mean          | 1.45e+03     |
| time/                   |              |
|    fps                  | 660          |
|    iterations           | 117          |
|    time_elapsed         | 181          |
|    total_timesteps      | 119808       |
| train/                  |              |
|    approx_kl            | 0.024569454  |
|    clip_fraction        | 0.228        |
|    clip_range           | 0.2          |
|    entropy_loss         | -17.1        |
|    explained_variance   | 7.748604e-07 |
|    learning_rate        | 0.0003       |
|    loss                 | -0.0191      |
|    n_updates            | 1160         |
|    policy_gradient_loss | -0.0246      |
|    std                  | 1.01         |
|    value_loss           | 0.285        |
------------------------------------------
-------------------------------------------
| rollout/                |               |
|    ep_len_mean          | 1.44e+03      |
|    ep_rew_mean          | 1.45e+03      |
| time/                   |               |
|    fps                  | 660           |
|    iterations           | 118           |
|    time_elapsed         | 182           |
|    total_timesteps      | 120832        |
| train/                  |               |
|    approx_kl            | 0.018264676   |
|    clip_fraction        | 0.201         |
|    clip_range           | 0.2           |
|    entropy_loss         | -17.1         |
|    explained_variance   | 4.9471855e-06 |
|    learning_rate        | 0.0003        |
|    loss                 | -0.0222       |
|    n_updates            | 1170          |
|    policy_gradient_loss | -0.0203       |
|    std                  | 1.01          |
|    value_loss           | 0.173         |
-------------------------------------------
--------------------------------------------
| rollout/                |                |
|    ep_len_mean          | 1.44e+03       |
|    ep_rew_mean          | 1.45e+03       |
| time/                   |                |
|    fps                  | 660            |
|    iterations           | 119            |
|    time_elapsed         | 184            |
|    total_timesteps      | 121856         |
| train/                  |                |
|    approx_kl            | 0.016015477    |
|    clip_fraction        | 0.222          |
|    clip_range           | 0.2            |
|    entropy_loss         | -17.1          |
|    explained_variance   | -0.00011026859 |
|    learning_rate        | 0.0003         |
|    loss                 | -0.0125        |
|    n_updates            | 1180           |
|    policy_gradient_loss | -0.0209        |
|    std                  | 1.01           |
|    value_loss           | 0.151          |
--------------------------------------------
-----------------------------------------
| rollout/                |             |
|    ep_len_mean          | 1.44e+03    |
|    ep_rew_mean          | 1.45e+03    |
| time/                   |             |
|    fps                  | 660         |
|    iterations           | 120         |
|    time_elapsed         | 185         |
|    total_timesteps      | 122880      |
| train/                  |             |
|    approx_kl            | 0.020847082 |
|    clip_fraction        | 0.233       |
|    clip_range           | 0.2         |
|    entropy_loss         | -17.1       |
|    explained_variance   | -0.2423408  |
|    learning_rate        | 0.0003      |
|    loss                 | -0.0348     |
|    n_updates            | 1190        |
|    policy_gradient_loss | -0.0253     |
|    std                  | 1           |
|    value_loss           | 0.119       |
-----------------------------------------
-------------------------------------------
| rollout/                |               |
|    ep_len_mean          | 1.44e+03      |
|    ep_rew_mean          | 1.45e+03      |
| time/                   |               |
|    fps                  | 660           |
|    iterations           | 121           |
|    time_elapsed         | 187           |
|    total_timesteps      | 123904        |
| train/                  |               |
|    approx_kl            | 0.0213135     |
|    clip_fraction        | 0.253         |
|    clip_range           | 0.2           |
|    entropy_loss         | -17           |
|    explained_variance   | 2.1159649e-05 |
|    learning_rate        | 0.0003        |
|    loss                 | -0.0285       |
|    n_updates            | 1200          |
|    policy_gradient_loss | -0.0282       |
|    std                  | 1             |
|    value_loss           | 0.0722        |
-------------------------------------------
-------------------------------------------
| rollout/                |               |
|    ep_len_mean          | 1.44e+03      |
|    ep_rew_mean          | 1.45e+03      |
| time/                   |               |
|    fps                  | 659           |
|    iterations           | 122           |
|    time_elapsed         | 189           |
|    total_timesteps      | 124928        |
| train/                  |               |
|    approx_kl            | 0.017697928   |
|    clip_fraction        | 0.198         |
|    clip_range           | 0.2           |
|    entropy_loss         | -17           |
|    explained_variance   | 2.0980835e-05 |
|    learning_rate        | 0.0003        |
|    loss                 | -0.0187       |
|    n_updates            | 1210          |
|    policy_gradient_loss | -0.0254       |
|    std                  | 1             |
|    value_loss           | 0.0503        |
-------------------------------------------
--------------------------------------------
| rollout/                |                |
|    ep_len_mean          | 1.44e+03       |
|    ep_rew_mean          | 1.45e+03       |
| time/                   |                |
|    fps                  | 659            |
|    iterations           | 123            |
|    time_elapsed         | 191            |
|    total_timesteps      | 125952         |
| train/                  |                |
|    approx_kl            | 0.017845657    |
|    clip_fraction        | 0.213          |
|    clip_range           | 0.2            |
|    entropy_loss         | -17            |
|    explained_variance   | -4.6253204e-05 |
|    learning_rate        | 0.0003         |
|    loss                 | -0.0496        |
|    n_updates            | 1220           |
|    policy_gradient_loss | -0.0264        |
|    std                  | 1              |
|    value_loss           | 0.0498         |
--------------------------------------------
--------------------------------------------
| rollout/                |                |
|    ep_len_mean          | 1.44e+03       |
|    ep_rew_mean          | 1.45e+03       |
| time/                   |                |
|    fps                  | 659            |
|    iterations           | 124            |
|    time_elapsed         | 192            |
|    total_timesteps      | 126976         |
| train/                  |                |
|    approx_kl            | 0.022908723    |
|    clip_fraction        | 0.254          |
|    clip_range           | 0.2            |
|    entropy_loss         | -17            |
|    explained_variance   | -0.00011134148 |
|    learning_rate        | 0.0003         |
|    loss                 | -0.0377        |
|    n_updates            | 1230           |
|    policy_gradient_loss | -0.0305        |
|    std                  | 1              |
|    value_loss           | 0.0298         |
--------------------------------------------
--------------------------------------------
| rollout/                |                |
|    ep_len_mean          | 1.44e+03       |
|    ep_rew_mean          | 1.45e+03       |
| time/                   |                |
|    fps                  | 659            |
|    iterations           | 125            |
|    time_elapsed         | 194            |
|    total_timesteps      | 128000         |
| train/                  |                |
|    approx_kl            | 0.015964068    |
|    clip_fraction        | 0.203          |
|    clip_range           | 0.2            |
|    entropy_loss         | -17            |
|    explained_variance   | -2.2649765e-05 |
|    learning_rate        | 0.0003         |
|    loss                 | -0.0381        |
|    n_updates            | 1240           |
|    policy_gradient_loss | -0.0256        |
|    std                  | 1              |
|    value_loss           | 0.0215         |
--------------------------------------------
------------------------------------------
| rollout/                |              |
|    ep_len_mean          | 1.44e+03     |
|    ep_rew_mean          | 1.45e+03     |
| time/                   |              |
|    fps                  | 659          |
|    iterations           | 126          |
|    time_elapsed         | 195          |
|    total_timesteps      | 129024       |
| train/                  |              |
|    approx_kl            | 0.014225837  |
|    clip_fraction        | 0.175        |
|    clip_range           | 0.2          |
|    entropy_loss         | -17          |
|    explained_variance   | 3.129244e-05 |
|    learning_rate        | 0.0003       |
|    loss                 | -0.0371      |
|    n_updates            | 1250         |
|    policy_gradient_loss | -0.0251      |
|    std                  | 0.997        |
|    value_loss           | 0.0214       |
------------------------------------------
------------------------------------------
| rollout/                |              |
|    ep_len_mean          | 1.44e+03     |
|    ep_rew_mean          | 1.45e+03     |
| time/                   |              |
|    fps                  | 659          |
|    iterations           | 127          |
|    time_elapsed         | 197          |
|    total_timesteps      | 130048       |
| train/                  |              |
|    approx_kl            | 0.020331215  |
|    clip_fraction        | 0.226        |
|    clip_range           | 0.2          |
|    entropy_loss         | -17          |
|    explained_variance   | 1.847744e-05 |
|    learning_rate        | 0.0003       |
|    loss                 | -0.0378      |
|    n_updates            | 1260         |
|    policy_gradient_loss | -0.0272      |
|    std                  | 0.996        |
|    value_loss           | 0.0159       |
------------------------------------------
------------------------------------------
| rollout/                |              |
|    ep_len_mean          | 1.44e+03     |
|    ep_rew_mean          | 1.45e+03     |
| time/                   |              |
|    fps                  | 659          |
|    iterations           | 128          |
|    time_elapsed         | 198          |
|    total_timesteps      | 131072       |
| train/                  |              |
|    approx_kl            | 0.0159517    |
|    clip_fraction        | 0.2          |
|    clip_range           | 0.2          |
|    entropy_loss         | -17          |
|    explained_variance   | -7.70092e-05 |
|    learning_rate        | 0.0003       |
|    loss                 | -0.0276      |
|    n_updates            | 1270         |
|    policy_gradient_loss | -0.0248      |
|    std                  | 0.995        |
|    value_loss           | 0.015        |
------------------------------------------
-------------------------------------------
| rollout/                |               |
|    ep_len_mean          | 1.44e+03      |
|    ep_rew_mean          | 1.45e+03      |
| time/                   |               |
|    fps                  | 659           |
|    iterations           | 129           |
|    time_elapsed         | 200           |
|    total_timesteps      | 132096        |
| train/                  |               |
|    approx_kl            | 0.017965378   |
|    clip_fraction        | 0.191         |
|    clip_range           | 0.2           |
|    entropy_loss         | -17           |
|    explained_variance   | 0.00010865927 |
|    learning_rate        | 0.0003        |
|    loss                 | -0.0458       |
|    n_updates            | 1280          |
|    policy_gradient_loss | -0.0265       |
|    std                  | 0.996         |
|    value_loss           | 0.00655       |
-------------------------------------------
------------------------------------------
| rollout/                |              |
|    ep_len_mean          | 1.44e+03     |
|    ep_rew_mean          | 1.45e+03     |
| time/                   |              |
|    fps                  | 659          |
|    iterations           | 130          |
|    time_elapsed         | 201          |
|    total_timesteps      | 133120       |
| train/                  |              |
|    approx_kl            | 0.011498385  |
|    clip_fraction        | 0.166        |
|    clip_range           | 0.2          |
|    entropy_loss         | -16.9        |
|    explained_variance   | 8.094311e-05 |
|    learning_rate        | 0.0003       |
|    loss                 | -0.021       |
|    n_updates            | 1290         |
|    policy_gradient_loss | -0.0241      |
|    std                  | 0.99         |
|    value_loss           | 0.0102       |
------------------------------------------
-------------------------------------------
| rollout/                |               |
|    ep_len_mean          | 1.44e+03      |
|    ep_rew_mean          | 1.45e+03      |
| time/                   |               |
|    fps                  | 659           |
|    iterations           | 131           |
|    time_elapsed         | 203           |
|    total_timesteps      | 134144        |
| train/                  |               |
|    approx_kl            | 0.014232695   |
|    clip_fraction        | 0.174         |
|    clip_range           | 0.2           |
|    entropy_loss         | -16.9         |
|    explained_variance   | -5.567074e-05 |
|    learning_rate        | 0.0003        |
|    loss                 | -0.0369       |
|    n_updates            | 1300          |
|    policy_gradient_loss | -0.0253       |
|    std                  | 0.985         |
|    value_loss           | 0.00866       |
-------------------------------------------
-------------------------------------------
| rollout/                |               |
|    ep_len_mean          | 1.44e+03      |
|    ep_rew_mean          | 1.45e+03      |
| time/                   |               |
|    fps                  | 659           |
|    iterations           | 132           |
|    time_elapsed         | 204           |
|    total_timesteps      | 135168        |
| train/                  |               |
|    approx_kl            | 0.01901509    |
|    clip_fraction        | 0.194         |
|    clip_range           | 0.2           |
|    entropy_loss         | -16.8         |
|    explained_variance   | 1.1265278e-05 |
|    learning_rate        | 0.0003        |
|    loss                 | -0.032        |
|    n_updates            | 1310          |
|    policy_gradient_loss | -0.025        |
|    std                  | 0.984         |
|    value_loss           | 0.00618       |
-------------------------------------------
--------------------------------------------
| rollout/                |                |
|    ep_len_mean          | 1.44e+03       |
|    ep_rew_mean          | 1.45e+03       |
| time/                   |                |
|    fps                  | 659            |
|    iterations           | 133            |
|    time_elapsed         | 206            |
|    total_timesteps      | 136192         |
| train/                  |                |
|    approx_kl            | 0.01756847     |
|    clip_fraction        | 0.213          |
|    clip_range           | 0.2            |
|    entropy_loss         | -16.8          |
|    explained_variance   | -1.8000603e-05 |
|    learning_rate        | 0.0003         |
|    loss                 | -0.0334        |
|    n_updates            | 1320           |
|    policy_gradient_loss | -0.03          |
|    std                  | 0.981          |
|    value_loss           | 0.0102         |
--------------------------------------------
--------------------------------------------
| rollout/                |                |
|    ep_len_mean          | 1.44e+03       |
|    ep_rew_mean          | 1.45e+03       |
| time/                   |                |
|    fps                  | 659            |
|    iterations           | 134            |
|    time_elapsed         | 207            |
|    total_timesteps      | 137216         |
| train/                  |                |
|    approx_kl            | 0.018279785    |
|    clip_fraction        | 0.197          |
|    clip_range           | 0.2            |
|    entropy_loss         | -16.8          |
|    explained_variance   | -1.0609627e-05 |
|    learning_rate        | 0.0003         |
|    loss                 | -0.0353        |
|    n_updates            | 1330           |
|    policy_gradient_loss | -0.0253        |
|    std                  | 0.982          |
|    value_loss           | 0.00796        |
--------------------------------------------
--------------------------------------------
| rollout/                |                |
|    ep_len_mean          | 1.44e+03       |
|    ep_rew_mean          | 1.45e+03       |
| time/                   |                |
|    fps                  | 660            |
|    iterations           | 135            |
|    time_elapsed         | 209            |
|    total_timesteps      | 138240         |
| train/                  |                |
|    approx_kl            | 0.019289304    |
|    clip_fraction        | 0.25           |
|    clip_range           | 0.2            |
|    entropy_loss         | -16.8          |
|    explained_variance   | -2.9206276e-05 |
|    learning_rate        | 0.0003         |
|    loss                 | -0.0347        |
|    n_updates            | 1340           |
|    policy_gradient_loss | -0.0317        |
|    std                  | 0.982          |
|    value_loss           | 0.00895        |
--------------------------------------------
--------------------------------------------
| rollout/                |                |
|    ep_len_mean          | 1.44e+03       |
|    ep_rew_mean          | 1.45e+03       |
| time/                   |                |
|    fps                  | 660            |
|    iterations           | 136            |
|    time_elapsed         | 210            |
|    total_timesteps      | 139264         |
| train/                  |                |
|    approx_kl            | 0.017455406    |
|    clip_fraction        | 0.221          |
|    clip_range           | 0.2            |
|    entropy_loss         | -16.8          |
|    explained_variance   | -0.00013899803 |
|    learning_rate        | 0.0003         |
|    loss                 | -0.0515        |
|    n_updates            | 1350           |
|    policy_gradient_loss | -0.0303        |
|    std                  | 0.981          |
|    value_loss           | 0.00925        |
--------------------------------------------
------------------------------------------
| rollout/                |              |
|    ep_len_mean          | 1.44e+03     |
|    ep_rew_mean          | 1.45e+03     |
| time/                   |              |
|    fps                  | 660          |
|    iterations           | 137          |
|    time_elapsed         | 212          |
|    total_timesteps      | 140288       |
| train/                  |              |
|    approx_kl            | 0.0168202    |
|    clip_fraction        | 0.193        |
|    clip_range           | 0.2          |
|    entropy_loss         | -16.7        |
|    explained_variance   | 4.506111e-05 |
|    learning_rate        | 0.0003       |
|    loss                 | -0.0388      |
|    n_updates            | 1360         |
|    policy_gradient_loss | -0.0291      |
|    std                  | 0.977        |
|    value_loss           | 0.00758      |
------------------------------------------
--------------------------------------------
| rollout/                |                |
|    ep_len_mean          | 1.44e+03       |
|    ep_rew_mean          | 1.45e+03       |
| time/                   |                |
|    fps                  | 660            |
|    iterations           | 138            |
|    time_elapsed         | 213            |
|    total_timesteps      | 141312         |
| train/                  |                |
|    approx_kl            | 0.015880149    |
|    clip_fraction        | 0.175          |
|    clip_range           | 0.2            |
|    entropy_loss         | -16.7          |
|    explained_variance   | -0.00015449524 |
|    learning_rate        | 0.0003         |
|    loss                 | -0.0338        |
|    n_updates            | 1370           |
|    policy_gradient_loss | -0.0242        |
|    std                  | 0.975          |
|    value_loss           | 0.00881        |
--------------------------------------------
-------------------------------------------
| rollout/                |               |
|    ep_len_mean          | 1.44e+03      |
|    ep_rew_mean          | 1.45e+03      |
| time/                   |               |
|    fps                  | 660           |
|    iterations           | 139           |
|    time_elapsed         | 215           |
|    total_timesteps      | 142336        |
| train/                  |               |
|    approx_kl            | 0.015480563   |
|    clip_fraction        | 0.177         |
|    clip_range           | 0.2           |
|    entropy_loss         | -16.7         |
|    explained_variance   | 5.1259995e-06 |
|    learning_rate        | 0.0003        |
|    loss                 | -0.0442       |
|    n_updates            | 1380          |
|    policy_gradient_loss | -0.0228       |
|    std                  | 0.973         |
|    value_loss           | 0.00578       |
-------------------------------------------
------------------------------------------
| rollout/                |              |
|    ep_len_mean          | 1.44e+03     |
|    ep_rew_mean          | 1.45e+03     |
| time/                   |              |
|    fps                  | 660          |
|    iterations           | 140          |
|    time_elapsed         | 216          |
|    total_timesteps      | 143360       |
| train/                  |              |
|    approx_kl            | 0.013428491  |
|    clip_fraction        | 0.151        |
|    clip_range           | 0.2          |
|    entropy_loss         | -16.7        |
|    explained_variance   | 5.108118e-05 |
|    learning_rate        | 0.0003       |
|    loss                 | -0.0327      |
|    n_updates            | 1390         |
|    policy_gradient_loss | -0.0223      |
|    std                  | 0.97         |
|    value_loss           | 0.00558      |
------------------------------------------
------------------------------------------
| rollout/                |              |
|    ep_len_mean          | 1.44e+03     |
|    ep_rew_mean          | 1.45e+03     |
| time/                   |              |
|    fps                  | 660          |
|    iterations           | 141          |
|    time_elapsed         | 218          |
|    total_timesteps      | 144384       |
| train/                  |              |
|    approx_kl            | 0.017029822  |
|    clip_fraction        | 0.184        |
|    clip_range           | 0.2          |
|    entropy_loss         | -16.6        |
|    explained_variance   | 4.172325e-06 |
|    learning_rate        | 0.0003       |
|    loss                 | -0.0509      |
|    n_updates            | 1400         |
|    policy_gradient_loss | -0.0272      |
|    std                  | 0.969        |
|    value_loss           | 0.00525      |
------------------------------------------
--------------------------------------------
| rollout/                |                |
|    ep_len_mean          | 1.44e+03       |
|    ep_rew_mean          | 1.45e+03       |
| time/                   |                |
|    fps                  | 661            |
|    iterations           | 142            |
|    time_elapsed         | 219            |
|    total_timesteps      | 145408         |
| train/                  |                |
|    approx_kl            | 0.012547189    |
|    clip_fraction        | 0.176          |
|    clip_range           | 0.2            |
|    entropy_loss         | -16.6          |
|    explained_variance   | -0.00021481514 |
|    learning_rate        | 0.0003         |
|    loss                 | -0.0417        |
|    n_updates            | 1410           |
|    policy_gradient_loss | -0.0242        |
|    std                  | 0.968          |
|    value_loss           | 0.00732        |
--------------------------------------------
--------------------------------------------
| rollout/                |                |
|    ep_len_mean          | 1.44e+03       |
|    ep_rew_mean          | 1.45e+03       |
| time/                   |                |
|    fps                  | 661            |
|    iterations           | 143            |
|    time_elapsed         | 221            |
|    total_timesteps      | 146432         |
| train/                  |                |
|    approx_kl            | 0.012274379    |
|    clip_fraction        | 0.154          |
|    clip_range           | 0.2            |
|    entropy_loss         | -16.6          |
|    explained_variance   | -0.00013792515 |
|    learning_rate        | 0.0003         |
|    loss                 | -0.0362        |
|    n_updates            | 1420           |
|    policy_gradient_loss | -0.0241        |
|    std                  | 0.967          |
|    value_loss           | 0.00642        |
--------------------------------------------
--------------------------------------------
| rollout/                |                |
|    ep_len_mean          | 1.44e+03       |
|    ep_rew_mean          | 1.45e+03       |
| time/                   |                |
|    fps                  | 661            |
|    iterations           | 144            |
|    time_elapsed         | 223            |
|    total_timesteps      | 147456         |
| train/                  |                |
|    approx_kl            | 0.01459211     |
|    clip_fraction        | 0.162          |
|    clip_range           | 0.2            |
|    entropy_loss         | -16.6          |
|    explained_variance   | -0.00015604496 |
|    learning_rate        | 0.0003         |
|    loss                 | -0.0348        |
|    n_updates            | 1430           |
|    policy_gradient_loss | -0.0234        |
|    std                  | 0.964          |
|    value_loss           | 0.00508        |
--------------------------------------------
-------------------------------------------
| rollout/                |               |
|    ep_len_mean          | 1.44e+03      |
|    ep_rew_mean          | 1.45e+03      |
| time/                   |               |
|    fps                  | 661           |
|    iterations           | 145           |
|    time_elapsed         | 224           |
|    total_timesteps      | 148480        |
| train/                  |               |
|    approx_kl            | 0.015190704   |
|    clip_fraction        | 0.164         |
|    clip_range           | 0.2           |
|    entropy_loss         | -16.6         |
|    explained_variance   | 4.7922134e-05 |
|    learning_rate        | 0.0003        |
|    loss                 | -0.0324       |
|    n_updates            | 1440          |
|    policy_gradient_loss | -0.0244       |
|    std                  | 0.964         |
|    value_loss           | 0.0139        |
-------------------------------------------
-------------------------------------------
| rollout/                |               |
|    ep_len_mean          | 1.44e+03      |
|    ep_rew_mean          | 1.45e+03      |
| time/                   |               |
|    fps                  | 660           |
|    iterations           | 146           |
|    time_elapsed         | 226           |
|    total_timesteps      | 149504        |
| train/                  |               |
|    approx_kl            | 0.013461368   |
|    clip_fraction        | 0.158         |
|    clip_range           | 0.2           |
|    entropy_loss         | -16.6         |
|    explained_variance   | -4.005432e-05 |
|    learning_rate        | 0.0003        |
|    loss                 | -0.0428       |
|    n_updates            | 1450          |
|    policy_gradient_loss | -0.0212       |
|    std                  | 0.965         |
|    value_loss           | 0.00756       |
-------------------------------------------
------------------------------------------
| rollout/                |              |
|    ep_len_mean          | 1.44e+03     |
|    ep_rew_mean          | 1.45e+03     |
| time/                   |              |
|    fps                  | 660          |
|    iterations           | 147          |
|    time_elapsed         | 227          |
|    total_timesteps      | 150528       |
| train/                  |              |
|    approx_kl            | 0.013045784  |
|    clip_fraction        | 0.168        |
|    clip_range           | 0.2          |
|    entropy_loss         | -16.6        |
|    explained_variance   | -1.66893e-06 |
|    learning_rate        | 0.0003       |
|    loss                 | -0.0363      |
|    n_updates            | 1460         |
|    policy_gradient_loss | -0.0208      |
|    std                  | 0.963        |
|    value_loss           | 0.00848      |
------------------------------------------
-------------------------------------------
| rollout/                |               |
|    ep_len_mean          | 1.44e+03      |
|    ep_rew_mean          | 1.45e+03      |
| time/                   |               |
|    fps                  | 660           |
|    iterations           | 148           |
|    time_elapsed         | 229           |
|    total_timesteps      | 151552        |
| train/                  |               |
|    approx_kl            | 0.013883069   |
|    clip_fraction        | 0.194         |
|    clip_range           | 0.2           |
|    entropy_loss         | -16.5         |
|    explained_variance   | 1.4901161e-05 |
|    learning_rate        | 0.0003        |
|    loss                 | -0.0147       |
|    n_updates            | 1470          |
|    policy_gradient_loss | -0.023        |
|    std                  | 0.962         |
|    value_loss           | 0.0159        |
-------------------------------------------
-------------------------------------------
| rollout/                |               |
|    ep_len_mean          | 1.44e+03      |
|    ep_rew_mean          | 1.45e+03      |
| time/                   |               |
|    fps                  | 660           |
|    iterations           | 149           |
|    time_elapsed         | 230           |
|    total_timesteps      | 152576        |
| train/                  |               |
|    approx_kl            | 0.012338418   |
|    clip_fraction        | 0.123         |
|    clip_range           | 0.2           |
|    entropy_loss         | -16.5         |
|    explained_variance   | 0.00015175343 |
|    learning_rate        | 0.0003        |
|    loss                 | -0.00721      |
|    n_updates            | 1480          |
|    policy_gradient_loss | -0.0177       |
|    std                  | 0.961         |
|    value_loss           | 0.0176        |
-------------------------------------------
--------------------------------------------
| rollout/                |                |
|    ep_len_mean          | 1.44e+03       |
|    ep_rew_mean          | 1.45e+03       |
| time/                   |                |
|    fps                  | 660            |
|    iterations           | 150            |
|    time_elapsed         | 232            |
|    total_timesteps      | 153600         |
| train/                  |                |
|    approx_kl            | 0.015369943    |
|    clip_fraction        | 0.167          |
|    clip_range           | 0.2            |
|    entropy_loss         | -16.5          |
|    explained_variance   | -0.00013506413 |
|    learning_rate        | 0.0003         |
|    loss                 | -0.0378        |
|    n_updates            | 1490           |
|    policy_gradient_loss | -0.0246        |
|    std                  | 0.956          |
|    value_loss           | 0.00663        |
--------------------------------------------
------------------------------------------
| rollout/                |              |
|    ep_len_mean          | 1.44e+03     |
|    ep_rew_mean          | 1.45e+03     |
| time/                   |              |
|    fps                  | 660          |
|    iterations           | 151          |
|    time_elapsed         | 233          |
|    total_timesteps      | 154624       |
| train/                  |              |
|    approx_kl            | 0.021263905  |
|    clip_fraction        | 0.237        |
|    clip_range           | 0.2          |
|    entropy_loss         | -16.4        |
|    explained_variance   | 5.275011e-05 |
|    learning_rate        | 0.0003       |
|    loss                 | -0.045       |
|    n_updates            | 1500         |
|    policy_gradient_loss | -0.0281      |
|    std                  | 0.953        |
|    value_loss           | 0.00839      |
------------------------------------------
-------------------------------------------
| rollout/                |               |
|    ep_len_mean          | 1.44e+03      |
|    ep_rew_mean          | 1.45e+03      |
| time/                   |               |
|    fps                  | 660           |
|    iterations           | 152           |
|    time_elapsed         | 235           |
|    total_timesteps      | 155648        |
| train/                  |               |
|    approx_kl            | 0.013919675   |
|    clip_fraction        | 0.174         |
|    clip_range           | 0.2           |
|    entropy_loss         | -16.4         |
|    explained_variance   | 1.8537045e-05 |
|    learning_rate        | 0.0003        |
|    loss                 | -0.0406       |
|    n_updates            | 1510          |
|    policy_gradient_loss | -0.0236       |
|    std                  | 0.954         |
|    value_loss           | 0.00588       |
-------------------------------------------
--------------------------------------------
| rollout/                |                |
|    ep_len_mean          | 1.44e+03       |
|    ep_rew_mean          | 1.45e+03       |
| time/                   |                |
|    fps                  | 660            |
|    iterations           | 153            |
|    time_elapsed         | 237            |
|    total_timesteps      | 156672         |
| train/                  |                |
|    approx_kl            | 0.016647227    |
|    clip_fraction        | 0.17           |
|    clip_range           | 0.2            |
|    entropy_loss         | -16.4          |
|    explained_variance   | 0.000119268894 |
|    learning_rate        | 0.0003         |
|    loss                 | -0.0301        |
|    n_updates            | 1520           |
|    policy_gradient_loss | -0.0212        |
|    std                  | 0.952          |
|    value_loss           | 0.00611        |
--------------------------------------------
-------------------------------------------
| rollout/                |               |
|    ep_len_mean          | 1.44e+03      |
|    ep_rew_mean          | 1.45e+03      |
| time/                   |               |
|    fps                  | 660           |
|    iterations           | 154           |
|    time_elapsed         | 238           |
|    total_timesteps      | 157696        |
| train/                  |               |
|    approx_kl            | 0.01432018    |
|    clip_fraction        | 0.182         |
|    clip_range           | 0.2           |
|    entropy_loss         | -16.4         |
|    explained_variance   | 3.0040741e-05 |
|    learning_rate        | 0.0003        |
|    loss                 | -0.0419       |
|    n_updates            | 1530          |
|    policy_gradient_loss | -0.0247       |
|    std                  | 0.948         |
|    value_loss           | 0.00615       |
-------------------------------------------
--------------------------------------------
| rollout/                |                |
|    ep_len_mean          | 1.44e+03       |
|    ep_rew_mean          | 1.46e+03       |
| time/                   |                |
|    fps                  | 660            |
|    iterations           | 155            |
|    time_elapsed         | 240            |
|    total_timesteps      | 158720         |
| train/                  |                |
|    approx_kl            | 0.012788657    |
|    clip_fraction        | 0.165          |
|    clip_range           | 0.2            |
|    entropy_loss         | -16.3          |
|    explained_variance   | -0.00010037422 |
|    learning_rate        | 0.0003         |
|    loss                 | -0.034         |
|    n_updates            | 1540           |
|    policy_gradient_loss | -0.0217        |
|    std                  | 0.946          |
|    value_loss           | 0.00533        |
--------------------------------------------
--------------------------------------------
| rollout/                |                |
|    ep_len_mean          | 1.44e+03       |
|    ep_rew_mean          | 1.46e+03       |
| time/                   |                |
|    fps                  | 661            |
|    iterations           | 156            |
|    time_elapsed         | 241            |
|    total_timesteps      | 159744         |
| train/                  |                |
|    approx_kl            | 0.014674073    |
|    clip_fraction        | 0.181          |
|    clip_range           | 0.2            |
|    entropy_loss         | -16.3          |
|    explained_variance   | -1.0251999e-05 |
|    learning_rate        | 0.0003         |
|    loss                 | -0.0344        |
|    n_updates            | 1550           |
|    policy_gradient_loss | -0.0229        |
|    std                  | 0.944          |
|    value_loss           | 0.00478        |
--------------------------------------------
-------------------------------------------
| rollout/                |               |
|    ep_len_mean          | 1.44e+03      |
|    ep_rew_mean          | 1.46e+03      |
| time/                   |               |
|    fps                  | 661           |
|    iterations           | 157           |
|    time_elapsed         | 243           |
|    total_timesteps      | 160768        |
| train/                  |               |
|    approx_kl            | 0.014590811   |
|    clip_fraction        | 0.163         |
|    clip_range           | 0.2           |
|    entropy_loss         | -16.3         |
|    explained_variance   | 7.1167946e-05 |
|    learning_rate        | 0.0003        |
|    loss                 | -0.0222       |
|    n_updates            | 1560          |
|    policy_gradient_loss | -0.0242       |
|    std                  | 0.942         |
|    value_loss           | 0.00854       |
-------------------------------------------
--------------------------------------------
| rollout/                |                |
|    ep_len_mean          | 1.44e+03       |
|    ep_rew_mean          | 1.46e+03       |
| time/                   |                |
|    fps                  | 661            |
|    iterations           | 158            |
|    time_elapsed         | 244            |
|    total_timesteps      | 161792         |
| train/                  |                |
|    approx_kl            | 0.011978857    |
|    clip_fraction        | 0.142          |
|    clip_range           | 0.2            |
|    entropy_loss         | -16.3          |
|    explained_variance   | -0.00011360645 |
|    learning_rate        | 0.0003         |
|    loss                 | -0.0253        |
|    n_updates            | 1570           |
|    policy_gradient_loss | -0.0213        |
|    std                  | 0.943          |
|    value_loss           | 0.00759        |
--------------------------------------------
-------------------------------------------
| rollout/                |               |
|    ep_len_mean          | 1.44e+03      |
|    ep_rew_mean          | 1.46e+03      |
| time/                   |               |
|    fps                  | 661           |
|    iterations           | 159           |
|    time_elapsed         | 246           |
|    total_timesteps      | 162816        |
| train/                  |               |
|    approx_kl            | 0.020205328   |
|    clip_fraction        | 0.204         |
|    clip_range           | 0.2           |
|    entropy_loss         | -16.3         |
|    explained_variance   | 0.00010102987 |
|    learning_rate        | 0.0003        |
|    loss                 | -0.0352       |
|    n_updates            | 1580          |
|    policy_gradient_loss | -0.0296       |
|    std                  | 0.942         |
|    value_loss           | 0.00557       |
-------------------------------------------
-------------------------------------------
| rollout/                |               |
|    ep_len_mean          | 1.44e+03      |
|    ep_rew_mean          | 1.46e+03      |
| time/                   |               |
|    fps                  | 661           |
|    iterations           | 160           |
|    time_elapsed         | 247           |
|    total_timesteps      | 163840        |
| train/                  |               |
|    approx_kl            | 0.016109426   |
|    clip_fraction        | 0.161         |
|    clip_range           | 0.2           |
|    entropy_loss         | -16.3         |
|    explained_variance   | 0.00013560057 |
|    learning_rate        | 0.0003        |
|    loss                 | -0.0283       |
|    n_updates            | 1590          |
|    policy_gradient_loss | -0.0212       |
|    std                  | 0.94          |
|    value_loss           | 0.00535       |
-------------------------------------------
-------------------------------------------
| rollout/                |               |
|    ep_len_mean          | 1.44e+03      |
|    ep_rew_mean          | 1.46e+03      |
| time/                   |               |
|    fps                  | 661           |
|    iterations           | 161           |
|    time_elapsed         | 249           |
|    total_timesteps      | 164864        |
| train/                  |               |
|    approx_kl            | 0.014034983   |
|    clip_fraction        | 0.188         |
|    clip_range           | 0.2           |
|    entropy_loss         | -16.2         |
|    explained_variance   | 8.2433224e-05 |
|    learning_rate        | 0.0003        |
|    loss                 | -0.0384       |
|    n_updates            | 1600          |
|    policy_gradient_loss | -0.0243       |
|    std                  | 0.938         |
|    value_loss           | 0.00551       |
-------------------------------------------
--------------------------------------------
| rollout/                |                |
|    ep_len_mean          | 1.44e+03       |
|    ep_rew_mean          | 1.46e+03       |
| time/                   |                |
|    fps                  | 661            |
|    iterations           | 162            |
|    time_elapsed         | 250            |
|    total_timesteps      | 165888         |
| train/                  |                |
|    approx_kl            | 0.015777515    |
|    clip_fraction        | 0.184          |
|    clip_range           | 0.2            |
|    entropy_loss         | -16.2          |
|    explained_variance   | -0.00017893314 |
|    learning_rate        | 0.0003         |
|    loss                 | -0.0366        |
|    n_updates            | 1610           |
|    policy_gradient_loss | -0.0243        |
|    std                  | 0.938          |
|    value_loss           | 0.00541        |
--------------------------------------------
-------------------------------------------
| rollout/                |               |
|    ep_len_mean          | 1.44e+03      |
|    ep_rew_mean          | 1.46e+03      |
| time/                   |               |
|    fps                  | 661           |
|    iterations           | 163           |
|    time_elapsed         | 252           |
|    total_timesteps      | 166912        |
| train/                  |               |
|    approx_kl            | 0.012809085   |
|    clip_fraction        | 0.152         |
|    clip_range           | 0.2           |
|    entropy_loss         | -16.2         |
|    explained_variance   | 0.00013804436 |
|    learning_rate        | 0.0003        |
|    loss                 | -0.0275       |
|    n_updates            | 1620          |
|    policy_gradient_loss | -0.023        |
|    std                  | 0.937         |
|    value_loss           | 0.00684       |
-------------------------------------------
-----------------------------------------
| rollout/                |             |
|    ep_len_mean          | 1.44e+03    |
|    ep_rew_mean          | 1.46e+03    |
| time/                   |             |
|    fps                  | 661         |
|    iterations           | 164         |
|    time_elapsed         | 254         |
|    total_timesteps      | 167936      |
| train/                  |             |
|    approx_kl            | 0.013287972 |
|    clip_fraction        | 0.15        |
|    clip_range           | 0.2         |
|    entropy_loss         | -16.2       |
|    explained_variance   | 0.000238657 |
|    learning_rate        | 0.0003      |
|    loss                 | -0.0248     |
|    n_updates            | 1630        |
|    policy_gradient_loss | -0.0213     |
|    std                  | 0.935       |
|    value_loss           | 0.00552     |
-----------------------------------------
------------------------------------------
| rollout/                |              |
|    ep_len_mean          | 1.44e+03     |
|    ep_rew_mean          | 1.46e+03     |
| time/                   |              |
|    fps                  | 661          |
|    iterations           | 165          |
|    time_elapsed         | 255          |
|    total_timesteps      | 168960       |
| train/                  |              |
|    approx_kl            | 0.014093153  |
|    clip_fraction        | 0.15         |
|    clip_range           | 0.2          |
|    entropy_loss         | -16.2        |
|    explained_variance   | 3.284216e-05 |
|    learning_rate        | 0.0003       |
|    loss                 | -0.0425      |
|    n_updates            | 1640         |
|    policy_gradient_loss | -0.0236      |
|    std                  | 0.933        |
|    value_loss           | 0.00628      |
------------------------------------------
-------------------------------------------
| rollout/                |               |
|    ep_len_mean          | 1.44e+03      |
|    ep_rew_mean          | 1.46e+03      |
| time/                   |               |
|    fps                  | 661           |
|    iterations           | 166           |
|    time_elapsed         | 257           |
|    total_timesteps      | 169984        |
| train/                  |               |
|    approx_kl            | 0.0145840645  |
|    clip_fraction        | 0.168         |
|    clip_range           | 0.2           |
|    entropy_loss         | -16.1         |
|    explained_variance   | 0.00022983551 |
|    learning_rate        | 0.0003        |
|    loss                 | -0.0355       |
|    n_updates            | 1650          |
|    policy_gradient_loss | -0.0257       |
|    std                  | 0.93          |
|    value_loss           | 0.0046        |
-------------------------------------------
-------------------------------------------
| rollout/                |               |
|    ep_len_mean          | 1.44e+03      |
|    ep_rew_mean          | 1.46e+03      |
| time/                   |               |
|    fps                  | 660           |
|    iterations           | 167           |
|    time_elapsed         | 258           |
|    total_timesteps      | 171008        |
| train/                  |               |
|    approx_kl            | 0.0136905275  |
|    clip_fraction        | 0.177         |
|    clip_range           | 0.2           |
|    entropy_loss         | -16.1         |
|    explained_variance   | 0.00019294024 |
|    learning_rate        | 0.0003        |
|    loss                 | -0.0301       |
|    n_updates            | 1660          |
|    policy_gradient_loss | -0.0228       |
|    std                  | 0.931         |
|    value_loss           | 0.00641       |
-------------------------------------------
-------------------------------------------
| rollout/                |               |
|    ep_len_mean          | 1.44e+03      |
|    ep_rew_mean          | 1.46e+03      |
| time/                   |               |
|    fps                  | 660           |
|    iterations           | 168           |
|    time_elapsed         | 260           |
|    total_timesteps      | 172032        |
| train/                  |               |
|    approx_kl            | 0.017819662   |
|    clip_fraction        | 0.193         |
|    clip_range           | 0.2           |
|    entropy_loss         | -16.1         |
|    explained_variance   | 0.00021201372 |
|    learning_rate        | 0.0003        |
|    loss                 | -0.0443       |
|    n_updates            | 1670          |
|    policy_gradient_loss | -0.0261       |
|    std                  | 0.929         |
|    value_loss           | 0.00648       |
-------------------------------------------
------------------------------------------
| rollout/                |              |
|    ep_len_mean          | 1.44e+03     |
|    ep_rew_mean          | 1.46e+03     |
| time/                   |              |
|    fps                  | 660          |
|    iterations           | 169          |
|    time_elapsed         | 261          |
|    total_timesteps      | 173056       |
| train/                  |              |
|    approx_kl            | 0.018077942  |
|    clip_fraction        | 0.194        |
|    clip_range           | 0.2          |
|    entropy_loss         | -16.1        |
|    explained_variance   | 0.0005302429 |
|    learning_rate        | 0.0003       |
|    loss                 | -0.0298      |
|    n_updates            | 1680         |
|    policy_gradient_loss | -0.0274      |
|    std                  | 0.931        |
|    value_loss           | 0.00546      |
------------------------------------------
-------------------------------------------
| rollout/                |               |
|    ep_len_mean          | 1.44e+03      |
|    ep_rew_mean          | 1.46e+03      |
| time/                   |               |
|    fps                  | 660           |
|    iterations           | 170           |
|    time_elapsed         | 263           |
|    total_timesteps      | 174080        |
| train/                  |               |
|    approx_kl            | 0.013135885   |
|    clip_fraction        | 0.16          |
|    clip_range           | 0.2           |
|    entropy_loss         | -16.1         |
|    explained_variance   | 2.3066998e-05 |
|    learning_rate        | 0.0003        |
|    loss                 | -0.029        |
|    n_updates            | 1690          |
|    policy_gradient_loss | -0.0235       |
|    std                  | 0.93          |
|    value_loss           | 0.00694       |
-------------------------------------------
-------------------------------------------
| rollout/                |               |
|    ep_len_mean          | 1.44e+03      |
|    ep_rew_mean          | 1.46e+03      |
| time/                   |               |
|    fps                  | 660           |
|    iterations           | 171           |
|    time_elapsed         | 265           |
|    total_timesteps      | 175104        |
| train/                  |               |
|    approx_kl            | 0.014458952   |
|    clip_fraction        | 0.187         |
|    clip_range           | 0.2           |
|    entropy_loss         | -16.1         |
|    explained_variance   | 0.00032621622 |
|    learning_rate        | 0.0003        |
|    loss                 | -0.0275       |
|    n_updates            | 1700          |
|    policy_gradient_loss | -0.023        |
|    std                  | 0.929         |
|    value_loss           | 0.00565       |
-------------------------------------------
-------------------------------------------
| rollout/                |               |
|    ep_len_mean          | 1.44e+03      |
|    ep_rew_mean          | 1.46e+03      |
| time/                   |               |
|    fps                  | 660           |
|    iterations           | 172           |
|    time_elapsed         | 266           |
|    total_timesteps      | 176128        |
| train/                  |               |
|    approx_kl            | 0.013467044   |
|    clip_fraction        | 0.158         |
|    clip_range           | 0.2           |
|    entropy_loss         | -16.1         |
|    explained_variance   | 5.5491924e-05 |
|    learning_rate        | 0.0003        |
|    loss                 | -0.0336       |
|    n_updates            | 1710          |
|    policy_gradient_loss | -0.0222       |
|    std                  | 0.929         |
|    value_loss           | 0.00581       |
-------------------------------------------
--------------------------------------------
| rollout/                |                |
|    ep_len_mean          | 1.44e+03       |
|    ep_rew_mean          | 1.46e+03       |
| time/                   |                |
|    fps                  | 660            |
|    iterations           | 173            |
|    time_elapsed         | 268            |
|    total_timesteps      | 177152         |
| train/                  |                |
|    approx_kl            | 0.0141428225   |
|    clip_fraction        | 0.161          |
|    clip_range           | 0.2            |
|    entropy_loss         | -16.1          |
|    explained_variance   | -2.6345253e-05 |
|    learning_rate        | 0.0003         |
|    loss                 | -0.0422        |
|    n_updates            | 1720           |
|    policy_gradient_loss | -0.0252        |
|    std                  | 0.927          |
|    value_loss           | 0.00596        |
--------------------------------------------
-------------------------------------------
| rollout/                |               |
|    ep_len_mean          | 1.44e+03      |
|    ep_rew_mean          | 1.46e+03      |
| time/                   |               |
|    fps                  | 660           |
|    iterations           | 174           |
|    time_elapsed         | 269           |
|    total_timesteps      | 178176        |
| train/                  |               |
|    approx_kl            | 0.015365828   |
|    clip_fraction        | 0.205         |
|    clip_range           | 0.2           |
|    entropy_loss         | -16.1         |
|    explained_variance   | 0.00014805794 |
|    learning_rate        | 0.0003        |
|    loss                 | -0.0448       |
|    n_updates            | 1730          |
|    policy_gradient_loss | -0.0248       |
|    std                  | 0.927         |
|    value_loss           | 0.00583       |
-------------------------------------------
-------------------------------------------
| rollout/                |               |
|    ep_len_mean          | 1.44e+03      |
|    ep_rew_mean          | 1.46e+03      |
| time/                   |               |
|    fps                  | 660           |
|    iterations           | 175           |
|    time_elapsed         | 271           |
|    total_timesteps      | 179200        |
| train/                  |               |
|    approx_kl            | 0.014400916   |
|    clip_fraction        | 0.186         |
|    clip_range           | 0.2           |
|    entropy_loss         | -16.1         |
|    explained_variance   | 0.00012803078 |
|    learning_rate        | 0.0003        |
|    loss                 | -0.0365       |
|    n_updates            | 1740          |
|    policy_gradient_loss | -0.0242       |
|    std                  | 0.927         |
|    value_loss           | 0.00565       |
-------------------------------------------
------------------------------------------
| rollout/                |              |
|    ep_len_mean          | 1.44e+03     |
|    ep_rew_mean          | 1.46e+03     |
| time/                   |              |
|    fps                  | 660          |
|    iterations           | 176          |
|    time_elapsed         | 272          |
|    total_timesteps      | 180224       |
| train/                  |              |
|    approx_kl            | 0.014230412  |
|    clip_fraction        | 0.157        |
|    clip_range           | 0.2          |
|    entropy_loss         | -16.1        |
|    explained_variance   | 0.0003207922 |
|    learning_rate        | 0.0003       |
|    loss                 | -0.0433      |
|    n_updates            | 1750         |
|    policy_gradient_loss | -0.0234      |
|    std                  | 0.925        |
|    value_loss           | 0.00623      |
------------------------------------------
-------------------------------------------
| rollout/                |               |
|    ep_len_mean          | 1.44e+03      |
|    ep_rew_mean          | 1.46e+03      |
| time/                   |               |
|    fps                  | 660           |
|    iterations           | 177           |
|    time_elapsed         | 274           |
|    total_timesteps      | 181248        |
| train/                  |               |
|    approx_kl            | 0.017311955   |
|    clip_fraction        | 0.18          |
|    clip_range           | 0.2           |
|    entropy_loss         | -16           |
|    explained_variance   | 0.00043201447 |
|    learning_rate        | 0.0003        |
|    loss                 | -0.0312       |
|    n_updates            | 1760          |
|    policy_gradient_loss | -0.028        |
|    std                  | 0.922         |
|    value_loss           | 0.00432       |
-------------------------------------------
-------------------------------------------
| rollout/                |               |
|    ep_len_mean          | 1.44e+03      |
|    ep_rew_mean          | 1.46e+03      |
| time/                   |               |
|    fps                  | 660           |
|    iterations           | 178           |
|    time_elapsed         | 275           |
|    total_timesteps      | 182272        |
| train/                  |               |
|    approx_kl            | 0.01729656    |
|    clip_fraction        | 0.212         |
|    clip_range           | 0.2           |
|    entropy_loss         | -16           |
|    explained_variance   | 0.00021064281 |
|    learning_rate        | 0.0003        |
|    loss                 | -0.038        |
|    n_updates            | 1770          |
|    policy_gradient_loss | -0.0271       |
|    std                  | 0.92          |
|    value_loss           | 0.00636       |
-------------------------------------------
-------------------------------------------
| rollout/                |               |
|    ep_len_mean          | 1.44e+03      |
|    ep_rew_mean          | 1.46e+03      |
| time/                   |               |
|    fps                  | 660           |
|    iterations           | 179           |
|    time_elapsed         | 277           |
|    total_timesteps      | 183296        |
| train/                  |               |
|    approx_kl            | 0.01718816    |
|    clip_fraction        | 0.207         |
|    clip_range           | 0.2           |
|    entropy_loss         | -16           |
|    explained_variance   | 0.00033259392 |
|    learning_rate        | 0.0003        |
|    loss                 | -0.0229       |
|    n_updates            | 1780          |
|    policy_gradient_loss | -0.0253       |
|    std                  | 0.919         |
|    value_loss           | 0.00466       |
-------------------------------------------
-------------------------------------------
| rollout/                |               |
|    ep_len_mean          | 1.44e+03      |
|    ep_rew_mean          | 1.46e+03      |
| time/                   |               |
|    fps                  | 660           |
|    iterations           | 180           |
|    time_elapsed         | 278           |
|    total_timesteps      | 184320        |
| train/                  |               |
|    approx_kl            | 0.011758923   |
|    clip_fraction        | 0.129         |
|    clip_range           | 0.2           |
|    entropy_loss         | -16           |
|    explained_variance   | 0.00034952164 |
|    learning_rate        | 0.0003        |
|    loss                 | -0.0268       |
|    n_updates            | 1790          |
|    policy_gradient_loss | -0.0205       |
|    std                  | 0.918         |
|    value_loss           | 0.00624       |
-------------------------------------------
------------------------------------------
| rollout/                |              |
|    ep_len_mean          | 1.44e+03     |
|    ep_rew_mean          | 1.46e+03     |
| time/                   |              |
|    fps                  | 660          |
|    iterations           | 181          |
|    time_elapsed         | 280          |
|    total_timesteps      | 185344       |
| train/                  |              |
|    approx_kl            | 0.018861296  |
|    clip_fraction        | 0.174        |
|    clip_range           | 0.2          |
|    entropy_loss         | -16          |
|    explained_variance   | 0.0005725026 |
|    learning_rate        | 0.0003       |
|    loss                 | -0.028       |
|    n_updates            | 1800         |
|    policy_gradient_loss | -0.0265      |
|    std                  | 0.918        |
|    value_loss           | 0.00569      |
------------------------------------------
------------------------------------------
| rollout/                |              |
|    ep_len_mean          | 1.44e+03     |
|    ep_rew_mean          | 1.46e+03     |
| time/                   |              |
|    fps                  | 661          |
|    iterations           | 182          |
|    time_elapsed         | 281          |
|    total_timesteps      | 186368       |
| train/                  |              |
|    approx_kl            | 0.014952112  |
|    clip_fraction        | 0.169        |
|    clip_range           | 0.2          |
|    entropy_loss         | -16          |
|    explained_variance   | 8.279085e-05 |
|    learning_rate        | 0.0003       |
|    loss                 | -0.0439      |
|    n_updates            | 1810         |
|    policy_gradient_loss | -0.024       |
|    std                  | 0.918        |
|    value_loss           | 0.00606      |
------------------------------------------
------------------------------------------
| rollout/                |              |
|    ep_len_mean          | 1.44e+03     |
|    ep_rew_mean          | 1.46e+03     |
| time/                   |              |
|    fps                  | 661          |
|    iterations           | 183          |
|    time_elapsed         | 283          |
|    total_timesteps      | 187392       |
| train/                  |              |
|    approx_kl            | 0.013773781  |
|    clip_fraction        | 0.166        |
|    clip_range           | 0.2          |
|    entropy_loss         | -16          |
|    explained_variance   | 0.0002861619 |
|    learning_rate        | 0.0003       |
|    loss                 | -0.0404      |
|    n_updates            | 1820         |
|    policy_gradient_loss | -0.023       |
|    std                  | 0.917        |
|    value_loss           | 0.00993      |
------------------------------------------
-------------------------------------------
| rollout/                |               |
|    ep_len_mean          | 1.44e+03      |
|    ep_rew_mean          | 1.46e+03      |
| time/                   |               |
|    fps                  | 661           |
|    iterations           | 184           |
|    time_elapsed         | 284           |
|    total_timesteps      | 188416        |
| train/                  |               |
|    approx_kl            | 0.016552858   |
|    clip_fraction        | 0.196         |
|    clip_range           | 0.2           |
|    entropy_loss         | -16           |
|    explained_variance   | 0.00037008524 |
|    learning_rate        | 0.0003        |
|    loss                 | -0.0435       |
|    n_updates            | 1830          |
|    policy_gradient_loss | -0.0254       |
|    std                  | 0.918         |
|    value_loss           | 0.00529       |
-------------------------------------------
-------------------------------------------
| rollout/                |               |
|    ep_len_mean          | 1.44e+03      |
|    ep_rew_mean          | 1.46e+03      |
| time/                   |               |
|    fps                  | 661           |
|    iterations           | 185           |
|    time_elapsed         | 286           |
|    total_timesteps      | 189440        |
| train/                  |               |
|    approx_kl            | 0.013753066   |
|    clip_fraction        | 0.199         |
|    clip_range           | 0.2           |
|    entropy_loss         | -16           |
|    explained_variance   | 0.00045728683 |
|    learning_rate        | 0.0003        |
|    loss                 | -0.0377       |
|    n_updates            | 1840          |
|    policy_gradient_loss | -0.0264       |
|    std                  | 0.918         |
|    value_loss           | 0.00499       |
-------------------------------------------
-------------------------------------------
| rollout/                |               |
|    ep_len_mean          | 1.44e+03      |
|    ep_rew_mean          | 1.46e+03      |
| time/                   |               |
|    fps                  | 661           |
|    iterations           | 186           |
|    time_elapsed         | 287           |
|    total_timesteps      | 190464        |
| train/                  |               |
|    approx_kl            | 0.013563745   |
|    clip_fraction        | 0.135         |
|    clip_range           | 0.2           |
|    entropy_loss         | -16           |
|    explained_variance   | 0.00022763014 |
|    learning_rate        | 0.0003        |
|    loss                 | -0.0347       |
|    n_updates            | 1850          |
|    policy_gradient_loss | -0.0212       |
|    std                  | 0.918         |
|    value_loss           | 0.00647       |
-------------------------------------------
-------------------------------------------
| rollout/                |               |
|    ep_len_mean          | 1.44e+03      |
|    ep_rew_mean          | 1.46e+03      |
| time/                   |               |
|    fps                  | 661           |
|    iterations           | 187           |
|    time_elapsed         | 289           |
|    total_timesteps      | 191488        |
| train/                  |               |
|    approx_kl            | 0.014463406   |
|    clip_fraction        | 0.162         |
|    clip_range           | 0.2           |
|    entropy_loss         | -16           |
|    explained_variance   | 0.00028556585 |
|    learning_rate        | 0.0003        |
|    loss                 | -0.0379       |
|    n_updates            | 1860          |
|    policy_gradient_loss | -0.0248       |
|    std                  | 0.918         |
|    value_loss           | 0.00519       |
-------------------------------------------
-------------------------------------------
| rollout/                |               |
|    ep_len_mean          | 1.44e+03      |
|    ep_rew_mean          | 1.46e+03      |
| time/                   |               |
|    fps                  | 661           |
|    iterations           | 188           |
|    time_elapsed         | 290           |
|    total_timesteps      | 192512        |
| train/                  |               |
|    approx_kl            | 0.0143267345  |
|    clip_fraction        | 0.155         |
|    clip_range           | 0.2           |
|    entropy_loss         | -16           |
|    explained_variance   | 0.00013947487 |
|    learning_rate        | 0.0003        |
|    loss                 | -0.0187       |
|    n_updates            | 1870          |
|    policy_gradient_loss | -0.022        |
|    std                  | 0.917         |
|    value_loss           | 0.0089        |
-------------------------------------------
------------------------------------------
| rollout/                |              |
|    ep_len_mean          | 1.44e+03     |
|    ep_rew_mean          | 1.46e+03     |
| time/                   |              |
|    fps                  | 661          |
|    iterations           | 189          |
|    time_elapsed         | 292          |
|    total_timesteps      | 193536       |
| train/                  |              |
|    approx_kl            | 0.010884895  |
|    clip_fraction        | 0.13         |
|    clip_range           | 0.2          |
|    entropy_loss         | -15.9        |
|    explained_variance   | 0.0006248355 |
|    learning_rate        | 0.0003       |
|    loss                 | -0.0273      |
|    n_updates            | 1880         |
|    policy_gradient_loss | -0.0203      |
|    std                  | 0.914        |
|    value_loss           | 0.00562      |
------------------------------------------
-------------------------------------------
| rollout/                |               |
|    ep_len_mean          | 1.44e+03      |
|    ep_rew_mean          | 1.47e+03      |
| time/                   |               |
|    fps                  | 661           |
|    iterations           | 190           |
|    time_elapsed         | 293           |
|    total_timesteps      | 194560        |
| train/                  |               |
|    approx_kl            | 0.013205877   |
|    clip_fraction        | 0.153         |
|    clip_range           | 0.2           |
|    entropy_loss         | -15.9         |
|    explained_variance   | 0.00050890446 |
|    learning_rate        | 0.0003        |
|    loss                 | -0.0275       |
|    n_updates            | 1890          |
|    policy_gradient_loss | -0.021        |
|    std                  | 0.913         |
|    value_loss           | 0.00694       |
-------------------------------------------
-------------------------------------------
| rollout/                |               |
|    ep_len_mean          | 1.44e+03      |
|    ep_rew_mean          | 1.47e+03      |
| time/                   |               |
|    fps                  | 662           |
|    iterations           | 191           |
|    time_elapsed         | 295           |
|    total_timesteps      | 195584        |
| train/                  |               |
|    approx_kl            | 0.010452038   |
|    clip_fraction        | 0.105         |
|    clip_range           | 0.2           |
|    entropy_loss         | -15.9         |
|    explained_variance   | 0.00038945675 |
|    learning_rate        | 0.0003        |
|    loss                 | -0.0212       |
|    n_updates            | 1900          |
|    policy_gradient_loss | -0.0186       |
|    std                  | 0.91          |
|    value_loss           | 0.00676       |
-------------------------------------------
-------------------------------------------
| rollout/                |               |
|    ep_len_mean          | 1.44e+03      |
|    ep_rew_mean          | 1.47e+03      |
| time/                   |               |
|    fps                  | 661           |
|    iterations           | 192           |
|    time_elapsed         | 296           |
|    total_timesteps      | 196608        |
| train/                  |               |
|    approx_kl            | 0.0153919635  |
|    clip_fraction        | 0.192         |
|    clip_range           | 0.2           |
|    entropy_loss         | -15.9         |
|    explained_variance   | 0.00040638447 |
|    learning_rate        | 0.0003        |
|    loss                 | -0.0396       |
|    n_updates            | 1910          |
|    policy_gradient_loss | -0.023        |
|    std                  | 0.909         |
|    value_loss           | 0.00664       |
-------------------------------------------
-------------------------------------------
| rollout/                |               |
|    ep_len_mean          | 1.44e+03      |
|    ep_rew_mean          | 1.47e+03      |
| time/                   |               |
|    fps                  | 662           |
|    iterations           | 193           |
|    time_elapsed         | 298           |
|    total_timesteps      | 197632        |
| train/                  |               |
|    approx_kl            | 0.014718128   |
|    clip_fraction        | 0.151         |
|    clip_range           | 0.2           |
|    entropy_loss         | -15.8         |
|    explained_variance   | 0.00065106153 |
|    learning_rate        | 0.0003        |
|    loss                 | -0.0353       |
|    n_updates            | 1920          |
|    policy_gradient_loss | -0.0214       |
|    std                  | 0.908         |
|    value_loss           | 0.00636       |
-------------------------------------------
-----------------------------------------
| rollout/                |             |
|    ep_len_mean          | 1.44e+03    |
|    ep_rew_mean          | 1.47e+03    |
| time/                   |             |
|    fps                  | 662         |
|    iterations           | 194         |
|    time_elapsed         | 299         |
|    total_timesteps      | 198656      |
| train/                  |             |
|    approx_kl            | 0.01570389  |
|    clip_fraction        | 0.149       |
|    clip_range           | 0.2         |
|    entropy_loss         | -15.8       |
|    explained_variance   | 0.000626564 |
|    learning_rate        | 0.0003      |
|    loss                 | -0.0254     |
|    n_updates            | 1930        |
|    policy_gradient_loss | -0.0243     |
|    std                  | 0.908       |
|    value_loss           | 0.00592     |
-----------------------------------------
------------------------------------------
| rollout/                |              |
|    ep_len_mean          | 1.44e+03     |
|    ep_rew_mean          | 1.47e+03     |
| time/                   |              |
|    fps                  | 662          |
|    iterations           | 195          |
|    time_elapsed         | 301          |
|    total_timesteps      | 199680       |
| train/                  |              |
|    approx_kl            | 0.014638577  |
|    clip_fraction        | 0.168        |
|    clip_range           | 0.2          |
|    entropy_loss         | -15.8        |
|    explained_variance   | 0.0004748702 |
|    learning_rate        | 0.0003       |
|    loss                 | -0.0378      |
|    n_updates            | 1940         |
|    policy_gradient_loss | -0.0235      |
|    std                  | 0.907        |
|    value_loss           | 0.00668      |
------------------------------------------
------------------------------------------
| rollout/                |              |
|    ep_len_mean          | 1.44e+03     |
|    ep_rew_mean          | 1.47e+03     |
| time/                   |              |
|    fps                  | 662          |
|    iterations           | 196          |
|    time_elapsed         | 302          |
|    total_timesteps      | 200704       |
| train/                  |              |
|    approx_kl            | 0.018586729  |
|    clip_fraction        | 0.199        |
|    clip_range           | 0.2          |
|    entropy_loss         | -15.8        |
|    explained_variance   | 0.0005710125 |
|    learning_rate        | 0.0003       |
|    loss                 | -0.0313      |
|    n_updates            | 1950         |
|    policy_gradient_loss | -0.0267      |
|    std                  | 0.904        |
|    value_loss           | 0.00572      |
------------------------------------------
Política MuJoCo guardada en /home/juli/unitree_ros2/nova-spot-micro-tesis/Experimentos/campana_distribuida_step_s23_20260928/mujoco/step_semilla_1046/policy.zip
