Using cuda device
Wrapping the env with a `Monitor` wrapper
Wrapping the env in a DummyVecEnv.
-----------------------------
| time/              |      |
|    fps             | 657  |
|    iterations      | 1    |
|    time_elapsed    | 1    |
|    total_timesteps | 1024 |
-----------------------------
-------------------------------------------
| rollout/                |               |
|    ep_len_mean          | 1.44e+03      |
|    ep_rew_mean          | 1.44e+03      |
| time/                   |               |
|    fps                  | 606           |
|    iterations           | 2             |
|    time_elapsed         | 3             |
|    total_timesteps      | 2048          |
| train/                  |               |
|    approx_kl            | 0.016006963   |
|    clip_fraction        | 0.226         |
|    clip_range           | 0.2           |
|    entropy_loss         | -17.1         |
|    explained_variance   | -0.0028812885 |
|    learning_rate        | 0.0003        |
|    loss                 | 96.8          |
|    n_updates            | 10            |
|    policy_gradient_loss | -0.013        |
|    std                  | 1             |
|    value_loss           | 233           |
-------------------------------------------
------------------------------------------
| rollout/                |              |
|    ep_len_mean          | 1.44e+03     |
|    ep_rew_mean          | 1.44e+03     |
| time/                   |              |
|    fps                  | 613          |
|    iterations           | 3            |
|    time_elapsed         | 5            |
|    total_timesteps      | 3072         |
| train/                  |              |
|    approx_kl            | 0.0098391315 |
|    clip_fraction        | 0.144        |
|    clip_range           | 0.2          |
|    entropy_loss         | -17.1        |
|    explained_variance   | 0.006254852  |
|    learning_rate        | 0.0003       |
|    loss                 | 91           |
|    n_updates            | 20           |
|    policy_gradient_loss | -0.0123      |
|    std                  | 1.01         |
|    value_loss           | 216          |
------------------------------------------
------------------------------------------
| rollout/                |              |
|    ep_len_mean          | 1.44e+03     |
|    ep_rew_mean          | 1.44e+03     |
| time/                   |              |
|    fps                  | 623          |
|    iterations           | 4            |
|    time_elapsed         | 6            |
|    total_timesteps      | 4096         |
| train/                  |              |
|    approx_kl            | 0.012609238  |
|    clip_fraction        | 0.174        |
|    clip_range           | 0.2          |
|    entropy_loss         | -17.1        |
|    explained_variance   | -0.008082986 |
|    learning_rate        | 0.0003       |
|    loss                 | 94.3         |
|    n_updates            | 30           |
|    policy_gradient_loss | -0.0107      |
|    std                  | 1.01         |
|    value_loss           | 210          |
------------------------------------------
------------------------------------------
| rollout/                |              |
|    ep_len_mean          | 1.44e+03     |
|    ep_rew_mean          | 1.44e+03     |
| time/                   |              |
|    fps                  | 627          |
|    iterations           | 5            |
|    time_elapsed         | 8            |
|    total_timesteps      | 5120         |
| train/                  |              |
|    approx_kl            | 0.015959464  |
|    clip_fraction        | 0.208        |
|    clip_range           | 0.2          |
|    entropy_loss         | -17.1        |
|    explained_variance   | -0.003933072 |
|    learning_rate        | 0.0003       |
|    loss                 | 99.4         |
|    n_updates            | 40           |
|    policy_gradient_loss | -0.0136      |
|    std                  | 1.01         |
|    value_loss           | 217          |
------------------------------------------
------------------------------------------
| rollout/                |              |
|    ep_len_mean          | 1.44e+03     |
|    ep_rew_mean          | 1.44e+03     |
| time/                   |              |
|    fps                  | 630          |
|    iterations           | 6            |
|    time_elapsed         | 9            |
|    total_timesteps      | 6144         |
| train/                  |              |
|    approx_kl            | 0.008584674  |
|    clip_fraction        | 0.104        |
|    clip_range           | 0.2          |
|    entropy_loss         | -17.1        |
|    explained_variance   | 0.0038182735 |
|    learning_rate        | 0.0003       |
|    loss                 | 96.7         |
|    n_updates            | 50           |
|    policy_gradient_loss | -0.00949     |
|    std                  | 1.01         |
|    value_loss           | 210          |
------------------------------------------
-----------------------------------------
| rollout/                |             |
|    ep_len_mean          | 1.44e+03    |
|    ep_rew_mean          | 1.44e+03    |
| time/                   |             |
|    fps                  | 632         |
|    iterations           | 7           |
|    time_elapsed         | 11          |
|    total_timesteps      | 7168        |
| train/                  |             |
|    approx_kl            | 0.009599209 |
|    clip_fraction        | 0.122       |
|    clip_range           | 0.2         |
|    entropy_loss         | -17.1       |
|    explained_variance   | 0.005856037 |
|    learning_rate        | 0.0003      |
|    loss                 | 96.2        |
|    n_updates            | 60          |
|    policy_gradient_loss | -0.0111     |
|    std                  | 1.01        |
|    value_loss           | 206         |
-----------------------------------------
------------------------------------------
| rollout/                |              |
|    ep_len_mean          | 1.44e+03     |
|    ep_rew_mean          | 1.44e+03     |
| time/                   |              |
|    fps                  | 632          |
|    iterations           | 8            |
|    time_elapsed         | 12           |
|    total_timesteps      | 8192         |
| train/                  |              |
|    approx_kl            | 0.023227561  |
|    clip_fraction        | 0.217        |
|    clip_range           | 0.2          |
|    entropy_loss         | -17.1        |
|    explained_variance   | 0.0009822249 |
|    learning_rate        | 0.0003       |
|    loss                 | 98           |
|    n_updates            | 70           |
|    policy_gradient_loss | -0.0121      |
|    std                  | 1.01         |
|    value_loss           | 207          |
------------------------------------------
------------------------------------------
| rollout/                |              |
|    ep_len_mean          | 1.44e+03     |
|    ep_rew_mean          | 1.44e+03     |
| time/                   |              |
|    fps                  | 633          |
|    iterations           | 9            |
|    time_elapsed         | 14           |
|    total_timesteps      | 9216         |
| train/                  |              |
|    approx_kl            | 0.016460832  |
|    clip_fraction        | 0.193        |
|    clip_range           | 0.2          |
|    entropy_loss         | -17.1        |
|    explained_variance   | 0.0018325448 |
|    learning_rate        | 0.0003       |
|    loss                 | 93.7         |
|    n_updates            | 80           |
|    policy_gradient_loss | -0.0136      |
|    std                  | 1.01         |
|    value_loss           | 200          |
------------------------------------------
--------------------------------------------
| rollout/                |                |
|    ep_len_mean          | 1.44e+03       |
|    ep_rew_mean          | 1.44e+03       |
| time/                   |                |
|    fps                  | 636            |
|    iterations           | 10             |
|    time_elapsed         | 16             |
|    total_timesteps      | 10240          |
| train/                  |                |
|    approx_kl            | 0.011835215    |
|    clip_fraction        | 0.148          |
|    clip_range           | 0.2            |
|    entropy_loss         | -17.1          |
|    explained_variance   | -0.00059866905 |
|    learning_rate        | 0.0003         |
|    loss                 | 92.4           |
|    n_updates            | 90             |
|    policy_gradient_loss | -0.0108        |
|    std                  | 1.01           |
|    value_loss           | 195            |
--------------------------------------------
------------------------------------------
| rollout/                |              |
|    ep_len_mean          | 1.44e+03     |
|    ep_rew_mean          | 1.44e+03     |
| time/                   |              |
|    fps                  | 637          |
|    iterations           | 11           |
|    time_elapsed         | 17           |
|    total_timesteps      | 11264        |
| train/                  |              |
|    approx_kl            | 0.015051208  |
|    clip_fraction        | 0.15         |
|    clip_range           | 0.2          |
|    entropy_loss         | -17.1        |
|    explained_variance   | 0.0028980374 |
|    learning_rate        | 0.0003       |
|    loss                 | 90.4         |
|    n_updates            | 100          |
|    policy_gradient_loss | -0.0109      |
|    std                  | 1.01         |
|    value_loss           | 192          |
------------------------------------------
-------------------------------------------
| rollout/                |               |
|    ep_len_mean          | 1.44e+03      |
|    ep_rew_mean          | 1.44e+03      |
| time/                   |               |
|    fps                  | 637           |
|    iterations           | 12            |
|    time_elapsed         | 19            |
|    total_timesteps      | 12288         |
| train/                  |               |
|    approx_kl            | 0.016981212   |
|    clip_fraction        | 0.174         |
|    clip_range           | 0.2           |
|    entropy_loss         | -17.2         |
|    explained_variance   | 0.00085937977 |
|    learning_rate        | 0.0003        |
|    loss                 | 90.3          |
|    n_updates            | 110           |
|    policy_gradient_loss | -0.0115       |
|    std                  | 1.01          |
|    value_loss           | 192           |
-------------------------------------------
-------------------------------------------
| rollout/                |               |
|    ep_len_mean          | 1.44e+03      |
|    ep_rew_mean          | 1.44e+03      |
| time/                   |               |
|    fps                  | 636           |
|    iterations           | 13            |
|    time_elapsed         | 20            |
|    total_timesteps      | 13312         |
| train/                  |               |
|    approx_kl            | 0.010732099   |
|    clip_fraction        | 0.11          |
|    clip_range           | 0.2           |
|    entropy_loss         | -17.1         |
|    explained_variance   | 0.00031524897 |
|    learning_rate        | 0.0003        |
|    loss                 | 85.6          |
|    n_updates            | 120           |
|    policy_gradient_loss | -0.00995      |
|    std                  | 1.01          |
|    value_loss           | 185           |
-------------------------------------------
-------------------------------------------
| rollout/                |               |
|    ep_len_mean          | 1.44e+03      |
|    ep_rew_mean          | 1.44e+03      |
| time/                   |               |
|    fps                  | 637           |
|    iterations           | 14            |
|    time_elapsed         | 22            |
|    total_timesteps      | 14336         |
| train/                  |               |
|    approx_kl            | 0.013981788   |
|    clip_fraction        | 0.178         |
|    clip_range           | 0.2           |
|    entropy_loss         | -17.1         |
|    explained_variance   | 0.00074619055 |
|    learning_rate        | 0.0003        |
|    loss                 | 85.7          |
|    n_updates            | 130           |
|    policy_gradient_loss | -0.0127       |
|    std                  | 1.01          |
|    value_loss           | 181           |
-------------------------------------------
------------------------------------------
| rollout/                |              |
|    ep_len_mean          | 1.44e+03     |
|    ep_rew_mean          | 1.44e+03     |
| time/                   |              |
|    fps                  | 636          |
|    iterations           | 15           |
|    time_elapsed         | 24           |
|    total_timesteps      | 15360        |
| train/                  |              |
|    approx_kl            | 0.016221313  |
|    clip_fraction        | 0.213        |
|    clip_range           | 0.2          |
|    entropy_loss         | -17.1        |
|    explained_variance   | 0.0001078248 |
|    learning_rate        | 0.0003       |
|    loss                 | 84.5         |
|    n_updates            | 140          |
|    policy_gradient_loss | -0.0129      |
|    std                  | 1.01         |
|    value_loss           | 181          |
------------------------------------------
--------------------------------------------
| rollout/                |                |
|    ep_len_mean          | 1.44e+03       |
|    ep_rew_mean          | 1.44e+03       |
| time/                   |                |
|    fps                  | 636            |
|    iterations           | 16             |
|    time_elapsed         | 25             |
|    total_timesteps      | 16384          |
| train/                  |                |
|    approx_kl            | 0.015337062    |
|    clip_fraction        | 0.146          |
|    clip_range           | 0.2            |
|    entropy_loss         | -17.2          |
|    explained_variance   | -1.6450882e-05 |
|    learning_rate        | 0.0003         |
|    loss                 | 82.1           |
|    n_updates            | 150            |
|    policy_gradient_loss | -0.0115        |
|    std                  | 1.01           |
|    value_loss           | 174            |
--------------------------------------------
-------------------------------------------
| rollout/                |               |
|    ep_len_mean          | 1.44e+03      |
|    ep_rew_mean          | 1.44e+03      |
| time/                   |               |
|    fps                  | 637           |
|    iterations           | 17            |
|    time_elapsed         | 27            |
|    total_timesteps      | 17408         |
| train/                  |               |
|    approx_kl            | 0.013535335   |
|    clip_fraction        | 0.155         |
|    clip_range           | 0.2           |
|    entropy_loss         | -17.2         |
|    explained_variance   | 4.6253204e-05 |
|    learning_rate        | 0.0003        |
|    loss                 | 80.2          |
|    n_updates            | 160           |
|    policy_gradient_loss | -0.0106       |
|    std                  | 1.01          |
|    value_loss           | 170           |
-------------------------------------------
------------------------------------------
| rollout/                |              |
|    ep_len_mean          | 1.44e+03     |
|    ep_rew_mean          | 1.44e+03     |
| time/                   |              |
|    fps                  | 638          |
|    iterations           | 18           |
|    time_elapsed         | 28           |
|    total_timesteps      | 18432        |
| train/                  |              |
|    approx_kl            | 0.014106346  |
|    clip_fraction        | 0.213        |
|    clip_range           | 0.2          |
|    entropy_loss         | -17.2        |
|    explained_variance   | 0.0001538992 |
|    learning_rate        | 0.0003       |
|    loss                 | 78.4         |
|    n_updates            | 170          |
|    policy_gradient_loss | -0.0124      |
|    std                  | 1.01         |
|    value_loss           | 166          |
------------------------------------------
-------------------------------------------
| rollout/                |               |
|    ep_len_mean          | 1.44e+03      |
|    ep_rew_mean          | 1.44e+03      |
| time/                   |               |
|    fps                  | 641           |
|    iterations           | 19            |
|    time_elapsed         | 30            |
|    total_timesteps      | 19456         |
| train/                  |               |
|    approx_kl            | 0.016903102   |
|    clip_fraction        | 0.156         |
|    clip_range           | 0.2           |
|    entropy_loss         | -17.2         |
|    explained_variance   | -9.250641e-05 |
|    learning_rate        | 0.0003        |
|    loss                 | 78.2          |
|    n_updates            | 180           |
|    policy_gradient_loss | -0.00894      |
|    std                  | 1.01          |
|    value_loss           | 167           |
-------------------------------------------
--------------------------------------------
| rollout/                |                |
|    ep_len_mean          | 1.44e+03       |
|    ep_rew_mean          | 1.44e+03       |
| time/                   |                |
|    fps                  | 644            |
|    iterations           | 20             |
|    time_elapsed         | 31             |
|    total_timesteps      | 20480          |
| train/                  |                |
|    approx_kl            | 0.01284568     |
|    clip_fraction        | 0.186          |
|    clip_range           | 0.2            |
|    entropy_loss         | -17.2          |
|    explained_variance   | -0.00011587143 |
|    learning_rate        | 0.0003         |
|    loss                 | 73.7           |
|    n_updates            | 190            |
|    policy_gradient_loss | -0.0126        |
|    std                  | 1.02           |
|    value_loss           | 160            |
--------------------------------------------
-------------------------------------------
| rollout/                |               |
|    ep_len_mean          | 1.44e+03      |
|    ep_rew_mean          | 1.44e+03      |
| time/                   |               |
|    fps                  | 646           |
|    iterations           | 21            |
|    time_elapsed         | 33            |
|    total_timesteps      | 21504         |
| train/                  |               |
|    approx_kl            | 0.009873023   |
|    clip_fraction        | 0.132         |
|    clip_range           | 0.2           |
|    entropy_loss         | -17.2         |
|    explained_variance   | 0.00028073788 |
|    learning_rate        | 0.0003        |
|    loss                 | 73.6          |
|    n_updates            | 200           |
|    policy_gradient_loss | -0.0129       |
|    std                  | 1.02          |
|    value_loss           | 156           |
-------------------------------------------
-------------------------------------------
| rollout/                |               |
|    ep_len_mean          | 1.44e+03      |
|    ep_rew_mean          | 1.44e+03      |
| time/                   |               |
|    fps                  | 649           |
|    iterations           | 22            |
|    time_elapsed         | 34            |
|    total_timesteps      | 22528         |
| train/                  |               |
|    approx_kl            | 0.016176382   |
|    clip_fraction        | 0.141         |
|    clip_range           | 0.2           |
|    entropy_loss         | -17.2         |
|    explained_variance   | 0.00013035536 |
|    learning_rate        | 0.0003        |
|    loss                 | 74            |
|    n_updates            | 210           |
|    policy_gradient_loss | -0.00809      |
|    std                  | 1.02          |
|    value_loss           | 158           |
-------------------------------------------
------------------------------------------
| rollout/                |              |
|    ep_len_mean          | 1.44e+03     |
|    ep_rew_mean          | 1.44e+03     |
| time/                   |              |
|    fps                  | 651          |
|    iterations           | 23           |
|    time_elapsed         | 36           |
|    total_timesteps      | 23552        |
| train/                  |              |
|    approx_kl            | 0.009896996  |
|    clip_fraction        | 0.127        |
|    clip_range           | 0.2          |
|    entropy_loss         | -17.2        |
|    explained_variance   | -8.34465e-07 |
|    learning_rate        | 0.0003       |
|    loss                 | 70.2         |
|    n_updates            | 220          |
|    policy_gradient_loss | -0.00977     |
|    std                  | 1.02         |
|    value_loss           | 150          |
------------------------------------------
--------------------------------------------
| rollout/                |                |
|    ep_len_mean          | 1.44e+03       |
|    ep_rew_mean          | 1.44e+03       |
| time/                   |                |
|    fps                  | 652            |
|    iterations           | 24             |
|    time_elapsed         | 37             |
|    total_timesteps      | 24576          |
| train/                  |                |
|    approx_kl            | 0.01509229     |
|    clip_fraction        | 0.215          |
|    clip_range           | 0.2            |
|    entropy_loss         | -17.2          |
|    explained_variance   | -0.00027918816 |
|    learning_rate        | 0.0003         |
|    loss                 | 70.2           |
|    n_updates            | 230            |
|    policy_gradient_loss | -0.0154        |
|    std                  | 1.02           |
|    value_loss           | 147            |
--------------------------------------------
------------------------------------------
| rollout/                |              |
|    ep_len_mean          | 1.44e+03     |
|    ep_rew_mean          | 1.44e+03     |
| time/                   |              |
|    fps                  | 653          |
|    iterations           | 25           |
|    time_elapsed         | 39           |
|    total_timesteps      | 25600        |
| train/                  |              |
|    approx_kl            | 0.018082112  |
|    clip_fraction        | 0.22         |
|    clip_range           | 0.2          |
|    entropy_loss         | -17.2        |
|    explained_variance   | 0.0002734065 |
|    learning_rate        | 0.0003       |
|    loss                 | 67.3         |
|    n_updates            | 240          |
|    policy_gradient_loss | -0.0152      |
|    std                  | 1.02         |
|    value_loss           | 144          |
------------------------------------------
-------------------------------------------
| rollout/                |               |
|    ep_len_mean          | 1.44e+03      |
|    ep_rew_mean          | 1.44e+03      |
| time/                   |               |
|    fps                  | 654           |
|    iterations           | 26            |
|    time_elapsed         | 40            |
|    total_timesteps      | 26624         |
| train/                  |               |
|    approx_kl            | 0.017426774   |
|    clip_fraction        | 0.166         |
|    clip_range           | 0.2           |
|    entropy_loss         | -17.2         |
|    explained_variance   | -4.696846e-05 |
|    learning_rate        | 0.0003        |
|    loss                 | 67.5          |
|    n_updates            | 250           |
|    policy_gradient_loss | -0.00928      |
|    std                  | 1.02          |
|    value_loss           | 144           |
-------------------------------------------
------------------------------------------
| rollout/                |              |
|    ep_len_mean          | 1.44e+03     |
|    ep_rew_mean          | 1.44e+03     |
| time/                   |              |
|    fps                  | 655          |
|    iterations           | 27           |
|    time_elapsed         | 42           |
|    total_timesteps      | 27648        |
| train/                  |              |
|    approx_kl            | 0.009818355  |
|    clip_fraction        | 0.133        |
|    clip_range           | 0.2          |
|    entropy_loss         | -17.3        |
|    explained_variance   | 0.0001333952 |
|    learning_rate        | 0.0003       |
|    loss                 | 64.5         |
|    n_updates            | 260          |
|    policy_gradient_loss | -0.0112      |
|    std                  | 1.02         |
|    value_loss           | 138          |
------------------------------------------
-------------------------------------------
| rollout/                |               |
|    ep_len_mean          | 1.44e+03      |
|    ep_rew_mean          | 1.44e+03      |
| time/                   |               |
|    fps                  | 657           |
|    iterations           | 28            |
|    time_elapsed         | 43            |
|    total_timesteps      | 28672         |
| train/                  |               |
|    approx_kl            | 0.014644757   |
|    clip_fraction        | 0.162         |
|    clip_range           | 0.2           |
|    entropy_loss         | -17.3         |
|    explained_variance   | 0.00012278557 |
|    learning_rate        | 0.0003        |
|    loss                 | 62.7          |
|    n_updates            | 270           |
|    policy_gradient_loss | -0.0109       |
|    std                  | 1.02          |
|    value_loss           | 135           |
-------------------------------------------
-------------------------------------------
| rollout/                |               |
|    ep_len_mean          | 1.44e+03      |
|    ep_rew_mean          | 1.44e+03      |
| time/                   |               |
|    fps                  | 658           |
|    iterations           | 29            |
|    time_elapsed         | 45            |
|    total_timesteps      | 29696         |
| train/                  |               |
|    approx_kl            | 0.015170341   |
|    clip_fraction        | 0.181         |
|    clip_range           | 0.2           |
|    entropy_loss         | -17.3         |
|    explained_variance   | 9.2208385e-05 |
|    learning_rate        | 0.0003        |
|    loss                 | 63.5          |
|    n_updates            | 280           |
|    policy_gradient_loss | -0.0124       |
|    std                  | 1.02          |
|    value_loss           | 135           |
-------------------------------------------
------------------------------------------
| rollout/                |              |
|    ep_len_mean          | 1.44e+03     |
|    ep_rew_mean          | 1.44e+03     |
| time/                   |              |
|    fps                  | 659          |
|    iterations           | 30           |
|    time_elapsed         | 46           |
|    total_timesteps      | 30720        |
| train/                  |              |
|    approx_kl            | 0.0070450017 |
|    clip_fraction        | 0.0882       |
|    clip_range           | 0.2          |
|    entropy_loss         | -17.3        |
|    explained_variance   | 5.465746e-05 |
|    learning_rate        | 0.0003       |
|    loss                 | 60.6         |
|    n_updates            | 290          |
|    policy_gradient_loss | -0.0101      |
|    std                  | 1.02         |
|    value_loss           | 129          |
------------------------------------------
-------------------------------------------
| rollout/                |               |
|    ep_len_mean          | 1.44e+03      |
|    ep_rew_mean          | 1.44e+03      |
| time/                   |               |
|    fps                  | 659           |
|    iterations           | 31            |
|    time_elapsed         | 48            |
|    total_timesteps      | 31744         |
| train/                  |               |
|    approx_kl            | 0.016587477   |
|    clip_fraction        | 0.181         |
|    clip_range           | 0.2           |
|    entropy_loss         | -17.3         |
|    explained_variance   | 0.00023114681 |
|    learning_rate        | 0.0003        |
|    loss                 | 59.1          |
|    n_updates            | 300           |
|    policy_gradient_loss | -0.0152       |
|    std                  | 1.02          |
|    value_loss           | 126           |
-------------------------------------------
------------------------------------------
| rollout/                |              |
|    ep_len_mean          | 1.44e+03     |
|    ep_rew_mean          | 1.44e+03     |
| time/                   |              |
|    fps                  | 659          |
|    iterations           | 32           |
|    time_elapsed         | 49           |
|    total_timesteps      | 32768        |
| train/                  |              |
|    approx_kl            | 0.012298979  |
|    clip_fraction        | 0.16         |
|    clip_range           | 0.2          |
|    entropy_loss         | -17.3        |
|    explained_variance   | 6.425381e-05 |
|    learning_rate        | 0.0003       |
|    loss                 | 57.5         |
|    n_updates            | 310          |
|    policy_gradient_loss | -0.0115      |
|    std                  | 1.02         |
|    value_loss           | 123          |
------------------------------------------
--------------------------------------------
| rollout/                |                |
|    ep_len_mean          | 1.44e+03       |
|    ep_rew_mean          | 1.44e+03       |
| time/                   |                |
|    fps                  | 659            |
|    iterations           | 33             |
|    time_elapsed         | 51             |
|    total_timesteps      | 33792          |
| train/                  |                |
|    approx_kl            | 0.014793348    |
|    clip_fraction        | 0.135          |
|    clip_range           | 0.2            |
|    entropy_loss         | -17.3          |
|    explained_variance   | -2.7656555e-05 |
|    learning_rate        | 0.0003         |
|    loss                 | 56.5           |
|    n_updates            | 320            |
|    policy_gradient_loss | -0.00953       |
|    std                  | 1.02           |
|    value_loss           | 122            |
--------------------------------------------
-------------------------------------------
| rollout/                |               |
|    ep_len_mean          | 1.44e+03      |
|    ep_rew_mean          | 1.44e+03      |
| time/                   |               |
|    fps                  | 660           |
|    iterations           | 34            |
|    time_elapsed         | 52            |
|    total_timesteps      | 34816         |
| train/                  |               |
|    approx_kl            | 0.008948887   |
|    clip_fraction        | 0.139         |
|    clip_range           | 0.2           |
|    entropy_loss         | -17.3         |
|    explained_variance   | 1.1086464e-05 |
|    learning_rate        | 0.0003        |
|    loss                 | 54.5          |
|    n_updates            | 330           |
|    policy_gradient_loss | -0.0135       |
|    std                  | 1.02          |
|    value_loss           | 117           |
-------------------------------------------
------------------------------------------
| rollout/                |              |
|    ep_len_mean          | 1.44e+03     |
|    ep_rew_mean          | 1.44e+03     |
| time/                   |              |
|    fps                  | 660          |
|    iterations           | 35           |
|    time_elapsed         | 54           |
|    total_timesteps      | 35840        |
| train/                  |              |
|    approx_kl            | 0.009796187  |
|    clip_fraction        | 0.114        |
|    clip_range           | 0.2          |
|    entropy_loss         | -17.3        |
|    explained_variance   | 4.476309e-05 |
|    learning_rate        | 0.0003       |
|    loss                 | 51.7         |
|    n_updates            | 340          |
|    policy_gradient_loss | -0.0119      |
|    std                  | 1.02         |
|    value_loss           | 114          |
------------------------------------------
-------------------------------------------
| rollout/                |               |
|    ep_len_mean          | 1.44e+03      |
|    ep_rew_mean          | 1.44e+03      |
| time/                   |               |
|    fps                  | 660           |
|    iterations           | 36            |
|    time_elapsed         | 55            |
|    total_timesteps      | 36864         |
| train/                  |               |
|    approx_kl            | 0.01891619    |
|    clip_fraction        | 0.235         |
|    clip_range           | 0.2           |
|    entropy_loss         | -17.3         |
|    explained_variance   | 9.5427036e-05 |
|    learning_rate        | 0.0003        |
|    loss                 | 53.3          |
|    n_updates            | 350           |
|    policy_gradient_loss | -0.014        |
|    std                  | 1.02          |
|    value_loss           | 115           |
-------------------------------------------
-------------------------------------------
| rollout/                |               |
|    ep_len_mean          | 1.44e+03      |
|    ep_rew_mean          | 1.44e+03      |
| time/                   |               |
|    fps                  | 661           |
|    iterations           | 37            |
|    time_elapsed         | 57            |
|    total_timesteps      | 37888         |
| train/                  |               |
|    approx_kl            | 0.009584986   |
|    clip_fraction        | 0.0855        |
|    clip_range           | 0.2           |
|    entropy_loss         | -17.3         |
|    explained_variance   | 0.00019615889 |
|    learning_rate        | 0.0003        |
|    loss                 | 50.3          |
|    n_updates            | 360           |
|    policy_gradient_loss | -0.00887      |
|    std                  | 1.02          |
|    value_loss           | 109           |
-------------------------------------------
-----------------------------------------
| rollout/                |             |
|    ep_len_mean          | 1.44e+03    |
|    ep_rew_mean          | 1.44e+03    |
| time/                   |             |
|    fps                  | 661         |
|    iterations           | 38          |
|    time_elapsed         | 58          |
|    total_timesteps      | 38912       |
| train/                  |             |
|    approx_kl            | 0.013273277 |
|    clip_fraction        | 0.133       |
|    clip_range           | 0.2         |
|    entropy_loss         | -17.3       |
|    explained_variance   | 3.33786e-06 |
|    learning_rate        | 0.0003      |
|    loss                 | 49.2        |
|    n_updates            | 370         |
|    policy_gradient_loss | -0.0146     |
|    std                  | 1.02        |
|    value_loss           | 107         |
-----------------------------------------
------------------------------------------
| rollout/                |              |
|    ep_len_mean          | 1.44e+03     |
|    ep_rew_mean          | 1.44e+03     |
| time/                   |              |
|    fps                  | 662          |
|    iterations           | 39           |
|    time_elapsed         | 60           |
|    total_timesteps      | 39936        |
| train/                  |              |
|    approx_kl            | 0.011841317  |
|    clip_fraction        | 0.149        |
|    clip_range           | 0.2          |
|    entropy_loss         | -17.3        |
|    explained_variance   | 5.120039e-05 |
|    learning_rate        | 0.0003       |
|    loss                 | 47.8         |
|    n_updates            | 380          |
|    policy_gradient_loss | -0.0154      |
|    std                  | 1.02         |
|    value_loss           | 104          |
------------------------------------------
-------------------------------------------
| rollout/                |               |
|    ep_len_mean          | 1.44e+03      |
|    ep_rew_mean          | 1.44e+03      |
| time/                   |               |
|    fps                  | 663           |
|    iterations           | 40            |
|    time_elapsed         | 61            |
|    total_timesteps      | 40960         |
| train/                  |               |
|    approx_kl            | 0.018167976   |
|    clip_fraction        | 0.171         |
|    clip_range           | 0.2           |
|    entropy_loss         | -17.3         |
|    explained_variance   | 0.00014305115 |
|    learning_rate        | 0.0003        |
|    loss                 | 48.3          |
|    n_updates            | 390           |
|    policy_gradient_loss | -0.0115       |
|    std                  | 1.02          |
|    value_loss           | 104           |
-------------------------------------------
-------------------------------------------
| rollout/                |               |
|    ep_len_mean          | 1.44e+03      |
|    ep_rew_mean          | 1.44e+03      |
| time/                   |               |
|    fps                  | 664           |
|    iterations           | 41            |
|    time_elapsed         | 63            |
|    total_timesteps      | 41984         |
| train/                  |               |
|    approx_kl            | 0.021723013   |
|    clip_fraction        | 0.238         |
|    clip_range           | 0.2           |
|    entropy_loss         | -17.3         |
|    explained_variance   | 0.00019145012 |
|    learning_rate        | 0.0003        |
|    loss                 | 44.3          |
|    n_updates            | 400           |
|    policy_gradient_loss | -0.018        |
|    std                  | 1.03          |
|    value_loss           | 98            |
-------------------------------------------
------------------------------------------
| rollout/                |              |
|    ep_len_mean          | 1.44e+03     |
|    ep_rew_mean          | 1.44e+03     |
| time/                   |              |
|    fps                  | 664          |
|    iterations           | 42           |
|    time_elapsed         | 64           |
|    total_timesteps      | 43008        |
| train/                  |              |
|    approx_kl            | 0.012315202  |
|    clip_fraction        | 0.185        |
|    clip_range           | 0.2          |
|    entropy_loss         | -17.3        |
|    explained_variance   | 4.082918e-05 |
|    learning_rate        | 0.0003       |
|    loss                 | 43.4         |
|    n_updates            | 410          |
|    policy_gradient_loss | -0.0165      |
|    std                  | 1.02         |
|    value_loss           | 95.3         |
------------------------------------------
-----------------------------------------
| rollout/                |             |
|    ep_len_mean          | 1.44e+03    |
|    ep_rew_mean          | 1.44e+03    |
| time/                   |             |
|    fps                  | 665         |
|    iterations           | 43          |
|    time_elapsed         | 66          |
|    total_timesteps      | 44032       |
| train/                  |             |
|    approx_kl            | 0.017107474 |
|    clip_fraction        | 0.233       |
|    clip_range           | 0.2         |
|    entropy_loss         | -17.3       |
|    explained_variance   | 0.000274539 |
|    learning_rate        | 0.0003      |
|    loss                 | 44          |
|    n_updates            | 420         |
|    policy_gradient_loss | -0.0171     |
|    std                  | 1.03        |
|    value_loss           | 95.7        |
-----------------------------------------
--------------------------------------------
| rollout/                |                |
|    ep_len_mean          | 1.44e+03       |
|    ep_rew_mean          | 1.44e+03       |
| time/                   |                |
|    fps                  | 666            |
|    iterations           | 44             |
|    time_elapsed         | 67             |
|    total_timesteps      | 45056          |
| train/                  |                |
|    approx_kl            | 0.01406222     |
|    clip_fraction        | 0.176          |
|    clip_range           | 0.2            |
|    entropy_loss         | -17.3          |
|    explained_variance   | -2.5629997e-05 |
|    learning_rate        | 0.0003         |
|    loss                 | 42             |
|    n_updates            | 430            |
|    policy_gradient_loss | -0.0126        |
|    std                  | 1.03           |
|    value_loss           | 90.6           |
--------------------------------------------
------------------------------------------
| rollout/                |              |
|    ep_len_mean          | 1.44e+03     |
|    ep_rew_mean          | 1.44e+03     |
| time/                   |              |
|    fps                  | 666          |
|    iterations           | 45           |
|    time_elapsed         | 69           |
|    total_timesteps      | 46080        |
| train/                  |              |
|    approx_kl            | 0.012432873  |
|    clip_fraction        | 0.179        |
|    clip_range           | 0.2          |
|    entropy_loss         | -17.3        |
|    explained_variance   | 0.0001283288 |
|    learning_rate        | 0.0003       |
|    loss                 | 40.7         |
|    n_updates            | 440          |
|    policy_gradient_loss | -0.0152      |
|    std                  | 1.03         |
|    value_loss           | 87.9         |
------------------------------------------
------------------------------------------
| rollout/                |              |
|    ep_len_mean          | 1.44e+03     |
|    ep_rew_mean          | 1.44e+03     |
| time/                   |              |
|    fps                  | 667          |
|    iterations           | 46           |
|    time_elapsed         | 70           |
|    total_timesteps      | 47104        |
| train/                  |              |
|    approx_kl            | 0.014074124  |
|    clip_fraction        | 0.199        |
|    clip_range           | 0.2          |
|    entropy_loss         | -17.3        |
|    explained_variance   | 8.958578e-05 |
|    learning_rate        | 0.0003       |
|    loss                 | 40.6         |
|    n_updates            | 450          |
|    policy_gradient_loss | -0.0151      |
|    std                  | 1.03         |
|    value_loss           | 87.9         |
------------------------------------------
-------------------------------------------
| rollout/                |               |
|    ep_len_mean          | 1.44e+03      |
|    ep_rew_mean          | 1.44e+03      |
| time/                   |               |
|    fps                  | 667           |
|    iterations           | 47            |
|    time_elapsed         | 72            |
|    total_timesteps      | 48128         |
| train/                  |               |
|    approx_kl            | 0.015896104   |
|    clip_fraction        | 0.201         |
|    clip_range           | 0.2           |
|    entropy_loss         | -17.3         |
|    explained_variance   | 6.6936016e-05 |
|    learning_rate        | 0.0003        |
|    loss                 | 39.2          |
|    n_updates            | 460           |
|    policy_gradient_loss | -0.0153       |
|    std                  | 1.03          |
|    value_loss           | 85.3          |
-------------------------------------------
--------------------------------------------
| rollout/                |                |
|    ep_len_mean          | 1.44e+03       |
|    ep_rew_mean          | 1.44e+03       |
| time/                   |                |
|    fps                  | 667            |
|    iterations           | 48             |
|    time_elapsed         | 73             |
|    total_timesteps      | 49152          |
| train/                  |                |
|    approx_kl            | 0.01193434     |
|    clip_fraction        | 0.139          |
|    clip_range           | 0.2            |
|    entropy_loss         | -17.4          |
|    explained_variance   | -3.7431717e-05 |
|    learning_rate        | 0.0003         |
|    loss                 | 36.4           |
|    n_updates            | 470            |
|    policy_gradient_loss | -0.0119        |
|    std                  | 1.03           |
|    value_loss           | 80.8           |
--------------------------------------------
-------------------------------------------
| rollout/                |               |
|    ep_len_mean          | 1.44e+03      |
|    ep_rew_mean          | 1.44e+03      |
| time/                   |               |
|    fps                  | 668           |
|    iterations           | 49            |
|    time_elapsed         | 75            |
|    total_timesteps      | 50176         |
| train/                  |               |
|    approx_kl            | 0.013704685   |
|    clip_fraction        | 0.16          |
|    clip_range           | 0.2           |
|    entropy_loss         | -17.4         |
|    explained_variance   | 4.8696995e-05 |
|    learning_rate        | 0.0003        |
|    loss                 | 35.9          |
|    n_updates            | 480           |
|    policy_gradient_loss | -0.0143       |
|    std                  | 1.03          |
|    value_loss           | 78.3          |
-------------------------------------------
-------------------------------------------
| rollout/                |               |
|    ep_len_mean          | 1.44e+03      |
|    ep_rew_mean          | 1.44e+03      |
| time/                   |               |
|    fps                  | 668           |
|    iterations           | 50            |
|    time_elapsed         | 76            |
|    total_timesteps      | 51200         |
| train/                  |               |
|    approx_kl            | 0.011901783   |
|    clip_fraction        | 0.133         |
|    clip_range           | 0.2           |
|    entropy_loss         | -17.4         |
|    explained_variance   | 6.3180923e-06 |
|    learning_rate        | 0.0003        |
|    loss                 | 36.1          |
|    n_updates            | 490           |
|    policy_gradient_loss | -0.012        |
|    std                  | 1.03          |
|    value_loss           | 78.5          |
-------------------------------------------
------------------------------------------
| rollout/                |              |
|    ep_len_mean          | 1.44e+03     |
|    ep_rew_mean          | 1.44e+03     |
| time/                   |              |
|    fps                  | 669          |
|    iterations           | 51           |
|    time_elapsed         | 78           |
|    total_timesteps      | 52224        |
| train/                  |              |
|    approx_kl            | 0.014147114  |
|    clip_fraction        | 0.159        |
|    clip_range           | 0.2          |
|    entropy_loss         | -17.4        |
|    explained_variance   | 4.643202e-05 |
|    learning_rate        | 0.0003       |
|    loss                 | 33.9         |
|    n_updates            | 500          |
|    policy_gradient_loss | -0.0146      |
|    std                  | 1.04         |
|    value_loss           | 74.4         |
------------------------------------------
------------------------------------------
| rollout/                |              |
|    ep_len_mean          | 1.44e+03     |
|    ep_rew_mean          | 1.44e+03     |
| time/                   |              |
|    fps                  | 669          |
|    iterations           | 52           |
|    time_elapsed         | 79           |
|    total_timesteps      | 53248        |
| train/                  |              |
|    approx_kl            | 0.013660621  |
|    clip_fraction        | 0.124        |
|    clip_range           | 0.2          |
|    entropy_loss         | -17.5        |
|    explained_variance   | 4.005432e-05 |
|    learning_rate        | 0.0003       |
|    loss                 | 32.2         |
|    n_updates            | 510          |
|    policy_gradient_loss | -0.0147      |
|    std                  | 1.04         |
|    value_loss           | 71.9         |
------------------------------------------
--------------------------------------------
| rollout/                |                |
|    ep_len_mean          | 1.44e+03       |
|    ep_rew_mean          | 1.44e+03       |
| time/                   |                |
|    fps                  | 669            |
|    iterations           | 53             |
|    time_elapsed         | 81             |
|    total_timesteps      | 54272          |
| train/                  |                |
|    approx_kl            | 0.014559574    |
|    clip_fraction        | 0.161          |
|    clip_range           | 0.2            |
|    entropy_loss         | -17.5          |
|    explained_variance   | -7.5101852e-06 |
|    learning_rate        | 0.0003         |
|    loss                 | 32.9           |
|    n_updates            | 520            |
|    policy_gradient_loss | -0.013         |
|    std                  | 1.04           |
|    value_loss           | 72             |
--------------------------------------------
------------------------------------------
| rollout/                |              |
|    ep_len_mean          | 1.44e+03     |
|    ep_rew_mean          | 1.44e+03     |
| time/                   |              |
|    fps                  | 670          |
|    iterations           | 54           |
|    time_elapsed         | 82           |
|    total_timesteps      | 55296        |
| train/                  |              |
|    approx_kl            | 0.021315623  |
|    clip_fraction        | 0.244        |
|    clip_range           | 0.2          |
|    entropy_loss         | -17.5        |
|    explained_variance   | 0.0001090765 |
|    learning_rate        | 0.0003       |
|    loss                 | 31.2         |
|    n_updates            | 530          |
|    policy_gradient_loss | -0.0185      |
|    std                  | 1.04         |
|    value_loss           | 68.8         |
------------------------------------------
-------------------------------------------
| rollout/                |               |
|    ep_len_mean          | 1.44e+03      |
|    ep_rew_mean          | 1.44e+03      |
| time/                   |               |
|    fps                  | 670           |
|    iterations           | 55            |
|    time_elapsed         | 83            |
|    total_timesteps      | 56320         |
| train/                  |               |
|    approx_kl            | 0.010656804   |
|    clip_fraction        | 0.0905        |
|    clip_range           | 0.2           |
|    entropy_loss         | -17.4         |
|    explained_variance   | 4.8816204e-05 |
|    learning_rate        | 0.0003        |
|    loss                 | 30.7          |
|    n_updates            | 540           |
|    policy_gradient_loss | -0.014        |
|    std                  | 1.03          |
|    value_loss           | 66            |
-------------------------------------------
-------------------------------------------
| rollout/                |               |
|    ep_len_mean          | 1.44e+03      |
|    ep_rew_mean          | 1.44e+03      |
| time/                   |               |
|    fps                  | 670           |
|    iterations           | 56            |
|    time_elapsed         | 85            |
|    total_timesteps      | 57344         |
| train/                  |               |
|    approx_kl            | 0.010064716   |
|    clip_fraction        | 0.137         |
|    clip_range           | 0.2           |
|    entropy_loss         | -17.4         |
|    explained_variance   | 5.4001808e-05 |
|    learning_rate        | 0.0003        |
|    loss                 | 29.4          |
|    n_updates            | 550           |
|    policy_gradient_loss | -0.0172       |
|    std                  | 1.03          |
|    value_loss           | 64.2          |
-------------------------------------------
--------------------------------------------
| rollout/                |                |
|    ep_len_mean          | 1.44e+03       |
|    ep_rew_mean          | 1.44e+03       |
| time/                   |                |
|    fps                  | 671            |
|    iterations           | 57             |
|    time_elapsed         | 86             |
|    total_timesteps      | 58368          |
| train/                  |                |
|    approx_kl            | 0.013216043    |
|    clip_fraction        | 0.188          |
|    clip_range           | 0.2            |
|    entropy_loss         | -17.4          |
|    explained_variance   | -0.00013744831 |
|    learning_rate        | 0.0003         |
|    loss                 | 29             |
|    n_updates            | 560            |
|    policy_gradient_loss | -0.0126        |
|    std                  | 1.04           |
|    value_loss           | 63.6           |
--------------------------------------------
--------------------------------------------
| rollout/                |                |
|    ep_len_mean          | 1.44e+03       |
|    ep_rew_mean          | 1.44e+03       |
| time/                   |                |
|    fps                  | 671            |
|    iterations           | 58             |
|    time_elapsed         | 88             |
|    total_timesteps      | 59392          |
| train/                  |                |
|    approx_kl            | 0.0152840745   |
|    clip_fraction        | 0.167          |
|    clip_range           | 0.2            |
|    entropy_loss         | -17.4          |
|    explained_variance   | -2.5391579e-05 |
|    learning_rate        | 0.0003         |
|    loss                 | 27.1           |
|    n_updates            | 570            |
|    policy_gradient_loss | -0.0149        |
|    std                  | 1.04           |
|    value_loss           | 60.3           |
--------------------------------------------
-------------------------------------------
| rollout/                |               |
|    ep_len_mean          | 1.44e+03      |
|    ep_rew_mean          | 1.44e+03      |
| time/                   |               |
|    fps                  | 671           |
|    iterations           | 59            |
|    time_elapsed         | 89            |
|    total_timesteps      | 60416         |
| train/                  |               |
|    approx_kl            | 0.010932415   |
|    clip_fraction        | 0.155         |
|    clip_range           | 0.2           |
|    entropy_loss         | -17.5         |
|    explained_variance   | 8.9108944e-05 |
|    learning_rate        | 0.0003        |
|    loss                 | 25.9          |
|    n_updates            | 580           |
|    policy_gradient_loss | -0.0155       |
|    std                  | 1.04          |
|    value_loss           | 58            |
-------------------------------------------
--------------------------------------------
| rollout/                |                |
|    ep_len_mean          | 1.44e+03       |
|    ep_rew_mean          | 1.44e+03       |
| time/                   |                |
|    fps                  | 672            |
|    iterations           | 60             |
|    time_elapsed         | 91             |
|    total_timesteps      | 61440          |
| train/                  |                |
|    approx_kl            | 0.019712703    |
|    clip_fraction        | 0.201          |
|    clip_range           | 0.2            |
|    entropy_loss         | -17.5          |
|    explained_variance   | -1.6331673e-05 |
|    learning_rate        | 0.0003         |
|    loss                 | 25.7           |
|    n_updates            | 590            |
|    policy_gradient_loss | -0.015         |
|    std                  | 1.04           |
|    value_loss           | 57.5           |
--------------------------------------------
-------------------------------------------
| rollout/                |               |
|    ep_len_mean          | 1.44e+03      |
|    ep_rew_mean          | 1.44e+03      |
| time/                   |               |
|    fps                  | 672           |
|    iterations           | 61            |
|    time_elapsed         | 92            |
|    total_timesteps      | 62464         |
| train/                  |               |
|    approx_kl            | 0.012558133   |
|    clip_fraction        | 0.203         |
|    clip_range           | 0.2           |
|    entropy_loss         | -17.5         |
|    explained_variance   | 3.7312508e-05 |
|    learning_rate        | 0.0003        |
|    loss                 | 23.9          |
|    n_updates            | 600           |
|    policy_gradient_loss | -0.0173       |
|    std                  | 1.04          |
|    value_loss           | 54.1          |
-------------------------------------------
-------------------------------------------
| rollout/                |               |
|    ep_len_mean          | 1.44e+03      |
|    ep_rew_mean          | 1.44e+03      |
| time/                   |               |
|    fps                  | 672           |
|    iterations           | 62            |
|    time_elapsed         | 94            |
|    total_timesteps      | 63488         |
| train/                  |               |
|    approx_kl            | 0.012969077   |
|    clip_fraction        | 0.181         |
|    clip_range           | 0.2           |
|    entropy_loss         | -17.5         |
|    explained_variance   | 4.3034554e-05 |
|    learning_rate        | 0.0003        |
|    loss                 | 23.9          |
|    n_updates            | 610           |
|    policy_gradient_loss | -0.0155       |
|    std                  | 1.04          |
|    value_loss           | 52.5          |
-------------------------------------------
-------------------------------------------
| rollout/                |               |
|    ep_len_mean          | 1.44e+03      |
|    ep_rew_mean          | 1.44e+03      |
| time/                   |               |
|    fps                  | 672           |
|    iterations           | 63            |
|    time_elapsed         | 95            |
|    total_timesteps      | 64512         |
| train/                  |               |
|    approx_kl            | 0.01242923    |
|    clip_fraction        | 0.147         |
|    clip_range           | 0.2           |
|    entropy_loss         | -17.5         |
|    explained_variance   | 5.9247017e-05 |
|    learning_rate        | 0.0003        |
|    loss                 | 22.7          |
|    n_updates            | 620           |
|    policy_gradient_loss | -0.015        |
|    std                  | 1.04          |
|    value_loss           | 50.4          |
-------------------------------------------
------------------------------------------
| rollout/                |              |
|    ep_len_mean          | 1.44e+03     |
|    ep_rew_mean          | 1.44e+03     |
| time/                   |              |
|    fps                  | 672          |
|    iterations           | 64           |
|    time_elapsed         | 97           |
|    total_timesteps      | 65536        |
| train/                  |              |
|    approx_kl            | 0.017754499  |
|    clip_fraction        | 0.185        |
|    clip_range           | 0.2          |
|    entropy_loss         | -17.5        |
|    explained_variance   | 9.393692e-05 |
|    learning_rate        | 0.0003       |
|    loss                 | 22.1         |
|    n_updates            | 630          |
|    policy_gradient_loss | -0.0138      |
|    std                  | 1.04         |
|    value_loss           | 49.8         |
------------------------------------------
-------------------------------------------
| rollout/                |               |
|    ep_len_mean          | 1.44e+03      |
|    ep_rew_mean          | 1.44e+03      |
| time/                   |               |
|    fps                  | 673           |
|    iterations           | 65            |
|    time_elapsed         | 98            |
|    total_timesteps      | 66560         |
| train/                  |               |
|    approx_kl            | 0.014851473   |
|    clip_fraction        | 0.204         |
|    clip_range           | 0.2           |
|    entropy_loss         | -17.5         |
|    explained_variance   | 4.1365623e-05 |
|    learning_rate        | 0.0003        |
|    loss                 | 20.7          |
|    n_updates            | 640           |
|    policy_gradient_loss | -0.0178       |
|    std                  | 1.05          |
|    value_loss           | 46.7          |
-------------------------------------------
-------------------------------------------
| rollout/                |               |
|    ep_len_mean          | 1.44e+03      |
|    ep_rew_mean          | 1.44e+03      |
| time/                   |               |
|    fps                  | 672           |
|    iterations           | 66            |
|    time_elapsed         | 100           |
|    total_timesteps      | 67584         |
| train/                  |               |
|    approx_kl            | 0.014092028   |
|    clip_fraction        | 0.147         |
|    clip_range           | 0.2           |
|    entropy_loss         | -17.6         |
|    explained_variance   | 4.3809414e-05 |
|    learning_rate        | 0.0003        |
|    loss                 | 20.6          |
|    n_updates            | 650           |
|    policy_gradient_loss | -0.0156       |
|    std                  | 1.05          |
|    value_loss           | 45.4          |
-------------------------------------------
-------------------------------------------
| rollout/                |               |
|    ep_len_mean          | 1.44e+03      |
|    ep_rew_mean          | 1.44e+03      |
| time/                   |               |
|    fps                  | 671           |
|    iterations           | 67            |
|    time_elapsed         | 102           |
|    total_timesteps      | 68608         |
| train/                  |               |
|    approx_kl            | 0.013388067   |
|    clip_fraction        | 0.18          |
|    clip_range           | 0.2           |
|    entropy_loss         | -17.6         |
|    explained_variance   | 5.9604645e-08 |
|    learning_rate        | 0.0003        |
|    loss                 | 19.5          |
|    n_updates            | 660           |
|    policy_gradient_loss | -0.0125       |
|    std                  | 1.05          |
|    value_loss           | 44.8          |
-------------------------------------------
--------------------------------------------
| rollout/                |                |
|    ep_len_mean          | 1.44e+03       |
|    ep_rew_mean          | 1.44e+03       |
| time/                   |                |
|    fps                  | 671            |
|    iterations           | 68             |
|    time_elapsed         | 103            |
|    total_timesteps      | 69632          |
| train/                  |                |
|    approx_kl            | 0.015225974    |
|    clip_fraction        | 0.197          |
|    clip_range           | 0.2            |
|    entropy_loss         | -17.6          |
|    explained_variance   | -1.9550323e-05 |
|    learning_rate        | 0.0003         |
|    loss                 | 18.4           |
|    n_updates            | 670            |
|    policy_gradient_loss | -0.0174        |
|    std                  | 1.05           |
|    value_loss           | 41.8           |
--------------------------------------------
--------------------------------------------
| rollout/                |                |
|    ep_len_mean          | 1.44e+03       |
|    ep_rew_mean          | 1.44e+03       |
| time/                   |                |
|    fps                  | 671            |
|    iterations           | 69             |
|    time_elapsed         | 105            |
|    total_timesteps      | 70656          |
| train/                  |                |
|    approx_kl            | 0.009579817    |
|    clip_fraction        | 0.157          |
|    clip_range           | 0.2            |
|    entropy_loss         | -17.6          |
|    explained_variance   | -2.6106834e-05 |
|    learning_rate        | 0.0003         |
|    loss                 | 17.6           |
|    n_updates            | 680            |
|    policy_gradient_loss | -0.0158        |
|    std                  | 1.05           |
|    value_loss           | 40.1           |
--------------------------------------------
------------------------------------------
| rollout/                |              |
|    ep_len_mean          | 1.44e+03     |
|    ep_rew_mean          | 1.44e+03     |
| time/                   |              |
|    fps                  | 670          |
|    iterations           | 70           |
|    time_elapsed         | 106          |
|    total_timesteps      | 71680        |
| train/                  |              |
|    approx_kl            | 0.01211812   |
|    clip_fraction        | 0.161        |
|    clip_range           | 0.2          |
|    entropy_loss         | -17.7        |
|    explained_variance   | 3.874302e-06 |
|    learning_rate        | 0.0003       |
|    loss                 | 17           |
|    n_updates            | 690          |
|    policy_gradient_loss | -0.0156      |
|    std                  | 1.06         |
|    value_loss           | 38.6         |
------------------------------------------
-------------------------------------------
| rollout/                |               |
|    ep_len_mean          | 1.44e+03      |
|    ep_rew_mean          | 1.44e+03      |
| time/                   |               |
|    fps                  | 669           |
|    iterations           | 71            |
|    time_elapsed         | 108           |
|    total_timesteps      | 72704         |
| train/                  |               |
|    approx_kl            | 0.008995924   |
|    clip_fraction        | 0.163         |
|    clip_range           | 0.2           |
|    entropy_loss         | -17.7         |
|    explained_variance   | 5.0783157e-05 |
|    learning_rate        | 0.0003        |
|    loss                 | 16.7          |
|    n_updates            | 700           |
|    policy_gradient_loss | -0.0139       |
|    std                  | 1.06          |
|    value_loss           | 37.9          |
-------------------------------------------
-------------------------------------------
| rollout/                |               |
|    ep_len_mean          | 1.44e+03      |
|    ep_rew_mean          | 1.44e+03      |
| time/                   |               |
|    fps                  | 669           |
|    iterations           | 72            |
|    time_elapsed         | 110           |
|    total_timesteps      | 73728         |
| train/                  |               |
|    approx_kl            | 0.014271343   |
|    clip_fraction        | 0.143         |
|    clip_range           | 0.2           |
|    entropy_loss         | -17.7         |
|    explained_variance   | -1.859665e-05 |
|    learning_rate        | 0.0003        |
|    loss                 | 15.3          |
|    n_updates            | 710           |
|    policy_gradient_loss | -0.014        |
|    std                  | 1.06          |
|    value_loss           | 35.2          |
-------------------------------------------
------------------------------------------
| rollout/                |              |
|    ep_len_mean          | 1.44e+03     |
|    ep_rew_mean          | 1.44e+03     |
| time/                   |              |
|    fps                  | 668          |
|    iterations           | 73           |
|    time_elapsed         | 111          |
|    total_timesteps      | 74752        |
| train/                  |              |
|    approx_kl            | 0.009804354  |
|    clip_fraction        | 0.125        |
|    clip_range           | 0.2          |
|    entropy_loss         | -17.7        |
|    explained_variance   | 1.424551e-05 |
|    learning_rate        | 0.0003       |
|    loss                 | 14.6         |
|    n_updates            | 720          |
|    policy_gradient_loss | -0.0157      |
|    std                  | 1.06         |
|    value_loss           | 33.8         |
------------------------------------------
-------------------------------------------
| rollout/                |               |
|    ep_len_mean          | 1.44e+03      |
|    ep_rew_mean          | 1.44e+03      |
| time/                   |               |
|    fps                  | 668           |
|    iterations           | 74            |
|    time_elapsed         | 113           |
|    total_timesteps      | 75776         |
| train/                  |               |
|    approx_kl            | 0.022368943   |
|    clip_fraction        | 0.188         |
|    clip_range           | 0.2           |
|    entropy_loss         | -17.7         |
|    explained_variance   | 4.7445297e-05 |
|    learning_rate        | 0.0003        |
|    loss                 | 14.7          |
|    n_updates            | 730           |
|    policy_gradient_loss | -0.0149       |
|    std                  | 1.06          |
|    value_loss           | 33.3          |
-------------------------------------------
-------------------------------------------
| rollout/                |               |
|    ep_len_mean          | 1.44e+03      |
|    ep_rew_mean          | 1.44e+03      |
| time/                   |               |
|    fps                  | 668           |
|    iterations           | 75            |
|    time_elapsed         | 114           |
|    total_timesteps      | 76800         |
| train/                  |               |
|    approx_kl            | 0.01426008    |
|    clip_fraction        | 0.171         |
|    clip_range           | 0.2           |
|    entropy_loss         | -17.7         |
|    explained_variance   | 7.6174736e-05 |
|    learning_rate        | 0.0003        |
|    loss                 | 13.3          |
|    n_updates            | 740           |
|    policy_gradient_loss | -0.0188       |
|    std                  | 1.06          |
|    value_loss           | 31            |
-------------------------------------------
-----------------------------------------
| rollout/                |             |
|    ep_len_mean          | 1.44e+03    |
|    ep_rew_mean          | 1.44e+03    |
| time/                   |             |
|    fps                  | 667         |
|    iterations           | 76          |
|    time_elapsed         | 116         |
|    total_timesteps      | 77824       |
| train/                  |             |
|    approx_kl            | 0.01337746  |
|    clip_fraction        | 0.18        |
|    clip_range           | 0.2         |
|    entropy_loss         | -17.7       |
|    explained_variance   | 4.23193e-06 |
|    learning_rate        | 0.0003      |
|    loss                 | 12.5        |
|    n_updates            | 750         |
|    policy_gradient_loss | -0.016      |
|    std                  | 1.06        |
|    value_loss           | 29.3        |
-----------------------------------------
-------------------------------------------
| rollout/                |               |
|    ep_len_mean          | 1.44e+03      |
|    ep_rew_mean          | 1.44e+03      |
| time/                   |               |
|    fps                  | 667           |
|    iterations           | 77            |
|    time_elapsed         | 118           |
|    total_timesteps      | 78848         |
| train/                  |               |
|    approx_kl            | 0.011768713   |
|    clip_fraction        | 0.139         |
|    clip_range           | 0.2           |
|    entropy_loss         | -17.7         |
|    explained_variance   | 2.5629997e-06 |
|    learning_rate        | 0.0003        |
|    loss                 | 12.2          |
|    n_updates            | 760           |
|    policy_gradient_loss | -0.0129       |
|    std                  | 1.06          |
|    value_loss           | 28            |
-------------------------------------------
-------------------------------------------
| rollout/                |               |
|    ep_len_mean          | 1.44e+03      |
|    ep_rew_mean          | 1.44e+03      |
| time/                   |               |
|    fps                  | 667           |
|    iterations           | 78            |
|    time_elapsed         | 119           |
|    total_timesteps      | 79872         |
| train/                  |               |
|    approx_kl            | 0.013667915   |
|    clip_fraction        | 0.193         |
|    clip_range           | 0.2           |
|    entropy_loss         | -17.7         |
|    explained_variance   | -4.172325e-05 |
|    learning_rate        | 0.0003        |
|    loss                 | 11.6          |
|    n_updates            | 770           |
|    policy_gradient_loss | -0.0162       |
|    std                  | 1.06          |
|    value_loss           | 27.5          |
-------------------------------------------
--------------------------------------------
| rollout/                |                |
|    ep_len_mean          | 1.44e+03       |
|    ep_rew_mean          | 1.44e+03       |
| time/                   |                |
|    fps                  | 667            |
|    iterations           | 79             |
|    time_elapsed         | 121            |
|    total_timesteps      | 80896          |
| train/                  |                |
|    approx_kl            | 0.015405884    |
|    clip_fraction        | 0.209          |
|    clip_range           | 0.2            |
|    entropy_loss         | -17.8          |
|    explained_variance   | -1.8119812e-05 |
|    learning_rate        | 0.0003         |
|    loss                 | 10.7           |
|    n_updates            | 780            |
|    policy_gradient_loss | -0.0174        |
|    std                  | 1.06           |
|    value_loss           | 25.3           |
--------------------------------------------
------------------------------------------
| rollout/                |              |
|    ep_len_mean          | 1.44e+03     |
|    ep_rew_mean          | 1.44e+03     |
| time/                   |              |
|    fps                  | 666          |
|    iterations           | 80           |
|    time_elapsed         | 122          |
|    total_timesteps      | 81920        |
| train/                  |              |
|    approx_kl            | 0.015408673  |
|    clip_fraction        | 0.173        |
|    clip_range           | 0.2          |
|    entropy_loss         | -17.8        |
|    explained_variance   | 3.284216e-05 |
|    learning_rate        | 0.0003       |
|    loss                 | 10.2         |
|    n_updates            | 790          |
|    policy_gradient_loss | -0.0163      |
|    std                  | 1.06         |
|    value_loss           | 24           |
------------------------------------------
--------------------------------------------
| rollout/                |                |
|    ep_len_mean          | 1.44e+03       |
|    ep_rew_mean          | 1.44e+03       |
| time/                   |                |
|    fps                  | 666            |
|    iterations           | 81             |
|    time_elapsed         | 124            |
|    total_timesteps      | 82944          |
| train/                  |                |
|    approx_kl            | 0.012432137    |
|    clip_fraction        | 0.175          |
|    clip_range           | 0.2            |
|    entropy_loss         | -17.7          |
|    explained_variance   | -2.6226044e-06 |
|    learning_rate        | 0.0003         |
|    loss                 | 10             |
|    n_updates            | 800            |
|    policy_gradient_loss | -0.0153        |
|    std                  | 1.06           |
|    value_loss           | 23.7           |
--------------------------------------------
--------------------------------------------
| rollout/                |                |
|    ep_len_mean          | 1.44e+03       |
|    ep_rew_mean          | 1.44e+03       |
| time/                   |                |
|    fps                  | 666            |
|    iterations           | 82             |
|    time_elapsed         | 125            |
|    total_timesteps      | 83968          |
| train/                  |                |
|    approx_kl            | 0.014488442    |
|    clip_fraction        | 0.205          |
|    clip_range           | 0.2            |
|    entropy_loss         | -17.7          |
|    explained_variance   | -3.0994415e-05 |
|    learning_rate        | 0.0003         |
|    loss                 | 9.45           |
|    n_updates            | 810            |
|    policy_gradient_loss | -0.0193        |
|    std                  | 1.06           |
|    value_loss           | 22.1           |
--------------------------------------------
--------------------------------------------
| rollout/                |                |
|    ep_len_mean          | 1.44e+03       |
|    ep_rew_mean          | 1.44e+03       |
| time/                   |                |
|    fps                  | 665            |
|    iterations           | 83             |
|    time_elapsed         | 127            |
|    total_timesteps      | 84992          |
| train/                  |                |
|    approx_kl            | 0.013372148    |
|    clip_fraction        | 0.182          |
|    clip_range           | 0.2            |
|    entropy_loss         | -17.8          |
|    explained_variance   | -1.8000603e-05 |
|    learning_rate        | 0.0003         |
|    loss                 | 8.78           |
|    n_updates            | 820            |
|    policy_gradient_loss | -0.0161        |
|    std                  | 1.07           |
|    value_loss           | 20.9           |
--------------------------------------------
-------------------------------------------
| rollout/                |               |
|    ep_len_mean          | 1.44e+03      |
|    ep_rew_mean          | 1.44e+03      |
| time/                   |               |
|    fps                  | 665           |
|    iterations           | 84            |
|    time_elapsed         | 129           |
|    total_timesteps      | 86016         |
| train/                  |               |
|    approx_kl            | 0.013470951   |
|    clip_fraction        | 0.178         |
|    clip_range           | 0.2           |
|    entropy_loss         | -17.8         |
|    explained_variance   | 3.5583973e-05 |
|    learning_rate        | 0.0003        |
|    loss                 | 8.48          |
|    n_updates            | 830           |
|    policy_gradient_loss | -0.0159       |
|    std                  | 1.07          |
|    value_loss           | 20.1          |
-------------------------------------------
--------------------------------------------
| rollout/                |                |
|    ep_len_mean          | 1.44e+03       |
|    ep_rew_mean          | 1.44e+03       |
| time/                   |                |
|    fps                  | 664            |
|    iterations           | 85             |
|    time_elapsed         | 130            |
|    total_timesteps      | 87040          |
| train/                  |                |
|    approx_kl            | 0.013996615    |
|    clip_fraction        | 0.213          |
|    clip_range           | 0.2            |
|    entropy_loss         | -17.8          |
|    explained_variance   | -1.2874603e-05 |
|    learning_rate        | 0.0003         |
|    loss                 | 7.95           |
|    n_updates            | 840            |
|    policy_gradient_loss | -0.0173        |
|    std                  | 1.07           |
|    value_loss           | 19.3           |
--------------------------------------------
-------------------------------------------
| rollout/                |               |
|    ep_len_mean          | 1.44e+03      |
|    ep_rew_mean          | 1.44e+03      |
| time/                   |               |
|    fps                  | 664           |
|    iterations           | 86            |
|    time_elapsed         | 132           |
|    total_timesteps      | 88064         |
| train/                  |               |
|    approx_kl            | 0.015035268   |
|    clip_fraction        | 0.214         |
|    clip_range           | 0.2           |
|    entropy_loss         | -17.8         |
|    explained_variance   | -4.851818e-05 |
|    learning_rate        | 0.0003        |
|    loss                 | 7.22          |
|    n_updates            | 850           |
|    policy_gradient_loss | -0.02         |
|    std                  | 1.07          |
|    value_loss           | 17.6          |
-------------------------------------------
-------------------------------------------
| rollout/                |               |
|    ep_len_mean          | 1.44e+03      |
|    ep_rew_mean          | 1.44e+03      |
| time/                   |               |
|    fps                  | 664           |
|    iterations           | 87            |
|    time_elapsed         | 134           |
|    total_timesteps      | 89088         |
| train/                  |               |
|    approx_kl            | 0.01386559    |
|    clip_fraction        | 0.192         |
|    clip_range           | 0.2           |
|    entropy_loss         | -17.8         |
|    explained_variance   | 5.3048134e-06 |
|    learning_rate        | 0.0003        |
|    loss                 | 6.74          |
|    n_updates            | 860           |
|    policy_gradient_loss | -0.0154       |
|    std                  | 1.07          |
|    value_loss           | 16.6          |
-------------------------------------------
------------------------------------------
| rollout/                |              |
|    ep_len_mean          | 1.44e+03     |
|    ep_rew_mean          | 1.44e+03     |
| time/                   |              |
|    fps                  | 664          |
|    iterations           | 88           |
|    time_elapsed         | 135          |
|    total_timesteps      | 90112        |
| train/                  |              |
|    approx_kl            | 0.011009062  |
|    clip_fraction        | 0.153        |
|    clip_range           | 0.2          |
|    entropy_loss         | -17.8        |
|    explained_variance   | 9.423494e-05 |
|    learning_rate        | 0.0003       |
|    loss                 | 6.39         |
|    n_updates            | 870          |
|    policy_gradient_loss | -0.0139      |
|    std                  | 1.07         |
|    value_loss           | 15.8         |
------------------------------------------
-------------------------------------------
| rollout/                |               |
|    ep_len_mean          | 1.44e+03      |
|    ep_rew_mean          | 1.44e+03      |
| time/                   |               |
|    fps                  | 664           |
|    iterations           | 89            |
|    time_elapsed         | 137           |
|    total_timesteps      | 91136         |
| train/                  |               |
|    approx_kl            | 0.017367203   |
|    clip_fraction        | 0.169         |
|    clip_range           | 0.2           |
|    entropy_loss         | -17.9         |
|    explained_variance   | 1.8894672e-05 |
|    learning_rate        | 0.0003        |
|    loss                 | 5.89          |
|    n_updates            | 880           |
|    policy_gradient_loss | -0.0191       |
|    std                  | 1.08          |
|    value_loss           | 14.6          |
-------------------------------------------
-------------------------------------------
| rollout/                |               |
|    ep_len_mean          | 1.44e+03      |
|    ep_rew_mean          | 1.44e+03      |
| time/                   |               |
|    fps                  | 665           |
|    iterations           | 90            |
|    time_elapsed         | 138           |
|    total_timesteps      | 92160         |
| train/                  |               |
|    approx_kl            | 0.015036867   |
|    clip_fraction        | 0.194         |
|    clip_range           | 0.2           |
|    entropy_loss         | -17.9         |
|    explained_variance   | 2.1219254e-05 |
|    learning_rate        | 0.0003        |
|    loss                 | 5.43          |
|    n_updates            | 890           |
|    policy_gradient_loss | -0.0162       |
|    std                  | 1.07          |
|    value_loss           | 13.7          |
-------------------------------------------
-------------------------------------------
| rollout/                |               |
|    ep_len_mean          | 1.44e+03      |
|    ep_rew_mean          | 1.44e+03      |
| time/                   |               |
|    fps                  | 665           |
|    iterations           | 91            |
|    time_elapsed         | 140           |
|    total_timesteps      | 93184         |
| train/                  |               |
|    approx_kl            | 0.018863535   |
|    clip_fraction        | 0.203         |
|    clip_range           | 0.2           |
|    entropy_loss         | -17.9         |
|    explained_variance   | 1.2397766e-05 |
|    learning_rate        | 0.0003        |
|    loss                 | 5.08          |
|    n_updates            | 900           |
|    policy_gradient_loss | -0.0152       |
|    std                  | 1.08          |
|    value_loss           | 12.9          |
-------------------------------------------
-------------------------------------------
| rollout/                |               |
|    ep_len_mean          | 1.44e+03      |
|    ep_rew_mean          | 1.44e+03      |
| time/                   |               |
|    fps                  | 665           |
|    iterations           | 92            |
|    time_elapsed         | 141           |
|    total_timesteps      | 94208         |
| train/                  |               |
|    approx_kl            | 0.015506985   |
|    clip_fraction        | 0.25          |
|    clip_range           | 0.2           |
|    entropy_loss         | -17.9         |
|    explained_variance   | 0.00012862682 |
|    learning_rate        | 0.0003        |
|    loss                 | 4.81          |
|    n_updates            | 910           |
|    policy_gradient_loss | -0.0216       |
|    std                  | 1.07          |
|    value_loss           | 12.2          |
-------------------------------------------
------------------------------------------
| rollout/                |              |
|    ep_len_mean          | 1.44e+03     |
|    ep_rew_mean          | 1.44e+03     |
| time/                   |              |
|    fps                  | 665          |
|    iterations           | 93           |
|    time_elapsed         | 143          |
|    total_timesteps      | 95232        |
| train/                  |              |
|    approx_kl            | 0.012921165  |
|    clip_fraction        | 0.153        |
|    clip_range           | 0.2          |
|    entropy_loss         | -17.9        |
|    explained_variance   | 1.257658e-05 |
|    learning_rate        | 0.0003       |
|    loss                 | 4.35         |
|    n_updates            | 920          |
|    policy_gradient_loss | -0.0161      |
|    std                  | 1.08         |
|    value_loss           | 11.1         |
------------------------------------------
-------------------------------------------
| rollout/                |               |
|    ep_len_mean          | 1.44e+03      |
|    ep_rew_mean          | 1.44e+03      |
| time/                   |               |
|    fps                  | 665           |
|    iterations           | 94            |
|    time_elapsed         | 144           |
|    total_timesteps      | 96256         |
| train/                  |               |
|    approx_kl            | 0.015737817   |
|    clip_fraction        | 0.197         |
|    clip_range           | 0.2           |
|    entropy_loss         | -17.9         |
|    explained_variance   | 1.9967556e-05 |
|    learning_rate        | 0.0003        |
|    loss                 | 3.89          |
|    n_updates            | 930           |
|    policy_gradient_loss | -0.0215       |
|    std                  | 1.08          |
|    value_loss           | 10.2          |
-------------------------------------------
--------------------------------------------
| rollout/                |                |
|    ep_len_mean          | 1.44e+03       |
|    ep_rew_mean          | 1.44e+03       |
| time/                   |                |
|    fps                  | 665            |
|    iterations           | 95             |
|    time_elapsed         | 146            |
|    total_timesteps      | 97280          |
| train/                  |                |
|    approx_kl            | 0.016350837    |
|    clip_fraction        | 0.197          |
|    clip_range           | 0.2            |
|    entropy_loss         | -17.9          |
|    explained_variance   | -4.0650368e-05 |
|    learning_rate        | 0.0003         |
|    loss                 | 3.7            |
|    n_updates            | 940            |
|    policy_gradient_loss | -0.017         |
|    std                  | 1.08           |
|    value_loss           | 9.76           |
--------------------------------------------
--------------------------------------------
| rollout/                |                |
|    ep_len_mean          | 1.44e+03       |
|    ep_rew_mean          | 1.44e+03       |
| time/                   |                |
|    fps                  | 666            |
|    iterations           | 96             |
|    time_elapsed         | 147            |
|    total_timesteps      | 98304          |
| train/                  |                |
|    approx_kl            | 0.016610019    |
|    clip_fraction        | 0.174          |
|    clip_range           | 0.2            |
|    entropy_loss         | -17.9          |
|    explained_variance   | -2.2411346e-05 |
|    learning_rate        | 0.0003         |
|    loss                 | 3.34           |
|    n_updates            | 950            |
|    policy_gradient_loss | -0.0186        |
|    std                  | 1.08           |
|    value_loss           | 8.73           |
--------------------------------------------
--------------------------------------------
| rollout/                |                |
|    ep_len_mean          | 1.44e+03       |
|    ep_rew_mean          | 1.44e+03       |
| time/                   |                |
|    fps                  | 666            |
|    iterations           | 97             |
|    time_elapsed         | 148            |
|    total_timesteps      | 99328          |
| train/                  |                |
|    approx_kl            | 0.015139306    |
|    clip_fraction        | 0.193          |
|    clip_range           | 0.2            |
|    entropy_loss         | -17.9          |
|    explained_variance   | -3.2305717e-05 |
|    learning_rate        | 0.0003         |
|    loss                 | 2.93           |
|    n_updates            | 960            |
|    policy_gradient_loss | -0.014         |
|    std                  | 1.08           |
|    value_loss           | 8.02           |
--------------------------------------------
-------------------------------------------
| rollout/                |               |
|    ep_len_mean          | 1.44e+03      |
|    ep_rew_mean          | 1.44e+03      |
| time/                   |               |
|    fps                  | 667           |
|    iterations           | 98            |
|    time_elapsed         | 150           |
|    total_timesteps      | 100352        |
| train/                  |               |
|    approx_kl            | 0.01928548    |
|    clip_fraction        | 0.229         |
|    clip_range           | 0.2           |
|    entropy_loss         | -17.9         |
|    explained_variance   | -6.759167e-05 |
|    learning_rate        | 0.0003        |
|    loss                 | 2.77          |
|    n_updates            | 970           |
|    policy_gradient_loss | -0.0188       |
|    std                  | 1.08          |
|    value_loss           | 7.6           |
-------------------------------------------
------------------------------------------
| rollout/                |              |
|    ep_len_mean          | 1.44e+03     |
|    ep_rew_mean          | 1.45e+03     |
| time/                   |              |
|    fps                  | 667          |
|    iterations           | 99           |
|    time_elapsed         | 151          |
|    total_timesteps      | 101376       |
| train/                  |              |
|    approx_kl            | 0.016389463  |
|    clip_fraction        | 0.181        |
|    clip_range           | 0.2          |
|    entropy_loss         | -17.9        |
|    explained_variance   | 8.046627e-05 |
|    learning_rate        | 0.0003       |
|    loss                 | 2.38         |
|    n_updates            | 980          |
|    policy_gradient_loss | -0.019       |
|    std                  | 1.08         |
|    value_loss           | 6.64         |
------------------------------------------
-------------------------------------------
| rollout/                |               |
|    ep_len_mean          | 1.44e+03      |
|    ep_rew_mean          | 1.45e+03      |
| time/                   |               |
|    fps                  | 667           |
|    iterations           | 100           |
|    time_elapsed         | 153           |
|    total_timesteps      | 102400        |
| train/                  |               |
|    approx_kl            | 0.017922264   |
|    clip_fraction        | 0.22          |
|    clip_range           | 0.2           |
|    entropy_loss         | -18           |
|    explained_variance   | -1.001358e-05 |
|    learning_rate        | 0.0003        |
|    loss                 | 2.07          |
|    n_updates            | 990           |
|    policy_gradient_loss | -0.0187       |
|    std                  | 1.08          |
|    value_loss           | 5.9           |
-------------------------------------------
------------------------------------------
| rollout/                |              |
|    ep_len_mean          | 1.44e+03     |
|    ep_rew_mean          | 1.45e+03     |
| time/                   |              |
|    fps                  | 667          |
|    iterations           | 101          |
|    time_elapsed         | 154          |
|    total_timesteps      | 103424       |
| train/                  |              |
|    approx_kl            | 0.0152756525 |
|    clip_fraction        | 0.163        |
|    clip_range           | 0.2          |
|    entropy_loss         | -18          |
|    explained_variance   | -7.43866e-05 |
|    learning_rate        | 0.0003       |
|    loss                 | 1.86         |
|    n_updates            | 1000         |
|    policy_gradient_loss | -0.0137      |
|    std                  | 1.08         |
|    value_loss           | 5.37         |
------------------------------------------
--------------------------------------------
| rollout/                |                |
|    ep_len_mean          | 1.44e+03       |
|    ep_rew_mean          | 1.45e+03       |
| time/                   |                |
|    fps                  | 667            |
|    iterations           | 102            |
|    time_elapsed         | 156            |
|    total_timesteps      | 104448         |
| train/                  |                |
|    approx_kl            | 0.0146993045   |
|    clip_fraction        | 0.144          |
|    clip_range           | 0.2            |
|    entropy_loss         | -18            |
|    explained_variance   | -6.7949295e-06 |
|    learning_rate        | 0.0003         |
|    loss                 | 1.62           |
|    n_updates            | 1010           |
|    policy_gradient_loss | -0.0137        |
|    std                  | 1.09           |
|    value_loss           | 4.86           |
--------------------------------------------
-------------------------------------------
| rollout/                |               |
|    ep_len_mean          | 1.44e+03      |
|    ep_rew_mean          | 1.45e+03      |
| time/                   |               |
|    fps                  | 667           |
|    iterations           | 103           |
|    time_elapsed         | 157           |
|    total_timesteps      | 105472        |
| train/                  |               |
|    approx_kl            | 0.01623385    |
|    clip_fraction        | 0.241         |
|    clip_range           | 0.2           |
|    entropy_loss         | -18           |
|    explained_variance   | 3.8146973e-06 |
|    learning_rate        | 0.0003        |
|    loss                 | 1.42          |
|    n_updates            | 1020          |
|    policy_gradient_loss | -0.0192       |
|    std                  | 1.09          |
|    value_loss           | 4.31          |
-------------------------------------------
--------------------------------------------
| rollout/                |                |
|    ep_len_mean          | 1.44e+03       |
|    ep_rew_mean          | 1.45e+03       |
| time/                   |                |
|    fps                  | 668            |
|    iterations           | 104            |
|    time_elapsed         | 159            |
|    total_timesteps      | 106496         |
| train/                  |                |
|    approx_kl            | 0.021464815    |
|    clip_fraction        | 0.241          |
|    clip_range           | 0.2            |
|    entropy_loss         | -18            |
|    explained_variance   | -4.9591064e-05 |
|    learning_rate        | 0.0003         |
|    loss                 | 1.18           |
|    n_updates            | 1030           |
|    policy_gradient_loss | -0.024         |
|    std                  | 1.08           |
|    value_loss           | 3.86           |
--------------------------------------------
--------------------------------------------
| rollout/                |                |
|    ep_len_mean          | 1.44e+03       |
|    ep_rew_mean          | 1.45e+03       |
| time/                   |                |
|    fps                  | 668            |
|    iterations           | 105            |
|    time_elapsed         | 160            |
|    total_timesteps      | 107520         |
| train/                  |                |
|    approx_kl            | 0.016092919    |
|    clip_fraction        | 0.229          |
|    clip_range           | 0.2            |
|    entropy_loss         | -18            |
|    explained_variance   | -1.2278557e-05 |
|    learning_rate        | 0.0003         |
|    loss                 | 1.05           |
|    n_updates            | 1040           |
|    policy_gradient_loss | -0.0225        |
|    std                  | 1.08           |
|    value_loss           | 3.47           |
--------------------------------------------
--------------------------------------------
| rollout/                |                |
|    ep_len_mean          | 1.44e+03       |
|    ep_rew_mean          | 1.45e+03       |
| time/                   |                |
|    fps                  | 668            |
|    iterations           | 106            |
|    time_elapsed         | 162            |
|    total_timesteps      | 108544         |
| train/                  |                |
|    approx_kl            | 0.020382207    |
|    clip_fraction        | 0.252          |
|    clip_range           | 0.2            |
|    entropy_loss         | -18            |
|    explained_variance   | -5.4836273e-06 |
|    learning_rate        | 0.0003         |
|    loss                 | 0.878          |
|    n_updates            | 1050           |
|    policy_gradient_loss | -0.0184        |
|    std                  | 1.09           |
|    value_loss           | 3.03           |
--------------------------------------------
-------------------------------------------
| rollout/                |               |
|    ep_len_mean          | 1.44e+03      |
|    ep_rew_mean          | 1.45e+03      |
| time/                   |               |
|    fps                  | 668           |
|    iterations           | 107           |
|    time_elapsed         | 163           |
|    total_timesteps      | 109568        |
| train/                  |               |
|    approx_kl            | 0.017067693   |
|    clip_fraction        | 0.213         |
|    clip_range           | 0.2           |
|    entropy_loss         | -18.1         |
|    explained_variance   | 1.9669533e-05 |
|    learning_rate        | 0.0003        |
|    loss                 | 0.717         |
|    n_updates            | 1060          |
|    policy_gradient_loss | -0.0202       |
|    std                  | 1.09          |
|    value_loss           | 2.56          |
-------------------------------------------
-------------------------------------------
| rollout/                |               |
|    ep_len_mean          | 1.44e+03      |
|    ep_rew_mean          | 1.45e+03      |
| time/                   |               |
|    fps                  | 668           |
|    iterations           | 108           |
|    time_elapsed         | 165           |
|    total_timesteps      | 110592        |
| train/                  |               |
|    approx_kl            | 0.015591344   |
|    clip_fraction        | 0.181         |
|    clip_range           | 0.2           |
|    entropy_loss         | -18.1         |
|    explained_variance   | -7.259846e-05 |
|    learning_rate        | 0.0003        |
|    loss                 | 0.517         |
|    n_updates            | 1070          |
|    policy_gradient_loss | -0.0206       |
|    std                  | 1.1           |
|    value_loss           | 2.07          |
-------------------------------------------
-------------------------------------------
| rollout/                |               |
|    ep_len_mean          | 1.44e+03      |
|    ep_rew_mean          | 1.45e+03      |
| time/                   |               |
|    fps                  | 668           |
|    iterations           | 109           |
|    time_elapsed         | 166           |
|    total_timesteps      | 111616        |
| train/                  |               |
|    approx_kl            | 0.017498177   |
|    clip_fraction        | 0.182         |
|    clip_range           | 0.2           |
|    entropy_loss         | -18.1         |
|    explained_variance   | -4.208088e-05 |
|    learning_rate        | 0.0003        |
|    loss                 | 0.431         |
|    n_updates            | 1080          |
|    policy_gradient_loss | -0.0186       |
|    std                  | 1.1           |
|    value_loss           | 1.83          |
-------------------------------------------
-------------------------------------------
| rollout/                |               |
|    ep_len_mean          | 1.44e+03      |
|    ep_rew_mean          | 1.45e+03      |
| time/                   |               |
|    fps                  | 669           |
|    iterations           | 110           |
|    time_elapsed         | 168           |
|    total_timesteps      | 112640        |
| train/                  |               |
|    approx_kl            | 0.01882978    |
|    clip_fraction        | 0.204         |
|    clip_range           | 0.2           |
|    entropy_loss         | -18.1         |
|    explained_variance   | 2.2530556e-05 |
|    learning_rate        | 0.0003        |
|    loss                 | 0.283         |
|    n_updates            | 1090          |
|    policy_gradient_loss | -0.0197       |
|    std                  | 1.09          |
|    value_loss           | 1.43          |
-------------------------------------------
-------------------------------------------
| rollout/                |               |
|    ep_len_mean          | 1.44e+03      |
|    ep_rew_mean          | 1.45e+03      |
| time/                   |               |
|    fps                  | 668           |
|    iterations           | 111           |
|    time_elapsed         | 169           |
|    total_timesteps      | 113664        |
| train/                  |               |
|    approx_kl            | 0.0215526     |
|    clip_fraction        | 0.245         |
|    clip_range           | 0.2           |
|    entropy_loss         | -18.1         |
|    explained_variance   | 3.2782555e-06 |
|    learning_rate        | 0.0003        |
|    loss                 | 0.222         |
|    n_updates            | 1100          |
|    policy_gradient_loss | -0.0254       |
|    std                  | 1.09          |
|    value_loss           | 1.21          |
-------------------------------------------
-----------------------------------------
| rollout/                |             |
|    ep_len_mean          | 1.44e+03    |
|    ep_rew_mean          | 1.45e+03    |
| time/                   |             |
|    fps                  | 668         |
|    iterations           | 112         |
|    time_elapsed         | 171         |
|    total_timesteps      | 114688      |
| train/                  |             |
|    approx_kl            | 0.016855769 |
|    clip_fraction        | 0.182       |
|    clip_range           | 0.2         |
|    entropy_loss         | -18         |
|    explained_variance   | 6.15716e-05 |
|    learning_rate        | 0.0003      |
|    loss                 | 0.143       |
|    n_updates            | 1110        |
|    policy_gradient_loss | -0.0201     |
|    std                  | 1.09        |
|    value_loss           | 0.96        |
-----------------------------------------
-------------------------------------------
| rollout/                |               |
|    ep_len_mean          | 1.44e+03      |
|    ep_rew_mean          | 1.45e+03      |
| time/                   |               |
|    fps                  | 668           |
|    iterations           | 113           |
|    time_elapsed         | 172           |
|    total_timesteps      | 115712        |
| train/                  |               |
|    approx_kl            | 0.019886537   |
|    clip_fraction        | 0.236         |
|    clip_range           | 0.2           |
|    entropy_loss         | -17.9         |
|    explained_variance   | 2.4497509e-05 |
|    learning_rate        | 0.0003        |
|    loss                 | 0.0876        |
|    n_updates            | 1120          |
|    policy_gradient_loss | -0.0227       |
|    std                  | 1.07          |
|    value_loss           | 0.72          |
-------------------------------------------
-------------------------------------------
| rollout/                |               |
|    ep_len_mean          | 1.44e+03      |
|    ep_rew_mean          | 1.45e+03      |
| time/                   |               |
|    fps                  | 668           |
|    iterations           | 114           |
|    time_elapsed         | 174           |
|    total_timesteps      | 116736        |
| train/                  |               |
|    approx_kl            | 0.01892674    |
|    clip_fraction        | 0.215         |
|    clip_range           | 0.2           |
|    entropy_loss         | -17.8         |
|    explained_variance   | 9.7453594e-05 |
|    learning_rate        | 0.0003        |
|    loss                 | 0.034         |
|    n_updates            | 1130          |
|    policy_gradient_loss | -0.0205       |
|    std                  | 1.07          |
|    value_loss           | 0.561         |
-------------------------------------------
------------------------------------------
| rollout/                |              |
|    ep_len_mean          | 1.44e+03     |
|    ep_rew_mean          | 1.45e+03     |
| time/                   |              |
|    fps                  | 668          |
|    iterations           | 115          |
|    time_elapsed         | 176          |
|    total_timesteps      | 117760       |
| train/                  |              |
|    approx_kl            | 0.018594326  |
|    clip_fraction        | 0.264        |
|    clip_range           | 0.2          |
|    entropy_loss         | -17.8        |
|    explained_variance   | 8.821487e-06 |
|    learning_rate        | 0.0003       |
|    loss                 | 0.0022       |
|    n_updates            | 1140         |
|    policy_gradient_loss | -0.0193      |
|    std                  | 1.07         |
|    value_loss           | 0.422        |
------------------------------------------
-------------------------------------------
| rollout/                |               |
|    ep_len_mean          | 1.44e+03      |
|    ep_rew_mean          | 1.45e+03      |
| time/                   |               |
|    fps                  | 668           |
|    iterations           | 116           |
|    time_elapsed         | 177           |
|    total_timesteps      | 118784        |
| train/                  |               |
|    approx_kl            | 0.018315602   |
|    clip_fraction        | 0.231         |
|    clip_range           | 0.2           |
|    entropy_loss         | -17.8         |
|    explained_variance   | 4.1246414e-05 |
|    learning_rate        | 0.0003        |
|    loss                 | -0.0281       |
|    n_updates            | 1150          |
|    policy_gradient_loss | -0.0236       |
|    std                  | 1.06          |
|    value_loss           | 0.298         |
-------------------------------------------
--------------------------------------------
| rollout/                |                |
|    ep_len_mean          | 1.44e+03       |
|    ep_rew_mean          | 1.45e+03       |
| time/                   |                |
|    fps                  | 668            |
|    iterations           | 117            |
|    time_elapsed         | 179            |
|    total_timesteps      | 119808         |
| train/                  |                |
|    approx_kl            | 0.016344445    |
|    clip_fraction        | 0.213          |
|    clip_range           | 0.2            |
|    entropy_loss         | -17.7          |
|    explained_variance   | -3.8146973e-06 |
|    learning_rate        | 0.0003         |
|    loss                 | -0.0118        |
|    n_updates            | 1160           |
|    policy_gradient_loss | -0.0222        |
|    std                  | 1.06           |
|    value_loss           | 0.217          |
--------------------------------------------
-------------------------------------------
| rollout/                |               |
|    ep_len_mean          | 1.44e+03      |
|    ep_rew_mean          | 1.45e+03      |
| time/                   |               |
|    fps                  | 668           |
|    iterations           | 118           |
|    time_elapsed         | 180           |
|    total_timesteps      | 120832        |
| train/                  |               |
|    approx_kl            | 0.015944678   |
|    clip_fraction        | 0.219         |
|    clip_range           | 0.2           |
|    entropy_loss         | -17.7         |
|    explained_variance   | -5.221367e-05 |
|    learning_rate        | 0.0003        |
|    loss                 | -0.0182       |
|    n_updates            | 1170          |
|    policy_gradient_loss | -0.0193       |
|    std                  | 1.06          |
|    value_loss           | 0.124         |
-------------------------------------------
-------------------------------------------
| rollout/                |               |
|    ep_len_mean          | 1.44e+03      |
|    ep_rew_mean          | 1.45e+03      |
| time/                   |               |
|    fps                  | 667           |
|    iterations           | 119           |
|    time_elapsed         | 182           |
|    total_timesteps      | 121856        |
| train/                  |               |
|    approx_kl            | 0.017846338   |
|    clip_fraction        | 0.233         |
|    clip_range           | 0.2           |
|    entropy_loss         | -17.7         |
|    explained_variance   | -4.506111e-05 |
|    learning_rate        | 0.0003        |
|    loss                 | -0.0252       |
|    n_updates            | 1180          |
|    policy_gradient_loss | -0.0249       |
|    std                  | 1.05          |
|    value_loss           | 0.113         |
-------------------------------------------
-------------------------------------------
| rollout/                |               |
|    ep_len_mean          | 1.44e+03      |
|    ep_rew_mean          | 1.45e+03      |
| time/                   |               |
|    fps                  | 667           |
|    iterations           | 120           |
|    time_elapsed         | 184           |
|    total_timesteps      | 122880        |
| train/                  |               |
|    approx_kl            | 0.016454723   |
|    clip_fraction        | 0.165         |
|    clip_range           | 0.2           |
|    entropy_loss         | -17.6         |
|    explained_variance   | -6.866455e-05 |
|    learning_rate        | 0.0003        |
|    loss                 | -0.0254       |
|    n_updates            | 1190          |
|    policy_gradient_loss | -0.0158       |
|    std                  | 1.06          |
|    value_loss           | 0.0734        |
-------------------------------------------
-------------------------------------------
| rollout/                |               |
|    ep_len_mean          | 1.44e+03      |
|    ep_rew_mean          | 1.45e+03      |
| time/                   |               |
|    fps                  | 666           |
|    iterations           | 121           |
|    time_elapsed         | 185           |
|    total_timesteps      | 123904        |
| train/                  |               |
|    approx_kl            | 0.015653852   |
|    clip_fraction        | 0.212         |
|    clip_range           | 0.2           |
|    entropy_loss         | -17.7         |
|    explained_variance   | -4.541874e-05 |
|    learning_rate        | 0.0003        |
|    loss                 | -0.0383       |
|    n_updates            | 1200          |
|    policy_gradient_loss | -0.0226       |
|    std                  | 1.06          |
|    value_loss           | 0.0505        |
-------------------------------------------
-------------------------------------------
| rollout/                |               |
|    ep_len_mean          | 1.44e+03      |
|    ep_rew_mean          | 1.45e+03      |
| time/                   |               |
|    fps                  | 667           |
|    iterations           | 122           |
|    time_elapsed         | 187           |
|    total_timesteps      | 124928        |
| train/                  |               |
|    approx_kl            | 0.01696549    |
|    clip_fraction        | 0.217         |
|    clip_range           | 0.2           |
|    entropy_loss         | -17.6         |
|    explained_variance   | 3.8802624e-05 |
|    learning_rate        | 0.0003        |
|    loss                 | -0.0379       |
|    n_updates            | 1210          |
|    policy_gradient_loss | -0.0247       |
|    std                  | 1.05          |
|    value_loss           | 0.0328        |
-------------------------------------------
--------------------------------------------
| rollout/                |                |
|    ep_len_mean          | 1.44e+03       |
|    ep_rew_mean          | 1.45e+03       |
| time/                   |                |
|    fps                  | 667            |
|    iterations           | 123            |
|    time_elapsed         | 188            |
|    total_timesteps      | 125952         |
| train/                  |                |
|    approx_kl            | 0.019232186    |
|    clip_fraction        | 0.213          |
|    clip_range           | 0.2            |
|    entropy_loss         | -17.6          |
|    explained_variance   | -9.8347664e-05 |
|    learning_rate        | 0.0003         |
|    loss                 | -0.0361        |
|    n_updates            | 1220           |
|    policy_gradient_loss | -0.0222        |
|    std                  | 1.05           |
|    value_loss           | 0.0342         |
--------------------------------------------
-------------------------------------------
| rollout/                |               |
|    ep_len_mean          | 1.44e+03      |
|    ep_rew_mean          | 1.45e+03      |
| time/                   |               |
|    fps                  | 667           |
|    iterations           | 124           |
|    time_elapsed         | 190           |
|    total_timesteps      | 126976        |
| train/                  |               |
|    approx_kl            | 0.019635752   |
|    clip_fraction        | 0.206         |
|    clip_range           | 0.2           |
|    entropy_loss         | -17.6         |
|    explained_variance   | 3.5583973e-05 |
|    learning_rate        | 0.0003        |
|    loss                 | -0.0299       |
|    n_updates            | 1230          |
|    policy_gradient_loss | -0.0243       |
|    std                  | 1.05          |
|    value_loss           | 0.0237        |
-------------------------------------------
-------------------------------------------
| rollout/                |               |
|    ep_len_mean          | 1.44e+03      |
|    ep_rew_mean          | 1.45e+03      |
| time/                   |               |
|    fps                  | 667           |
|    iterations           | 125           |
|    time_elapsed         | 191           |
|    total_timesteps      | 128000        |
| train/                  |               |
|    approx_kl            | 0.017267525   |
|    clip_fraction        | 0.232         |
|    clip_range           | 0.2           |
|    entropy_loss         | -17.6         |
|    explained_variance   | -0.0002039671 |
|    learning_rate        | 0.0003        |
|    loss                 | -0.03         |
|    n_updates            | 1240          |
|    policy_gradient_loss | -0.0249       |
|    std                  | 1.05          |
|    value_loss           | 0.0127        |
-------------------------------------------
--------------------------------------------
| rollout/                |                |
|    ep_len_mean          | 1.44e+03       |
|    ep_rew_mean          | 1.45e+03       |
| time/                   |                |
|    fps                  | 667            |
|    iterations           | 126            |
|    time_elapsed         | 193            |
|    total_timesteps      | 129024         |
| train/                  |                |
|    approx_kl            | 0.012774648    |
|    clip_fraction        | 0.158          |
|    clip_range           | 0.2            |
|    entropy_loss         | -17.6          |
|    explained_variance   | -0.00020682812 |
|    learning_rate        | 0.0003         |
|    loss                 | -0.0154        |
|    n_updates            | 1250           |
|    policy_gradient_loss | -0.0181        |
|    std                  | 1.05           |
|    value_loss           | 0.0112         |
--------------------------------------------
--------------------------------------------
| rollout/                |                |
|    ep_len_mean          | 1.44e+03       |
|    ep_rew_mean          | 1.45e+03       |
| time/                   |                |
|    fps                  | 667            |
|    iterations           | 127            |
|    time_elapsed         | 194            |
|    total_timesteps      | 130048         |
| train/                  |                |
|    approx_kl            | 0.01569393     |
|    clip_fraction        | 0.167          |
|    clip_range           | 0.2            |
|    entropy_loss         | -17.6          |
|    explained_variance   | -0.00015377998 |
|    learning_rate        | 0.0003         |
|    loss                 | -0.0394        |
|    n_updates            | 1260           |
|    policy_gradient_loss | -0.0247        |
|    std                  | 1.05           |
|    value_loss           | 0.0145         |
--------------------------------------------
--------------------------------------------
| rollout/                |                |
|    ep_len_mean          | 1.44e+03       |
|    ep_rew_mean          | 1.45e+03       |
| time/                   |                |
|    fps                  | 668            |
|    iterations           | 128            |
|    time_elapsed         | 196            |
|    total_timesteps      | 131072         |
| train/                  |                |
|    approx_kl            | 0.014759287    |
|    clip_fraction        | 0.181          |
|    clip_range           | 0.2            |
|    entropy_loss         | -17.5          |
|    explained_variance   | -0.00019073486 |
|    learning_rate        | 0.0003         |
|    loss                 | -0.0345        |
|    n_updates            | 1270           |
|    policy_gradient_loss | -0.0258        |
|    std                  | 1.04           |
|    value_loss           | 0.00921        |
--------------------------------------------
--------------------------------------------
| rollout/                |                |
|    ep_len_mean          | 1.44e+03       |
|    ep_rew_mean          | 1.45e+03       |
| time/                   |                |
|    fps                  | 668            |
|    iterations           | 129            |
|    time_elapsed         | 197            |
|    total_timesteps      | 132096         |
| train/                  |                |
|    approx_kl            | 0.0140584      |
|    clip_fraction        | 0.192          |
|    clip_range           | 0.2            |
|    entropy_loss         | -17.5          |
|    explained_variance   | -5.6743622e-05 |
|    learning_rate        | 0.0003         |
|    loss                 | -0.0287        |
|    n_updates            | 1280           |
|    policy_gradient_loss | -0.0233        |
|    std                  | 1.04           |
|    value_loss           | 0.00849        |
--------------------------------------------
--------------------------------------------
| rollout/                |                |
|    ep_len_mean          | 1.44e+03       |
|    ep_rew_mean          | 1.45e+03       |
| time/                   |                |
|    fps                  | 668            |
|    iterations           | 130            |
|    time_elapsed         | 199            |
|    total_timesteps      | 133120         |
| train/                  |                |
|    approx_kl            | 0.0155546805   |
|    clip_fraction        | 0.195          |
|    clip_range           | 0.2            |
|    entropy_loss         | -17.4          |
|    explained_variance   | -1.5497208e-06 |
|    learning_rate        | 0.0003         |
|    loss                 | -0.0332        |
|    n_updates            | 1290           |
|    policy_gradient_loss | -0.0256        |
|    std                  | 1.04           |
|    value_loss           | 0.00684        |
--------------------------------------------
--------------------------------------------
| rollout/                |                |
|    ep_len_mean          | 1.44e+03       |
|    ep_rew_mean          | 1.45e+03       |
| time/                   |                |
|    fps                  | 668            |
|    iterations           | 131            |
|    time_elapsed         | 200            |
|    total_timesteps      | 134144         |
| train/                  |                |
|    approx_kl            | 0.013537049    |
|    clip_fraction        | 0.177          |
|    clip_range           | 0.2            |
|    entropy_loss         | -17.4          |
|    explained_variance   | -3.6597252e-05 |
|    learning_rate        | 0.0003         |
|    loss                 | -0.0245        |
|    n_updates            | 1300           |
|    policy_gradient_loss | -0.0246        |
|    std                  | 1.04           |
|    value_loss           | 0.00884        |
--------------------------------------------
--------------------------------------------
| rollout/                |                |
|    ep_len_mean          | 1.44e+03       |
|    ep_rew_mean          | 1.45e+03       |
| time/                   |                |
|    fps                  | 668            |
|    iterations           | 132            |
|    time_elapsed         | 202            |
|    total_timesteps      | 135168         |
| train/                  |                |
|    approx_kl            | 0.014982015    |
|    clip_fraction        | 0.193          |
|    clip_range           | 0.2            |
|    entropy_loss         | -17.4          |
|    explained_variance   | -8.3208084e-05 |
|    learning_rate        | 0.0003         |
|    loss                 | -0.038         |
|    n_updates            | 1310           |
|    policy_gradient_loss | -0.0231        |
|    std                  | 1.04           |
|    value_loss           | 0.00624        |
--------------------------------------------
--------------------------------------------
| rollout/                |                |
|    ep_len_mean          | 1.44e+03       |
|    ep_rew_mean          | 1.45e+03       |
| time/                   |                |
|    fps                  | 668            |
|    iterations           | 133            |
|    time_elapsed         | 203            |
|    total_timesteps      | 136192         |
| train/                  |                |
|    approx_kl            | 0.013938206    |
|    clip_fraction        | 0.18           |
|    clip_range           | 0.2            |
|    entropy_loss         | -17.4          |
|    explained_variance   | -0.00020062923 |
|    learning_rate        | 0.0003         |
|    loss                 | -0.0174        |
|    n_updates            | 1320           |
|    policy_gradient_loss | -0.0222        |
|    std                  | 1.03           |
|    value_loss           | 0.00624        |
--------------------------------------------
------------------------------------------
| rollout/                |              |
|    ep_len_mean          | 1.44e+03     |
|    ep_rew_mean          | 1.45e+03     |
| time/                   |              |
|    fps                  | 668          |
|    iterations           | 134          |
|    time_elapsed         | 205          |
|    total_timesteps      | 137216       |
| train/                  |              |
|    approx_kl            | 0.01529176   |
|    clip_fraction        | 0.2          |
|    clip_range           | 0.2          |
|    entropy_loss         | -17.4        |
|    explained_variance   | -7.05719e-05 |
|    learning_rate        | 0.0003       |
|    loss                 | -0.0349      |
|    n_updates            | 1330         |
|    policy_gradient_loss | -0.0235      |
|    std                  | 1.03         |
|    value_loss           | 0.00896      |
------------------------------------------
-------------------------------------------
| rollout/                |               |
|    ep_len_mean          | 1.44e+03      |
|    ep_rew_mean          | 1.45e+03      |
| time/                   |               |
|    fps                  | 668           |
|    iterations           | 135           |
|    time_elapsed         | 206           |
|    total_timesteps      | 138240        |
| train/                  |               |
|    approx_kl            | 0.012226244   |
|    clip_fraction        | 0.138         |
|    clip_range           | 0.2           |
|    entropy_loss         | -17.3         |
|    explained_variance   | -7.867813e-06 |
|    learning_rate        | 0.0003        |
|    loss                 | -0.0273       |
|    n_updates            | 1340          |
|    policy_gradient_loss | -0.0222       |
|    std                  | 1.03          |
|    value_loss           | 0.00847       |
-------------------------------------------
--------------------------------------------
| rollout/                |                |
|    ep_len_mean          | 1.44e+03       |
|    ep_rew_mean          | 1.45e+03       |
| time/                   |                |
|    fps                  | 668            |
|    iterations           | 136            |
|    time_elapsed         | 208            |
|    total_timesteps      | 139264         |
| train/                  |                |
|    approx_kl            | 0.012111608    |
|    clip_fraction        | 0.153          |
|    clip_range           | 0.2            |
|    entropy_loss         | -17.3          |
|    explained_variance   | -0.00035309792 |
|    learning_rate        | 0.0003         |
|    loss                 | -0.0311        |
|    n_updates            | 1350           |
|    policy_gradient_loss | -0.0217        |
|    std                  | 1.03           |
|    value_loss           | 0.00638        |
--------------------------------------------
-------------------------------------------
| rollout/                |               |
|    ep_len_mean          | 1.44e+03      |
|    ep_rew_mean          | 1.45e+03      |
| time/                   |               |
|    fps                  | 668           |
|    iterations           | 137           |
|    time_elapsed         | 209           |
|    total_timesteps      | 140288        |
| train/                  |               |
|    approx_kl            | 0.015306776   |
|    clip_fraction        | 0.189         |
|    clip_range           | 0.2           |
|    entropy_loss         | -17.3         |
|    explained_variance   | -0.0002373457 |
|    learning_rate        | 0.0003        |
|    loss                 | -0.0299       |
|    n_updates            | 1360          |
|    policy_gradient_loss | -0.0262       |
|    std                  | 1.03          |
|    value_loss           | 0.0062        |
-------------------------------------------
-------------------------------------------
| rollout/                |               |
|    ep_len_mean          | 1.44e+03      |
|    ep_rew_mean          | 1.45e+03      |
| time/                   |               |
|    fps                  | 669           |
|    iterations           | 138           |
|    time_elapsed         | 211           |
|    total_timesteps      | 141312        |
| train/                  |               |
|    approx_kl            | 0.014147947   |
|    clip_fraction        | 0.161         |
|    clip_range           | 0.2           |
|    entropy_loss         | -17.3         |
|    explained_variance   | 2.3901463e-05 |
|    learning_rate        | 0.0003        |
|    loss                 | -0.0396       |
|    n_updates            | 1370          |
|    policy_gradient_loss | -0.0213       |
|    std                  | 1.02          |
|    value_loss           | 0.00703       |
-------------------------------------------
-------------------------------------------
| rollout/                |               |
|    ep_len_mean          | 1.44e+03      |
|    ep_rew_mean          | 1.45e+03      |
| time/                   |               |
|    fps                  | 669           |
|    iterations           | 139           |
|    time_elapsed         | 212           |
|    total_timesteps      | 142336        |
| train/                  |               |
|    approx_kl            | 0.013907189   |
|    clip_fraction        | 0.159         |
|    clip_range           | 0.2           |
|    entropy_loss         | -17.3         |
|    explained_variance   | 5.1021576e-05 |
|    learning_rate        | 0.0003        |
|    loss                 | -0.0281       |
|    n_updates            | 1380          |
|    policy_gradient_loss | -0.0227       |
|    std                  | 1.02          |
|    value_loss           | 0.0125        |
-------------------------------------------
--------------------------------------------
| rollout/                |                |
|    ep_len_mean          | 1.44e+03       |
|    ep_rew_mean          | 1.45e+03       |
| time/                   |                |
|    fps                  | 669            |
|    iterations           | 140            |
|    time_elapsed         | 214            |
|    total_timesteps      | 143360         |
| train/                  |                |
|    approx_kl            | 0.014135333    |
|    clip_fraction        | 0.178          |
|    clip_range           | 0.2            |
|    entropy_loss         | -17.3          |
|    explained_variance   | -0.00019574165 |
|    learning_rate        | 0.0003         |
|    loss                 | -0.0424        |
|    n_updates            | 1390           |
|    policy_gradient_loss | -0.0267        |
|    std                  | 1.02           |
|    value_loss           | 0.00516        |
--------------------------------------------
------------------------------------------
| rollout/                |              |
|    ep_len_mean          | 1.44e+03     |
|    ep_rew_mean          | 1.45e+03     |
| time/                   |              |
|    fps                  | 669          |
|    iterations           | 141          |
|    time_elapsed         | 215          |
|    total_timesteps      | 144384       |
| train/                  |              |
|    approx_kl            | 0.0151398955 |
|    clip_fraction        | 0.175        |
|    clip_range           | 0.2          |
|    entropy_loss         | -17.3        |
|    explained_variance   | 7.802248e-05 |
|    learning_rate        | 0.0003       |
|    loss                 | -0.0316      |
|    n_updates            | 1400         |
|    policy_gradient_loss | -0.0244      |
|    std                  | 1.02         |
|    value_loss           | 0.00884      |
------------------------------------------
--------------------------------------------
| rollout/                |                |
|    ep_len_mean          | 1.44e+03       |
|    ep_rew_mean          | 1.45e+03       |
| time/                   |                |
|    fps                  | 669            |
|    iterations           | 142            |
|    time_elapsed         | 217            |
|    total_timesteps      | 145408         |
| train/                  |                |
|    approx_kl            | 0.012056396    |
|    clip_fraction        | 0.141          |
|    clip_range           | 0.2            |
|    entropy_loss         | -17.3          |
|    explained_variance   | -0.00015771389 |
|    learning_rate        | 0.0003         |
|    loss                 | -0.04          |
|    n_updates            | 1410           |
|    policy_gradient_loss | -0.02          |
|    std                  | 1.02           |
|    value_loss           | 0.00666        |
--------------------------------------------
-------------------------------------------
| rollout/                |               |
|    ep_len_mean          | 1.44e+03      |
|    ep_rew_mean          | 1.45e+03      |
| time/                   |               |
|    fps                  | 669           |
|    iterations           | 143           |
|    time_elapsed         | 218           |
|    total_timesteps      | 146432        |
| train/                  |               |
|    approx_kl            | 0.015624881   |
|    clip_fraction        | 0.186         |
|    clip_range           | 0.2           |
|    entropy_loss         | -17.3         |
|    explained_variance   | 5.6743622e-05 |
|    learning_rate        | 0.0003        |
|    loss                 | -0.0337       |
|    n_updates            | 1420          |
|    policy_gradient_loss | -0.0277       |
|    std                  | 1.02          |
|    value_loss           | 0.0103        |
-------------------------------------------
--------------------------------------------
| rollout/                |                |
|    ep_len_mean          | 1.44e+03       |
|    ep_rew_mean          | 1.45e+03       |
| time/                   |                |
|    fps                  | 669            |
|    iterations           | 144            |
|    time_elapsed         | 220            |
|    total_timesteps      | 147456         |
| train/                  |                |
|    approx_kl            | 0.016433153    |
|    clip_fraction        | 0.202          |
|    clip_range           | 0.2            |
|    entropy_loss         | -17.3          |
|    explained_variance   | -0.00016009808 |
|    learning_rate        | 0.0003         |
|    loss                 | -0.0304        |
|    n_updates            | 1430           |
|    policy_gradient_loss | -0.0232        |
|    std                  | 1.02           |
|    value_loss           | 0.0159         |
--------------------------------------------
-------------------------------------------
| rollout/                |               |
|    ep_len_mean          | 1.44e+03      |
|    ep_rew_mean          | 1.45e+03      |
| time/                   |               |
|    fps                  | 669           |
|    iterations           | 145           |
|    time_elapsed         | 221           |
|    total_timesteps      | 148480        |
| train/                  |               |
|    approx_kl            | 0.010839343   |
|    clip_fraction        | 0.141         |
|    clip_range           | 0.2           |
|    entropy_loss         | -17.2         |
|    explained_variance   | 9.4115734e-05 |
|    learning_rate        | 0.0003        |
|    loss                 | -0.0205       |
|    n_updates            | 1440          |
|    policy_gradient_loss | -0.0202       |
|    std                  | 1.02          |
|    value_loss           | 0.0292        |
-------------------------------------------
-------------------------------------------
| rollout/                |               |
|    ep_len_mean          | 1.44e+03      |
|    ep_rew_mean          | 1.45e+03      |
| time/                   |               |
|    fps                  | 669           |
|    iterations           | 146           |
|    time_elapsed         | 223           |
|    total_timesteps      | 149504        |
| train/                  |               |
|    approx_kl            | 0.01287769    |
|    clip_fraction        | 0.157         |
|    clip_range           | 0.2           |
|    entropy_loss         | -17.2         |
|    explained_variance   | -8.928776e-05 |
|    learning_rate        | 0.0003        |
|    loss                 | -0.0242       |
|    n_updates            | 1450          |
|    policy_gradient_loss | -0.0192       |
|    std                  | 1.02          |
|    value_loss           | 0.00604       |
-------------------------------------------
--------------------------------------------
| rollout/                |                |
|    ep_len_mean          | 1.44e+03       |
|    ep_rew_mean          | 1.45e+03       |
| time/                   |                |
|    fps                  | 669            |
|    iterations           | 147            |
|    time_elapsed         | 224            |
|    total_timesteps      | 150528         |
| train/                  |                |
|    approx_kl            | 0.010695525    |
|    clip_fraction        | 0.12           |
|    clip_range           | 0.2            |
|    entropy_loss         | -17.2          |
|    explained_variance   | -0.00015878677 |
|    learning_rate        | 0.0003         |
|    loss                 | -0.0297        |
|    n_updates            | 1460           |
|    policy_gradient_loss | -0.0169        |
|    std                  | 1.02           |
|    value_loss           | 0.00816        |
--------------------------------------------
--------------------------------------------
| rollout/                |                |
|    ep_len_mean          | 1.44e+03       |
|    ep_rew_mean          | 1.45e+03       |
| time/                   |                |
|    fps                  | 669            |
|    iterations           | 148            |
|    time_elapsed         | 226            |
|    total_timesteps      | 151552         |
| train/                  |                |
|    approx_kl            | 0.012592422    |
|    clip_fraction        | 0.15           |
|    clip_range           | 0.2            |
|    entropy_loss         | -17.2          |
|    explained_variance   | -0.00014162064 |
|    learning_rate        | 0.0003         |
|    loss                 | -0.0262        |
|    n_updates            | 1470           |
|    policy_gradient_loss | -0.0219        |
|    std                  | 1.02           |
|    value_loss           | 0.0111         |
--------------------------------------------
--------------------------------------------
| rollout/                |                |
|    ep_len_mean          | 1.44e+03       |
|    ep_rew_mean          | 1.45e+03       |
| time/                   |                |
|    fps                  | 669            |
|    iterations           | 149            |
|    time_elapsed         | 227            |
|    total_timesteps      | 152576         |
| train/                  |                |
|    approx_kl            | 0.011190245    |
|    clip_fraction        | 0.15           |
|    clip_range           | 0.2            |
|    entropy_loss         | -17.2          |
|    explained_variance   | -2.0742416e-05 |
|    learning_rate        | 0.0003         |
|    loss                 | -0.0183        |
|    n_updates            | 1480           |
|    policy_gradient_loss | -0.0192        |
|    std                  | 1.02           |
|    value_loss           | 0.0102         |
--------------------------------------------
-------------------------------------------
| rollout/                |               |
|    ep_len_mean          | 1.44e+03      |
|    ep_rew_mean          | 1.45e+03      |
| time/                   |               |
|    fps                  | 669           |
|    iterations           | 150           |
|    time_elapsed         | 229           |
|    total_timesteps      | 153600        |
| train/                  |               |
|    approx_kl            | 0.0123702735  |
|    clip_fraction        | 0.152         |
|    clip_range           | 0.2           |
|    entropy_loss         | -17.2         |
|    explained_variance   | -8.833408e-05 |
|    learning_rate        | 0.0003        |
|    loss                 | -0.0283       |
|    n_updates            | 1490          |
|    policy_gradient_loss | -0.0201       |
|    std                  | 1.02          |
|    value_loss           | 0.00622       |
-------------------------------------------
------------------------------------------
| rollout/                |              |
|    ep_len_mean          | 1.44e+03     |
|    ep_rew_mean          | 1.45e+03     |
| time/                   |              |
|    fps                  | 669          |
|    iterations           | 151          |
|    time_elapsed         | 230          |
|    total_timesteps      | 154624       |
| train/                  |              |
|    approx_kl            | 0.014736051  |
|    clip_fraction        | 0.143        |
|    clip_range           | 0.2          |
|    entropy_loss         | -17.2        |
|    explained_variance   | 5.465746e-05 |
|    learning_rate        | 0.0003       |
|    loss                 | -0.0281      |
|    n_updates            | 1500         |
|    policy_gradient_loss | -0.0214      |
|    std                  | 1.01         |
|    value_loss           | 0.00685      |
------------------------------------------
-------------------------------------------
| rollout/                |               |
|    ep_len_mean          | 1.44e+03      |
|    ep_rew_mean          | 1.45e+03      |
| time/                   |               |
|    fps                  | 669           |
|    iterations           | 152           |
|    time_elapsed         | 232           |
|    total_timesteps      | 155648        |
| train/                  |               |
|    approx_kl            | 0.015185999   |
|    clip_fraction        | 0.165         |
|    clip_range           | 0.2           |
|    entropy_loss         | -17.1         |
|    explained_variance   | 0.00021123886 |
|    learning_rate        | 0.0003        |
|    loss                 | -0.0323       |
|    n_updates            | 1510          |
|    policy_gradient_loss | -0.0243       |
|    std                  | 1.01          |
|    value_loss           | 0.0119        |
-------------------------------------------
------------------------------------------
| rollout/                |              |
|    ep_len_mean          | 1.44e+03     |
|    ep_rew_mean          | 1.45e+03     |
| time/                   |              |
|    fps                  | 669          |
|    iterations           | 153          |
|    time_elapsed         | 233          |
|    total_timesteps      | 156672       |
| train/                  |              |
|    approx_kl            | 0.015327534  |
|    clip_fraction        | 0.169        |
|    clip_range           | 0.2          |
|    entropy_loss         | -17.1        |
|    explained_variance   | 6.341934e-05 |
|    learning_rate        | 0.0003       |
|    loss                 | -0.0409      |
|    n_updates            | 1520         |
|    policy_gradient_loss | -0.0262      |
|    std                  | 1.01         |
|    value_loss           | 0.00685      |
------------------------------------------
--------------------------------------------
| rollout/                |                |
|    ep_len_mean          | 1.44e+03       |
|    ep_rew_mean          | 1.45e+03       |
| time/                   |                |
|    fps                  | 669            |
|    iterations           | 154            |
|    time_elapsed         | 235            |
|    total_timesteps      | 157696         |
| train/                  |                |
|    approx_kl            | 0.014833657    |
|    clip_fraction        | 0.154          |
|    clip_range           | 0.2            |
|    entropy_loss         | -17.1          |
|    explained_variance   | -0.00021314621 |
|    learning_rate        | 0.0003         |
|    loss                 | -0.0311        |
|    n_updates            | 1530           |
|    policy_gradient_loss | -0.0226        |
|    std                  | 1.01           |
|    value_loss           | 0.0066         |
--------------------------------------------
-------------------------------------------
| rollout/                |               |
|    ep_len_mean          | 1.44e+03      |
|    ep_rew_mean          | 1.45e+03      |
| time/                   |               |
|    fps                  | 669           |
|    iterations           | 155           |
|    time_elapsed         | 237           |
|    total_timesteps      | 158720        |
| train/                  |               |
|    approx_kl            | 0.011972709   |
|    clip_fraction        | 0.148         |
|    clip_range           | 0.2           |
|    entropy_loss         | -17.1         |
|    explained_variance   | 0.00018453598 |
|    learning_rate        | 0.0003        |
|    loss                 | -0.0256       |
|    n_updates            | 1540          |
|    policy_gradient_loss | -0.0231       |
|    std                  | 1.01          |
|    value_loss           | 0.00738       |
-------------------------------------------
-------------------------------------------
| rollout/                |               |
|    ep_len_mean          | 1.44e+03      |
|    ep_rew_mean          | 1.45e+03      |
| time/                   |               |
|    fps                  | 669           |
|    iterations           | 156           |
|    time_elapsed         | 238           |
|    total_timesteps      | 159744        |
| train/                  |               |
|    approx_kl            | 0.010876186   |
|    clip_fraction        | 0.131         |
|    clip_range           | 0.2           |
|    entropy_loss         | -17.1         |
|    explained_variance   | 0.00010794401 |
|    learning_rate        | 0.0003        |
|    loss                 | -0.0249       |
|    n_updates            | 1550          |
|    policy_gradient_loss | -0.0195       |
|    std                  | 1.01          |
|    value_loss           | 0.00859       |
-------------------------------------------
-------------------------------------------
| rollout/                |               |
|    ep_len_mean          | 1.44e+03      |
|    ep_rew_mean          | 1.45e+03      |
| time/                   |               |
|    fps                  | 669           |
|    iterations           | 157           |
|    time_elapsed         | 239           |
|    total_timesteps      | 160768        |
| train/                  |               |
|    approx_kl            | 0.013281202   |
|    clip_fraction        | 0.148         |
|    clip_range           | 0.2           |
|    entropy_loss         | -17.1         |
|    explained_variance   | 4.0769577e-05 |
|    learning_rate        | 0.0003        |
|    loss                 | -0.0192       |
|    n_updates            | 1560          |
|    policy_gradient_loss | -0.0227       |
|    std                  | 1             |
|    value_loss           | 0.00819       |
-------------------------------------------
-------------------------------------------
| rollout/                |               |
|    ep_len_mean          | 1.44e+03      |
|    ep_rew_mean          | 1.45e+03      |
| time/                   |               |
|    fps                  | 670           |
|    iterations           | 158           |
|    time_elapsed         | 241           |
|    total_timesteps      | 161792        |
| train/                  |               |
|    approx_kl            | 0.013502404   |
|    clip_fraction        | 0.145         |
|    clip_range           | 0.2           |
|    entropy_loss         | -17           |
|    explained_variance   | 0.00024467707 |
|    learning_rate        | 0.0003        |
|    loss                 | -0.0252       |
|    n_updates            | 1570          |
|    policy_gradient_loss | -0.0225       |
|    std                  | 1             |
|    value_loss           | 0.00907       |
-------------------------------------------
-------------------------------------------
| rollout/                |               |
|    ep_len_mean          | 1.44e+03      |
|    ep_rew_mean          | 1.45e+03      |
| time/                   |               |
|    fps                  | 670           |
|    iterations           | 159           |
|    time_elapsed         | 242           |
|    total_timesteps      | 162816        |
| train/                  |               |
|    approx_kl            | 0.014374944   |
|    clip_fraction        | 0.141         |
|    clip_range           | 0.2           |
|    entropy_loss         | -17           |
|    explained_variance   | 0.00016629696 |
|    learning_rate        | 0.0003        |
|    loss                 | -0.0311       |
|    n_updates            | 1580          |
|    policy_gradient_loss | -0.0205       |
|    std                  | 0.998         |
|    value_loss           | 0.00711       |
-------------------------------------------
-------------------------------------------
| rollout/                |               |
|    ep_len_mean          | 1.44e+03      |
|    ep_rew_mean          | 1.45e+03      |
| time/                   |               |
|    fps                  | 670           |
|    iterations           | 160           |
|    time_elapsed         | 244           |
|    total_timesteps      | 163840        |
| train/                  |               |
|    approx_kl            | 0.0145457685  |
|    clip_fraction        | 0.192         |
|    clip_range           | 0.2           |
|    entropy_loss         | -16.9         |
|    explained_variance   | 0.00016212463 |
|    learning_rate        | 0.0003        |
|    loss                 | -0.0401       |
|    n_updates            | 1590          |
|    policy_gradient_loss | -0.0253       |
|    std                  | 0.995         |
|    value_loss           | 0.0057        |
-------------------------------------------
------------------------------------------
| rollout/                |              |
|    ep_len_mean          | 1.44e+03     |
|    ep_rew_mean          | 1.45e+03     |
| time/                   |              |
|    fps                  | 670          |
|    iterations           | 161          |
|    time_elapsed         | 245          |
|    total_timesteps      | 164864       |
| train/                  |              |
|    approx_kl            | 0.01236508   |
|    clip_fraction        | 0.156        |
|    clip_range           | 0.2          |
|    entropy_loss         | -16.9        |
|    explained_variance   | 8.535385e-05 |
|    learning_rate        | 0.0003       |
|    loss                 | -0.0265      |
|    n_updates            | 1600         |
|    policy_gradient_loss | -0.0228      |
|    std                  | 0.992        |
|    value_loss           | 0.00677      |
------------------------------------------
-------------------------------------------
| rollout/                |               |
|    ep_len_mean          | 1.44e+03      |
|    ep_rew_mean          | 1.45e+03      |
| time/                   |               |
|    fps                  | 670           |
|    iterations           | 162           |
|    time_elapsed         | 247           |
|    total_timesteps      | 165888        |
| train/                  |               |
|    approx_kl            | 0.011314824   |
|    clip_fraction        | 0.166         |
|    clip_range           | 0.2           |
|    entropy_loss         | -16.9         |
|    explained_variance   | 0.00041478872 |
|    learning_rate        | 0.0003        |
|    loss                 | -0.03         |
|    n_updates            | 1610          |
|    policy_gradient_loss | -0.0206       |
|    std                  | 0.991         |
|    value_loss           | 0.0103        |
-------------------------------------------
------------------------------------------
| rollout/                |              |
|    ep_len_mean          | 1.44e+03     |
|    ep_rew_mean          | 1.45e+03     |
| time/                   |              |
|    fps                  | 670          |
|    iterations           | 163          |
|    time_elapsed         | 248          |
|    total_timesteps      | 166912       |
| train/                  |              |
|    approx_kl            | 0.011506209  |
|    clip_fraction        | 0.134        |
|    clip_range           | 0.2          |
|    entropy_loss         | -16.9        |
|    explained_variance   | 9.715557e-05 |
|    learning_rate        | 0.0003       |
|    loss                 | -0.0173      |
|    n_updates            | 1620         |
|    policy_gradient_loss | -0.0173      |
|    std                  | 0.989        |
|    value_loss           | 0.00863      |
------------------------------------------
-------------------------------------------
| rollout/                |               |
|    ep_len_mean          | 1.44e+03      |
|    ep_rew_mean          | 1.46e+03      |
| time/                   |               |
|    fps                  | 670           |
|    iterations           | 164           |
|    time_elapsed         | 250           |
|    total_timesteps      | 167936        |
| train/                  |               |
|    approx_kl            | 0.0145983575  |
|    clip_fraction        | 0.193         |
|    clip_range           | 0.2           |
|    entropy_loss         | -16.8         |
|    explained_variance   | 0.00020265579 |
|    learning_rate        | 0.0003        |
|    loss                 | -0.0399       |
|    n_updates            | 1630          |
|    policy_gradient_loss | -0.0267       |
|    std                  | 0.987         |
|    value_loss           | 0.0066        |
-------------------------------------------
------------------------------------------
| rollout/                |              |
|    ep_len_mean          | 1.44e+03     |
|    ep_rew_mean          | 1.46e+03     |
| time/                   |              |
|    fps                  | 670          |
|    iterations           | 165          |
|    time_elapsed         | 251          |
|    total_timesteps      | 168960       |
| train/                  |              |
|    approx_kl            | 0.014677547  |
|    clip_fraction        | 0.182        |
|    clip_range           | 0.2          |
|    entropy_loss         | -16.8        |
|    explained_variance   | 0.0003156662 |
|    learning_rate        | 0.0003       |
|    loss                 | -0.0311      |
|    n_updates            | 1640         |
|    policy_gradient_loss | -0.0246      |
|    std                  | 0.984        |
|    value_loss           | 0.00884      |
------------------------------------------
-------------------------------------------
| rollout/                |               |
|    ep_len_mean          | 1.44e+03      |
|    ep_rew_mean          | 1.46e+03      |
| time/                   |               |
|    fps                  | 671           |
|    iterations           | 166           |
|    time_elapsed         | 253           |
|    total_timesteps      | 169984        |
| train/                  |               |
|    approx_kl            | 0.013762653   |
|    clip_fraction        | 0.168         |
|    clip_range           | 0.2           |
|    entropy_loss         | -16.8         |
|    explained_variance   | 0.00051516294 |
|    learning_rate        | 0.0003        |
|    loss                 | -0.024        |
|    n_updates            | 1650          |
|    policy_gradient_loss | -0.0222       |
|    std                  | 0.984         |
|    value_loss           | 0.00562       |
-------------------------------------------
-------------------------------------------
| rollout/                |               |
|    ep_len_mean          | 1.44e+03      |
|    ep_rew_mean          | 1.46e+03      |
| time/                   |               |
|    fps                  | 671           |
|    iterations           | 167           |
|    time_elapsed         | 254           |
|    total_timesteps      | 171008        |
| train/                  |               |
|    approx_kl            | 0.0131490445  |
|    clip_fraction        | 0.142         |
|    clip_range           | 0.2           |
|    entropy_loss         | -16.8         |
|    explained_variance   | 0.00023388863 |
|    learning_rate        | 0.0003        |
|    loss                 | -0.0484       |
|    n_updates            | 1660          |
|    policy_gradient_loss | -0.0238       |
|    std                  | 0.982         |
|    value_loss           | 0.00556       |
-------------------------------------------
------------------------------------------
| rollout/                |              |
|    ep_len_mean          | 1.44e+03     |
|    ep_rew_mean          | 1.46e+03     |
| time/                   |              |
|    fps                  | 671          |
|    iterations           | 168          |
|    time_elapsed         | 256          |
|    total_timesteps      | 172032       |
| train/                  |              |
|    approx_kl            | 0.012707555  |
|    clip_fraction        | 0.151        |
|    clip_range           | 0.2          |
|    entropy_loss         | -16.8        |
|    explained_variance   | 0.0006749034 |
|    learning_rate        | 0.0003       |
|    loss                 | -0.0379      |
|    n_updates            | 1670         |
|    policy_gradient_loss | -0.0207      |
|    std                  | 0.981        |
|    value_loss           | 0.00531      |
------------------------------------------
------------------------------------------
| rollout/                |              |
|    ep_len_mean          | 1.44e+03     |
|    ep_rew_mean          | 1.46e+03     |
| time/                   |              |
|    fps                  | 671          |
|    iterations           | 169          |
|    time_elapsed         | 257          |
|    total_timesteps      | 173056       |
| train/                  |              |
|    approx_kl            | 0.016028024  |
|    clip_fraction        | 0.161        |
|    clip_range           | 0.2          |
|    entropy_loss         | -16.8        |
|    explained_variance   | 0.0006542206 |
|    learning_rate        | 0.0003       |
|    loss                 | -0.0455      |
|    n_updates            | 1680         |
|    policy_gradient_loss | -0.0277      |
|    std                  | 0.982        |
|    value_loss           | 0.0063       |
------------------------------------------
------------------------------------------
| rollout/                |              |
|    ep_len_mean          | 1.44e+03     |
|    ep_rew_mean          | 1.46e+03     |
| time/                   |              |
|    fps                  | 671          |
|    iterations           | 170          |
|    time_elapsed         | 259          |
|    total_timesteps      | 174080       |
| train/                  |              |
|    approx_kl            | 0.01640105   |
|    clip_fraction        | 0.203        |
|    clip_range           | 0.2          |
|    entropy_loss         | -16.8        |
|    explained_variance   | 0.0006417632 |
|    learning_rate        | 0.0003       |
|    loss                 | -0.0446      |
|    n_updates            | 1690         |
|    policy_gradient_loss | -0.0285      |
|    std                  | 0.982        |
|    value_loss           | 0.00741      |
------------------------------------------
------------------------------------------
| rollout/                |              |
|    ep_len_mean          | 1.44e+03     |
|    ep_rew_mean          | 1.46e+03     |
| time/                   |              |
|    fps                  | 671          |
|    iterations           | 171          |
|    time_elapsed         | 260          |
|    total_timesteps      | 175104       |
| train/                  |              |
|    approx_kl            | 0.012204073  |
|    clip_fraction        | 0.174        |
|    clip_range           | 0.2          |
|    entropy_loss         | -16.8        |
|    explained_variance   | 1.692772e-05 |
|    learning_rate        | 0.0003       |
|    loss                 | -0.0318      |
|    n_updates            | 1700         |
|    policy_gradient_loss | -0.0218      |
|    std                  | 0.982        |
|    value_loss           | 0.00595      |
------------------------------------------
-------------------------------------------
| rollout/                |               |
|    ep_len_mean          | 1.44e+03      |
|    ep_rew_mean          | 1.46e+03      |
| time/                   |               |
|    fps                  | 671           |
|    iterations           | 172           |
|    time_elapsed         | 262           |
|    total_timesteps      | 176128        |
| train/                  |               |
|    approx_kl            | 0.013852536   |
|    clip_fraction        | 0.174         |
|    clip_range           | 0.2           |
|    entropy_loss         | -16.8         |
|    explained_variance   | 0.00043398142 |
|    learning_rate        | 0.0003        |
|    loss                 | -0.0272       |
|    n_updates            | 1710          |
|    policy_gradient_loss | -0.0229       |
|    std                  | 0.981         |
|    value_loss           | 0.00778       |
-------------------------------------------
-------------------------------------------
| rollout/                |               |
|    ep_len_mean          | 1.44e+03      |
|    ep_rew_mean          | 1.46e+03      |
| time/                   |               |
|    fps                  | 671           |
|    iterations           | 173           |
|    time_elapsed         | 263           |
|    total_timesteps      | 177152        |
| train/                  |               |
|    approx_kl            | 0.011699069   |
|    clip_fraction        | 0.167         |
|    clip_range           | 0.2           |
|    entropy_loss         | -16.7         |
|    explained_variance   | 0.00046092272 |
|    learning_rate        | 0.0003        |
|    loss                 | -0.0301       |
|    n_updates            | 1720          |
|    policy_gradient_loss | -0.0213       |
|    std                  | 0.98          |
|    value_loss           | 0.00651       |
-------------------------------------------
------------------------------------------
| rollout/                |              |
|    ep_len_mean          | 1.44e+03     |
|    ep_rew_mean          | 1.46e+03     |
| time/                   |              |
|    fps                  | 671          |
|    iterations           | 174          |
|    time_elapsed         | 265          |
|    total_timesteps      | 178176       |
| train/                  |              |
|    approx_kl            | 0.011410671  |
|    clip_fraction        | 0.146        |
|    clip_range           | 0.2          |
|    entropy_loss         | -16.7        |
|    explained_variance   | 0.0004812479 |
|    learning_rate        | 0.0003       |
|    loss                 | -0.0394      |
|    n_updates            | 1730         |
|    policy_gradient_loss | -0.0197      |
|    std                  | 0.981        |
|    value_loss           | 0.00448      |
------------------------------------------
------------------------------------------
| rollout/                |              |
|    ep_len_mean          | 1.44e+03     |
|    ep_rew_mean          | 1.46e+03     |
| time/                   |              |
|    fps                  | 671          |
|    iterations           | 175          |
|    time_elapsed         | 266          |
|    total_timesteps      | 179200       |
| train/                  |              |
|    approx_kl            | 0.0150869265 |
|    clip_fraction        | 0.166        |
|    clip_range           | 0.2          |
|    entropy_loss         | -16.7        |
|    explained_variance   | 0.0005892515 |
|    learning_rate        | 0.0003       |
|    loss                 | -0.0206      |
|    n_updates            | 1740         |
|    policy_gradient_loss | -0.0213      |
|    std                  | 0.981        |
|    value_loss           | 0.00627      |
------------------------------------------
-------------------------------------------
| rollout/                |               |
|    ep_len_mean          | 1.44e+03      |
|    ep_rew_mean          | 1.46e+03      |
| time/                   |               |
|    fps                  | 671           |
|    iterations           | 176           |
|    time_elapsed         | 268           |
|    total_timesteps      | 180224        |
| train/                  |               |
|    approx_kl            | 0.01167778    |
|    clip_fraction        | 0.131         |
|    clip_range           | 0.2           |
|    entropy_loss         | -16.7         |
|    explained_variance   | 0.00059849024 |
|    learning_rate        | 0.0003        |
|    loss                 | -0.027        |
|    n_updates            | 1750          |
|    policy_gradient_loss | -0.0204       |
|    std                  | 0.98          |
|    value_loss           | 0.00462       |
-------------------------------------------
-----------------------------------------
| rollout/                |             |
|    ep_len_mean          | 1.44e+03    |
|    ep_rew_mean          | 1.46e+03    |
| time/                   |             |
|    fps                  | 671         |
|    iterations           | 177         |
|    time_elapsed         | 269         |
|    total_timesteps      | 181248      |
| train/                  |             |
|    approx_kl            | 0.013656663 |
|    clip_fraction        | 0.15        |
|    clip_range           | 0.2         |
|    entropy_loss         | -16.7       |
|    explained_variance   | 0.000790596 |
|    learning_rate        | 0.0003      |
|    loss                 | -0.0349     |
|    n_updates            | 1760        |
|    policy_gradient_loss | -0.02       |
|    std                  | 0.979       |
|    value_loss           | 0.00562     |
-----------------------------------------
-------------------------------------------
| rollout/                |               |
|    ep_len_mean          | 1.44e+03      |
|    ep_rew_mean          | 1.46e+03      |
| time/                   |               |
|    fps                  | 671           |
|    iterations           | 178           |
|    time_elapsed         | 271           |
|    total_timesteps      | 182272        |
| train/                  |               |
|    approx_kl            | 0.013107611   |
|    clip_fraction        | 0.175         |
|    clip_range           | 0.2           |
|    entropy_loss         | -16.7         |
|    explained_variance   | 0.00079506636 |
|    learning_rate        | 0.0003        |
|    loss                 | -0.0326       |
|    n_updates            | 1770          |
|    policy_gradient_loss | -0.0238       |
|    std                  | 0.978         |
|    value_loss           | 0.00556       |
-------------------------------------------
------------------------------------------
| rollout/                |              |
|    ep_len_mean          | 1.44e+03     |
|    ep_rew_mean          | 1.46e+03     |
| time/                   |              |
|    fps                  | 671          |
|    iterations           | 179          |
|    time_elapsed         | 272          |
|    total_timesteps      | 183296       |
| train/                  |              |
|    approx_kl            | 0.010400669  |
|    clip_fraction        | 0.118        |
|    clip_range           | 0.2          |
|    entropy_loss         | -16.7        |
|    explained_variance   | 0.0005262494 |
|    learning_rate        | 0.0003       |
|    loss                 | -0.0447      |
|    n_updates            | 1780         |
|    policy_gradient_loss | -0.0206      |
|    std                  | 0.975        |
|    value_loss           | 0.00448      |
------------------------------------------
-------------------------------------------
| rollout/                |               |
|    ep_len_mean          | 1.44e+03      |
|    ep_rew_mean          | 1.46e+03      |
| time/                   |               |
|    fps                  | 671           |
|    iterations           | 180           |
|    time_elapsed         | 274           |
|    total_timesteps      | 184320        |
| train/                  |               |
|    approx_kl            | 0.015918866   |
|    clip_fraction        | 0.184         |
|    clip_range           | 0.2           |
|    entropy_loss         | -16.7         |
|    explained_variance   | 0.00059723854 |
|    learning_rate        | 0.0003        |
|    loss                 | -0.0335       |
|    n_updates            | 1790          |
|    policy_gradient_loss | -0.0249       |
|    std                  | 0.974         |
|    value_loss           | 0.00403       |
-------------------------------------------
------------------------------------------
| rollout/                |              |
|    ep_len_mean          | 1.44e+03     |
|    ep_rew_mean          | 1.46e+03     |
| time/                   |              |
|    fps                  | 671          |
|    iterations           | 181          |
|    time_elapsed         | 275          |
|    total_timesteps      | 185344       |
| train/                  |              |
|    approx_kl            | 0.013654908  |
|    clip_fraction        | 0.158        |
|    clip_range           | 0.2          |
|    entropy_loss         | -16.7        |
|    explained_variance   | 0.0006508231 |
|    learning_rate        | 0.0003       |
|    loss                 | -0.0384      |
|    n_updates            | 1800         |
|    policy_gradient_loss | -0.0239      |
|    std                  | 0.973        |
|    value_loss           | 0.00431      |
------------------------------------------
------------------------------------------
| rollout/                |              |
|    ep_len_mean          | 1.44e+03     |
|    ep_rew_mean          | 1.46e+03     |
| time/                   |              |
|    fps                  | 671          |
|    iterations           | 182          |
|    time_elapsed         | 277          |
|    total_timesteps      | 186368       |
| train/                  |              |
|    approx_kl            | 0.016426614  |
|    clip_fraction        | 0.189        |
|    clip_range           | 0.2          |
|    entropy_loss         | -16.6        |
|    explained_variance   | 0.0006533265 |
|    learning_rate        | 0.0003       |
|    loss                 | -0.0317      |
|    n_updates            | 1810         |
|    policy_gradient_loss | -0.0258      |
|    std                  | 0.97         |
|    value_loss           | 0.0109       |
------------------------------------------
------------------------------------------
| rollout/                |              |
|    ep_len_mean          | 1.44e+03     |
|    ep_rew_mean          | 1.46e+03     |
| time/                   |              |
|    fps                  | 671          |
|    iterations           | 183          |
|    time_elapsed         | 278          |
|    total_timesteps      | 187392       |
| train/                  |              |
|    approx_kl            | 0.014177695  |
|    clip_fraction        | 0.19         |
|    clip_range           | 0.2          |
|    entropy_loss         | -16.6        |
|    explained_variance   | 0.0003760457 |
|    learning_rate        | 0.0003       |
|    loss                 | -0.039       |
|    n_updates            | 1820         |
|    policy_gradient_loss | -0.0229      |
|    std                  | 0.97         |
|    value_loss           | 0.00697      |
------------------------------------------
------------------------------------------
| rollout/                |              |
|    ep_len_mean          | 1.44e+03     |
|    ep_rew_mean          | 1.46e+03     |
| time/                   |              |
|    fps                  | 671          |
|    iterations           | 184          |
|    time_elapsed         | 280          |
|    total_timesteps      | 188416       |
| train/                  |              |
|    approx_kl            | 0.013088312  |
|    clip_fraction        | 0.142        |
|    clip_range           | 0.2          |
|    entropy_loss         | -16.6        |
|    explained_variance   | 0.0009589195 |
|    learning_rate        | 0.0003       |
|    loss                 | -0.0182      |
|    n_updates            | 1830         |
|    policy_gradient_loss | -0.018       |
|    std                  | 0.97         |
|    value_loss           | 0.00554      |
------------------------------------------
------------------------------------------
| rollout/                |              |
|    ep_len_mean          | 1.44e+03     |
|    ep_rew_mean          | 1.46e+03     |
| time/                   |              |
|    fps                  | 671          |
|    iterations           | 185          |
|    time_elapsed         | 281          |
|    total_timesteps      | 189440       |
| train/                  |              |
|    approx_kl            | 0.010096769  |
|    clip_fraction        | 0.143        |
|    clip_range           | 0.2          |
|    entropy_loss         | -16.6        |
|    explained_variance   | 0.0004236102 |
|    learning_rate        | 0.0003       |
|    loss                 | -0.025       |
|    n_updates            | 1840         |
|    policy_gradient_loss | -0.0189      |
|    std                  | 0.97         |
|    value_loss           | 0.00984      |
------------------------------------------
-------------------------------------------
| rollout/                |               |
|    ep_len_mean          | 1.44e+03      |
|    ep_rew_mean          | 1.46e+03      |
| time/                   |               |
|    fps                  | 671           |
|    iterations           | 186           |
|    time_elapsed         | 283           |
|    total_timesteps      | 190464        |
| train/                  |               |
|    approx_kl            | 0.01592476    |
|    clip_fraction        | 0.194         |
|    clip_range           | 0.2           |
|    entropy_loss         | -16.6         |
|    explained_variance   | 0.00039875507 |
|    learning_rate        | 0.0003        |
|    loss                 | -0.041        |
|    n_updates            | 1850          |
|    policy_gradient_loss | -0.0242       |
|    std                  | 0.97          |
|    value_loss           | 0.00994       |
-------------------------------------------
------------------------------------------
| rollout/                |              |
|    ep_len_mean          | 1.44e+03     |
|    ep_rew_mean          | 1.46e+03     |
| time/                   |              |
|    fps                  | 672          |
|    iterations           | 187          |
|    time_elapsed         | 284          |
|    total_timesteps      | 191488       |
| train/                  |              |
|    approx_kl            | 0.011699948  |
|    clip_fraction        | 0.15         |
|    clip_range           | 0.2          |
|    entropy_loss         | -16.6        |
|    explained_variance   | 0.0007275343 |
|    learning_rate        | 0.0003       |
|    loss                 | -0.0205      |
|    n_updates            | 1860         |
|    policy_gradient_loss | -0.0218      |
|    std                  | 0.968        |
|    value_loss           | 0.00472      |
------------------------------------------
------------------------------------------
| rollout/                |              |
|    ep_len_mean          | 1.44e+03     |
|    ep_rew_mean          | 1.46e+03     |
| time/                   |              |
|    fps                  | 672          |
|    iterations           | 188          |
|    time_elapsed         | 286          |
|    total_timesteps      | 192512       |
| train/                  |              |
|    approx_kl            | 0.0139916595 |
|    clip_fraction        | 0.194        |
|    clip_range           | 0.2          |
|    entropy_loss         | -16.6        |
|    explained_variance   | 0.0012782812 |
|    learning_rate        | 0.0003       |
|    loss                 | -0.0403      |
|    n_updates            | 1870         |
|    policy_gradient_loss | -0.0253      |
|    std                  | 0.965        |
|    value_loss           | 0.00488      |
------------------------------------------
------------------------------------------
| rollout/                |              |
|    ep_len_mean          | 1.44e+03     |
|    ep_rew_mean          | 1.46e+03     |
| time/                   |              |
|    fps                  | 672          |
|    iterations           | 189          |
|    time_elapsed         | 287          |
|    total_timesteps      | 193536       |
| train/                  |              |
|    approx_kl            | 0.016724974  |
|    clip_fraction        | 0.184        |
|    clip_range           | 0.2          |
|    entropy_loss         | -16.6        |
|    explained_variance   | 0.0009021163 |
|    learning_rate        | 0.0003       |
|    loss                 | -0.022       |
|    n_updates            | 1880         |
|    policy_gradient_loss | -0.0234      |
|    std                  | 0.966        |
|    value_loss           | 0.00509      |
------------------------------------------
------------------------------------------
| rollout/                |              |
|    ep_len_mean          | 1.44e+03     |
|    ep_rew_mean          | 1.46e+03     |
| time/                   |              |
|    fps                  | 672          |
|    iterations           | 190          |
|    time_elapsed         | 289          |
|    total_timesteps      | 194560       |
| train/                  |              |
|    approx_kl            | 0.01376506   |
|    clip_fraction        | 0.129        |
|    clip_range           | 0.2          |
|    entropy_loss         | -16.6        |
|    explained_variance   | 0.0009432435 |
|    learning_rate        | 0.0003       |
|    loss                 | -0.0374      |
|    n_updates            | 1890         |
|    policy_gradient_loss | -0.022       |
|    std                  | 0.965        |
|    value_loss           | 0.00551      |
------------------------------------------
------------------------------------------
| rollout/                |              |
|    ep_len_mean          | 1.44e+03     |
|    ep_rew_mean          | 1.46e+03     |
| time/                   |              |
|    fps                  | 672          |
|    iterations           | 191          |
|    time_elapsed         | 290          |
|    total_timesteps      | 195584       |
| train/                  |              |
|    approx_kl            | 0.013054641  |
|    clip_fraction        | 0.152        |
|    clip_range           | 0.2          |
|    entropy_loss         | -16.5        |
|    explained_variance   | 0.0015755892 |
|    learning_rate        | 0.0003       |
|    loss                 | -0.0315      |
|    n_updates            | 1900         |
|    policy_gradient_loss | -0.0225      |
|    std                  | 0.963        |
|    value_loss           | 0.00411      |
------------------------------------------
------------------------------------------
| rollout/                |              |
|    ep_len_mean          | 1.44e+03     |
|    ep_rew_mean          | 1.46e+03     |
| time/                   |              |
|    fps                  | 672          |
|    iterations           | 192          |
|    time_elapsed         | 292          |
|    total_timesteps      | 196608       |
| train/                  |              |
|    approx_kl            | 0.009044696  |
|    clip_fraction        | 0.0951       |
|    clip_range           | 0.2          |
|    entropy_loss         | -16.5        |
|    explained_variance   | 0.0022876859 |
|    learning_rate        | 0.0003       |
|    loss                 | -0.0305      |
|    n_updates            | 1910         |
|    policy_gradient_loss | -0.0157      |
|    std                  | 0.96         |
|    value_loss           | 0.00414      |
------------------------------------------
------------------------------------------
| rollout/                |              |
|    ep_len_mean          | 1.44e+03     |
|    ep_rew_mean          | 1.46e+03     |
| time/                   |              |
|    fps                  | 672          |
|    iterations           | 193          |
|    time_elapsed         | 294          |
|    total_timesteps      | 197632       |
| train/                  |              |
|    approx_kl            | 0.013434451  |
|    clip_fraction        | 0.175        |
|    clip_range           | 0.2          |
|    entropy_loss         | -16.5        |
|    explained_variance   | 0.0013073087 |
|    learning_rate        | 0.0003       |
|    loss                 | -0.028       |
|    n_updates            | 1920         |
|    policy_gradient_loss | -0.0232      |
|    std                  | 0.958        |
|    value_loss           | 0.0049       |
------------------------------------------
------------------------------------------
| rollout/                |              |
|    ep_len_mean          | 1.44e+03     |
|    ep_rew_mean          | 1.46e+03     |
| time/                   |              |
|    fps                  | 672          |
|    iterations           | 194          |
|    time_elapsed         | 295          |
|    total_timesteps      | 198656       |
| train/                  |              |
|    approx_kl            | 0.01823118   |
|    clip_fraction        | 0.221        |
|    clip_range           | 0.2          |
|    entropy_loss         | -16.4        |
|    explained_variance   | 0.0015739202 |
|    learning_rate        | 0.0003       |
|    loss                 | -0.0252      |
|    n_updates            | 1930         |
|    policy_gradient_loss | -0.0245      |
|    std                  | 0.956        |
|    value_loss           | 0.00434      |
------------------------------------------
------------------------------------------
| rollout/                |              |
|    ep_len_mean          | 1.44e+03     |
|    ep_rew_mean          | 1.47e+03     |
| time/                   |              |
|    fps                  | 672          |
|    iterations           | 195          |
|    time_elapsed         | 297          |
|    total_timesteps      | 199680       |
| train/                  |              |
|    approx_kl            | 0.014363885  |
|    clip_fraction        | 0.161        |
|    clip_range           | 0.2          |
|    entropy_loss         | -16.4        |
|    explained_variance   | 0.0013971329 |
|    learning_rate        | 0.0003       |
|    loss                 | -0.0212      |
|    n_updates            | 1940         |
|    policy_gradient_loss | -0.0229      |
|    std                  | 0.954        |
|    value_loss           | 0.00557      |
------------------------------------------
------------------------------------------
| rollout/                |              |
|    ep_len_mean          | 1.44e+03     |
|    ep_rew_mean          | 1.47e+03     |
| time/                   |              |
|    fps                  | 672          |
|    iterations           | 196          |
|    time_elapsed         | 298          |
|    total_timesteps      | 200704       |
| train/                  |              |
|    approx_kl            | 0.012380855  |
|    clip_fraction        | 0.152        |
|    clip_range           | 0.2          |
|    entropy_loss         | -16.4        |
|    explained_variance   | 0.0019785166 |
|    learning_rate        | 0.0003       |
|    loss                 | -0.0289      |
|    n_updates            | 1950         |
|    policy_gradient_loss | -0.0233      |
|    std                  | 0.953        |
|    value_loss           | 0.00439      |
------------------------------------------
Política MuJoCo guardada en /home/juli/unitree_ros2/nova-spot-micro-tesis/Experimentos/campana_distribuida_step_s23_20260928/mujoco/step_semilla_1024/policy.zip
