Using cuda device
Wrapping the env with a `Monitor` wrapper
Wrapping the env in a DummyVecEnv.
-----------------------------
| time/              |      |
|    fps             | 686  |
|    iterations      | 1    |
|    time_elapsed    | 1    |
|    total_timesteps | 1024 |
-----------------------------
------------------------------------------
| rollout/                |              |
|    ep_len_mean          | 1.44e+03     |
|    ep_rew_mean          | 1.44e+03     |
| time/                   |              |
|    fps                  | 620          |
|    iterations           | 2            |
|    time_elapsed         | 3            |
|    total_timesteps      | 2048         |
| train/                  |              |
|    approx_kl            | 0.020381317  |
|    clip_fraction        | 0.272        |
|    clip_range           | 0.2          |
|    entropy_loss         | -17          |
|    explained_variance   | 0.0043357015 |
|    learning_rate        | 0.0003       |
|    loss                 | 96           |
|    n_updates            | 10           |
|    policy_gradient_loss | -0.0142      |
|    std                  | 1            |
|    value_loss           | 230          |
------------------------------------------
-----------------------------------------
| rollout/                |             |
|    ep_len_mean          | 1.44e+03    |
|    ep_rew_mean          | 1.44e+03    |
| time/                   |             |
|    fps                  | 639         |
|    iterations           | 3           |
|    time_elapsed         | 4           |
|    total_timesteps      | 3072        |
| train/                  |             |
|    approx_kl            | 0.012375854 |
|    clip_fraction        | 0.178       |
|    clip_range           | 0.2         |
|    entropy_loss         | -17         |
|    explained_variance   | 0.007841289 |
|    learning_rate        | 0.0003      |
|    loss                 | 94.6        |
|    n_updates            | 20          |
|    policy_gradient_loss | -0.0117     |
|    std                  | 1           |
|    value_loss           | 217         |
-----------------------------------------
-------------------------------------------
| rollout/                |               |
|    ep_len_mean          | 1.44e+03      |
|    ep_rew_mean          | 1.44e+03      |
| time/                   |               |
|    fps                  | 651           |
|    iterations           | 4             |
|    time_elapsed         | 6             |
|    total_timesteps      | 4096          |
| train/                  |               |
|    approx_kl            | 0.015728805   |
|    clip_fraction        | 0.222         |
|    clip_range           | 0.2           |
|    entropy_loss         | -17           |
|    explained_variance   | 2.5212765e-05 |
|    learning_rate        | 0.0003        |
|    loss                 | 98.4          |
|    n_updates            | 30            |
|    policy_gradient_loss | -0.016        |
|    std                  | 1             |
|    value_loss           | 215           |
-------------------------------------------
-------------------------------------------
| rollout/                |               |
|    ep_len_mean          | 1.44e+03      |
|    ep_rew_mean          | 1.44e+03      |
| time/                   |               |
|    fps                  | 657           |
|    iterations           | 5             |
|    time_elapsed         | 7             |
|    total_timesteps      | 5120          |
| train/                  |               |
|    approx_kl            | 0.017031502   |
|    clip_fraction        | 0.181         |
|    clip_range           | 0.2           |
|    entropy_loss         | -17           |
|    explained_variance   | -0.0029085875 |
|    learning_rate        | 0.0003        |
|    loss                 | 101           |
|    n_updates            | 40            |
|    policy_gradient_loss | -0.00959      |
|    std                  | 1             |
|    value_loss           | 219           |
-------------------------------------------
-------------------------------------------
| rollout/                |               |
|    ep_len_mean          | 1.44e+03      |
|    ep_rew_mean          | 1.44e+03      |
| time/                   |               |
|    fps                  | 662           |
|    iterations           | 6             |
|    time_elapsed         | 9             |
|    total_timesteps      | 6144          |
| train/                  |               |
|    approx_kl            | 0.011610748   |
|    clip_fraction        | 0.122         |
|    clip_range           | 0.2           |
|    entropy_loss         | -17.1         |
|    explained_variance   | -0.0020463467 |
|    learning_rate        | 0.0003        |
|    loss                 | 98.7          |
|    n_updates            | 50            |
|    policy_gradient_loss | -0.00843      |
|    std                  | 1             |
|    value_loss           | 211           |
-------------------------------------------
-------------------------------------------
| rollout/                |               |
|    ep_len_mean          | 1.44e+03      |
|    ep_rew_mean          | 1.44e+03      |
| time/                   |               |
|    fps                  | 665           |
|    iterations           | 7             |
|    time_elapsed         | 10            |
|    total_timesteps      | 7168          |
| train/                  |               |
|    approx_kl            | 0.011081387   |
|    clip_fraction        | 0.163         |
|    clip_range           | 0.2           |
|    entropy_loss         | -17           |
|    explained_variance   | 0.00066667795 |
|    learning_rate        | 0.0003        |
|    loss                 | 97.6          |
|    n_updates            | 60            |
|    policy_gradient_loss | -0.0114       |
|    std                  | 1             |
|    value_loss           | 207           |
-------------------------------------------
------------------------------------------
| rollout/                |              |
|    ep_len_mean          | 1.44e+03     |
|    ep_rew_mean          | 1.44e+03     |
| time/                   |              |
|    fps                  | 667          |
|    iterations           | 8            |
|    time_elapsed         | 12           |
|    total_timesteps      | 8192         |
| train/                  |              |
|    approx_kl            | 0.014546767  |
|    clip_fraction        | 0.17         |
|    clip_range           | 0.2          |
|    entropy_loss         | -17.1        |
|    explained_variance   | -0.001329422 |
|    learning_rate        | 0.0003       |
|    loss                 | 98           |
|    n_updates            | 70           |
|    policy_gradient_loss | -0.0106      |
|    std                  | 1            |
|    value_loss           | 208          |
------------------------------------------
-------------------------------------------
| rollout/                |               |
|    ep_len_mean          | 1.44e+03      |
|    ep_rew_mean          | 1.44e+03      |
| time/                   |               |
|    fps                  | 669           |
|    iterations           | 9             |
|    time_elapsed         | 13            |
|    total_timesteps      | 9216          |
| train/                  |               |
|    approx_kl            | 0.01267902    |
|    clip_fraction        | 0.208         |
|    clip_range           | 0.2           |
|    entropy_loss         | -17.1         |
|    explained_variance   | -0.0011276007 |
|    learning_rate        | 0.0003        |
|    loss                 | 95            |
|    n_updates            | 80            |
|    policy_gradient_loss | -0.0145       |
|    std                  | 1             |
|    value_loss           | 201           |
-------------------------------------------
-------------------------------------------
| rollout/                |               |
|    ep_len_mean          | 1.44e+03      |
|    ep_rew_mean          | 1.44e+03      |
| time/                   |               |
|    fps                  | 672           |
|    iterations           | 10            |
|    time_elapsed         | 15            |
|    total_timesteps      | 10240         |
| train/                  |               |
|    approx_kl            | 0.014196953   |
|    clip_fraction        | 0.2           |
|    clip_range           | 0.2           |
|    entropy_loss         | -17.1         |
|    explained_variance   | -0.0007944107 |
|    learning_rate        | 0.0003        |
|    loss                 | 92.2          |
|    n_updates            | 90            |
|    policy_gradient_loss | -0.0124       |
|    std                  | 1             |
|    value_loss           | 196           |
-------------------------------------------
------------------------------------------
| rollout/                |              |
|    ep_len_mean          | 1.44e+03     |
|    ep_rew_mean          | 1.44e+03     |
| time/                   |              |
|    fps                  | 674          |
|    iterations           | 11           |
|    time_elapsed         | 16           |
|    total_timesteps      | 11264        |
| train/                  |              |
|    approx_kl            | 0.009337303  |
|    clip_fraction        | 0.105        |
|    clip_range           | 0.2          |
|    entropy_loss         | -17.1        |
|    explained_variance   | 0.0002438426 |
|    learning_rate        | 0.0003       |
|    loss                 | 90.9         |
|    n_updates            | 100          |
|    policy_gradient_loss | -0.0097      |
|    std                  | 1.01         |
|    value_loss           | 192          |
------------------------------------------
------------------------------------------
| rollout/                |              |
|    ep_len_mean          | 1.44e+03     |
|    ep_rew_mean          | 1.44e+03     |
| time/                   |              |
|    fps                  | 675          |
|    iterations           | 12           |
|    time_elapsed         | 18           |
|    total_timesteps      | 12288        |
| train/                  |              |
|    approx_kl            | 0.0139359925 |
|    clip_fraction        | 0.136        |
|    clip_range           | 0.2          |
|    entropy_loss         | -17.1        |
|    explained_variance   | 0.0006688833 |
|    learning_rate        | 0.0003       |
|    loss                 | 91.3         |
|    n_updates            | 110          |
|    policy_gradient_loss | -0.01        |
|    std                  | 1.01         |
|    value_loss           | 193          |
------------------------------------------
--------------------------------------------
| rollout/                |                |
|    ep_len_mean          | 1.44e+03       |
|    ep_rew_mean          | 1.44e+03       |
| time/                   |                |
|    fps                  | 676            |
|    iterations           | 13             |
|    time_elapsed         | 19             |
|    total_timesteps      | 13312          |
| train/                  |                |
|    approx_kl            | 0.010136058    |
|    clip_fraction        | 0.162          |
|    clip_range           | 0.2            |
|    entropy_loss         | -17.1          |
|    explained_variance   | -0.00024211407 |
|    learning_rate        | 0.0003         |
|    loss                 | 86.6           |
|    n_updates            | 120            |
|    policy_gradient_loss | -0.0154        |
|    std                  | 1.01           |
|    value_loss           | 185            |
--------------------------------------------
-------------------------------------------
| rollout/                |               |
|    ep_len_mean          | 1.44e+03      |
|    ep_rew_mean          | 1.44e+03      |
| time/                   |               |
|    fps                  | 675           |
|    iterations           | 14            |
|    time_elapsed         | 21            |
|    total_timesteps      | 14336         |
| train/                  |               |
|    approx_kl            | 0.012351403   |
|    clip_fraction        | 0.189         |
|    clip_range           | 0.2           |
|    entropy_loss         | -17.1         |
|    explained_variance   | 0.00022310019 |
|    learning_rate        | 0.0003        |
|    loss                 | 86.4          |
|    n_updates            | 130           |
|    policy_gradient_loss | -0.0137       |
|    std                  | 1.01          |
|    value_loss           | 182           |
-------------------------------------------
-------------------------------------------
| rollout/                |               |
|    ep_len_mean          | 1.44e+03      |
|    ep_rew_mean          | 1.44e+03      |
| time/                   |               |
|    fps                  | 674           |
|    iterations           | 15            |
|    time_elapsed         | 22            |
|    total_timesteps      | 15360         |
| train/                  |               |
|    approx_kl            | 0.017316924   |
|    clip_fraction        | 0.172         |
|    clip_range           | 0.2           |
|    entropy_loss         | -17.2         |
|    explained_variance   | 0.00013589859 |
|    learning_rate        | 0.0003        |
|    loss                 | 86.3          |
|    n_updates            | 140           |
|    policy_gradient_loss | -0.0108       |
|    std                  | 1.01          |
|    value_loss           | 182           |
-------------------------------------------
-------------------------------------------
| rollout/                |               |
|    ep_len_mean          | 1.44e+03      |
|    ep_rew_mean          | 1.44e+03      |
| time/                   |               |
|    fps                  | 671           |
|    iterations           | 16            |
|    time_elapsed         | 24            |
|    total_timesteps      | 16384         |
| train/                  |               |
|    approx_kl            | 0.018074982   |
|    clip_fraction        | 0.239         |
|    clip_range           | 0.2           |
|    entropy_loss         | -17.2         |
|    explained_variance   | -0.0001616478 |
|    learning_rate        | 0.0003        |
|    loss                 | 81.1          |
|    n_updates            | 150           |
|    policy_gradient_loss | -0.0147       |
|    std                  | 1.01          |
|    value_loss           | 175           |
-------------------------------------------
------------------------------------------
| rollout/                |              |
|    ep_len_mean          | 1.44e+03     |
|    ep_rew_mean          | 1.44e+03     |
| time/                   |              |
|    fps                  | 668          |
|    iterations           | 17           |
|    time_elapsed         | 26           |
|    total_timesteps      | 17408        |
| train/                  |              |
|    approx_kl            | 0.013099456  |
|    clip_fraction        | 0.196        |
|    clip_range           | 0.2          |
|    entropy_loss         | -17.2        |
|    explained_variance   | -0.000177145 |
|    learning_rate        | 0.0003       |
|    loss                 | 80.1         |
|    n_updates            | 160          |
|    policy_gradient_loss | -0.0137      |
|    std                  | 1.01         |
|    value_loss           | 171          |
------------------------------------------
-------------------------------------------
| rollout/                |               |
|    ep_len_mean          | 1.44e+03      |
|    ep_rew_mean          | 1.44e+03      |
| time/                   |               |
|    fps                  | 665           |
|    iterations           | 18            |
|    time_elapsed         | 27            |
|    total_timesteps      | 18432         |
| train/                  |               |
|    approx_kl            | 0.019123979   |
|    clip_fraction        | 0.188         |
|    clip_range           | 0.2           |
|    entropy_loss         | -17.2         |
|    explained_variance   | -0.0001231432 |
|    learning_rate        | 0.0003        |
|    loss                 | 78.5          |
|    n_updates            | 170           |
|    policy_gradient_loss | -0.0105       |
|    std                  | 1.01          |
|    value_loss           | 167           |
-------------------------------------------
-----------------------------------------
| rollout/                |             |
|    ep_len_mean          | 1.44e+03    |
|    ep_rew_mean          | 1.44e+03    |
| time/                   |             |
|    fps                  | 662         |
|    iterations           | 19          |
|    time_elapsed         | 29          |
|    total_timesteps      | 19456       |
| train/                  |             |
|    approx_kl            | 0.021931339 |
|    clip_fraction        | 0.215       |
|    clip_range           | 0.2         |
|    entropy_loss         | -17.2       |
|    explained_variance   | 4.10676e-05 |
|    learning_rate        | 0.0003      |
|    loss                 | 78.8        |
|    n_updates            | 180         |
|    policy_gradient_loss | -0.011      |
|    std                  | 1.01        |
|    value_loss           | 168         |
-----------------------------------------
-------------------------------------------
| rollout/                |               |
|    ep_len_mean          | 1.44e+03      |
|    ep_rew_mean          | 1.44e+03      |
| time/                   |               |
|    fps                  | 659           |
|    iterations           | 20            |
|    time_elapsed         | 31            |
|    total_timesteps      | 20480         |
| train/                  |               |
|    approx_kl            | 0.013487595   |
|    clip_fraction        | 0.194         |
|    clip_range           | 0.2           |
|    entropy_loss         | -17.2         |
|    explained_variance   | -6.520748e-05 |
|    learning_rate        | 0.0003        |
|    loss                 | 76            |
|    n_updates            | 190           |
|    policy_gradient_loss | -0.0162       |
|    std                  | 1.01          |
|    value_loss           | 160           |
-------------------------------------------
-------------------------------------------
| rollout/                |               |
|    ep_len_mean          | 1.44e+03      |
|    ep_rew_mean          | 1.44e+03      |
| time/                   |               |
|    fps                  | 656           |
|    iterations           | 21            |
|    time_elapsed         | 32            |
|    total_timesteps      | 21504         |
| train/                  |               |
|    approx_kl            | 0.0116402665  |
|    clip_fraction        | 0.132         |
|    clip_range           | 0.2           |
|    entropy_loss         | -17.2         |
|    explained_variance   | -0.0001283884 |
|    learning_rate        | 0.0003        |
|    loss                 | 74.9          |
|    n_updates            | 200           |
|    policy_gradient_loss | -0.0103       |
|    std                  | 1.01          |
|    value_loss           | 157           |
-------------------------------------------
-------------------------------------------
| rollout/                |               |
|    ep_len_mean          | 1.44e+03      |
|    ep_rew_mean          | 1.44e+03      |
| time/                   |               |
|    fps                  | 654           |
|    iterations           | 22            |
|    time_elapsed         | 34            |
|    total_timesteps      | 22528         |
| train/                  |               |
|    approx_kl            | 0.010367271   |
|    clip_fraction        | 0.122         |
|    clip_range           | 0.2           |
|    entropy_loss         | -17.2         |
|    explained_variance   | 0.00018334389 |
|    learning_rate        | 0.0003        |
|    loss                 | 74.2          |
|    n_updates            | 210           |
|    policy_gradient_loss | -0.0121       |
|    std                  | 1.01          |
|    value_loss           | 158           |
-------------------------------------------
--------------------------------------------
| rollout/                |                |
|    ep_len_mean          | 1.44e+03       |
|    ep_rew_mean          | 1.44e+03       |
| time/                   |                |
|    fps                  | 652            |
|    iterations           | 23             |
|    time_elapsed         | 36             |
|    total_timesteps      | 23552          |
| train/                  |                |
|    approx_kl            | 0.009504893    |
|    clip_fraction        | 0.138          |
|    clip_range           | 0.2            |
|    entropy_loss         | -17.2          |
|    explained_variance   | -0.00014162064 |
|    learning_rate        | 0.0003         |
|    loss                 | 70.5           |
|    n_updates            | 220            |
|    policy_gradient_loss | -0.0125        |
|    std                  | 1.01           |
|    value_loss           | 151            |
--------------------------------------------
-------------------------------------------
| rollout/                |               |
|    ep_len_mean          | 1.44e+03      |
|    ep_rew_mean          | 1.44e+03      |
| time/                   |               |
|    fps                  | 651           |
|    iterations           | 24            |
|    time_elapsed         | 37            |
|    total_timesteps      | 24576         |
| train/                  |               |
|    approx_kl            | 0.011294207   |
|    clip_fraction        | 0.195         |
|    clip_range           | 0.2           |
|    entropy_loss         | -17.2         |
|    explained_variance   | 0.00012296438 |
|    learning_rate        | 0.0003        |
|    loss                 | 69.8          |
|    n_updates            | 230           |
|    policy_gradient_loss | -0.0154       |
|    std                  | 1.01          |
|    value_loss           | 148           |
-------------------------------------------
-------------------------------------------
| rollout/                |               |
|    ep_len_mean          | 1.44e+03      |
|    ep_rew_mean          | 1.44e+03      |
| time/                   |               |
|    fps                  | 650           |
|    iterations           | 25            |
|    time_elapsed         | 39            |
|    total_timesteps      | 25600         |
| train/                  |               |
|    approx_kl            | 0.0077828     |
|    clip_fraction        | 0.101         |
|    clip_range           | 0.2           |
|    entropy_loss         | -17.2         |
|    explained_variance   | 0.00014561415 |
|    learning_rate        | 0.0003        |
|    loss                 | 67.3          |
|    n_updates            | 240           |
|    policy_gradient_loss | -0.0148       |
|    std                  | 1.01          |
|    value_loss           | 145           |
-------------------------------------------
-------------------------------------------
| rollout/                |               |
|    ep_len_mean          | 1.44e+03      |
|    ep_rew_mean          | 1.44e+03      |
| time/                   |               |
|    fps                  | 651           |
|    iterations           | 26            |
|    time_elapsed         | 40            |
|    total_timesteps      | 26624         |
| train/                  |               |
|    approx_kl            | 0.016118785   |
|    clip_fraction        | 0.181         |
|    clip_range           | 0.2           |
|    entropy_loss         | -17.1         |
|    explained_variance   | -3.695488e-06 |
|    learning_rate        | 0.0003        |
|    loss                 | 68.1          |
|    n_updates            | 250           |
|    policy_gradient_loss | -0.0133       |
|    std                  | 1.01          |
|    value_loss           | 146           |
-------------------------------------------
-------------------------------------------
| rollout/                |               |
|    ep_len_mean          | 1.44e+03      |
|    ep_rew_mean          | 1.44e+03      |
| time/                   |               |
|    fps                  | 653           |
|    iterations           | 27            |
|    time_elapsed         | 42            |
|    total_timesteps      | 27648         |
| train/                  |               |
|    approx_kl            | 0.018868804   |
|    clip_fraction        | 0.203         |
|    clip_range           | 0.2           |
|    entropy_loss         | -17.1         |
|    explained_variance   | -7.259846e-05 |
|    learning_rate        | 0.0003        |
|    loss                 | 64.7          |
|    n_updates            | 260           |
|    policy_gradient_loss | -0.0158       |
|    std                  | 1.01          |
|    value_loss           | 139           |
-------------------------------------------
------------------------------------------
| rollout/                |              |
|    ep_len_mean          | 1.44e+03     |
|    ep_rew_mean          | 1.44e+03     |
| time/                   |              |
|    fps                  | 654          |
|    iterations           | 28           |
|    time_elapsed         | 43           |
|    total_timesteps      | 28672        |
| train/                  |              |
|    approx_kl            | 0.01114139   |
|    clip_fraction        | 0.156        |
|    clip_range           | 0.2          |
|    entropy_loss         | -17.1        |
|    explained_variance   | 6.836653e-05 |
|    learning_rate        | 0.0003       |
|    loss                 | 63.4         |
|    n_updates            | 270          |
|    policy_gradient_loss | -0.013       |
|    std                  | 1.01         |
|    value_loss           | 136          |
------------------------------------------
------------------------------------------
| rollout/                |              |
|    ep_len_mean          | 1.44e+03     |
|    ep_rew_mean          | 1.44e+03     |
| time/                   |              |
|    fps                  | 655          |
|    iterations           | 29           |
|    time_elapsed         | 45           |
|    total_timesteps      | 29696        |
| train/                  |              |
|    approx_kl            | 0.01362878   |
|    clip_fraction        | 0.146        |
|    clip_range           | 0.2          |
|    entropy_loss         | -17.1        |
|    explained_variance   | 9.441376e-05 |
|    learning_rate        | 0.0003       |
|    loss                 | 64           |
|    n_updates            | 280          |
|    policy_gradient_loss | -0.0121      |
|    std                  | 1.01         |
|    value_loss           | 136          |
------------------------------------------
-------------------------------------------
| rollout/                |               |
|    ep_len_mean          | 1.44e+03      |
|    ep_rew_mean          | 1.44e+03      |
| time/                   |               |
|    fps                  | 655           |
|    iterations           | 30            |
|    time_elapsed         | 46            |
|    total_timesteps      | 30720         |
| train/                  |               |
|    approx_kl            | 0.016613204   |
|    clip_fraction        | 0.219         |
|    clip_range           | 0.2           |
|    entropy_loss         | -17.1         |
|    explained_variance   | 2.9206276e-05 |
|    learning_rate        | 0.0003        |
|    loss                 | 58.8          |
|    n_updates            | 290           |
|    policy_gradient_loss | -0.0168       |
|    std                  | 1.01          |
|    value_loss           | 130           |
-------------------------------------------
--------------------------------------------
| rollout/                |                |
|    ep_len_mean          | 1.44e+03       |
|    ep_rew_mean          | 1.44e+03       |
| time/                   |                |
|    fps                  | 656            |
|    iterations           | 31             |
|    time_elapsed         | 48             |
|    total_timesteps      | 31744          |
| train/                  |                |
|    approx_kl            | 0.011787692    |
|    clip_fraction        | 0.184          |
|    clip_range           | 0.2            |
|    entropy_loss         | -17.1          |
|    explained_variance   | -0.00010120869 |
|    learning_rate        | 0.0003         |
|    loss                 | 59.4           |
|    n_updates            | 300            |
|    policy_gradient_loss | -0.0162        |
|    std                  | 1.01           |
|    value_loss           | 127            |
--------------------------------------------
-------------------------------------------
| rollout/                |               |
|    ep_len_mean          | 1.44e+03      |
|    ep_rew_mean          | 1.44e+03      |
| time/                   |               |
|    fps                  | 656           |
|    iterations           | 32            |
|    time_elapsed         | 49            |
|    total_timesteps      | 32768         |
| train/                  |               |
|    approx_kl            | 0.009061161   |
|    clip_fraction        | 0.124         |
|    clip_range           | 0.2           |
|    entropy_loss         | -17.1         |
|    explained_variance   | 7.1525574e-05 |
|    learning_rate        | 0.0003        |
|    loss                 | 58.7          |
|    n_updates            | 310           |
|    policy_gradient_loss | -0.0126       |
|    std                  | 1.01          |
|    value_loss           | 124           |
-------------------------------------------
------------------------------------------
| rollout/                |              |
|    ep_len_mean          | 1.44e+03     |
|    ep_rew_mean          | 1.44e+03     |
| time/                   |              |
|    fps                  | 656          |
|    iterations           | 33           |
|    time_elapsed         | 51           |
|    total_timesteps      | 33792        |
| train/                  |              |
|    approx_kl            | 0.012608163  |
|    clip_fraction        | 0.141        |
|    clip_range           | 0.2          |
|    entropy_loss         | -17.1        |
|    explained_variance   | 0.0001475811 |
|    learning_rate        | 0.0003       |
|    loss                 | 57.8         |
|    n_updates            | 320          |
|    policy_gradient_loss | -0.0117      |
|    std                  | 1.01         |
|    value_loss           | 124          |
------------------------------------------
-------------------------------------------
| rollout/                |               |
|    ep_len_mean          | 1.44e+03      |
|    ep_rew_mean          | 1.44e+03      |
| time/                   |               |
|    fps                  | 656           |
|    iterations           | 34            |
|    time_elapsed         | 53            |
|    total_timesteps      | 34816         |
| train/                  |               |
|    approx_kl            | 0.016448624   |
|    clip_fraction        | 0.172         |
|    clip_range           | 0.2           |
|    entropy_loss         | -17.1         |
|    explained_variance   | 0.00054579973 |
|    learning_rate        | 0.0003        |
|    loss                 | 54            |
|    n_updates            | 330           |
|    policy_gradient_loss | -0.0141       |
|    std                  | 1.01          |
|    value_loss           | 118           |
-------------------------------------------
--------------------------------------------
| rollout/                |                |
|    ep_len_mean          | 1.44e+03       |
|    ep_rew_mean          | 1.44e+03       |
| time/                   |                |
|    fps                  | 656            |
|    iterations           | 35             |
|    time_elapsed         | 54             |
|    total_timesteps      | 35840          |
| train/                  |                |
|    approx_kl            | 0.010342963    |
|    clip_fraction        | 0.183          |
|    clip_range           | 0.2            |
|    entropy_loss         | -17.1          |
|    explained_variance   | -4.4703484e-05 |
|    learning_rate        | 0.0003         |
|    loss                 | 54.3           |
|    n_updates            | 340            |
|    policy_gradient_loss | -0.014         |
|    std                  | 1.01           |
|    value_loss           | 116            |
--------------------------------------------
-------------------------------------------
| rollout/                |               |
|    ep_len_mean          | 1.44e+03      |
|    ep_rew_mean          | 1.44e+03      |
| time/                   |               |
|    fps                  | 657           |
|    iterations           | 36            |
|    time_elapsed         | 56            |
|    total_timesteps      | 36864         |
| train/                  |               |
|    approx_kl            | 0.0101608485  |
|    clip_fraction        | 0.112         |
|    clip_range           | 0.2           |
|    entropy_loss         | -17.2         |
|    explained_variance   | 2.9861927e-05 |
|    learning_rate        | 0.0003        |
|    loss                 | 53.7          |
|    n_updates            | 350           |
|    policy_gradient_loss | -0.0119       |
|    std                  | 1.01          |
|    value_loss           | 116           |
-------------------------------------------
------------------------------------------
| rollout/                |              |
|    ep_len_mean          | 1.44e+03     |
|    ep_rew_mean          | 1.44e+03     |
| time/                   |              |
|    fps                  | 658          |
|    iterations           | 37           |
|    time_elapsed         | 57           |
|    total_timesteps      | 37888        |
| train/                  |              |
|    approx_kl            | 0.010135179  |
|    clip_fraction        | 0.134        |
|    clip_range           | 0.2          |
|    entropy_loss         | -17.2        |
|    explained_variance   | 6.407499e-05 |
|    learning_rate        | 0.0003       |
|    loss                 | 51           |
|    n_updates            | 360          |
|    policy_gradient_loss | -0.0134      |
|    std                  | 1.01         |
|    value_loss           | 111          |
------------------------------------------
--------------------------------------------
| rollout/                |                |
|    ep_len_mean          | 1.44e+03       |
|    ep_rew_mean          | 1.44e+03       |
| time/                   |                |
|    fps                  | 658            |
|    iterations           | 38             |
|    time_elapsed         | 59             |
|    total_timesteps      | 38912          |
| train/                  |                |
|    approx_kl            | 0.017463945    |
|    clip_fraction        | 0.191          |
|    clip_range           | 0.2            |
|    entropy_loss         | -17.2          |
|    explained_variance   | -0.00012731552 |
|    learning_rate        | 0.0003         |
|    loss                 | 50.5           |
|    n_updates            | 370            |
|    policy_gradient_loss | -0.0141        |
|    std                  | 1.01           |
|    value_loss           | 108            |
--------------------------------------------
---------------------------------------------
| rollout/                |                 |
|    ep_len_mean          | 1.44e+03        |
|    ep_rew_mean          | 1.44e+03        |
| time/                   |                 |
|    fps                  | 659             |
|    iterations           | 39              |
|    time_elapsed         | 60              |
|    total_timesteps      | 39936           |
| train/                  |                 |
|    approx_kl            | 0.011619644     |
|    clip_fraction        | 0.137           |
|    clip_range           | 0.2             |
|    entropy_loss         | -17.2           |
|    explained_variance   | -0.000100016594 |
|    learning_rate        | 0.0003          |
|    loss                 | 48.4            |
|    n_updates            | 380             |
|    policy_gradient_loss | -0.0163         |
|    std                  | 1.01            |
|    value_loss           | 106             |
---------------------------------------------
-------------------------------------------
| rollout/                |               |
|    ep_len_mean          | 1.44e+03      |
|    ep_rew_mean          | 1.44e+03      |
| time/                   |               |
|    fps                  | 660           |
|    iterations           | 40            |
|    time_elapsed         | 62            |
|    total_timesteps      | 40960         |
| train/                  |               |
|    approx_kl            | 0.00961449    |
|    clip_fraction        | 0.142         |
|    clip_range           | 0.2           |
|    entropy_loss         | -17.2         |
|    explained_variance   | -1.347065e-05 |
|    learning_rate        | 0.0003        |
|    loss                 | 48.9          |
|    n_updates            | 390           |
|    policy_gradient_loss | -0.0145       |
|    std                  | 1.01          |
|    value_loss           | 105           |
-------------------------------------------
------------------------------------------
| rollout/                |              |
|    ep_len_mean          | 1.44e+03     |
|    ep_rew_mean          | 1.44e+03     |
| time/                   |              |
|    fps                  | 660          |
|    iterations           | 41           |
|    time_elapsed         | 63           |
|    total_timesteps      | 41984        |
| train/                  |              |
|    approx_kl            | 0.011787833  |
|    clip_fraction        | 0.159        |
|    clip_range           | 0.2          |
|    entropy_loss         | -17.1        |
|    explained_variance   | 9.775162e-06 |
|    learning_rate        | 0.0003       |
|    loss                 | 46.1         |
|    n_updates            | 400          |
|    policy_gradient_loss | -0.0148      |
|    std                  | 1.01         |
|    value_loss           | 99.3         |
------------------------------------------
--------------------------------------------
| rollout/                |                |
|    ep_len_mean          | 1.44e+03       |
|    ep_rew_mean          | 1.44e+03       |
| time/                   |                |
|    fps                  | 661            |
|    iterations           | 42             |
|    time_elapsed         | 65             |
|    total_timesteps      | 43008          |
| train/                  |                |
|    approx_kl            | 0.009089345    |
|    clip_fraction        | 0.0948         |
|    clip_range           | 0.2            |
|    entropy_loss         | -17.1          |
|    explained_variance   | -5.4001808e-05 |
|    learning_rate        | 0.0003         |
|    loss                 | 45.2           |
|    n_updates            | 410            |
|    policy_gradient_loss | -0.011         |
|    std                  | 1.01           |
|    value_loss           | 97.5           |
--------------------------------------------
-------------------------------------------
| rollout/                |               |
|    ep_len_mean          | 1.44e+03      |
|    ep_rew_mean          | 1.44e+03      |
| time/                   |               |
|    fps                  | 661           |
|    iterations           | 43            |
|    time_elapsed         | 66            |
|    total_timesteps      | 44032         |
| train/                  |               |
|    approx_kl            | 0.013443614   |
|    clip_fraction        | 0.17          |
|    clip_range           | 0.2           |
|    entropy_loss         | -17.2         |
|    explained_variance   | 3.4213066e-05 |
|    learning_rate        | 0.0003        |
|    loss                 | 45.3          |
|    n_updates            | 420           |
|    policy_gradient_loss | -0.0162       |
|    std                  | 1.01          |
|    value_loss           | 97.3          |
-------------------------------------------
--------------------------------------------
| rollout/                |                |
|    ep_len_mean          | 1.44e+03       |
|    ep_rew_mean          | 1.44e+03       |
| time/                   |                |
|    fps                  | 662            |
|    iterations           | 44             |
|    time_elapsed         | 68             |
|    total_timesteps      | 45056          |
| train/                  |                |
|    approx_kl            | 0.008677706    |
|    clip_fraction        | 0.114          |
|    clip_range           | 0.2            |
|    entropy_loss         | -17.2          |
|    explained_variance   | -1.4424324e-05 |
|    learning_rate        | 0.0003         |
|    loss                 | 42.6           |
|    n_updates            | 430            |
|    policy_gradient_loss | -0.0104        |
|    std                  | 1.01           |
|    value_loss           | 92.4           |
--------------------------------------------
-------------------------------------------
| rollout/                |               |
|    ep_len_mean          | 1.44e+03      |
|    ep_rew_mean          | 1.44e+03      |
| time/                   |               |
|    fps                  | 662           |
|    iterations           | 45            |
|    time_elapsed         | 69            |
|    total_timesteps      | 46080         |
| train/                  |               |
|    approx_kl            | 0.012505603   |
|    clip_fraction        | 0.172         |
|    clip_range           | 0.2           |
|    entropy_loss         | -17.2         |
|    explained_variance   | -2.682209e-05 |
|    learning_rate        | 0.0003        |
|    loss                 | 41.9          |
|    n_updates            | 440           |
|    policy_gradient_loss | -0.0169       |
|    std                  | 1.01          |
|    value_loss           | 90.3          |
-------------------------------------------
--------------------------------------------
| rollout/                |                |
|    ep_len_mean          | 1.44e+03       |
|    ep_rew_mean          | 1.44e+03       |
| time/                   |                |
|    fps                  | 662            |
|    iterations           | 46             |
|    time_elapsed         | 71             |
|    total_timesteps      | 47104          |
| train/                  |                |
|    approx_kl            | 0.013568807    |
|    clip_fraction        | 0.162          |
|    clip_range           | 0.2            |
|    entropy_loss         | -17.2          |
|    explained_variance   | -2.9802322e-05 |
|    learning_rate        | 0.0003         |
|    loss                 | 41.2           |
|    n_updates            | 450            |
|    policy_gradient_loss | -0.014         |
|    std                  | 1.02           |
|    value_loss           | 89.8           |
--------------------------------------------
-----------------------------------------
| rollout/                |             |
|    ep_len_mean          | 1.44e+03    |
|    ep_rew_mean          | 1.44e+03    |
| time/                   |             |
|    fps                  | 662         |
|    iterations           | 47          |
|    time_elapsed         | 72          |
|    total_timesteps      | 48128       |
| train/                  |             |
|    approx_kl            | 0.012492331 |
|    clip_fraction        | 0.125       |
|    clip_range           | 0.2         |
|    entropy_loss         | -17.2       |
|    explained_variance   | 5.51939e-05 |
|    learning_rate        | 0.0003      |
|    loss                 | 39.9        |
|    n_updates            | 460         |
|    policy_gradient_loss | -0.0106     |
|    std                  | 1.02        |
|    value_loss           | 87.4        |
-----------------------------------------
--------------------------------------------
| rollout/                |                |
|    ep_len_mean          | 1.44e+03       |
|    ep_rew_mean          | 1.44e+03       |
| time/                   |                |
|    fps                  | 661            |
|    iterations           | 48             |
|    time_elapsed         | 74             |
|    total_timesteps      | 49152          |
| train/                  |                |
|    approx_kl            | 0.01107683     |
|    clip_fraction        | 0.13           |
|    clip_range           | 0.2            |
|    entropy_loss         | -17.2          |
|    explained_variance   | -3.0994415e-05 |
|    learning_rate        | 0.0003         |
|    loss                 | 37.9           |
|    n_updates            | 470            |
|    policy_gradient_loss | -0.0151        |
|    std                  | 1.02           |
|    value_loss           | 82.8           |
--------------------------------------------
-------------------------------------------
| rollout/                |               |
|    ep_len_mean          | 1.44e+03      |
|    ep_rew_mean          | 1.44e+03      |
| time/                   |               |
|    fps                  | 661           |
|    iterations           | 49            |
|    time_elapsed         | 75            |
|    total_timesteps      | 50176         |
| train/                  |               |
|    approx_kl            | 0.006470248   |
|    clip_fraction        | 0.0867        |
|    clip_range           | 0.2           |
|    entropy_loss         | -17.2         |
|    explained_variance   | 2.7418137e-06 |
|    learning_rate        | 0.0003        |
|    loss                 | 37            |
|    n_updates            | 480           |
|    policy_gradient_loss | -0.0127       |
|    std                  | 1.01          |
|    value_loss           | 80.7          |
-------------------------------------------
------------------------------------------
| rollout/                |              |
|    ep_len_mean          | 1.44e+03     |
|    ep_rew_mean          | 1.44e+03     |
| time/                   |              |
|    fps                  | 661          |
|    iterations           | 50           |
|    time_elapsed         | 77           |
|    total_timesteps      | 51200        |
| train/                  |              |
|    approx_kl            | 0.017984001  |
|    clip_fraction        | 0.193        |
|    clip_range           | 0.2          |
|    entropy_loss         | -17.2        |
|    explained_variance   | 6.520748e-05 |
|    learning_rate        | 0.0003       |
|    loss                 | 37           |
|    n_updates            | 490          |
|    policy_gradient_loss | -0.0121      |
|    std                  | 1.01         |
|    value_loss           | 80.5         |
------------------------------------------
------------------------------------------
| rollout/                |              |
|    ep_len_mean          | 1.44e+03     |
|    ep_rew_mean          | 1.44e+03     |
| time/                   |              |
|    fps                  | 661          |
|    iterations           | 51           |
|    time_elapsed         | 78           |
|    total_timesteps      | 52224        |
| train/                  |              |
|    approx_kl            | 0.016268019  |
|    clip_fraction        | 0.172        |
|    clip_range           | 0.2          |
|    entropy_loss         | -17.2        |
|    explained_variance   | 1.591444e-05 |
|    learning_rate        | 0.0003       |
|    loss                 | 35.1         |
|    n_updates            | 500          |
|    policy_gradient_loss | -0.0143      |
|    std                  | 1.02         |
|    value_loss           | 76.5         |
------------------------------------------
-------------------------------------------
| rollout/                |               |
|    ep_len_mean          | 1.44e+03      |
|    ep_rew_mean          | 1.44e+03      |
| time/                   |               |
|    fps                  | 660           |
|    iterations           | 52            |
|    time_elapsed         | 80            |
|    total_timesteps      | 53248         |
| train/                  |               |
|    approx_kl            | 0.012213544   |
|    clip_fraction        | 0.158         |
|    clip_range           | 0.2           |
|    entropy_loss         | -17.2         |
|    explained_variance   | 1.7225742e-05 |
|    learning_rate        | 0.0003        |
|    loss                 | 33.9          |
|    n_updates            | 510           |
|    policy_gradient_loss | -0.0132       |
|    std                  | 1.02          |
|    value_loss           | 73.9          |
-------------------------------------------
-------------------------------------------
| rollout/                |               |
|    ep_len_mean          | 1.44e+03      |
|    ep_rew_mean          | 1.44e+03      |
| time/                   |               |
|    fps                  | 660           |
|    iterations           | 53            |
|    time_elapsed         | 82            |
|    total_timesteps      | 54272         |
| train/                  |               |
|    approx_kl            | 0.013121971   |
|    clip_fraction        | 0.182         |
|    clip_range           | 0.2           |
|    entropy_loss         | -17.2         |
|    explained_variance   | -1.847744e-05 |
|    learning_rate        | 0.0003        |
|    loss                 | 33.3          |
|    n_updates            | 520           |
|    policy_gradient_loss | -0.0141       |
|    std                  | 1.02          |
|    value_loss           | 73.2          |
-------------------------------------------
-------------------------------------------
| rollout/                |               |
|    ep_len_mean          | 1.44e+03      |
|    ep_rew_mean          | 1.44e+03      |
| time/                   |               |
|    fps                  | 660           |
|    iterations           | 54            |
|    time_elapsed         | 83            |
|    total_timesteps      | 55296         |
| train/                  |               |
|    approx_kl            | 0.010972888   |
|    clip_fraction        | 0.174         |
|    clip_range           | 0.2           |
|    entropy_loss         | -17.2         |
|    explained_variance   | -7.212162e-05 |
|    learning_rate        | 0.0003        |
|    loss                 | 31.4          |
|    n_updates            | 530           |
|    policy_gradient_loss | -0.0173       |
|    std                  | 1.02          |
|    value_loss           | 69.8          |
-------------------------------------------
-------------------------------------------
| rollout/                |               |
|    ep_len_mean          | 1.44e+03      |
|    ep_rew_mean          | 1.44e+03      |
| time/                   |               |
|    fps                  | 660           |
|    iterations           | 55            |
|    time_elapsed         | 85            |
|    total_timesteps      | 56320         |
| train/                  |               |
|    approx_kl            | 0.015344135   |
|    clip_fraction        | 0.208         |
|    clip_range           | 0.2           |
|    entropy_loss         | -17.3         |
|    explained_variance   | 2.2053719e-05 |
|    learning_rate        | 0.0003        |
|    loss                 | 30.5          |
|    n_updates            | 540           |
|    policy_gradient_loss | -0.0173       |
|    std                  | 1.02          |
|    value_loss           | 67.8          |
-------------------------------------------
-------------------------------------------
| rollout/                |               |
|    ep_len_mean          | 1.44e+03      |
|    ep_rew_mean          | 1.44e+03      |
| time/                   |               |
|    fps                  | 661           |
|    iterations           | 56            |
|    time_elapsed         | 86            |
|    total_timesteps      | 57344         |
| train/                  |               |
|    approx_kl            | 0.011285719   |
|    clip_fraction        | 0.145         |
|    clip_range           | 0.2           |
|    entropy_loss         | -17.3         |
|    explained_variance   | -7.855892e-05 |
|    learning_rate        | 0.0003        |
|    loss                 | 29.7          |
|    n_updates            | 550           |
|    policy_gradient_loss | -0.0152       |
|    std                  | 1.02          |
|    value_loss           | 65.2          |
-------------------------------------------
-------------------------------------------
| rollout/                |               |
|    ep_len_mean          | 1.44e+03      |
|    ep_rew_mean          | 1.44e+03      |
| time/                   |               |
|    fps                  | 661           |
|    iterations           | 57            |
|    time_elapsed         | 88            |
|    total_timesteps      | 58368         |
| train/                  |               |
|    approx_kl            | 0.017398644   |
|    clip_fraction        | 0.192         |
|    clip_range           | 0.2           |
|    entropy_loss         | -17.3         |
|    explained_variance   | 5.6624413e-06 |
|    learning_rate        | 0.0003        |
|    loss                 | 29.5          |
|    n_updates            | 560           |
|    policy_gradient_loss | -0.0146       |
|    std                  | 1.02          |
|    value_loss           | 65.5          |
-------------------------------------------
-------------------------------------------
| rollout/                |               |
|    ep_len_mean          | 1.44e+03      |
|    ep_rew_mean          | 1.45e+03      |
| time/                   |               |
|    fps                  | 662           |
|    iterations           | 58            |
|    time_elapsed         | 89            |
|    total_timesteps      | 59392         |
| train/                  |               |
|    approx_kl            | 0.021522969   |
|    clip_fraction        | 0.196         |
|    clip_range           | 0.2           |
|    entropy_loss         | -17.3         |
|    explained_variance   | 2.9742718e-05 |
|    learning_rate        | 0.0003        |
|    loss                 | 27.6          |
|    n_updates            | 570           |
|    policy_gradient_loss | -0.0196       |
|    std                  | 1.02          |
|    value_loss           | 61.5          |
-------------------------------------------
--------------------------------------------
| rollout/                |                |
|    ep_len_mean          | 1.44e+03       |
|    ep_rew_mean          | 1.45e+03       |
| time/                   |                |
|    fps                  | 662            |
|    iterations           | 59             |
|    time_elapsed         | 91             |
|    total_timesteps      | 60416          |
| train/                  |                |
|    approx_kl            | 0.015310904    |
|    clip_fraction        | 0.202          |
|    clip_range           | 0.2            |
|    entropy_loss         | -17.3          |
|    explained_variance   | -2.3841858e-06 |
|    learning_rate        | 0.0003         |
|    loss                 | 27.1           |
|    n_updates            | 580            |
|    policy_gradient_loss | -0.019         |
|    std                  | 1.02           |
|    value_loss           | 59.6           |
--------------------------------------------
-------------------------------------------
| rollout/                |               |
|    ep_len_mean          | 1.44e+03      |
|    ep_rew_mean          | 1.45e+03      |
| time/                   |               |
|    fps                  | 662           |
|    iterations           | 60            |
|    time_elapsed         | 92            |
|    total_timesteps      | 61440         |
| train/                  |               |
|    approx_kl            | 0.013082078   |
|    clip_fraction        | 0.157         |
|    clip_range           | 0.2           |
|    entropy_loss         | -17.3         |
|    explained_variance   | -3.862381e-05 |
|    learning_rate        | 0.0003        |
|    loss                 | 26.2          |
|    n_updates            | 590           |
|    policy_gradient_loss | -0.0169       |
|    std                  | 1.02          |
|    value_loss           | 58.8          |
-------------------------------------------
-------------------------------------------
| rollout/                |               |
|    ep_len_mean          | 1.44e+03      |
|    ep_rew_mean          | 1.45e+03      |
| time/                   |               |
|    fps                  | 663           |
|    iterations           | 61            |
|    time_elapsed         | 94            |
|    total_timesteps      | 62464         |
| train/                  |               |
|    approx_kl            | 0.012460701   |
|    clip_fraction        | 0.151         |
|    clip_range           | 0.2           |
|    entropy_loss         | -17.3         |
|    explained_variance   | 2.8192997e-05 |
|    learning_rate        | 0.0003        |
|    loss                 | 24.6          |
|    n_updates            | 600           |
|    policy_gradient_loss | -0.0167       |
|    std                  | 1.02          |
|    value_loss           | 55.5          |
-------------------------------------------
-------------------------------------------
| rollout/                |               |
|    ep_len_mean          | 1.44e+03      |
|    ep_rew_mean          | 1.45e+03      |
| time/                   |               |
|    fps                  | 663           |
|    iterations           | 62            |
|    time_elapsed         | 95            |
|    total_timesteps      | 63488         |
| train/                  |               |
|    approx_kl            | 0.012158351   |
|    clip_fraction        | 0.156         |
|    clip_range           | 0.2           |
|    entropy_loss         | -17.2         |
|    explained_variance   | 0.00020581484 |
|    learning_rate        | 0.0003        |
|    loss                 | 23.9          |
|    n_updates            | 610           |
|    policy_gradient_loss | -0.0168       |
|    std                  | 1.02          |
|    value_loss           | 53.4          |
-------------------------------------------
-----------------------------------------
| rollout/                |             |
|    ep_len_mean          | 1.44e+03    |
|    ep_rew_mean          | 1.45e+03    |
| time/                   |             |
|    fps                  | 663         |
|    iterations           | 63          |
|    time_elapsed         | 97          |
|    total_timesteps      | 64512       |
| train/                  |             |
|    approx_kl            | 0.016949173 |
|    clip_fraction        | 0.149       |
|    clip_range           | 0.2         |
|    entropy_loss         | -17.2       |
|    explained_variance   | 0.000154078 |
|    learning_rate        | 0.0003      |
|    loss                 | 23.2        |
|    n_updates            | 620         |
|    policy_gradient_loss | -0.0156     |
|    std                  | 1.02        |
|    value_loss           | 52          |
-----------------------------------------
------------------------------------------
| rollout/                |              |
|    ep_len_mean          | 1.44e+03     |
|    ep_rew_mean          | 1.45e+03     |
| time/                   |              |
|    fps                  | 663          |
|    iterations           | 64           |
|    time_elapsed         | 98           |
|    total_timesteps      | 65536        |
| train/                  |              |
|    approx_kl            | 0.019054066  |
|    clip_fraction        | 0.211        |
|    clip_range           | 0.2          |
|    entropy_loss         | -17.2        |
|    explained_variance   | -9.62019e-05 |
|    learning_rate        | 0.0003       |
|    loss                 | 23.2         |
|    n_updates            | 630          |
|    policy_gradient_loss | -0.0153      |
|    std                  | 1.02         |
|    value_loss           | 51.4         |
------------------------------------------
--------------------------------------------
| rollout/                |                |
|    ep_len_mean          | 1.44e+03       |
|    ep_rew_mean          | 1.45e+03       |
| time/                   |                |
|    fps                  | 663            |
|    iterations           | 65             |
|    time_elapsed         | 100            |
|    total_timesteps      | 66560          |
| train/                  |                |
|    approx_kl            | 0.013544649    |
|    clip_fraction        | 0.212          |
|    clip_range           | 0.2            |
|    entropy_loss         | -17.2          |
|    explained_variance   | -4.7922134e-05 |
|    learning_rate        | 0.0003         |
|    loss                 | 21.4           |
|    n_updates            | 640            |
|    policy_gradient_loss | -0.0186        |
|    std                  | 1.02           |
|    value_loss           | 48.1           |
--------------------------------------------
-------------------------------------------
| rollout/                |               |
|    ep_len_mean          | 1.44e+03      |
|    ep_rew_mean          | 1.45e+03      |
| time/                   |               |
|    fps                  | 663           |
|    iterations           | 66            |
|    time_elapsed         | 101           |
|    total_timesteps      | 67584         |
| train/                  |               |
|    approx_kl            | 0.012321734   |
|    clip_fraction        | 0.139         |
|    clip_range           | 0.2           |
|    entropy_loss         | -17.2         |
|    explained_variance   | -4.518032e-05 |
|    learning_rate        | 0.0003        |
|    loss                 | 20.7          |
|    n_updates            | 650           |
|    policy_gradient_loss | -0.0148       |
|    std                  | 1.02          |
|    value_loss           | 46.5          |
-------------------------------------------
------------------------------------------
| rollout/                |              |
|    ep_len_mean          | 1.44e+03     |
|    ep_rew_mean          | 1.45e+03     |
| time/                   |              |
|    fps                  | 662          |
|    iterations           | 67           |
|    time_elapsed         | 103          |
|    total_timesteps      | 68608        |
| train/                  |              |
|    approx_kl            | 0.013617901  |
|    clip_fraction        | 0.168        |
|    clip_range           | 0.2          |
|    entropy_loss         | -17.3        |
|    explained_variance   | 4.529953e-05 |
|    learning_rate        | 0.0003       |
|    loss                 | 20.4         |
|    n_updates            | 660          |
|    policy_gradient_loss | -0.0153      |
|    std                  | 1.02         |
|    value_loss           | 45.9         |
------------------------------------------
--------------------------------------------
| rollout/                |                |
|    ep_len_mean          | 1.44e+03       |
|    ep_rew_mean          | 1.45e+03       |
| time/                   |                |
|    fps                  | 662            |
|    iterations           | 68             |
|    time_elapsed         | 105            |
|    total_timesteps      | 69632          |
| train/                  |                |
|    approx_kl            | 0.01773729     |
|    clip_fraction        | 0.202          |
|    clip_range           | 0.2            |
|    entropy_loss         | -17.3          |
|    explained_variance   | -5.4836273e-06 |
|    learning_rate        | 0.0003         |
|    loss                 | 19.3           |
|    n_updates            | 670            |
|    policy_gradient_loss | -0.0156        |
|    std                  | 1.02           |
|    value_loss           | 43             |
--------------------------------------------
-------------------------------------------
| rollout/                |               |
|    ep_len_mean          | 1.44e+03      |
|    ep_rew_mean          | 1.45e+03      |
| time/                   |               |
|    fps                  | 662           |
|    iterations           | 69            |
|    time_elapsed         | 106           |
|    total_timesteps      | 70656         |
| train/                  |               |
|    approx_kl            | 0.013243107   |
|    clip_fraction        | 0.216         |
|    clip_range           | 0.2           |
|    entropy_loss         | -17.3         |
|    explained_variance   | -1.859665e-05 |
|    learning_rate        | 0.0003        |
|    loss                 | 18            |
|    n_updates            | 680           |
|    policy_gradient_loss | -0.0179       |
|    std                  | 1.02          |
|    value_loss           | 41.2          |
-------------------------------------------
-------------------------------------------
| rollout/                |               |
|    ep_len_mean          | 1.44e+03      |
|    ep_rew_mean          | 1.45e+03      |
| time/                   |               |
|    fps                  | 662           |
|    iterations           | 70            |
|    time_elapsed         | 108           |
|    total_timesteps      | 71680         |
| train/                  |               |
|    approx_kl            | 0.013756806   |
|    clip_fraction        | 0.195         |
|    clip_range           | 0.2           |
|    entropy_loss         | -17.2         |
|    explained_variance   | 1.4424324e-05 |
|    learning_rate        | 0.0003        |
|    loss                 | 17.4          |
|    n_updates            | 690           |
|    policy_gradient_loss | -0.0166       |
|    std                  | 1.02          |
|    value_loss           | 39.5          |
-------------------------------------------
-------------------------------------------
| rollout/                |               |
|    ep_len_mean          | 1.44e+03      |
|    ep_rew_mean          | 1.45e+03      |
| time/                   |               |
|    fps                  | 662           |
|    iterations           | 71            |
|    time_elapsed         | 109           |
|    total_timesteps      | 72704         |
| train/                  |               |
|    approx_kl            | 0.010792504   |
|    clip_fraction        | 0.136         |
|    clip_range           | 0.2           |
|    entropy_loss         | -17.2         |
|    explained_variance   | 2.4020672e-05 |
|    learning_rate        | 0.0003        |
|    loss                 | 17            |
|    n_updates            | 700           |
|    policy_gradient_loss | -0.0175       |
|    std                  | 1.02          |
|    value_loss           | 38.8          |
-------------------------------------------
-------------------------------------------
| rollout/                |               |
|    ep_len_mean          | 1.44e+03      |
|    ep_rew_mean          | 1.45e+03      |
| time/                   |               |
|    fps                  | 661           |
|    iterations           | 72            |
|    time_elapsed         | 111           |
|    total_timesteps      | 73728         |
| train/                  |               |
|    approx_kl            | 0.012995599   |
|    clip_fraction        | 0.181         |
|    clip_range           | 0.2           |
|    entropy_loss         | -17.2         |
|    explained_variance   | 0.00011098385 |
|    learning_rate        | 0.0003        |
|    loss                 | 15.6          |
|    n_updates            | 710           |
|    policy_gradient_loss | -0.0182       |
|    std                  | 1.02          |
|    value_loss           | 36.2          |
-------------------------------------------
--------------------------------------------
| rollout/                |                |
|    ep_len_mean          | 1.44e+03       |
|    ep_rew_mean          | 1.45e+03       |
| time/                   |                |
|    fps                  | 661            |
|    iterations           | 73             |
|    time_elapsed         | 113            |
|    total_timesteps      | 74752          |
| train/                  |                |
|    approx_kl            | 0.010303271    |
|    clip_fraction        | 0.124          |
|    clip_range           | 0.2            |
|    entropy_loss         | -17.2          |
|    explained_variance   | -0.00015032291 |
|    learning_rate        | 0.0003         |
|    loss                 | 15.6           |
|    n_updates            | 720            |
|    policy_gradient_loss | -0.015         |
|    std                  | 1.02           |
|    value_loss           | 35.1           |
--------------------------------------------
-------------------------------------------
| rollout/                |               |
|    ep_len_mean          | 1.44e+03      |
|    ep_rew_mean          | 1.45e+03      |
| time/                   |               |
|    fps                  | 661           |
|    iterations           | 74            |
|    time_elapsed         | 114           |
|    total_timesteps      | 75776         |
| train/                  |               |
|    approx_kl            | 0.014115621   |
|    clip_fraction        | 0.183         |
|    clip_range           | 0.2           |
|    entropy_loss         | -17.2         |
|    explained_variance   | 2.4914742e-05 |
|    learning_rate        | 0.0003        |
|    loss                 | 14.7          |
|    n_updates            | 730           |
|    policy_gradient_loss | -0.018        |
|    std                  | 1.02          |
|    value_loss           | 34.1          |
-------------------------------------------
------------------------------------------
| rollout/                |              |
|    ep_len_mean          | 1.44e+03     |
|    ep_rew_mean          | 1.45e+03     |
| time/                   |              |
|    fps                  | 661          |
|    iterations           | 75           |
|    time_elapsed         | 116          |
|    total_timesteps      | 76800        |
| train/                  |              |
|    approx_kl            | 0.01254223   |
|    clip_fraction        | 0.111        |
|    clip_range           | 0.2          |
|    entropy_loss         | -17.2        |
|    explained_variance   | 2.527237e-05 |
|    learning_rate        | 0.0003       |
|    loss                 | 14           |
|    n_updates            | 740          |
|    policy_gradient_loss | -0.0165      |
|    std                  | 1.02         |
|    value_loss           | 32.2         |
------------------------------------------
-------------------------------------------
| rollout/                |               |
|    ep_len_mean          | 1.44e+03      |
|    ep_rew_mean          | 1.45e+03      |
| time/                   |               |
|    fps                  | 661           |
|    iterations           | 76            |
|    time_elapsed         | 117           |
|    total_timesteps      | 77824         |
| train/                  |               |
|    approx_kl            | 0.013317997   |
|    clip_fraction        | 0.175         |
|    clip_range           | 0.2           |
|    entropy_loss         | -17.2         |
|    explained_variance   | 3.2305717e-05 |
|    learning_rate        | 0.0003        |
|    loss                 | 13.2          |
|    n_updates            | 750           |
|    policy_gradient_loss | -0.0163       |
|    std                  | 1.02          |
|    value_loss           | 30.6          |
-------------------------------------------
-------------------------------------------
| rollout/                |               |
|    ep_len_mean          | 1.44e+03      |
|    ep_rew_mean          | 1.45e+03      |
| time/                   |               |
|    fps                  | 661           |
|    iterations           | 77            |
|    time_elapsed         | 119           |
|    total_timesteps      | 78848         |
| train/                  |               |
|    approx_kl            | 0.014433132   |
|    clip_fraction        | 0.151         |
|    clip_range           | 0.2           |
|    entropy_loss         | -17.2         |
|    explained_variance   | 1.5974045e-05 |
|    learning_rate        | 0.0003        |
|    loss                 | 12.8          |
|    n_updates            | 760           |
|    policy_gradient_loss | -0.0156       |
|    std                  | 1.02          |
|    value_loss           | 29.4          |
-------------------------------------------
--------------------------------------------
| rollout/                |                |
|    ep_len_mean          | 1.44e+03       |
|    ep_rew_mean          | 1.45e+03       |
| time/                   |                |
|    fps                  | 661            |
|    iterations           | 78             |
|    time_elapsed         | 120            |
|    total_timesteps      | 79872          |
| train/                  |                |
|    approx_kl            | 0.014504425    |
|    clip_fraction        | 0.191          |
|    clip_range           | 0.2            |
|    entropy_loss         | -17.3          |
|    explained_variance   | -1.8835068e-05 |
|    learning_rate        | 0.0003         |
|    loss                 | 12.3           |
|    n_updates            | 770            |
|    policy_gradient_loss | -0.0173        |
|    std                  | 1.02           |
|    value_loss           | 28.7           |
--------------------------------------------
-------------------------------------------
| rollout/                |               |
|    ep_len_mean          | 1.44e+03      |
|    ep_rew_mean          | 1.45e+03      |
| time/                   |               |
|    fps                  | 660           |
|    iterations           | 79            |
|    time_elapsed         | 122           |
|    total_timesteps      | 80896         |
| train/                  |               |
|    approx_kl            | 0.013923967   |
|    clip_fraction        | 0.121         |
|    clip_range           | 0.2           |
|    entropy_loss         | -17.3         |
|    explained_variance   | 3.5881996e-05 |
|    learning_rate        | 0.0003        |
|    loss                 | 11.1          |
|    n_updates            | 780           |
|    policy_gradient_loss | -0.0184       |
|    std                  | 1.02          |
|    value_loss           | 26.7          |
-------------------------------------------
--------------------------------------------
| rollout/                |                |
|    ep_len_mean          | 1.44e+03       |
|    ep_rew_mean          | 1.45e+03       |
| time/                   |                |
|    fps                  | 660            |
|    iterations           | 80             |
|    time_elapsed         | 123            |
|    total_timesteps      | 81920          |
| train/                  |                |
|    approx_kl            | 0.020175895    |
|    clip_fraction        | 0.236          |
|    clip_range           | 0.2            |
|    entropy_loss         | -17.3          |
|    explained_variance   | -1.4305115e-05 |
|    learning_rate        | 0.0003         |
|    loss                 | 11             |
|    n_updates            | 790            |
|    policy_gradient_loss | -0.0178        |
|    std                  | 1.02           |
|    value_loss           | 25.6           |
--------------------------------------------
-----------------------------------------
| rollout/                |             |
|    ep_len_mean          | 1.44e+03    |
|    ep_rew_mean          | 1.45e+03    |
| time/                   |             |
|    fps                  | 660         |
|    iterations           | 81          |
|    time_elapsed         | 125         |
|    total_timesteps      | 82944       |
| train/                  |             |
|    approx_kl            | 0.013681677 |
|    clip_fraction        | 0.203       |
|    clip_range           | 0.2         |
|    entropy_loss         | -17.3       |
|    explained_variance   | 6.80089e-05 |
|    learning_rate        | 0.0003      |
|    loss                 | 10.7        |
|    n_updates            | 800         |
|    policy_gradient_loss | -0.0181     |
|    std                  | 1.02        |
|    value_loss           | 25          |
-----------------------------------------
-------------------------------------------
| rollout/                |               |
|    ep_len_mean          | 1.44e+03      |
|    ep_rew_mean          | 1.45e+03      |
| time/                   |               |
|    fps                  | 660           |
|    iterations           | 82            |
|    time_elapsed         | 127           |
|    total_timesteps      | 83968         |
| train/                  |               |
|    approx_kl            | 0.01681148    |
|    clip_fraction        | 0.197         |
|    clip_range           | 0.2           |
|    entropy_loss         | -17.3         |
|    explained_variance   | 3.1232834e-05 |
|    learning_rate        | 0.0003        |
|    loss                 | 9.69          |
|    n_updates            | 810           |
|    policy_gradient_loss | -0.0228       |
|    std                  | 1.03          |
|    value_loss           | 22.8          |
-------------------------------------------
-------------------------------------------
| rollout/                |               |
|    ep_len_mean          | 1.44e+03      |
|    ep_rew_mean          | 1.45e+03      |
| time/                   |               |
|    fps                  | 659           |
|    iterations           | 83            |
|    time_elapsed         | 128           |
|    total_timesteps      | 84992         |
| train/                  |               |
|    approx_kl            | 0.013558918   |
|    clip_fraction        | 0.144         |
|    clip_range           | 0.2           |
|    entropy_loss         | -17.3         |
|    explained_variance   | 3.6358833e-06 |
|    learning_rate        | 0.0003        |
|    loss                 | 9.17          |
|    n_updates            | 820           |
|    policy_gradient_loss | -0.0161       |
|    std                  | 1.03          |
|    value_loss           | 21.7          |
-------------------------------------------
------------------------------------------
| rollout/                |              |
|    ep_len_mean          | 1.44e+03     |
|    ep_rew_mean          | 1.45e+03     |
| time/                   |              |
|    fps                  | 659          |
|    iterations           | 84           |
|    time_elapsed         | 130          |
|    total_timesteps      | 86016        |
| train/                  |              |
|    approx_kl            | 0.014386454  |
|    clip_fraction        | 0.164        |
|    clip_range           | 0.2          |
|    entropy_loss         | -17.4        |
|    explained_variance   | 9.417534e-05 |
|    learning_rate        | 0.0003       |
|    loss                 | 8.73         |
|    n_updates            | 830          |
|    policy_gradient_loss | -0.0161      |
|    std                  | 1.03         |
|    value_loss           | 20.8         |
------------------------------------------
-------------------------------------------
| rollout/                |               |
|    ep_len_mean          | 1.44e+03      |
|    ep_rew_mean          | 1.45e+03      |
| time/                   |               |
|    fps                  | 659           |
|    iterations           | 85            |
|    time_elapsed         | 132           |
|    total_timesteps      | 87040         |
| train/                  |               |
|    approx_kl            | 0.018126458   |
|    clip_fraction        | 0.181         |
|    clip_range           | 0.2           |
|    entropy_loss         | -17.3         |
|    explained_variance   | 3.9994717e-05 |
|    learning_rate        | 0.0003        |
|    loss                 | 8.23          |
|    n_updates            | 840           |
|    policy_gradient_loss | -0.0165       |
|    std                  | 1.03          |
|    value_loss           | 20            |
-------------------------------------------
------------------------------------------
| rollout/                |              |
|    ep_len_mean          | 1.44e+03     |
|    ep_rew_mean          | 1.45e+03     |
| time/                   |              |
|    fps                  | 659          |
|    iterations           | 86           |
|    time_elapsed         | 133          |
|    total_timesteps      | 88064        |
| train/                  |              |
|    approx_kl            | 0.015285622  |
|    clip_fraction        | 0.2          |
|    clip_range           | 0.2          |
|    entropy_loss         | -17.3        |
|    explained_variance   | 8.267164e-05 |
|    learning_rate        | 0.0003       |
|    loss                 | 7.57         |
|    n_updates            | 850          |
|    policy_gradient_loss | -0.0216      |
|    std                  | 1.03         |
|    value_loss           | 18.2         |
------------------------------------------
-----------------------------------------
| rollout/                |             |
|    ep_len_mean          | 1.44e+03    |
|    ep_rew_mean          | 1.45e+03    |
| time/                   |             |
|    fps                  | 659         |
|    iterations           | 87          |
|    time_elapsed         | 135         |
|    total_timesteps      | 89088       |
| train/                  |             |
|    approx_kl            | 0.01405056  |
|    clip_fraction        | 0.174       |
|    clip_range           | 0.2         |
|    entropy_loss         | -17.3       |
|    explained_variance   | 8.46386e-06 |
|    learning_rate        | 0.0003      |
|    loss                 | 7.12        |
|    n_updates            | 860         |
|    policy_gradient_loss | -0.0162     |
|    std                  | 1.03        |
|    value_loss           | 17.2        |
-----------------------------------------
--------------------------------------------
| rollout/                |                |
|    ep_len_mean          | 1.44e+03       |
|    ep_rew_mean          | 1.45e+03       |
| time/                   |                |
|    fps                  | 659            |
|    iterations           | 88             |
|    time_elapsed         | 136            |
|    total_timesteps      | 90112          |
| train/                  |                |
|    approx_kl            | 0.01438658     |
|    clip_fraction        | 0.168          |
|    clip_range           | 0.2            |
|    entropy_loss         | -17.3          |
|    explained_variance   | -1.7523766e-05 |
|    learning_rate        | 0.0003         |
|    loss                 | 6.6            |
|    n_updates            | 870            |
|    policy_gradient_loss | -0.0181        |
|    std                  | 1.03           |
|    value_loss           | 16.3           |
--------------------------------------------
--------------------------------------------
| rollout/                |                |
|    ep_len_mean          | 1.44e+03       |
|    ep_rew_mean          | 1.45e+03       |
| time/                   |                |
|    fps                  | 659            |
|    iterations           | 89             |
|    time_elapsed         | 138            |
|    total_timesteps      | 91136          |
| train/                  |                |
|    approx_kl            | 0.018676413    |
|    clip_fraction        | 0.212          |
|    clip_range           | 0.2            |
|    entropy_loss         | -17.3          |
|    explained_variance   | -3.6478043e-05 |
|    learning_rate        | 0.0003         |
|    loss                 | 6.2            |
|    n_updates            | 880            |
|    policy_gradient_loss | -0.0181        |
|    std                  | 1.03           |
|    value_loss           | 15.3           |
--------------------------------------------
-----------------------------------------
| rollout/                |             |
|    ep_len_mean          | 1.44e+03    |
|    ep_rew_mean          | 1.45e+03    |
| time/                   |             |
|    fps                  | 658         |
|    iterations           | 90          |
|    time_elapsed         | 139         |
|    total_timesteps      | 92160       |
| train/                  |             |
|    approx_kl            | 0.010809762 |
|    clip_fraction        | 0.121       |
|    clip_range           | 0.2         |
|    entropy_loss         | -17.3       |
|    explained_variance   | 4.87566e-05 |
|    learning_rate        | 0.0003      |
|    loss                 | 5.69        |
|    n_updates            | 890         |
|    policy_gradient_loss | -0.0175     |
|    std                  | 1.02        |
|    value_loss           | 14.1        |
-----------------------------------------
-------------------------------------------
| rollout/                |               |
|    ep_len_mean          | 1.44e+03      |
|    ep_rew_mean          | 1.45e+03      |
| time/                   |               |
|    fps                  | 658           |
|    iterations           | 91            |
|    time_elapsed         | 141           |
|    total_timesteps      | 93184         |
| train/                  |               |
|    approx_kl            | 0.0126632955  |
|    clip_fraction        | 0.156         |
|    clip_range           | 0.2           |
|    entropy_loss         | -17.3         |
|    explained_variance   | 1.4901161e-05 |
|    learning_rate        | 0.0003        |
|    loss                 | 5.4           |
|    n_updates            | 900           |
|    policy_gradient_loss | -0.0148       |
|    std                  | 1.03          |
|    value_loss           | 13.5          |
-------------------------------------------
------------------------------------------
| rollout/                |              |
|    ep_len_mean          | 1.44e+03     |
|    ep_rew_mean          | 1.45e+03     |
| time/                   |              |
|    fps                  | 658          |
|    iterations           | 92           |
|    time_elapsed         | 142          |
|    total_timesteps      | 94208        |
| train/                  |              |
|    approx_kl            | 0.013965479  |
|    clip_fraction        | 0.189        |
|    clip_range           | 0.2          |
|    entropy_loss         | -17.3        |
|    explained_variance   | -8.34465e-06 |
|    learning_rate        | 0.0003       |
|    loss                 | 4.97         |
|    n_updates            | 910          |
|    policy_gradient_loss | -0.0181      |
|    std                  | 1.03         |
|    value_loss           | 12.6         |
------------------------------------------
--------------------------------------------
| rollout/                |                |
|    ep_len_mean          | 1.44e+03       |
|    ep_rew_mean          | 1.45e+03       |
| time/                   |                |
|    fps                  | 658            |
|    iterations           | 93             |
|    time_elapsed         | 144            |
|    total_timesteps      | 95232          |
| train/                  |                |
|    approx_kl            | 0.017399771    |
|    clip_fraction        | 0.203          |
|    clip_range           | 0.2            |
|    entropy_loss         | -17.3          |
|    explained_variance   | -2.6345253e-05 |
|    learning_rate        | 0.0003         |
|    loss                 | 4.56           |
|    n_updates            | 920            |
|    policy_gradient_loss | -0.0177        |
|    std                  | 1.03           |
|    value_loss           | 11.4           |
--------------------------------------------
-------------------------------------------
| rollout/                |               |
|    ep_len_mean          | 1.44e+03      |
|    ep_rew_mean          | 1.45e+03      |
| time/                   |               |
|    fps                  | 658           |
|    iterations           | 94            |
|    time_elapsed         | 146           |
|    total_timesteps      | 96256         |
| train/                  |               |
|    approx_kl            | 0.011654487   |
|    clip_fraction        | 0.164         |
|    clip_range           | 0.2           |
|    entropy_loss         | -17.3         |
|    explained_variance   | 1.9431114e-05 |
|    learning_rate        | 0.0003        |
|    loss                 | 4.25          |
|    n_updates            | 930           |
|    policy_gradient_loss | -0.0144       |
|    std                  | 1.03          |
|    value_loss           | 10.9          |
-------------------------------------------
-------------------------------------------
| rollout/                |               |
|    ep_len_mean          | 1.44e+03      |
|    ep_rew_mean          | 1.45e+03      |
| time/                   |               |
|    fps                  | 658           |
|    iterations           | 95            |
|    time_elapsed         | 147           |
|    total_timesteps      | 97280         |
| train/                  |               |
|    approx_kl            | 0.015461422   |
|    clip_fraction        | 0.212         |
|    clip_range           | 0.2           |
|    entropy_loss         | -17.3         |
|    explained_variance   | 3.2782555e-06 |
|    learning_rate        | 0.0003        |
|    loss                 | 3.85          |
|    n_updates            | 940           |
|    policy_gradient_loss | -0.0183       |
|    std                  | 1.03          |
|    value_loss           | 10.1          |
-------------------------------------------
-------------------------------------------
| rollout/                |               |
|    ep_len_mean          | 1.44e+03      |
|    ep_rew_mean          | 1.45e+03      |
| time/                   |               |
|    fps                  | 658           |
|    iterations           | 96            |
|    time_elapsed         | 149           |
|    total_timesteps      | 98304         |
| train/                  |               |
|    approx_kl            | 0.014882512   |
|    clip_fraction        | 0.222         |
|    clip_range           | 0.2           |
|    entropy_loss         | -17.3         |
|    explained_variance   | -8.940697e-06 |
|    learning_rate        | 0.0003        |
|    loss                 | 3.37          |
|    n_updates            | 950           |
|    policy_gradient_loss | -0.0228       |
|    std                  | 1.03          |
|    value_loss           | 8.97          |
-------------------------------------------
-------------------------------------------
| rollout/                |               |
|    ep_len_mean          | 1.44e+03      |
|    ep_rew_mean          | 1.45e+03      |
| time/                   |               |
|    fps                  | 658           |
|    iterations           | 97            |
|    time_elapsed         | 150           |
|    total_timesteps      | 99328         |
| train/                  |               |
|    approx_kl            | 0.01762165    |
|    clip_fraction        | 0.23          |
|    clip_range           | 0.2           |
|    entropy_loss         | -17.4         |
|    explained_variance   | -2.527237e-05 |
|    learning_rate        | 0.0003        |
|    loss                 | 2.98          |
|    n_updates            | 960           |
|    policy_gradient_loss | -0.0186       |
|    std                  | 1.03          |
|    value_loss           | 8.23          |
-------------------------------------------
-------------------------------------------
| rollout/                |               |
|    ep_len_mean          | 1.44e+03      |
|    ep_rew_mean          | 1.45e+03      |
| time/                   |               |
|    fps                  | 658           |
|    iterations           | 98            |
|    time_elapsed         | 152           |
|    total_timesteps      | 100352        |
| train/                  |               |
|    approx_kl            | 0.02181928    |
|    clip_fraction        | 0.235         |
|    clip_range           | 0.2           |
|    entropy_loss         | -17.4         |
|    explained_variance   | 3.6656857e-05 |
|    learning_rate        | 0.0003        |
|    loss                 | 2.95          |
|    n_updates            | 970           |
|    policy_gradient_loss | -0.0223       |
|    std                  | 1.03          |
|    value_loss           | 8.03          |
-------------------------------------------
-------------------------------------------
| rollout/                |               |
|    ep_len_mean          | 1.44e+03      |
|    ep_rew_mean          | 1.45e+03      |
| time/                   |               |
|    fps                  | 658           |
|    iterations           | 99            |
|    time_elapsed         | 153           |
|    total_timesteps      | 101376        |
| train/                  |               |
|    approx_kl            | 0.019423867   |
|    clip_fraction        | 0.25          |
|    clip_range           | 0.2           |
|    entropy_loss         | -17.4         |
|    explained_variance   | 3.7908554e-05 |
|    learning_rate        | 0.0003        |
|    loss                 | 2.52          |
|    n_updates            | 980           |
|    policy_gradient_loss | -0.021        |
|    std                  | 1.03          |
|    value_loss           | 7.09          |
-------------------------------------------
--------------------------------------------
| rollout/                |                |
|    ep_len_mean          | 1.44e+03       |
|    ep_rew_mean          | 1.45e+03       |
| time/                   |                |
|    fps                  | 658            |
|    iterations           | 100            |
|    time_elapsed         | 155            |
|    total_timesteps      | 102400         |
| train/                  |                |
|    approx_kl            | 0.014940826    |
|    clip_fraction        | 0.175          |
|    clip_range           | 0.2            |
|    entropy_loss         | -17.4          |
|    explained_variance   | -2.2649765e-05 |
|    learning_rate        | 0.0003         |
|    loss                 | 2.2            |
|    n_updates            | 990            |
|    policy_gradient_loss | -0.0192        |
|    std                  | 1.03           |
|    value_loss           | 6.31           |
--------------------------------------------
--------------------------------------------
| rollout/                |                |
|    ep_len_mean          | 1.44e+03       |
|    ep_rew_mean          | 1.45e+03       |
| time/                   |                |
|    fps                  | 658            |
|    iterations           | 101            |
|    time_elapsed         | 157            |
|    total_timesteps      | 103424         |
| train/                  |                |
|    approx_kl            | 0.016540559    |
|    clip_fraction        | 0.223          |
|    clip_range           | 0.2            |
|    entropy_loss         | -17.4          |
|    explained_variance   | -1.5497208e-06 |
|    learning_rate        | 0.0003         |
|    loss                 | 1.97           |
|    n_updates            | 1000           |
|    policy_gradient_loss | -0.0211        |
|    std                  | 1.03           |
|    value_loss           | 5.82           |
--------------------------------------------
------------------------------------------
| rollout/                |              |
|    ep_len_mean          | 1.44e+03     |
|    ep_rew_mean          | 1.45e+03     |
| time/                   |              |
|    fps                  | 658          |
|    iterations           | 102          |
|    time_elapsed         | 158          |
|    total_timesteps      | 104448       |
| train/                  |              |
|    approx_kl            | 0.01682584   |
|    clip_fraction        | 0.216        |
|    clip_range           | 0.2          |
|    entropy_loss         | -17.4        |
|    explained_variance   | 2.259016e-05 |
|    learning_rate        | 0.0003       |
|    loss                 | 1.86         |
|    n_updates            | 1010         |
|    policy_gradient_loss | -0.0203      |
|    std                  | 1.03         |
|    value_loss           | 5.44         |
------------------------------------------
--------------------------------------------
| rollout/                |                |
|    ep_len_mean          | 1.44e+03       |
|    ep_rew_mean          | 1.45e+03       |
| time/                   |                |
|    fps                  | 658            |
|    iterations           | 103            |
|    time_elapsed         | 160            |
|    total_timesteps      | 105472         |
| train/                  |                |
|    approx_kl            | 0.022981644    |
|    clip_fraction        | 0.248          |
|    clip_range           | 0.2            |
|    entropy_loss         | -17.4          |
|    explained_variance   | -2.3007393e-05 |
|    learning_rate        | 0.0003         |
|    loss                 | 1.59           |
|    n_updates            | 1020           |
|    policy_gradient_loss | -0.0225        |
|    std                  | 1.03           |
|    value_loss           | 4.84           |
--------------------------------------------
------------------------------------------
| rollout/                |              |
|    ep_len_mean          | 1.44e+03     |
|    ep_rew_mean          | 1.45e+03     |
| time/                   |              |
|    fps                  | 658          |
|    iterations           | 104          |
|    time_elapsed         | 161          |
|    total_timesteps      | 106496       |
| train/                  |              |
|    approx_kl            | 0.02183049   |
|    clip_fraction        | 0.26         |
|    clip_range           | 0.2          |
|    entropy_loss         | -17.4        |
|    explained_variance   | 4.184246e-05 |
|    learning_rate        | 0.0003       |
|    loss                 | 1.35         |
|    n_updates            | 1030         |
|    policy_gradient_loss | -0.0225      |
|    std                  | 1.03         |
|    value_loss           | 4.26         |
------------------------------------------
-------------------------------------------
| rollout/                |               |
|    ep_len_mean          | 1.44e+03      |
|    ep_rew_mean          | 1.45e+03      |
| time/                   |               |
|    fps                  | 658           |
|    iterations           | 105           |
|    time_elapsed         | 163           |
|    total_timesteps      | 107520        |
| train/                  |               |
|    approx_kl            | 0.020428259   |
|    clip_fraction        | 0.251         |
|    clip_range           | 0.2           |
|    entropy_loss         | -17.4         |
|    explained_variance   | 2.8252602e-05 |
|    learning_rate        | 0.0003        |
|    loss                 | 1.2           |
|    n_updates            | 1040          |
|    policy_gradient_loss | -0.0222       |
|    std                  | 1.03          |
|    value_loss           | 3.77          |
-------------------------------------------
------------------------------------------
| rollout/                |              |
|    ep_len_mean          | 1.44e+03     |
|    ep_rew_mean          | 1.45e+03     |
| time/                   |              |
|    fps                  | 658          |
|    iterations           | 106          |
|    time_elapsed         | 164          |
|    total_timesteps      | 108544       |
| train/                  |              |
|    approx_kl            | 0.0142591    |
|    clip_fraction        | 0.197        |
|    clip_range           | 0.2          |
|    entropy_loss         | -17.3        |
|    explained_variance   | 2.169609e-05 |
|    learning_rate        | 0.0003       |
|    loss                 | 0.977        |
|    n_updates            | 1050         |
|    policy_gradient_loss | -0.0227      |
|    std                  | 1.03         |
|    value_loss           | 3.32         |
------------------------------------------
-------------------------------------------
| rollout/                |               |
|    ep_len_mean          | 1.44e+03      |
|    ep_rew_mean          | 1.45e+03      |
| time/                   |               |
|    fps                  | 658           |
|    iterations           | 107           |
|    time_elapsed         | 166           |
|    total_timesteps      | 109568        |
| train/                  |               |
|    approx_kl            | 0.018659214   |
|    clip_fraction        | 0.227         |
|    clip_range           | 0.2           |
|    entropy_loss         | -17.3         |
|    explained_variance   | 1.3113022e-06 |
|    learning_rate        | 0.0003        |
|    loss                 | 0.824         |
|    n_updates            | 1060          |
|    policy_gradient_loss | -0.0228       |
|    std                  | 1.02          |
|    value_loss           | 2.88          |
-------------------------------------------
------------------------------------------
| rollout/                |              |
|    ep_len_mean          | 1.44e+03     |
|    ep_rew_mean          | 1.45e+03     |
| time/                   |              |
|    fps                  | 658          |
|    iterations           | 108          |
|    time_elapsed         | 167          |
|    total_timesteps      | 110592       |
| train/                  |              |
|    approx_kl            | 0.015536592  |
|    clip_fraction        | 0.233        |
|    clip_range           | 0.2          |
|    entropy_loss         | -17.3        |
|    explained_variance   | 5.841255e-06 |
|    learning_rate        | 0.0003       |
|    loss                 | 0.679        |
|    n_updates            | 1070         |
|    policy_gradient_loss | -0.0228      |
|    std                  | 1.03         |
|    value_loss           | 2.48         |
------------------------------------------
------------------------------------------
| rollout/                |              |
|    ep_len_mean          | 1.44e+03     |
|    ep_rew_mean          | 1.45e+03     |
| time/                   |              |
|    fps                  | 658          |
|    iterations           | 109          |
|    time_elapsed         | 169          |
|    total_timesteps      | 111616       |
| train/                  |              |
|    approx_kl            | 0.016185917  |
|    clip_fraction        | 0.195        |
|    clip_range           | 0.2          |
|    entropy_loss         | -17.3        |
|    explained_variance   | 5.054474e-05 |
|    learning_rate        | 0.0003       |
|    loss                 | 0.556        |
|    n_updates            | 1080         |
|    policy_gradient_loss | -0.0201      |
|    std                  | 1.03         |
|    value_loss           | 2.19         |
------------------------------------------
-------------------------------------------
| rollout/                |               |
|    ep_len_mean          | 1.44e+03      |
|    ep_rew_mean          | 1.45e+03      |
| time/                   |               |
|    fps                  | 658           |
|    iterations           | 110           |
|    time_elapsed         | 171           |
|    total_timesteps      | 112640        |
| train/                  |               |
|    approx_kl            | 0.015304521   |
|    clip_fraction        | 0.232         |
|    clip_range           | 0.2           |
|    entropy_loss         | -17.3         |
|    explained_variance   | 2.9087067e-05 |
|    learning_rate        | 0.0003        |
|    loss                 | 0.457         |
|    n_updates            | 1090          |
|    policy_gradient_loss | -0.02         |
|    std                  | 1.03          |
|    value_loss           | 1.88          |
-------------------------------------------
------------------------------------------
| rollout/                |              |
|    ep_len_mean          | 1.44e+03     |
|    ep_rew_mean          | 1.45e+03     |
| time/                   |              |
|    fps                  | 658          |
|    iterations           | 111          |
|    time_elapsed         | 172          |
|    total_timesteps      | 113664       |
| train/                  |              |
|    approx_kl            | 0.020309228  |
|    clip_fraction        | 0.188        |
|    clip_range           | 0.2          |
|    entropy_loss         | -17.3        |
|    explained_variance   | 4.416704e-05 |
|    learning_rate        | 0.0003       |
|    loss                 | 0.353        |
|    n_updates            | 1100         |
|    policy_gradient_loss | -0.0189      |
|    std                  | 1.03         |
|    value_loss           | 1.59         |
------------------------------------------
-------------------------------------------
| rollout/                |               |
|    ep_len_mean          | 1.44e+03      |
|    ep_rew_mean          | 1.45e+03      |
| time/                   |               |
|    fps                  | 658           |
|    iterations           | 112           |
|    time_elapsed         | 174           |
|    total_timesteps      | 114688        |
| train/                  |               |
|    approx_kl            | 0.020172784   |
|    clip_fraction        | 0.208         |
|    clip_range           | 0.2           |
|    entropy_loss         | -17.3         |
|    explained_variance   | 0.00011885166 |
|    learning_rate        | 0.0003        |
|    loss                 | 0.256         |
|    n_updates            | 1110          |
|    policy_gradient_loss | -0.0253       |
|    std                  | 1.02          |
|    value_loss           | 1.33          |
-------------------------------------------
------------------------------------------
| rollout/                |              |
|    ep_len_mean          | 1.44e+03     |
|    ep_rew_mean          | 1.45e+03     |
| time/                   |              |
|    fps                  | 658          |
|    iterations           | 113          |
|    time_elapsed         | 175          |
|    total_timesteps      | 115712       |
| train/                  |              |
|    approx_kl            | 0.023734845  |
|    clip_fraction        | 0.253        |
|    clip_range           | 0.2          |
|    entropy_loss         | -17.3        |
|    explained_variance   | 8.165836e-05 |
|    learning_rate        | 0.0003       |
|    loss                 | 0.18         |
|    n_updates            | 1120         |
|    policy_gradient_loss | -0.0251      |
|    std                  | 1.02         |
|    value_loss           | 1.06         |
------------------------------------------
-------------------------------------------
| rollout/                |               |
|    ep_len_mean          | 1.44e+03      |
|    ep_rew_mean          | 1.45e+03      |
| time/                   |               |
|    fps                  | 657           |
|    iterations           | 114           |
|    time_elapsed         | 177           |
|    total_timesteps      | 116736        |
| train/                  |               |
|    approx_kl            | 0.021103643   |
|    clip_fraction        | 0.247         |
|    clip_range           | 0.2           |
|    entropy_loss         | -17.3         |
|    explained_variance   | 3.4093857e-05 |
|    learning_rate        | 0.0003        |
|    loss                 | 0.102         |
|    n_updates            | 1130          |
|    policy_gradient_loss | -0.0218       |
|    std                  | 1.02          |
|    value_loss           | 0.797         |
-------------------------------------------
-------------------------------------------
| rollout/                |               |
|    ep_len_mean          | 1.44e+03      |
|    ep_rew_mean          | 1.45e+03      |
| time/                   |               |
|    fps                  | 657           |
|    iterations           | 115           |
|    time_elapsed         | 179           |
|    total_timesteps      | 117760        |
| train/                  |               |
|    approx_kl            | 0.020095993   |
|    clip_fraction        | 0.264         |
|    clip_range           | 0.2           |
|    entropy_loss         | -17.2         |
|    explained_variance   | 1.4841557e-05 |
|    learning_rate        | 0.0003        |
|    loss                 | 0.0443        |
|    n_updates            | 1140          |
|    policy_gradient_loss | -0.025        |
|    std                  | 1.01          |
|    value_loss           | 0.6           |
-------------------------------------------
------------------------------------------
| rollout/                |              |
|    ep_len_mean          | 1.44e+03     |
|    ep_rew_mean          | 1.45e+03     |
| time/                   |              |
|    fps                  | 657          |
|    iterations           | 116          |
|    time_elapsed         | 180          |
|    total_timesteps      | 118784       |
| train/                  |              |
|    approx_kl            | 0.016614454  |
|    clip_fraction        | 0.187        |
|    clip_range           | 0.2          |
|    entropy_loss         | -17.2        |
|    explained_variance   | 9.000301e-06 |
|    learning_rate        | 0.0003       |
|    loss                 | 0.0151       |
|    n_updates            | 1150         |
|    policy_gradient_loss | -0.0206      |
|    std                  | 1.01         |
|    value_loss           | 0.5          |
------------------------------------------
------------------------------------------
| rollout/                |              |
|    ep_len_mean          | 1.44e+03     |
|    ep_rew_mean          | 1.45e+03     |
| time/                   |              |
|    fps                  | 658          |
|    iterations           | 117          |
|    time_elapsed         | 182          |
|    total_timesteps      | 119808       |
| train/                  |              |
|    approx_kl            | 0.020188034  |
|    clip_fraction        | 0.232        |
|    clip_range           | 0.2          |
|    entropy_loss         | -17.2        |
|    explained_variance   | 9.304285e-05 |
|    learning_rate        | 0.0003       |
|    loss                 | -0.0159      |
|    n_updates            | 1160         |
|    policy_gradient_loss | -0.0242      |
|    std                  | 1.01         |
|    value_loss           | 0.331        |
------------------------------------------
-------------------------------------------
| rollout/                |               |
|    ep_len_mean          | 1.44e+03      |
|    ep_rew_mean          | 1.45e+03      |
| time/                   |               |
|    fps                  | 658           |
|    iterations           | 118           |
|    time_elapsed         | 183           |
|    total_timesteps      | 120832        |
| train/                  |               |
|    approx_kl            | 0.023246415   |
|    clip_fraction        | 0.244         |
|    clip_range           | 0.2           |
|    entropy_loss         | -17.2         |
|    explained_variance   | 7.9512596e-05 |
|    learning_rate        | 0.0003        |
|    loss                 | -0.019        |
|    n_updates            | 1170          |
|    policy_gradient_loss | -0.0239       |
|    std                  | 1.01          |
|    value_loss           | 0.245         |
-------------------------------------------
------------------------------------------
| rollout/                |              |
|    ep_len_mean          | 1.44e+03     |
|    ep_rew_mean          | 1.45e+03     |
| time/                   |              |
|    fps                  | 658          |
|    iterations           | 119          |
|    time_elapsed         | 185          |
|    total_timesteps      | 121856       |
| train/                  |              |
|    approx_kl            | 0.021912891  |
|    clip_fraction        | 0.195        |
|    clip_range           | 0.2          |
|    entropy_loss         | -17.2        |
|    explained_variance   | 3.963709e-05 |
|    learning_rate        | 0.0003       |
|    loss                 | -0.0362      |
|    n_updates            | 1180         |
|    policy_gradient_loss | -0.021       |
|    std                  | 1.01         |
|    value_loss           | 0.163        |
------------------------------------------
------------------------------------------
| rollout/                |              |
|    ep_len_mean          | 1.44e+03     |
|    ep_rew_mean          | 1.45e+03     |
| time/                   |              |
|    fps                  | 658          |
|    iterations           | 120          |
|    time_elapsed         | 186          |
|    total_timesteps      | 122880       |
| train/                  |              |
|    approx_kl            | 0.019920569  |
|    clip_fraction        | 0.269        |
|    clip_range           | 0.2          |
|    entropy_loss         | -17.1        |
|    explained_variance   | 3.504753e-05 |
|    learning_rate        | 0.0003       |
|    loss                 | -0.0235      |
|    n_updates            | 1190         |
|    policy_gradient_loss | -0.0275      |
|    std                  | 1.01         |
|    value_loss           | 0.101        |
------------------------------------------
-------------------------------------------
| rollout/                |               |
|    ep_len_mean          | 1.44e+03      |
|    ep_rew_mean          | 1.45e+03      |
| time/                   |               |
|    fps                  | 658           |
|    iterations           | 121           |
|    time_elapsed         | 188           |
|    total_timesteps      | 123904        |
| train/                  |               |
|    approx_kl            | 0.018884126   |
|    clip_fraction        | 0.249         |
|    clip_range           | 0.2           |
|    entropy_loss         | -17.2         |
|    explained_variance   | 0.00022363663 |
|    learning_rate        | 0.0003        |
|    loss                 | -0.044        |
|    n_updates            | 1200          |
|    policy_gradient_loss | -0.0282       |
|    std                  | 1.01          |
|    value_loss           | 0.0755        |
-------------------------------------------
-------------------------------------------
| rollout/                |               |
|    ep_len_mean          | 1.44e+03      |
|    ep_rew_mean          | 1.45e+03      |
| time/                   |               |
|    fps                  | 658           |
|    iterations           | 122           |
|    time_elapsed         | 189           |
|    total_timesteps      | 124928        |
| train/                  |               |
|    approx_kl            | 0.017279971   |
|    clip_fraction        | 0.197         |
|    clip_range           | 0.2           |
|    entropy_loss         | -17.1         |
|    explained_variance   | 0.00010848045 |
|    learning_rate        | 0.0003        |
|    loss                 | -0.0275       |
|    n_updates            | 1210          |
|    policy_gradient_loss | -0.0214       |
|    std                  | 1.01          |
|    value_loss           | 0.0545        |
-------------------------------------------
--------------------------------------------
| rollout/                |                |
|    ep_len_mean          | 1.44e+03       |
|    ep_rew_mean          | 1.45e+03       |
| time/                   |                |
|    fps                  | 659            |
|    iterations           | 123            |
|    time_elapsed         | 191            |
|    total_timesteps      | 125952         |
| train/                  |                |
|    approx_kl            | 0.01711755     |
|    clip_fraction        | 0.205          |
|    clip_range           | 0.2            |
|    entropy_loss         | -17.1          |
|    explained_variance   | -0.00011610985 |
|    learning_rate        | 0.0003         |
|    loss                 | -0.0435        |
|    n_updates            | 1220           |
|    policy_gradient_loss | -0.0258        |
|    std                  | 1.01           |
|    value_loss           | 0.0353         |
--------------------------------------------
------------------------------------------
| rollout/                |              |
|    ep_len_mean          | 1.44e+03     |
|    ep_rew_mean          | 1.45e+03     |
| time/                   |              |
|    fps                  | 659          |
|    iterations           | 124          |
|    time_elapsed         | 192          |
|    total_timesteps      | 126976       |
| train/                  |              |
|    approx_kl            | 0.020141806  |
|    clip_fraction        | 0.196        |
|    clip_range           | 0.2          |
|    entropy_loss         | -17.1        |
|    explained_variance   | 9.173155e-05 |
|    learning_rate        | 0.0003       |
|    loss                 | -0.0398      |
|    n_updates            | 1230         |
|    policy_gradient_loss | -0.0258      |
|    std                  | 1            |
|    value_loss           | 0.0261       |
------------------------------------------
------------------------------------------
| rollout/                |              |
|    ep_len_mean          | 1.44e+03     |
|    ep_rew_mean          | 1.45e+03     |
| time/                   |              |
|    fps                  | 659          |
|    iterations           | 125          |
|    time_elapsed         | 194          |
|    total_timesteps      | 128000       |
| train/                  |              |
|    approx_kl            | 0.023919513  |
|    clip_fraction        | 0.25         |
|    clip_range           | 0.2          |
|    entropy_loss         | -17          |
|    explained_variance   | 1.758337e-05 |
|    learning_rate        | 0.0003       |
|    loss                 | -0.0172      |
|    n_updates            | 1240         |
|    policy_gradient_loss | -0.0294      |
|    std                  | 0.998        |
|    value_loss           | 0.0214       |
------------------------------------------
-----------------------------------------
| rollout/                |             |
|    ep_len_mean          | 1.44e+03    |
|    ep_rew_mean          | 1.45e+03    |
| time/                   |             |
|    fps                  | 659         |
|    iterations           | 126         |
|    time_elapsed         | 195         |
|    total_timesteps      | 129024      |
| train/                  |             |
|    approx_kl            | 0.013952618 |
|    clip_fraction        | 0.174       |
|    clip_range           | 0.2         |
|    entropy_loss         | -17         |
|    explained_variance   | 0.000356853 |
|    learning_rate        | 0.0003      |
|    loss                 | -0.0349     |
|    n_updates            | 1250        |
|    policy_gradient_loss | -0.0228     |
|    std                  | 0.999       |
|    value_loss           | 0.0165      |
-----------------------------------------
-------------------------------------------
| rollout/                |               |
|    ep_len_mean          | 1.44e+03      |
|    ep_rew_mean          | 1.45e+03      |
| time/                   |               |
|    fps                  | 659           |
|    iterations           | 127           |
|    time_elapsed         | 197           |
|    total_timesteps      | 130048        |
| train/                  |               |
|    approx_kl            | 0.02189615    |
|    clip_fraction        | 0.202         |
|    clip_range           | 0.2           |
|    entropy_loss         | -17           |
|    explained_variance   | 0.00036734343 |
|    learning_rate        | 0.0003        |
|    loss                 | -0.0487       |
|    n_updates            | 1260          |
|    policy_gradient_loss | -0.0255       |
|    std                  | 0.999         |
|    value_loss           | 0.0151        |
-------------------------------------------
-------------------------------------------
| rollout/                |               |
|    ep_len_mean          | 1.44e+03      |
|    ep_rew_mean          | 1.45e+03      |
| time/                   |               |
|    fps                  | 659           |
|    iterations           | 128           |
|    time_elapsed         | 198           |
|    total_timesteps      | 131072        |
| train/                  |               |
|    approx_kl            | 0.017435499   |
|    clip_fraction        | 0.202         |
|    clip_range           | 0.2           |
|    entropy_loss         | -17           |
|    explained_variance   | 0.00013798475 |
|    learning_rate        | 0.0003        |
|    loss                 | -0.0206       |
|    n_updates            | 1270          |
|    policy_gradient_loss | -0.0246       |
|    std                  | 0.996         |
|    value_loss           | 0.0167        |
-------------------------------------------
-------------------------------------------
| rollout/                |               |
|    ep_len_mean          | 1.44e+03      |
|    ep_rew_mean          | 1.45e+03      |
| time/                   |               |
|    fps                  | 659           |
|    iterations           | 129           |
|    time_elapsed         | 200           |
|    total_timesteps      | 132096        |
| train/                  |               |
|    approx_kl            | 0.01547483    |
|    clip_fraction        | 0.195         |
|    clip_range           | 0.2           |
|    entropy_loss         | -16.9         |
|    explained_variance   | 0.00030362606 |
|    learning_rate        | 0.0003        |
|    loss                 | -0.0346       |
|    n_updates            | 1280          |
|    policy_gradient_loss | -0.0283       |
|    std                  | 0.993         |
|    value_loss           | 0.0118        |
-------------------------------------------
-------------------------------------------
| rollout/                |               |
|    ep_len_mean          | 1.44e+03      |
|    ep_rew_mean          | 1.45e+03      |
| time/                   |               |
|    fps                  | 659           |
|    iterations           | 130           |
|    time_elapsed         | 201           |
|    total_timesteps      | 133120        |
| train/                  |               |
|    approx_kl            | 0.016112937   |
|    clip_fraction        | 0.186         |
|    clip_range           | 0.2           |
|    entropy_loss         | -16.9         |
|    explained_variance   | 0.00034326315 |
|    learning_rate        | 0.0003        |
|    loss                 | -0.0362       |
|    n_updates            | 1290          |
|    policy_gradient_loss | -0.0261       |
|    std                  | 0.989         |
|    value_loss           | 0.00964       |
-------------------------------------------
------------------------------------------
| rollout/                |              |
|    ep_len_mean          | 1.44e+03     |
|    ep_rew_mean          | 1.45e+03     |
| time/                   |              |
|    fps                  | 659          |
|    iterations           | 131          |
|    time_elapsed         | 203          |
|    total_timesteps      | 134144       |
| train/                  |              |
|    approx_kl            | 0.016281778  |
|    clip_fraction        | 0.197        |
|    clip_range           | 0.2          |
|    entropy_loss         | -16.9        |
|    explained_variance   | 0.0005071759 |
|    learning_rate        | 0.0003       |
|    loss                 | -0.0428      |
|    n_updates            | 1300         |
|    policy_gradient_loss | -0.0278      |
|    std                  | 0.989        |
|    value_loss           | 0.00921      |
------------------------------------------
-------------------------------------------
| rollout/                |               |
|    ep_len_mean          | 1.44e+03      |
|    ep_rew_mean          | 1.45e+03      |
| time/                   |               |
|    fps                  | 659           |
|    iterations           | 132           |
|    time_elapsed         | 204           |
|    total_timesteps      | 135168        |
| train/                  |               |
|    approx_kl            | 0.012413393   |
|    clip_fraction        | 0.161         |
|    clip_range           | 0.2           |
|    entropy_loss         | -16.9         |
|    explained_variance   | 0.00023168325 |
|    learning_rate        | 0.0003        |
|    loss                 | -0.0225       |
|    n_updates            | 1310          |
|    policy_gradient_loss | -0.0212       |
|    std                  | 0.986         |
|    value_loss           | 0.0085        |
-------------------------------------------
-------------------------------------------
| rollout/                |               |
|    ep_len_mean          | 1.44e+03      |
|    ep_rew_mean          | 1.45e+03      |
| time/                   |               |
|    fps                  | 659           |
|    iterations           | 133           |
|    time_elapsed         | 206           |
|    total_timesteps      | 136192        |
| train/                  |               |
|    approx_kl            | 0.0136369355  |
|    clip_fraction        | 0.147         |
|    clip_range           | 0.2           |
|    entropy_loss         | -16.8         |
|    explained_variance   | 0.00015592575 |
|    learning_rate        | 0.0003        |
|    loss                 | -0.0267       |
|    n_updates            | 1320          |
|    policy_gradient_loss | -0.0202       |
|    std                  | 0.985         |
|    value_loss           | 0.00636       |
-------------------------------------------
-------------------------------------------
| rollout/                |               |
|    ep_len_mean          | 1.44e+03      |
|    ep_rew_mean          | 1.45e+03      |
| time/                   |               |
|    fps                  | 660           |
|    iterations           | 134           |
|    time_elapsed         | 207           |
|    total_timesteps      | 137216        |
| train/                  |               |
|    approx_kl            | 0.01471986    |
|    clip_fraction        | 0.159         |
|    clip_range           | 0.2           |
|    entropy_loss         | -16.8         |
|    explained_variance   | 8.6307526e-05 |
|    learning_rate        | 0.0003        |
|    loss                 | -0.0297       |
|    n_updates            | 1330          |
|    policy_gradient_loss | -0.0216       |
|    std                  | 0.985         |
|    value_loss           | 0.00801       |
-------------------------------------------
-------------------------------------------
| rollout/                |               |
|    ep_len_mean          | 1.44e+03      |
|    ep_rew_mean          | 1.45e+03      |
| time/                   |               |
|    fps                  | 660           |
|    iterations           | 135           |
|    time_elapsed         | 209           |
|    total_timesteps      | 138240        |
| train/                  |               |
|    approx_kl            | 0.015395203   |
|    clip_fraction        | 0.199         |
|    clip_range           | 0.2           |
|    entropy_loss         | -16.8         |
|    explained_variance   | -9.071827e-05 |
|    learning_rate        | 0.0003        |
|    loss                 | -0.0406       |
|    n_updates            | 1340          |
|    policy_gradient_loss | -0.0269       |
|    std                  | 0.985         |
|    value_loss           | 0.00624       |
-------------------------------------------
-------------------------------------------
| rollout/                |               |
|    ep_len_mean          | 1.44e+03      |
|    ep_rew_mean          | 1.45e+03      |
| time/                   |               |
|    fps                  | 660           |
|    iterations           | 136           |
|    time_elapsed         | 210           |
|    total_timesteps      | 139264        |
| train/                  |               |
|    approx_kl            | 0.015998561   |
|    clip_fraction        | 0.196         |
|    clip_range           | 0.2           |
|    entropy_loss         | -16.8         |
|    explained_variance   | 0.00019949675 |
|    learning_rate        | 0.0003        |
|    loss                 | -0.0242       |
|    n_updates            | 1350          |
|    policy_gradient_loss | -0.0231       |
|    std                  | 0.985         |
|    value_loss           | 0.00837       |
-------------------------------------------
-------------------------------------------
| rollout/                |               |
|    ep_len_mean          | 1.44e+03      |
|    ep_rew_mean          | 1.45e+03      |
| time/                   |               |
|    fps                  | 660           |
|    iterations           | 137           |
|    time_elapsed         | 212           |
|    total_timesteps      | 140288        |
| train/                  |               |
|    approx_kl            | 0.013572995   |
|    clip_fraction        | 0.148         |
|    clip_range           | 0.2           |
|    entropy_loss         | -16.8         |
|    explained_variance   | 0.00020122528 |
|    learning_rate        | 0.0003        |
|    loss                 | -0.0231       |
|    n_updates            | 1360          |
|    policy_gradient_loss | -0.0194       |
|    std                  | 0.982         |
|    value_loss           | 0.0072        |
-------------------------------------------
------------------------------------------
| rollout/                |              |
|    ep_len_mean          | 1.44e+03     |
|    ep_rew_mean          | 1.45e+03     |
| time/                   |              |
|    fps                  | 660          |
|    iterations           | 138          |
|    time_elapsed         | 213          |
|    total_timesteps      | 141312       |
| train/                  |              |
|    approx_kl            | 0.0153769925 |
|    clip_fraction        | 0.202        |
|    clip_range           | 0.2          |
|    entropy_loss         | -16.8        |
|    explained_variance   | 0.0004042983 |
|    learning_rate        | 0.0003       |
|    loss                 | -0.04        |
|    n_updates            | 1370         |
|    policy_gradient_loss | -0.0254      |
|    std                  | 0.983        |
|    value_loss           | 0.00536      |
------------------------------------------
------------------------------------------
| rollout/                |              |
|    ep_len_mean          | 1.44e+03     |
|    ep_rew_mean          | 1.45e+03     |
| time/                   |              |
|    fps                  | 661          |
|    iterations           | 139          |
|    time_elapsed         | 215          |
|    total_timesteps      | 142336       |
| train/                  |              |
|    approx_kl            | 0.019601218  |
|    clip_fraction        | 0.188        |
|    clip_range           | 0.2          |
|    entropy_loss         | -16.8        |
|    explained_variance   | 0.0002129674 |
|    learning_rate        | 0.0003       |
|    loss                 | -0.0449      |
|    n_updates            | 1380         |
|    policy_gradient_loss | -0.0268      |
|    std                  | 0.983        |
|    value_loss           | 0.00528      |
------------------------------------------
-------------------------------------------
| rollout/                |               |
|    ep_len_mean          | 1.44e+03      |
|    ep_rew_mean          | 1.45e+03      |
| time/                   |               |
|    fps                  | 661           |
|    iterations           | 140           |
|    time_elapsed         | 216           |
|    total_timesteps      | 143360        |
| train/                  |               |
|    approx_kl            | 0.014062374   |
|    clip_fraction        | 0.18          |
|    clip_range           | 0.2           |
|    entropy_loss         | -16.8         |
|    explained_variance   | 0.00023663044 |
|    learning_rate        | 0.0003        |
|    loss                 | -0.0349       |
|    n_updates            | 1390          |
|    policy_gradient_loss | -0.0247       |
|    std                  | 0.98          |
|    value_loss           | 0.00726       |
-------------------------------------------
-------------------------------------------
| rollout/                |               |
|    ep_len_mean          | 1.44e+03      |
|    ep_rew_mean          | 1.45e+03      |
| time/                   |               |
|    fps                  | 661           |
|    iterations           | 141           |
|    time_elapsed         | 218           |
|    total_timesteps      | 144384        |
| train/                  |               |
|    approx_kl            | 0.014663415   |
|    clip_fraction        | 0.171         |
|    clip_range           | 0.2           |
|    entropy_loss         | -16.8         |
|    explained_variance   | 6.9499016e-05 |
|    learning_rate        | 0.0003        |
|    loss                 | -0.0307       |
|    n_updates            | 1400          |
|    policy_gradient_loss | -0.0219       |
|    std                  | 0.98          |
|    value_loss           | 0.00629       |
-------------------------------------------
-------------------------------------------
| rollout/                |               |
|    ep_len_mean          | 1.44e+03      |
|    ep_rew_mean          | 1.45e+03      |
| time/                   |               |
|    fps                  | 661           |
|    iterations           | 142           |
|    time_elapsed         | 219           |
|    total_timesteps      | 145408        |
| train/                  |               |
|    approx_kl            | 0.01872629    |
|    clip_fraction        | 0.232         |
|    clip_range           | 0.2           |
|    entropy_loss         | -16.8         |
|    explained_variance   | 0.00020980835 |
|    learning_rate        | 0.0003        |
|    loss                 | -0.0311       |
|    n_updates            | 1410          |
|    policy_gradient_loss | -0.0291       |
|    std                  | 0.977         |
|    value_loss           | 0.00495       |
-------------------------------------------
-------------------------------------------
| rollout/                |               |
|    ep_len_mean          | 1.44e+03      |
|    ep_rew_mean          | 1.45e+03      |
| time/                   |               |
|    fps                  | 661           |
|    iterations           | 143           |
|    time_elapsed         | 221           |
|    total_timesteps      | 146432        |
| train/                  |               |
|    approx_kl            | 0.015502908   |
|    clip_fraction        | 0.19          |
|    clip_range           | 0.2           |
|    entropy_loss         | -16.7         |
|    explained_variance   | 4.2259693e-05 |
|    learning_rate        | 0.0003        |
|    loss                 | -0.0284       |
|    n_updates            | 1420          |
|    policy_gradient_loss | -0.0258       |
|    std                  | 0.978         |
|    value_loss           | 0.011         |
-------------------------------------------
------------------------------------------
| rollout/                |              |
|    ep_len_mean          | 1.44e+03     |
|    ep_rew_mean          | 1.45e+03     |
| time/                   |              |
|    fps                  | 662          |
|    iterations           | 144          |
|    time_elapsed         | 222          |
|    total_timesteps      | 147456       |
| train/                  |              |
|    approx_kl            | 0.014703287  |
|    clip_fraction        | 0.169        |
|    clip_range           | 0.2          |
|    entropy_loss         | -16.8        |
|    explained_variance   | 9.000301e-05 |
|    learning_rate        | 0.0003       |
|    loss                 | -0.0155      |
|    n_updates            | 1430         |
|    policy_gradient_loss | -0.0208      |
|    std                  | 0.979        |
|    value_loss           | 0.00895      |
------------------------------------------
-------------------------------------------
| rollout/                |               |
|    ep_len_mean          | 1.44e+03      |
|    ep_rew_mean          | 1.45e+03      |
| time/                   |               |
|    fps                  | 662           |
|    iterations           | 145           |
|    time_elapsed         | 224           |
|    total_timesteps      | 148480        |
| train/                  |               |
|    approx_kl            | 0.01441111    |
|    clip_fraction        | 0.16          |
|    clip_range           | 0.2           |
|    entropy_loss         | -16.8         |
|    explained_variance   | 2.7298927e-05 |
|    learning_rate        | 0.0003        |
|    loss                 | -0.0264       |
|    n_updates            | 1440          |
|    policy_gradient_loss | -0.0236       |
|    std                  | 0.98          |
|    value_loss           | 0.00819       |
-------------------------------------------
-------------------------------------------
| rollout/                |               |
|    ep_len_mean          | 1.44e+03      |
|    ep_rew_mean          | 1.45e+03      |
| time/                   |               |
|    fps                  | 662           |
|    iterations           | 146           |
|    time_elapsed         | 225           |
|    total_timesteps      | 149504        |
| train/                  |               |
|    approx_kl            | 0.013214422   |
|    clip_fraction        | 0.164         |
|    clip_range           | 0.2           |
|    entropy_loss         | -16.8         |
|    explained_variance   | 0.00015437603 |
|    learning_rate        | 0.0003        |
|    loss                 | -0.0439       |
|    n_updates            | 1450          |
|    policy_gradient_loss | -0.024        |
|    std                  | 0.978         |
|    value_loss           | 0.00436       |
-------------------------------------------
-------------------------------------------
| rollout/                |               |
|    ep_len_mean          | 1.44e+03      |
|    ep_rew_mean          | 1.45e+03      |
| time/                   |               |
|    fps                  | 662           |
|    iterations           | 147           |
|    time_elapsed         | 227           |
|    total_timesteps      | 150528        |
| train/                  |               |
|    approx_kl            | 0.016113617   |
|    clip_fraction        | 0.181         |
|    clip_range           | 0.2           |
|    entropy_loss         | -16.7         |
|    explained_variance   | 0.00041604042 |
|    learning_rate        | 0.0003        |
|    loss                 | -0.0522       |
|    n_updates            | 1460          |
|    policy_gradient_loss | -0.0262       |
|    std                  | 0.976         |
|    value_loss           | 0.0061        |
-------------------------------------------
------------------------------------------
| rollout/                |              |
|    ep_len_mean          | 1.44e+03     |
|    ep_rew_mean          | 1.45e+03     |
| time/                   |              |
|    fps                  | 663          |
|    iterations           | 148          |
|    time_elapsed         | 228          |
|    total_timesteps      | 151552       |
| train/                  |              |
|    approx_kl            | 0.014934508  |
|    clip_fraction        | 0.181        |
|    clip_range           | 0.2          |
|    entropy_loss         | -16.7        |
|    explained_variance   | 0.0001642108 |
|    learning_rate        | 0.0003       |
|    loss                 | -0.0245      |
|    n_updates            | 1470         |
|    policy_gradient_loss | -0.0224      |
|    std                  | 0.973        |
|    value_loss           | 0.0052       |
------------------------------------------
-----------------------------------------
| rollout/                |             |
|    ep_len_mean          | 1.44e+03    |
|    ep_rew_mean          | 1.45e+03    |
| time/                   |             |
|    fps                  | 663         |
|    iterations           | 149         |
|    time_elapsed         | 230         |
|    total_timesteps      | 152576      |
| train/                  |             |
|    approx_kl            | 0.013043081 |
|    clip_fraction        | 0.139       |
|    clip_range           | 0.2         |
|    entropy_loss         | -16.7       |
|    explained_variance   | 5.77569e-05 |
|    learning_rate        | 0.0003      |
|    loss                 | -0.011      |
|    n_updates            | 1480        |
|    policy_gradient_loss | -0.0195     |
|    std                  | 0.971       |
|    value_loss           | 0.00632     |
-----------------------------------------
-------------------------------------------
| rollout/                |               |
|    ep_len_mean          | 1.44e+03      |
|    ep_rew_mean          | 1.45e+03      |
| time/                   |               |
|    fps                  | 663           |
|    iterations           | 150           |
|    time_elapsed         | 231           |
|    total_timesteps      | 153600        |
| train/                  |               |
|    approx_kl            | 0.014719578   |
|    clip_fraction        | 0.156         |
|    clip_range           | 0.2           |
|    entropy_loss         | -16.6         |
|    explained_variance   | 0.00025713444 |
|    learning_rate        | 0.0003        |
|    loss                 | -0.0273       |
|    n_updates            | 1490          |
|    policy_gradient_loss | -0.0235       |
|    std                  | 0.969         |
|    value_loss           | 0.00647       |
-------------------------------------------
-------------------------------------------
| rollout/                |               |
|    ep_len_mean          | 1.44e+03      |
|    ep_rew_mean          | 1.46e+03      |
| time/                   |               |
|    fps                  | 663           |
|    iterations           | 151           |
|    time_elapsed         | 233           |
|    total_timesteps      | 154624        |
| train/                  |               |
|    approx_kl            | 0.01513436    |
|    clip_fraction        | 0.162         |
|    clip_range           | 0.2           |
|    entropy_loss         | -16.6         |
|    explained_variance   | 0.00019723177 |
|    learning_rate        | 0.0003        |
|    loss                 | -0.0295       |
|    n_updates            | 1500          |
|    policy_gradient_loss | -0.0241       |
|    std                  | 0.968         |
|    value_loss           | 0.0123        |
-------------------------------------------
-------------------------------------------
| rollout/                |               |
|    ep_len_mean          | 1.44e+03      |
|    ep_rew_mean          | 1.46e+03      |
| time/                   |               |
|    fps                  | 663           |
|    iterations           | 152           |
|    time_elapsed         | 234           |
|    total_timesteps      | 155648        |
| train/                  |               |
|    approx_kl            | 0.014466602   |
|    clip_fraction        | 0.188         |
|    clip_range           | 0.2           |
|    entropy_loss         | -16.6         |
|    explained_variance   | 0.00024670362 |
|    learning_rate        | 0.0003        |
|    loss                 | -0.0399       |
|    n_updates            | 1510          |
|    policy_gradient_loss | -0.0253       |
|    std                  | 0.968         |
|    value_loss           | 0.007         |
-------------------------------------------
-------------------------------------------
| rollout/                |               |
|    ep_len_mean          | 1.44e+03      |
|    ep_rew_mean          | 1.46e+03      |
| time/                   |               |
|    fps                  | 663           |
|    iterations           | 153           |
|    time_elapsed         | 236           |
|    total_timesteps      | 156672        |
| train/                  |               |
|    approx_kl            | 0.017344113   |
|    clip_fraction        | 0.222         |
|    clip_range           | 0.2           |
|    entropy_loss         | -16.6         |
|    explained_variance   | 0.00036126375 |
|    learning_rate        | 0.0003        |
|    loss                 | -0.0439       |
|    n_updates            | 1520          |
|    policy_gradient_loss | -0.0292       |
|    std                  | 0.967         |
|    value_loss           | 0.00623       |
-------------------------------------------
-------------------------------------------
| rollout/                |               |
|    ep_len_mean          | 1.44e+03      |
|    ep_rew_mean          | 1.46e+03      |
| time/                   |               |
|    fps                  | 663           |
|    iterations           | 154           |
|    time_elapsed         | 237           |
|    total_timesteps      | 157696        |
| train/                  |               |
|    approx_kl            | 0.016598592   |
|    clip_fraction        | 0.169         |
|    clip_range           | 0.2           |
|    entropy_loss         | -16.6         |
|    explained_variance   | 0.00032007694 |
|    learning_rate        | 0.0003        |
|    loss                 | -0.0336       |
|    n_updates            | 1530          |
|    policy_gradient_loss | -0.0248       |
|    std                  | 0.965         |
|    value_loss           | 0.00676       |
-------------------------------------------
-------------------------------------------
| rollout/                |               |
|    ep_len_mean          | 1.44e+03      |
|    ep_rew_mean          | 1.46e+03      |
| time/                   |               |
|    fps                  | 663           |
|    iterations           | 155           |
|    time_elapsed         | 239           |
|    total_timesteps      | 158720        |
| train/                  |               |
|    approx_kl            | 0.017054021   |
|    clip_fraction        | 0.175         |
|    clip_range           | 0.2           |
|    entropy_loss         | -16.6         |
|    explained_variance   | 0.00043606758 |
|    learning_rate        | 0.0003        |
|    loss                 | -0.0377       |
|    n_updates            | 1540          |
|    policy_gradient_loss | -0.022        |
|    std                  | 0.964         |
|    value_loss           | 0.0058        |
-------------------------------------------
-------------------------------------------
| rollout/                |               |
|    ep_len_mean          | 1.44e+03      |
|    ep_rew_mean          | 1.46e+03      |
| time/                   |               |
|    fps                  | 663           |
|    iterations           | 156           |
|    time_elapsed         | 240           |
|    total_timesteps      | 159744        |
| train/                  |               |
|    approx_kl            | 0.013210487   |
|    clip_fraction        | 0.159         |
|    clip_range           | 0.2           |
|    entropy_loss         | -16.6         |
|    explained_variance   | 0.00037288666 |
|    learning_rate        | 0.0003        |
|    loss                 | -0.0249       |
|    n_updates            | 1550          |
|    policy_gradient_loss | -0.0214       |
|    std                  | 0.966         |
|    value_loss           | 0.00501       |
-------------------------------------------
------------------------------------------
| rollout/                |              |
|    ep_len_mean          | 1.44e+03     |
|    ep_rew_mean          | 1.46e+03     |
| time/                   |              |
|    fps                  | 664          |
|    iterations           | 157          |
|    time_elapsed         | 242          |
|    total_timesteps      | 160768       |
| train/                  |              |
|    approx_kl            | 0.014501039  |
|    clip_fraction        | 0.158        |
|    clip_range           | 0.2          |
|    entropy_loss         | -16.6        |
|    explained_variance   | 0.0004221201 |
|    learning_rate        | 0.0003       |
|    loss                 | -0.047       |
|    n_updates            | 1560         |
|    policy_gradient_loss | -0.0273      |
|    std                  | 0.967        |
|    value_loss           | 0.00641      |
------------------------------------------
-------------------------------------------
| rollout/                |               |
|    ep_len_mean          | 1.44e+03      |
|    ep_rew_mean          | 1.46e+03      |
| time/                   |               |
|    fps                  | 664           |
|    iterations           | 158           |
|    time_elapsed         | 243           |
|    total_timesteps      | 161792        |
| train/                  |               |
|    approx_kl            | 0.0142613035  |
|    clip_fraction        | 0.18          |
|    clip_range           | 0.2           |
|    entropy_loss         | -16.6         |
|    explained_variance   | 0.00015473366 |
|    learning_rate        | 0.0003        |
|    loss                 | -0.03         |
|    n_updates            | 1570          |
|    policy_gradient_loss | -0.0245       |
|    std                  | 0.966         |
|    value_loss           | 0.00479       |
-------------------------------------------
-------------------------------------------
| rollout/                |               |
|    ep_len_mean          | 1.44e+03      |
|    ep_rew_mean          | 1.46e+03      |
| time/                   |               |
|    fps                  | 664           |
|    iterations           | 159           |
|    time_elapsed         | 245           |
|    total_timesteps      | 162816        |
| train/                  |               |
|    approx_kl            | 0.015590342   |
|    clip_fraction        | 0.165         |
|    clip_range           | 0.2           |
|    entropy_loss         | -16.6         |
|    explained_variance   | 0.00036233664 |
|    learning_rate        | 0.0003        |
|    loss                 | -0.0366       |
|    n_updates            | 1580          |
|    policy_gradient_loss | -0.021        |
|    std                  | 0.964         |
|    value_loss           | 0.00627       |
-------------------------------------------
-------------------------------------------
| rollout/                |               |
|    ep_len_mean          | 1.44e+03      |
|    ep_rew_mean          | 1.46e+03      |
| time/                   |               |
|    fps                  | 664           |
|    iterations           | 160           |
|    time_elapsed         | 246           |
|    total_timesteps      | 163840        |
| train/                  |               |
|    approx_kl            | 0.014584422   |
|    clip_fraction        | 0.173         |
|    clip_range           | 0.2           |
|    entropy_loss         | -16.5         |
|    explained_variance   | 0.00021207333 |
|    learning_rate        | 0.0003        |
|    loss                 | -0.0242       |
|    n_updates            | 1590          |
|    policy_gradient_loss | -0.023        |
|    std                  | 0.959         |
|    value_loss           | 0.00705       |
-------------------------------------------
-------------------------------------------
| rollout/                |               |
|    ep_len_mean          | 1.44e+03      |
|    ep_rew_mean          | 1.46e+03      |
| time/                   |               |
|    fps                  | 664           |
|    iterations           | 161           |
|    time_elapsed         | 247           |
|    total_timesteps      | 164864        |
| train/                  |               |
|    approx_kl            | 0.017936178   |
|    clip_fraction        | 0.223         |
|    clip_range           | 0.2           |
|    entropy_loss         | -16.5         |
|    explained_variance   | 5.3584576e-05 |
|    learning_rate        | 0.0003        |
|    loss                 | -0.0331       |
|    n_updates            | 1600          |
|    policy_gradient_loss | -0.0301       |
|    std                  | 0.96          |
|    value_loss           | 0.00491       |
-------------------------------------------
-------------------------------------------
| rollout/                |               |
|    ep_len_mean          | 1.44e+03      |
|    ep_rew_mean          | 1.46e+03      |
| time/                   |               |
|    fps                  | 665           |
|    iterations           | 162           |
|    time_elapsed         | 249           |
|    total_timesteps      | 165888        |
| train/                  |               |
|    approx_kl            | 0.015667085   |
|    clip_fraction        | 0.199         |
|    clip_range           | 0.2           |
|    entropy_loss         | -16.5         |
|    explained_variance   | 5.2511692e-05 |
|    learning_rate        | 0.0003        |
|    loss                 | -0.0436       |
|    n_updates            | 1610          |
|    policy_gradient_loss | -0.0246       |
|    std                  | 0.959         |
|    value_loss           | 0.011         |
-------------------------------------------
-------------------------------------------
| rollout/                |               |
|    ep_len_mean          | 1.44e+03      |
|    ep_rew_mean          | 1.46e+03      |
| time/                   |               |
|    fps                  | 665           |
|    iterations           | 163           |
|    time_elapsed         | 250           |
|    total_timesteps      | 166912        |
| train/                  |               |
|    approx_kl            | 0.012855908   |
|    clip_fraction        | 0.167         |
|    clip_range           | 0.2           |
|    entropy_loss         | -16.5         |
|    explained_variance   | 9.2983246e-05 |
|    learning_rate        | 0.0003        |
|    loss                 | -0.0287       |
|    n_updates            | 1620          |
|    policy_gradient_loss | -0.0218       |
|    std                  | 0.958         |
|    value_loss           | 0.0135        |
-------------------------------------------
--------------------------------------------
| rollout/                |                |
|    ep_len_mean          | 1.44e+03       |
|    ep_rew_mean          | 1.46e+03       |
| time/                   |                |
|    fps                  | 665            |
|    iterations           | 164            |
|    time_elapsed         | 252            |
|    total_timesteps      | 167936         |
| train/                  |                |
|    approx_kl            | 0.015266504    |
|    clip_fraction        | 0.137          |
|    clip_range           | 0.2            |
|    entropy_loss         | -16.5          |
|    explained_variance   | -0.00016975403 |
|    learning_rate        | 0.0003         |
|    loss                 | -0.0328        |
|    n_updates            | 1630           |
|    policy_gradient_loss | -0.0238        |
|    std                  | 0.958          |
|    value_loss           | 0.00493        |
--------------------------------------------
-------------------------------------------
| rollout/                |               |
|    ep_len_mean          | 1.44e+03      |
|    ep_rew_mean          | 1.46e+03      |
| time/                   |               |
|    fps                  | 665           |
|    iterations           | 165           |
|    time_elapsed         | 253           |
|    total_timesteps      | 168960        |
| train/                  |               |
|    approx_kl            | 0.016648779   |
|    clip_fraction        | 0.168         |
|    clip_range           | 0.2           |
|    entropy_loss         | -16.5         |
|    explained_variance   | 0.00032830238 |
|    learning_rate        | 0.0003        |
|    loss                 | -0.0248       |
|    n_updates            | 1640          |
|    policy_gradient_loss | -0.0267       |
|    std                  | 0.958         |
|    value_loss           | 0.00502       |
-------------------------------------------
------------------------------------------
| rollout/                |              |
|    ep_len_mean          | 1.44e+03     |
|    ep_rew_mean          | 1.46e+03     |
| time/                   |              |
|    fps                  | 665          |
|    iterations           | 166          |
|    time_elapsed         | 255          |
|    total_timesteps      | 169984       |
| train/                  |              |
|    approx_kl            | 0.015755951  |
|    clip_fraction        | 0.193        |
|    clip_range           | 0.2          |
|    entropy_loss         | -16.5        |
|    explained_variance   | 0.0006430745 |
|    learning_rate        | 0.0003       |
|    loss                 | -0.0285      |
|    n_updates            | 1650         |
|    policy_gradient_loss | -0.0251      |
|    std                  | 0.958        |
|    value_loss           | 0.00502      |
------------------------------------------
-------------------------------------------
| rollout/                |               |
|    ep_len_mean          | 1.44e+03      |
|    ep_rew_mean          | 1.46e+03      |
| time/                   |               |
|    fps                  | 665           |
|    iterations           | 167           |
|    time_elapsed         | 256           |
|    total_timesteps      | 171008        |
| train/                  |               |
|    approx_kl            | 0.013929123   |
|    clip_fraction        | 0.152         |
|    clip_range           | 0.2           |
|    entropy_loss         | -16.5         |
|    explained_variance   | 0.00016152859 |
|    learning_rate        | 0.0003        |
|    loss                 | -0.0277       |
|    n_updates            | 1660          |
|    policy_gradient_loss | -0.0224       |
|    std                  | 0.957         |
|    value_loss           | 0.00479       |
-------------------------------------------
------------------------------------------
| rollout/                |              |
|    ep_len_mean          | 1.44e+03     |
|    ep_rew_mean          | 1.46e+03     |
| time/                   |              |
|    fps                  | 665          |
|    iterations           | 168          |
|    time_elapsed         | 258          |
|    total_timesteps      | 172032       |
| train/                  |              |
|    approx_kl            | 0.015217625  |
|    clip_fraction        | 0.161        |
|    clip_range           | 0.2          |
|    entropy_loss         | -16.5        |
|    explained_variance   | 0.0001501441 |
|    learning_rate        | 0.0003       |
|    loss                 | -0.0329      |
|    n_updates            | 1670         |
|    policy_gradient_loss | -0.0248      |
|    std                  | 0.955        |
|    value_loss           | 0.00774      |
------------------------------------------
------------------------------------------
| rollout/                |              |
|    ep_len_mean          | 1.44e+03     |
|    ep_rew_mean          | 1.46e+03     |
| time/                   |              |
|    fps                  | 666          |
|    iterations           | 169          |
|    time_elapsed         | 259          |
|    total_timesteps      | 173056       |
| train/                  |              |
|    approx_kl            | 0.014300432  |
|    clip_fraction        | 0.146        |
|    clip_range           | 0.2          |
|    entropy_loss         | -16.5        |
|    explained_variance   | 0.0001538992 |
|    learning_rate        | 0.0003       |
|    loss                 | -0.032       |
|    n_updates            | 1680         |
|    policy_gradient_loss | -0.0207      |
|    std                  | 0.955        |
|    value_loss           | 0.0115       |
------------------------------------------
------------------------------------------
| rollout/                |              |
|    ep_len_mean          | 1.44e+03     |
|    ep_rew_mean          | 1.46e+03     |
| time/                   |              |
|    fps                  | 665          |
|    iterations           | 170          |
|    time_elapsed         | 261          |
|    total_timesteps      | 174080       |
| train/                  |              |
|    approx_kl            | 0.014219651  |
|    clip_fraction        | 0.15         |
|    clip_range           | 0.2          |
|    entropy_loss         | -16.5        |
|    explained_variance   | 1.579523e-05 |
|    learning_rate        | 0.0003       |
|    loss                 | -0.0134      |
|    n_updates            | 1690         |
|    policy_gradient_loss | -0.0231      |
|    std                  | 0.957        |
|    value_loss           | 0.031        |
------------------------------------------
------------------------------------------
| rollout/                |              |
|    ep_len_mean          | 1.44e+03     |
|    ep_rew_mean          | 1.46e+03     |
| time/                   |              |
|    fps                  | 666          |
|    iterations           | 171          |
|    time_elapsed         | 262          |
|    total_timesteps      | 175104       |
| train/                  |              |
|    approx_kl            | 0.0151145235 |
|    clip_fraction        | 0.181        |
|    clip_range           | 0.2          |
|    entropy_loss         | -16.5        |
|    explained_variance   | 0.0003966689 |
|    learning_rate        | 0.0003       |
|    loss                 | -0.0259      |
|    n_updates            | 1700         |
|    policy_gradient_loss | -0.0268      |
|    std                  | 0.955        |
|    value_loss           | 0.00666      |
------------------------------------------
-------------------------------------------
| rollout/                |               |
|    ep_len_mean          | 1.44e+03      |
|    ep_rew_mean          | 1.46e+03      |
| time/                   |               |
|    fps                  | 666           |
|    iterations           | 172           |
|    time_elapsed         | 264           |
|    total_timesteps      | 176128        |
| train/                  |               |
|    approx_kl            | 0.013476233   |
|    clip_fraction        | 0.168         |
|    clip_range           | 0.2           |
|    entropy_loss         | -16.5         |
|    explained_variance   | 0.00049871206 |
|    learning_rate        | 0.0003        |
|    loss                 | -0.0346       |
|    n_updates            | 1710          |
|    policy_gradient_loss | -0.0214       |
|    std                  | 0.955         |
|    value_loss           | 0.0073        |
-------------------------------------------
-------------------------------------------
| rollout/                |               |
|    ep_len_mean          | 1.44e+03      |
|    ep_rew_mean          | 1.46e+03      |
| time/                   |               |
|    fps                  | 666           |
|    iterations           | 173           |
|    time_elapsed         | 265           |
|    total_timesteps      | 177152        |
| train/                  |               |
|    approx_kl            | 0.014897749   |
|    clip_fraction        | 0.172         |
|    clip_range           | 0.2           |
|    entropy_loss         | -16.4         |
|    explained_variance   | 0.00022345781 |
|    learning_rate        | 0.0003        |
|    loss                 | -0.0253       |
|    n_updates            | 1720          |
|    policy_gradient_loss | -0.0236       |
|    std                  | 0.953         |
|    value_loss           | 0.00863       |
-------------------------------------------
-------------------------------------------
| rollout/                |               |
|    ep_len_mean          | 1.44e+03      |
|    ep_rew_mean          | 1.46e+03      |
| time/                   |               |
|    fps                  | 666           |
|    iterations           | 174           |
|    time_elapsed         | 267           |
|    total_timesteps      | 178176        |
| train/                  |               |
|    approx_kl            | 0.018735688   |
|    clip_fraction        | 0.222         |
|    clip_range           | 0.2           |
|    entropy_loss         | -16.4         |
|    explained_variance   | -7.176399e-05 |
|    learning_rate        | 0.0003        |
|    loss                 | -0.0282       |
|    n_updates            | 1730          |
|    policy_gradient_loss | -0.0301       |
|    std                  | 0.953         |
|    value_loss           | 0.00613       |
-------------------------------------------
------------------------------------------
| rollout/                |              |
|    ep_len_mean          | 1.44e+03     |
|    ep_rew_mean          | 1.46e+03     |
| time/                   |              |
|    fps                  | 666          |
|    iterations           | 175          |
|    time_elapsed         | 268          |
|    total_timesteps      | 179200       |
| train/                  |              |
|    approx_kl            | 0.013167812  |
|    clip_fraction        | 0.163        |
|    clip_range           | 0.2          |
|    entropy_loss         | -16.4        |
|    explained_variance   | 0.0005686283 |
|    learning_rate        | 0.0003       |
|    loss                 | -0.0296      |
|    n_updates            | 1740         |
|    policy_gradient_loss | -0.0249      |
|    std                  | 0.953        |
|    value_loss           | 0.0072       |
------------------------------------------
-------------------------------------------
| rollout/                |               |
|    ep_len_mean          | 1.44e+03      |
|    ep_rew_mean          | 1.46e+03      |
| time/                   |               |
|    fps                  | 666           |
|    iterations           | 176           |
|    time_elapsed         | 270           |
|    total_timesteps      | 180224        |
| train/                  |               |
|    approx_kl            | 0.012004535   |
|    clip_fraction        | 0.176         |
|    clip_range           | 0.2           |
|    entropy_loss         | -16.4         |
|    explained_variance   | 0.00045239925 |
|    learning_rate        | 0.0003        |
|    loss                 | -0.0265       |
|    n_updates            | 1750          |
|    policy_gradient_loss | -0.0242       |
|    std                  | 0.953         |
|    value_loss           | 0.00729       |
-------------------------------------------
------------------------------------------
| rollout/                |              |
|    ep_len_mean          | 1.44e+03     |
|    ep_rew_mean          | 1.46e+03     |
| time/                   |              |
|    fps                  | 666          |
|    iterations           | 177          |
|    time_elapsed         | 271          |
|    total_timesteps      | 181248       |
| train/                  |              |
|    approx_kl            | 0.014672739  |
|    clip_fraction        | 0.172        |
|    clip_range           | 0.2          |
|    entropy_loss         | -16.4        |
|    explained_variance   | 0.0006201267 |
|    learning_rate        | 0.0003       |
|    loss                 | -0.0496      |
|    n_updates            | 1760         |
|    policy_gradient_loss | -0.0224      |
|    std                  | 0.953        |
|    value_loss           | 0.00542      |
------------------------------------------
-------------------------------------------
| rollout/                |               |
|    ep_len_mean          | 1.44e+03      |
|    ep_rew_mean          | 1.46e+03      |
| time/                   |               |
|    fps                  | 666           |
|    iterations           | 178           |
|    time_elapsed         | 273           |
|    total_timesteps      | 182272        |
| train/                  |               |
|    approx_kl            | 0.011673934   |
|    clip_fraction        | 0.145         |
|    clip_range           | 0.2           |
|    entropy_loss         | -16.4         |
|    explained_variance   | 0.00040751696 |
|    learning_rate        | 0.0003        |
|    loss                 | -0.0301       |
|    n_updates            | 1770          |
|    policy_gradient_loss | -0.0219       |
|    std                  | 0.952         |
|    value_loss           | 0.00554       |
-------------------------------------------
------------------------------------------
| rollout/                |              |
|    ep_len_mean          | 1.44e+03     |
|    ep_rew_mean          | 1.46e+03     |
| time/                   |              |
|    fps                  | 666          |
|    iterations           | 179          |
|    time_elapsed         | 274          |
|    total_timesteps      | 183296       |
| train/                  |              |
|    approx_kl            | 0.0145601705 |
|    clip_fraction        | 0.142        |
|    clip_range           | 0.2          |
|    entropy_loss         | -16.4        |
|    explained_variance   | 0.0004824996 |
|    learning_rate        | 0.0003       |
|    loss                 | -0.0294      |
|    n_updates            | 1780         |
|    policy_gradient_loss | -0.019       |
|    std                  | 0.95         |
|    value_loss           | 0.00776      |
------------------------------------------
------------------------------------------
| rollout/                |              |
|    ep_len_mean          | 1.44e+03     |
|    ep_rew_mean          | 1.46e+03     |
| time/                   |              |
|    fps                  | 666          |
|    iterations           | 180          |
|    time_elapsed         | 276          |
|    total_timesteps      | 184320       |
| train/                  |              |
|    approx_kl            | 0.012738351  |
|    clip_fraction        | 0.159        |
|    clip_range           | 0.2          |
|    entropy_loss         | -16.4        |
|    explained_variance   | 0.0002502799 |
|    learning_rate        | 0.0003       |
|    loss                 | -0.0471      |
|    n_updates            | 1790         |
|    policy_gradient_loss | -0.0227      |
|    std                  | 0.947        |
|    value_loss           | 0.00793      |
------------------------------------------
------------------------------------------
| rollout/                |              |
|    ep_len_mean          | 1.44e+03     |
|    ep_rew_mean          | 1.46e+03     |
| time/                   |              |
|    fps                  | 666          |
|    iterations           | 181          |
|    time_elapsed         | 277          |
|    total_timesteps      | 185344       |
| train/                  |              |
|    approx_kl            | 0.010948212  |
|    clip_fraction        | 0.12         |
|    clip_range           | 0.2          |
|    entropy_loss         | -16.3        |
|    explained_variance   | 9.691715e-05 |
|    learning_rate        | 0.0003       |
|    loss                 | -0.0446      |
|    n_updates            | 1800         |
|    policy_gradient_loss | -0.0213      |
|    std                  | 0.943        |
|    value_loss           | 0.00534      |
------------------------------------------
------------------------------------------
| rollout/                |              |
|    ep_len_mean          | 1.44e+03     |
|    ep_rew_mean          | 1.46e+03     |
| time/                   |              |
|    fps                  | 667          |
|    iterations           | 182          |
|    time_elapsed         | 279          |
|    total_timesteps      | 186368       |
| train/                  |              |
|    approx_kl            | 0.016709888  |
|    clip_fraction        | 0.201        |
|    clip_range           | 0.2          |
|    entropy_loss         | -16.3        |
|    explained_variance   | 0.0003258586 |
|    learning_rate        | 0.0003       |
|    loss                 | -0.0329      |
|    n_updates            | 1810         |
|    policy_gradient_loss | -0.026       |
|    std                  | 0.94         |
|    value_loss           | 0.00671      |
------------------------------------------
------------------------------------------
| rollout/                |              |
|    ep_len_mean          | 1.44e+03     |
|    ep_rew_mean          | 1.46e+03     |
| time/                   |              |
|    fps                  | 667          |
|    iterations           | 183          |
|    time_elapsed         | 280          |
|    total_timesteps      | 187392       |
| train/                  |              |
|    approx_kl            | 0.015747815  |
|    clip_fraction        | 0.176        |
|    clip_range           | 0.2          |
|    entropy_loss         | -16.3        |
|    explained_variance   | 0.0003861189 |
|    learning_rate        | 0.0003       |
|    loss                 | -0.031       |
|    n_updates            | 1820         |
|    policy_gradient_loss | -0.0239      |
|    std                  | 0.94         |
|    value_loss           | 0.00908      |
------------------------------------------
------------------------------------------
| rollout/                |              |
|    ep_len_mean          | 1.44e+03     |
|    ep_rew_mean          | 1.46e+03     |
| time/                   |              |
|    fps                  | 667          |
|    iterations           | 184          |
|    time_elapsed         | 282          |
|    total_timesteps      | 188416       |
| train/                  |              |
|    approx_kl            | 0.012277227  |
|    clip_fraction        | 0.179        |
|    clip_range           | 0.2          |
|    entropy_loss         | -16.3        |
|    explained_variance   | 0.0008125305 |
|    learning_rate        | 0.0003       |
|    loss                 | -0.037       |
|    n_updates            | 1830         |
|    policy_gradient_loss | -0.0253      |
|    std                  | 0.938        |
|    value_loss           | 0.00514      |
------------------------------------------
-------------------------------------------
| rollout/                |               |
|    ep_len_mean          | 1.44e+03      |
|    ep_rew_mean          | 1.46e+03      |
| time/                   |               |
|    fps                  | 667           |
|    iterations           | 185           |
|    time_elapsed         | 283           |
|    total_timesteps      | 189440        |
| train/                  |               |
|    approx_kl            | 0.014755799   |
|    clip_fraction        | 0.172         |
|    clip_range           | 0.2           |
|    entropy_loss         | -16.2         |
|    explained_variance   | 0.00040316582 |
|    learning_rate        | 0.0003        |
|    loss                 | -0.038        |
|    n_updates            | 1840          |
|    policy_gradient_loss | -0.0238       |
|    std                  | 0.936         |
|    value_loss           | 0.00627       |
-------------------------------------------
------------------------------------------
| rollout/                |              |
|    ep_len_mean          | 1.44e+03     |
|    ep_rew_mean          | 1.46e+03     |
| time/                   |              |
|    fps                  | 667          |
|    iterations           | 186          |
|    time_elapsed         | 285          |
|    total_timesteps      | 190464       |
| train/                  |              |
|    approx_kl            | 0.0153993955 |
|    clip_fraction        | 0.185        |
|    clip_range           | 0.2          |
|    entropy_loss         | -16.2        |
|    explained_variance   | 0.0004683733 |
|    learning_rate        | 0.0003       |
|    loss                 | -0.0283      |
|    n_updates            | 1850         |
|    policy_gradient_loss | -0.024       |
|    std                  | 0.936        |
|    value_loss           | 0.00688      |
------------------------------------------
------------------------------------------
| rollout/                |              |
|    ep_len_mean          | 1.44e+03     |
|    ep_rew_mean          | 1.46e+03     |
| time/                   |              |
|    fps                  | 667          |
|    iterations           | 187          |
|    time_elapsed         | 286          |
|    total_timesteps      | 191488       |
| train/                  |              |
|    approx_kl            | 0.015208292  |
|    clip_fraction        | 0.149        |
|    clip_range           | 0.2          |
|    entropy_loss         | -16.2        |
|    explained_variance   | 0.0006404519 |
|    learning_rate        | 0.0003       |
|    loss                 | -0.0344      |
|    n_updates            | 1860         |
|    policy_gradient_loss | -0.0219      |
|    std                  | 0.934        |
|    value_loss           | 0.00468      |
------------------------------------------
-------------------------------------------
| rollout/                |               |
|    ep_len_mean          | 1.44e+03      |
|    ep_rew_mean          | 1.47e+03      |
| time/                   |               |
|    fps                  | 667           |
|    iterations           | 188           |
|    time_elapsed         | 288           |
|    total_timesteps      | 192512        |
| train/                  |               |
|    approx_kl            | 0.016362477   |
|    clip_fraction        | 0.206         |
|    clip_range           | 0.2           |
|    entropy_loss         | -16.2         |
|    explained_variance   | 0.00023365021 |
|    learning_rate        | 0.0003        |
|    loss                 | -0.0264       |
|    n_updates            | 1870          |
|    policy_gradient_loss | -0.0268       |
|    std                  | 0.933         |
|    value_loss           | 0.00857       |
-------------------------------------------
-------------------------------------------
| rollout/                |               |
|    ep_len_mean          | 1.44e+03      |
|    ep_rew_mean          | 1.47e+03      |
| time/                   |               |
|    fps                  | 667           |
|    iterations           | 189           |
|    time_elapsed         | 289           |
|    total_timesteps      | 193536        |
| train/                  |               |
|    approx_kl            | 0.0138870785  |
|    clip_fraction        | 0.119         |
|    clip_range           | 0.2           |
|    entropy_loss         | -16.2         |
|    explained_variance   | 0.00088220835 |
|    learning_rate        | 0.0003        |
|    loss                 | -0.0294       |
|    n_updates            | 1880          |
|    policy_gradient_loss | -0.0207       |
|    std                  | 0.932         |
|    value_loss           | 0.00433       |
-------------------------------------------
-------------------------------------------
| rollout/                |               |
|    ep_len_mean          | 1.44e+03      |
|    ep_rew_mean          | 1.47e+03      |
| time/                   |               |
|    fps                  | 667           |
|    iterations           | 190           |
|    time_elapsed         | 291           |
|    total_timesteps      | 194560        |
| train/                  |               |
|    approx_kl            | 0.013110414   |
|    clip_fraction        | 0.177         |
|    clip_range           | 0.2           |
|    entropy_loss         | -16.2         |
|    explained_variance   | 0.00031286478 |
|    learning_rate        | 0.0003        |
|    loss                 | -0.0379       |
|    n_updates            | 1890          |
|    policy_gradient_loss | -0.025        |
|    std                  | 0.931         |
|    value_loss           | 0.0054        |
-------------------------------------------
-------------------------------------------
| rollout/                |               |
|    ep_len_mean          | 1.44e+03      |
|    ep_rew_mean          | 1.47e+03      |
| time/                   |               |
|    fps                  | 667           |
|    iterations           | 191           |
|    time_elapsed         | 292           |
|    total_timesteps      | 195584        |
| train/                  |               |
|    approx_kl            | 0.014596997   |
|    clip_fraction        | 0.167         |
|    clip_range           | 0.2           |
|    entropy_loss         | -16.2         |
|    explained_variance   | 0.00042837858 |
|    learning_rate        | 0.0003        |
|    loss                 | -0.0323       |
|    n_updates            | 1900          |
|    policy_gradient_loss | -0.0253       |
|    std                  | 0.932         |
|    value_loss           | 0.00649       |
-------------------------------------------
------------------------------------------
| rollout/                |              |
|    ep_len_mean          | 1.44e+03     |
|    ep_rew_mean          | 1.47e+03     |
| time/                   |              |
|    fps                  | 667          |
|    iterations           | 192          |
|    time_elapsed         | 294          |
|    total_timesteps      | 196608       |
| train/                  |              |
|    approx_kl            | 0.015229686  |
|    clip_fraction        | 0.163        |
|    clip_range           | 0.2          |
|    entropy_loss         | -16.2        |
|    explained_variance   | 0.0005454421 |
|    learning_rate        | 0.0003       |
|    loss                 | -0.0255      |
|    n_updates            | 1910         |
|    policy_gradient_loss | -0.0224      |
|    std                  | 0.933        |
|    value_loss           | 0.00878      |
------------------------------------------
-------------------------------------------
| rollout/                |               |
|    ep_len_mean          | 1.44e+03      |
|    ep_rew_mean          | 1.47e+03      |
| time/                   |               |
|    fps                  | 667           |
|    iterations           | 193           |
|    time_elapsed         | 295           |
|    total_timesteps      | 197632        |
| train/                  |               |
|    approx_kl            | 0.014361003   |
|    clip_fraction        | 0.172         |
|    clip_range           | 0.2           |
|    entropy_loss         | -16.2         |
|    explained_variance   | 0.00025206804 |
|    learning_rate        | 0.0003        |
|    loss                 | -0.0332       |
|    n_updates            | 1920          |
|    policy_gradient_loss | -0.0242       |
|    std                  | 0.934         |
|    value_loss           | 0.00577       |
-------------------------------------------
------------------------------------------
| rollout/                |              |
|    ep_len_mean          | 1.44e+03     |
|    ep_rew_mean          | 1.47e+03     |
| time/                   |              |
|    fps                  | 667          |
|    iterations           | 194          |
|    time_elapsed         | 297          |
|    total_timesteps      | 198656       |
| train/                  |              |
|    approx_kl            | 0.015541119  |
|    clip_fraction        | 0.149        |
|    clip_range           | 0.2          |
|    entropy_loss         | -16.2        |
|    explained_variance   | 0.0006006956 |
|    learning_rate        | 0.0003       |
|    loss                 | -0.0295      |
|    n_updates            | 1930         |
|    policy_gradient_loss | -0.0234      |
|    std                  | 0.932        |
|    value_loss           | 0.00541      |
------------------------------------------
-------------------------------------------
| rollout/                |               |
|    ep_len_mean          | 1.44e+03      |
|    ep_rew_mean          | 1.47e+03      |
| time/                   |               |
|    fps                  | 668           |
|    iterations           | 195           |
|    time_elapsed         | 298           |
|    total_timesteps      | 199680        |
| train/                  |               |
|    approx_kl            | 0.016378656   |
|    clip_fraction        | 0.201         |
|    clip_range           | 0.2           |
|    entropy_loss         | -16.2         |
|    explained_variance   | 0.00087177753 |
|    learning_rate        | 0.0003        |
|    loss                 | -0.0264       |
|    n_updates            | 1940          |
|    policy_gradient_loss | -0.0253       |
|    std                  | 0.933         |
|    value_loss           | 0.004         |
-------------------------------------------
-------------------------------------------
| rollout/                |               |
|    ep_len_mean          | 1.44e+03      |
|    ep_rew_mean          | 1.47e+03      |
| time/                   |               |
|    fps                  | 668           |
|    iterations           | 196           |
|    time_elapsed         | 300           |
|    total_timesteps      | 200704        |
| train/                  |               |
|    approx_kl            | 0.0125450585  |
|    clip_fraction        | 0.154         |
|    clip_range           | 0.2           |
|    entropy_loss         | -16.2         |
|    explained_variance   | 0.00078725815 |
|    learning_rate        | 0.0003        |
|    loss                 | -0.03         |
|    n_updates            | 1950          |
|    policy_gradient_loss | -0.0227       |
|    std                  | 0.933         |
|    value_loss           | 0.00529       |
-------------------------------------------
Política MuJoCo guardada en /home/juli/unitree_ros2/nova-spot-micro-tesis/Experimentos/campana_distribuida_step_s23_20260928/mujoco/step_semilla_1061/policy.zip
