Using cuda device
Wrapping the env with a `Monitor` wrapper
Wrapping the env in a DummyVecEnv.
-----------------------------
| time/              |      |
|    fps             | 669  |
|    iterations      | 1    |
|    time_elapsed    | 1    |
|    total_timesteps | 1024 |
-----------------------------
------------------------------------------
| rollout/                |              |
|    ep_len_mean          | 1.44e+03     |
|    ep_rew_mean          | 1.44e+03     |
| time/                   |              |
|    fps                  | 613          |
|    iterations           | 2            |
|    time_elapsed         | 3            |
|    total_timesteps      | 2048         |
| train/                  |              |
|    approx_kl            | 0.017153919  |
|    clip_fraction        | 0.212        |
|    clip_range           | 0.2          |
|    entropy_loss         | -17          |
|    explained_variance   | 0.0012359619 |
|    learning_rate        | 0.0003       |
|    loss                 | 96.9         |
|    n_updates            | 10           |
|    policy_gradient_loss | -0.0126      |
|    std                  | 1            |
|    value_loss           | 235          |
------------------------------------------
-----------------------------------------
| rollout/                |             |
|    ep_len_mean          | 1.44e+03    |
|    ep_rew_mean          | 1.44e+03    |
| time/                   |             |
|    fps                  | 618         |
|    iterations           | 3           |
|    time_elapsed         | 4           |
|    total_timesteps      | 3072        |
| train/                  |             |
|    approx_kl            | 0.012426895 |
|    clip_fraction        | 0.158       |
|    clip_range           | 0.2         |
|    entropy_loss         | -17.1       |
|    explained_variance   | 0.014521539 |
|    learning_rate        | 0.0003      |
|    loss                 | 91          |
|    n_updates            | 20          |
|    policy_gradient_loss | -0.0136     |
|    std                  | 1           |
|    value_loss           | 216         |
-----------------------------------------
-------------------------------------------
| rollout/                |               |
|    ep_len_mean          | 1.44e+03      |
|    ep_rew_mean          | 1.44e+03      |
| time/                   |               |
|    fps                  | 619           |
|    iterations           | 4             |
|    time_elapsed         | 6             |
|    total_timesteps      | 4096          |
| train/                  |               |
|    approx_kl            | 0.01073182    |
|    clip_fraction        | 0.16          |
|    clip_range           | 0.2           |
|    entropy_loss         | -17.1         |
|    explained_variance   | -0.0018593073 |
|    learning_rate        | 0.0003        |
|    loss                 | 91.8          |
|    n_updates            | 30            |
|    policy_gradient_loss | -0.0145       |
|    std                  | 1             |
|    value_loss           | 210           |
-------------------------------------------
------------------------------------------
| rollout/                |              |
|    ep_len_mean          | 1.44e+03     |
|    ep_rew_mean          | 1.44e+03     |
| time/                   |              |
|    fps                  | 627          |
|    iterations           | 5            |
|    time_elapsed         | 8            |
|    total_timesteps      | 5120         |
| train/                  |              |
|    approx_kl            | 0.015404874  |
|    clip_fraction        | 0.173        |
|    clip_range           | 0.2          |
|    entropy_loss         | -17.1        |
|    explained_variance   | -0.002456069 |
|    learning_rate        | 0.0003       |
|    loss                 | 98.6         |
|    n_updates            | 40           |
|    policy_gradient_loss | -0.0125      |
|    std                  | 1.01         |
|    value_loss           | 216          |
------------------------------------------
-------------------------------------------
| rollout/                |               |
|    ep_len_mean          | 1.44e+03      |
|    ep_rew_mean          | 1.44e+03      |
| time/                   |               |
|    fps                  | 633           |
|    iterations           | 6             |
|    time_elapsed         | 9             |
|    total_timesteps      | 6144          |
| train/                  |               |
|    approx_kl            | 0.01144545    |
|    clip_fraction        | 0.0914        |
|    clip_range           | 0.2           |
|    entropy_loss         | -17.1         |
|    explained_variance   | -0.0007929802 |
|    learning_rate        | 0.0003        |
|    loss                 | 99.3          |
|    n_updates            | 50            |
|    policy_gradient_loss | -0.00893      |
|    std                  | 1.01          |
|    value_loss           | 210           |
-------------------------------------------
--------------------------------------------
| rollout/                |                |
|    ep_len_mean          | 1.44e+03       |
|    ep_rew_mean          | 1.44e+03       |
| time/                   |                |
|    fps                  | 637            |
|    iterations           | 7              |
|    time_elapsed         | 11             |
|    total_timesteps      | 7168           |
| train/                  |                |
|    approx_kl            | 0.016570544    |
|    clip_fraction        | 0.157          |
|    clip_range           | 0.2            |
|    entropy_loss         | -17.1          |
|    explained_variance   | -0.00044298172 |
|    learning_rate        | 0.0003         |
|    loss                 | 97.6           |
|    n_updates            | 60             |
|    policy_gradient_loss | -0.0131        |
|    std                  | 1.01           |
|    value_loss           | 205            |
--------------------------------------------
-------------------------------------------
| rollout/                |               |
|    ep_len_mean          | 1.44e+03      |
|    ep_rew_mean          | 1.44e+03      |
| time/                   |               |
|    fps                  | 639           |
|    iterations           | 8             |
|    time_elapsed         | 12            |
|    total_timesteps      | 8192          |
| train/                  |               |
|    approx_kl            | 0.012614695   |
|    clip_fraction        | 0.167         |
|    clip_range           | 0.2           |
|    entropy_loss         | -17.1         |
|    explained_variance   | 0.00056385994 |
|    learning_rate        | 0.0003        |
|    loss                 | 97.4          |
|    n_updates            | 70            |
|    policy_gradient_loss | -0.0136       |
|    std                  | 1.01          |
|    value_loss           | 207           |
-------------------------------------------
--------------------------------------------
| rollout/                |                |
|    ep_len_mean          | 1.44e+03       |
|    ep_rew_mean          | 1.44e+03       |
| time/                   |                |
|    fps                  | 641            |
|    iterations           | 9              |
|    time_elapsed         | 14             |
|    total_timesteps      | 9216           |
| train/                  |                |
|    approx_kl            | 0.0070200386   |
|    clip_fraction        | 0.0791         |
|    clip_range           | 0.2            |
|    entropy_loss         | -17.1          |
|    explained_variance   | -1.7881393e-06 |
|    learning_rate        | 0.0003         |
|    loss                 | 93.5           |
|    n_updates            | 80             |
|    policy_gradient_loss | -0.00899       |
|    std                  | 1.01           |
|    value_loss           | 199            |
--------------------------------------------
------------------------------------------
| rollout/                |              |
|    ep_len_mean          | 1.44e+03     |
|    ep_rew_mean          | 1.44e+03     |
| time/                   |              |
|    fps                  | 643          |
|    iterations           | 10           |
|    time_elapsed         | 15           |
|    total_timesteps      | 10240        |
| train/                  |              |
|    approx_kl            | 0.010989448  |
|    clip_fraction        | 0.0979       |
|    clip_range           | 0.2          |
|    entropy_loss         | -17.1        |
|    explained_variance   | 0.0006657243 |
|    learning_rate        | 0.0003       |
|    loss                 | 91.3         |
|    n_updates            | 90           |
|    policy_gradient_loss | -0.0117      |
|    std                  | 1.01         |
|    value_loss           | 194          |
------------------------------------------
-------------------------------------------
| rollout/                |               |
|    ep_len_mean          | 1.44e+03      |
|    ep_rew_mean          | 1.44e+03      |
| time/                   |               |
|    fps                  | 645           |
|    iterations           | 11            |
|    time_elapsed         | 17            |
|    total_timesteps      | 11264         |
| train/                  |               |
|    approx_kl            | 0.01229574    |
|    clip_fraction        | 0.151         |
|    clip_range           | 0.2           |
|    entropy_loss         | -17.1         |
|    explained_variance   | 0.00037902594 |
|    learning_rate        | 0.0003        |
|    loss                 | 89.2          |
|    n_updates            | 100           |
|    policy_gradient_loss | -0.0142       |
|    std                  | 1.01          |
|    value_loss           | 191           |
-------------------------------------------
-------------------------------------------
| rollout/                |               |
|    ep_len_mean          | 1.44e+03      |
|    ep_rew_mean          | 1.44e+03      |
| time/                   |               |
|    fps                  | 646           |
|    iterations           | 12            |
|    time_elapsed         | 18            |
|    total_timesteps      | 12288         |
| train/                  |               |
|    approx_kl            | 0.017388385   |
|    clip_fraction        | 0.181         |
|    clip_range           | 0.2           |
|    entropy_loss         | -17.1         |
|    explained_variance   | 1.7106533e-05 |
|    learning_rate        | 0.0003        |
|    loss                 | 90.5          |
|    n_updates            | 110           |
|    policy_gradient_loss | -0.0127       |
|    std                  | 1.01          |
|    value_loss           | 192           |
-------------------------------------------
-------------------------------------------
| rollout/                |               |
|    ep_len_mean          | 1.44e+03      |
|    ep_rew_mean          | 1.44e+03      |
| time/                   |               |
|    fps                  | 648           |
|    iterations           | 13            |
|    time_elapsed         | 20            |
|    total_timesteps      | 13312         |
| train/                  |               |
|    approx_kl            | 0.0134980315  |
|    clip_fraction        | 0.144         |
|    clip_range           | 0.2           |
|    entropy_loss         | -17.1         |
|    explained_variance   | 0.00028073788 |
|    learning_rate        | 0.0003        |
|    loss                 | 86.7          |
|    n_updates            | 120           |
|    policy_gradient_loss | -0.0136       |
|    std                  | 1.01          |
|    value_loss           | 184           |
-------------------------------------------
-------------------------------------------
| rollout/                |               |
|    ep_len_mean          | 1.44e+03      |
|    ep_rew_mean          | 1.44e+03      |
| time/                   |               |
|    fps                  | 648           |
|    iterations           | 14            |
|    time_elapsed         | 22            |
|    total_timesteps      | 14336         |
| train/                  |               |
|    approx_kl            | 0.012042144   |
|    clip_fraction        | 0.111         |
|    clip_range           | 0.2           |
|    entropy_loss         | -17.2         |
|    explained_variance   | 0.00017642975 |
|    learning_rate        | 0.0003        |
|    loss                 | 84.7          |
|    n_updates            | 130           |
|    policy_gradient_loss | -0.00978      |
|    std                  | 1.01          |
|    value_loss           | 179           |
-------------------------------------------
-------------------------------------------
| rollout/                |               |
|    ep_len_mean          | 1.44e+03      |
|    ep_rew_mean          | 1.44e+03      |
| time/                   |               |
|    fps                  | 650           |
|    iterations           | 15            |
|    time_elapsed         | 23            |
|    total_timesteps      | 15360         |
| train/                  |               |
|    approx_kl            | 0.015485726   |
|    clip_fraction        | 0.117         |
|    clip_range           | 0.2           |
|    entropy_loss         | -17.2         |
|    explained_variance   | 0.00016975403 |
|    learning_rate        | 0.0003        |
|    loss                 | 85.1          |
|    n_updates            | 140           |
|    policy_gradient_loss | -0.00949      |
|    std                  | 1.01          |
|    value_loss           | 181           |
-------------------------------------------
------------------------------------------
| rollout/                |              |
|    ep_len_mean          | 1.44e+03     |
|    ep_rew_mean          | 1.44e+03     |
| time/                   |              |
|    fps                  | 651          |
|    iterations           | 16           |
|    time_elapsed         | 25           |
|    total_timesteps      | 16384        |
| train/                  |              |
|    approx_kl            | 0.011528694  |
|    clip_fraction        | 0.132        |
|    clip_range           | 0.2          |
|    entropy_loss         | -17.2        |
|    explained_variance   | 0.0002732277 |
|    learning_rate        | 0.0003       |
|    loss                 | 79.8         |
|    n_updates            | 150          |
|    policy_gradient_loss | -0.0132      |
|    std                  | 1.01         |
|    value_loss           | 173          |
------------------------------------------
------------------------------------------
| rollout/                |              |
|    ep_len_mean          | 1.44e+03     |
|    ep_rew_mean          | 1.44e+03     |
| time/                   |              |
|    fps                  | 652          |
|    iterations           | 17           |
|    time_elapsed         | 26           |
|    total_timesteps      | 17408        |
| train/                  |              |
|    approx_kl            | 0.011424972  |
|    clip_fraction        | 0.113        |
|    clip_range           | 0.2          |
|    entropy_loss         | -17.2        |
|    explained_variance   | 0.0005142689 |
|    learning_rate        | 0.0003       |
|    loss                 | 81.2         |
|    n_updates            | 160          |
|    policy_gradient_loss | -0.0142      |
|    std                  | 1.02         |
|    value_loss           | 170          |
------------------------------------------
------------------------------------------
| rollout/                |              |
|    ep_len_mean          | 1.44e+03     |
|    ep_rew_mean          | 1.44e+03     |
| time/                   |              |
|    fps                  | 654          |
|    iterations           | 18           |
|    time_elapsed         | 28           |
|    total_timesteps      | 18432        |
| train/                  |              |
|    approx_kl            | 0.014094228  |
|    clip_fraction        | 0.162        |
|    clip_range           | 0.2          |
|    entropy_loss         | -17.2        |
|    explained_variance   | 0.0003952384 |
|    learning_rate        | 0.0003       |
|    loss                 | 80           |
|    n_updates            | 170          |
|    policy_gradient_loss | -0.0137      |
|    std                  | 1.02         |
|    value_loss           | 166          |
------------------------------------------
--------------------------------------------
| rollout/                |                |
|    ep_len_mean          | 1.44e+03       |
|    ep_rew_mean          | 1.44e+03       |
| time/                   |                |
|    fps                  | 655            |
|    iterations           | 19             |
|    time_elapsed         | 29             |
|    total_timesteps      | 19456          |
| train/                  |                |
|    approx_kl            | 0.01678515     |
|    clip_fraction        | 0.186          |
|    clip_range           | 0.2            |
|    entropy_loss         | -17.2          |
|    explained_variance   | -1.3113022e-05 |
|    learning_rate        | 0.0003         |
|    loss                 | 78             |
|    n_updates            | 180            |
|    policy_gradient_loss | -0.0136        |
|    std                  | 1.02           |
|    value_loss           | 167            |
--------------------------------------------
------------------------------------------
| rollout/                |              |
|    ep_len_mean          | 1.44e+03     |
|    ep_rew_mean          | 1.44e+03     |
| time/                   |              |
|    fps                  | 656          |
|    iterations           | 20           |
|    time_elapsed         | 31           |
|    total_timesteps      | 20480        |
| train/                  |              |
|    approx_kl            | 0.016264323  |
|    clip_fraction        | 0.165        |
|    clip_range           | 0.2          |
|    entropy_loss         | -17.2        |
|    explained_variance   | 0.0003299117 |
|    learning_rate        | 0.0003       |
|    loss                 | 74.7         |
|    n_updates            | 190          |
|    policy_gradient_loss | -0.0151      |
|    std                  | 1.02         |
|    value_loss           | 160          |
------------------------------------------
-------------------------------------------
| rollout/                |               |
|    ep_len_mean          | 1.44e+03      |
|    ep_rew_mean          | 1.44e+03      |
| time/                   |               |
|    fps                  | 657           |
|    iterations           | 21            |
|    time_elapsed         | 32            |
|    total_timesteps      | 21504         |
| train/                  |               |
|    approx_kl            | 0.01371674    |
|    clip_fraction        | 0.154         |
|    clip_range           | 0.2           |
|    entropy_loss         | -17.2         |
|    explained_variance   | 0.00048482418 |
|    learning_rate        | 0.0003        |
|    loss                 | 73.1          |
|    n_updates            | 200           |
|    policy_gradient_loss | -0.0147       |
|    std                  | 1.02          |
|    value_loss           | 156           |
-------------------------------------------
-------------------------------------------
| rollout/                |               |
|    ep_len_mean          | 1.44e+03      |
|    ep_rew_mean          | 1.44e+03      |
| time/                   |               |
|    fps                  | 658           |
|    iterations           | 22            |
|    time_elapsed         | 34            |
|    total_timesteps      | 22528         |
| train/                  |               |
|    approx_kl            | 0.014275006   |
|    clip_fraction        | 0.165         |
|    clip_range           | 0.2           |
|    entropy_loss         | -17.2         |
|    explained_variance   | -0.0001180172 |
|    learning_rate        | 0.0003        |
|    loss                 | 73.5          |
|    n_updates            | 210           |
|    policy_gradient_loss | -0.0138       |
|    std                  | 1.02          |
|    value_loss           | 157           |
-------------------------------------------
------------------------------------------
| rollout/                |              |
|    ep_len_mean          | 1.44e+03     |
|    ep_rew_mean          | 1.44e+03     |
| time/                   |              |
|    fps                  | 659          |
|    iterations           | 23           |
|    time_elapsed         | 35           |
|    total_timesteps      | 23552        |
| train/                  |              |
|    approx_kl            | 0.012434913  |
|    clip_fraction        | 0.163        |
|    clip_range           | 0.2          |
|    entropy_loss         | -17.2        |
|    explained_variance   | 0.0001809597 |
|    learning_rate        | 0.0003       |
|    loss                 | 69.9         |
|    n_updates            | 220          |
|    policy_gradient_loss | -0.0152      |
|    std                  | 1.02         |
|    value_loss           | 150          |
------------------------------------------
------------------------------------------
| rollout/                |              |
|    ep_len_mean          | 1.44e+03     |
|    ep_rew_mean          | 1.44e+03     |
| time/                   |              |
|    fps                  | 659          |
|    iterations           | 24           |
|    time_elapsed         | 37           |
|    total_timesteps      | 24576        |
| train/                  |              |
|    approx_kl            | 0.014909232  |
|    clip_fraction        | 0.162        |
|    clip_range           | 0.2          |
|    entropy_loss         | -17.3        |
|    explained_variance   | 6.377697e-05 |
|    learning_rate        | 0.0003       |
|    loss                 | 67.9         |
|    n_updates            | 230          |
|    policy_gradient_loss | -0.0145      |
|    std                  | 1.02         |
|    value_loss           | 147          |
------------------------------------------
--------------------------------------------
| rollout/                |                |
|    ep_len_mean          | 1.44e+03       |
|    ep_rew_mean          | 1.44e+03       |
| time/                   |                |
|    fps                  | 659            |
|    iterations           | 25             |
|    time_elapsed         | 38             |
|    total_timesteps      | 25600          |
| train/                  |                |
|    approx_kl            | 0.012082282    |
|    clip_fraction        | 0.152          |
|    clip_range           | 0.2            |
|    entropy_loss         | -17.3          |
|    explained_variance   | -0.00018489361 |
|    learning_rate        | 0.0003         |
|    loss                 | 67.4           |
|    n_updates            | 240            |
|    policy_gradient_loss | -0.0133        |
|    std                  | 1.02           |
|    value_loss           | 144            |
--------------------------------------------
-------------------------------------------
| rollout/                |               |
|    ep_len_mean          | 1.44e+03      |
|    ep_rew_mean          | 1.44e+03      |
| time/                   |               |
|    fps                  | 659           |
|    iterations           | 26            |
|    time_elapsed         | 40            |
|    total_timesteps      | 26624         |
| train/                  |               |
|    approx_kl            | 0.016128462   |
|    clip_fraction        | 0.159         |
|    clip_range           | 0.2           |
|    entropy_loss         | -17.2         |
|    explained_variance   | 0.00042116642 |
|    learning_rate        | 0.0003        |
|    loss                 | 66.4          |
|    n_updates            | 250           |
|    policy_gradient_loss | -0.0145       |
|    std                  | 1.02          |
|    value_loss           | 144           |
-------------------------------------------
--------------------------------------------
| rollout/                |                |
|    ep_len_mean          | 1.44e+03       |
|    ep_rew_mean          | 1.44e+03       |
| time/                   |                |
|    fps                  | 660            |
|    iterations           | 27             |
|    time_elapsed         | 41             |
|    total_timesteps      | 27648          |
| train/                  |                |
|    approx_kl            | 0.011211248    |
|    clip_fraction        | 0.117          |
|    clip_range           | 0.2            |
|    entropy_loss         | -17.3          |
|    explained_variance   | -0.00010931492 |
|    learning_rate        | 0.0003         |
|    loss                 | 64.2           |
|    n_updates            | 260            |
|    policy_gradient_loss | -0.0121        |
|    std                  | 1.02           |
|    value_loss           | 137            |
--------------------------------------------
------------------------------------------
| rollout/                |              |
|    ep_len_mean          | 1.44e+03     |
|    ep_rew_mean          | 1.44e+03     |
| time/                   |              |
|    fps                  | 660          |
|    iterations           | 28           |
|    time_elapsed         | 43           |
|    total_timesteps      | 28672        |
| train/                  |              |
|    approx_kl            | 0.010238754  |
|    clip_fraction        | 0.138        |
|    clip_range           | 0.2          |
|    entropy_loss         | -17.3        |
|    explained_variance   | 8.779764e-05 |
|    learning_rate        | 0.0003       |
|    loss                 | 63.4         |
|    n_updates            | 270          |
|    policy_gradient_loss | -0.0156      |
|    std                  | 1.02         |
|    value_loss           | 134          |
------------------------------------------
-------------------------------------------
| rollout/                |               |
|    ep_len_mean          | 1.44e+03      |
|    ep_rew_mean          | 1.44e+03      |
| time/                   |               |
|    fps                  | 660           |
|    iterations           | 29            |
|    time_elapsed         | 44            |
|    total_timesteps      | 29696         |
| train/                  |               |
|    approx_kl            | 0.017207863   |
|    clip_fraction        | 0.167         |
|    clip_range           | 0.2           |
|    entropy_loss         | -17.3         |
|    explained_variance   | 0.00020009279 |
|    learning_rate        | 0.0003        |
|    loss                 | 63.2          |
|    n_updates            | 280           |
|    policy_gradient_loss | -0.0144       |
|    std                  | 1.02          |
|    value_loss           | 134           |
-------------------------------------------
--------------------------------------------
| rollout/                |                |
|    ep_len_mean          | 1.44e+03       |
|    ep_rew_mean          | 1.44e+03       |
| time/                   |                |
|    fps                  | 661            |
|    iterations           | 30             |
|    time_elapsed         | 46             |
|    total_timesteps      | 30720          |
| train/                  |                |
|    approx_kl            | 0.011791876    |
|    clip_fraction        | 0.155          |
|    clip_range           | 0.2            |
|    entropy_loss         | -17.3          |
|    explained_variance   | -1.3589859e-05 |
|    learning_rate        | 0.0003         |
|    loss                 | 59.9           |
|    n_updates            | 290            |
|    policy_gradient_loss | -0.015         |
|    std                  | 1.02           |
|    value_loss           | 128            |
--------------------------------------------
-------------------------------------------
| rollout/                |               |
|    ep_len_mean          | 1.44e+03      |
|    ep_rew_mean          | 1.44e+03      |
| time/                   |               |
|    fps                  | 661           |
|    iterations           | 31            |
|    time_elapsed         | 47            |
|    total_timesteps      | 31744         |
| train/                  |               |
|    approx_kl            | 0.017529868   |
|    clip_fraction        | 0.257         |
|    clip_range           | 0.2           |
|    entropy_loss         | -17.3         |
|    explained_variance   | 4.9352646e-05 |
|    learning_rate        | 0.0003        |
|    loss                 | 57.3          |
|    n_updates            | 300           |
|    policy_gradient_loss | -0.023        |
|    std                  | 1.02          |
|    value_loss           | 125           |
-------------------------------------------
-------------------------------------------
| rollout/                |               |
|    ep_len_mean          | 1.44e+03      |
|    ep_rew_mean          | 1.44e+03      |
| time/                   |               |
|    fps                  | 661           |
|    iterations           | 32            |
|    time_elapsed         | 49            |
|    total_timesteps      | 32768         |
| train/                  |               |
|    approx_kl            | 0.012012068   |
|    clip_fraction        | 0.156         |
|    clip_range           | 0.2           |
|    entropy_loss         | -17.3         |
|    explained_variance   | 1.5079975e-05 |
|    learning_rate        | 0.0003        |
|    loss                 | 56.7          |
|    n_updates            | 310           |
|    policy_gradient_loss | -0.0144       |
|    std                  | 1.02          |
|    value_loss           | 122           |
-------------------------------------------
-------------------------------------------
| rollout/                |               |
|    ep_len_mean          | 1.44e+03      |
|    ep_rew_mean          | 1.44e+03      |
| time/                   |               |
|    fps                  | 662           |
|    iterations           | 33            |
|    time_elapsed         | 51            |
|    total_timesteps      | 33792         |
| train/                  |               |
|    approx_kl            | 0.010682653   |
|    clip_fraction        | 0.113         |
|    clip_range           | 0.2           |
|    entropy_loss         | -17.3         |
|    explained_variance   | 0.00026005507 |
|    learning_rate        | 0.0003        |
|    loss                 | 58            |
|    n_updates            | 320           |
|    policy_gradient_loss | -0.0107       |
|    std                  | 1.02          |
|    value_loss           | 123           |
-------------------------------------------
-------------------------------------------
| rollout/                |               |
|    ep_len_mean          | 1.44e+03      |
|    ep_rew_mean          | 1.44e+03      |
| time/                   |               |
|    fps                  | 662           |
|    iterations           | 34            |
|    time_elapsed         | 52            |
|    total_timesteps      | 34816         |
| train/                  |               |
|    approx_kl            | 0.012697335   |
|    clip_fraction        | 0.159         |
|    clip_range           | 0.2           |
|    entropy_loss         | -17.3         |
|    explained_variance   | -4.339218e-05 |
|    learning_rate        | 0.0003        |
|    loss                 | 53.2          |
|    n_updates            | 330           |
|    policy_gradient_loss | -0.014        |
|    std                  | 1.02          |
|    value_loss           | 117           |
-------------------------------------------
------------------------------------------
| rollout/                |              |
|    ep_len_mean          | 1.44e+03     |
|    ep_rew_mean          | 1.44e+03     |
| time/                   |              |
|    fps                  | 662          |
|    iterations           | 35           |
|    time_elapsed         | 54           |
|    total_timesteps      | 35840        |
| train/                  |              |
|    approx_kl            | 0.011347278  |
|    clip_fraction        | 0.156        |
|    clip_range           | 0.2          |
|    entropy_loss         | -17.3        |
|    explained_variance   | 9.006262e-05 |
|    learning_rate        | 0.0003       |
|    loss                 | 53.1         |
|    n_updates            | 340          |
|    policy_gradient_loss | -0.0143      |
|    std                  | 1.02         |
|    value_loss           | 114          |
------------------------------------------
--------------------------------------------
| rollout/                |                |
|    ep_len_mean          | 1.44e+03       |
|    ep_rew_mean          | 1.44e+03       |
| time/                   |                |
|    fps                  | 662            |
|    iterations           | 36             |
|    time_elapsed         | 55             |
|    total_timesteps      | 36864          |
| train/                  |                |
|    approx_kl            | 0.01619247     |
|    clip_fraction        | 0.17           |
|    clip_range           | 0.2            |
|    entropy_loss         | -17.3          |
|    explained_variance   | -5.4001808e-05 |
|    learning_rate        | 0.0003         |
|    loss                 | 53.5           |
|    n_updates            | 350            |
|    policy_gradient_loss | -0.0141        |
|    std                  | 1.02           |
|    value_loss           | 115            |
--------------------------------------------
-------------------------------------------
| rollout/                |               |
|    ep_len_mean          | 1.44e+03      |
|    ep_rew_mean          | 1.44e+03      |
| time/                   |               |
|    fps                  | 662           |
|    iterations           | 37            |
|    time_elapsed         | 57            |
|    total_timesteps      | 37888         |
| train/                  |               |
|    approx_kl            | 0.01451754    |
|    clip_fraction        | 0.167         |
|    clip_range           | 0.2           |
|    entropy_loss         | -17.3         |
|    explained_variance   | 0.00010085106 |
|    learning_rate        | 0.0003        |
|    loss                 | 50.6          |
|    n_updates            | 360           |
|    policy_gradient_loss | -0.017        |
|    std                  | 1.02          |
|    value_loss           | 109           |
-------------------------------------------
-------------------------------------------
| rollout/                |               |
|    ep_len_mean          | 1.44e+03      |
|    ep_rew_mean          | 1.44e+03      |
| time/                   |               |
|    fps                  | 662           |
|    iterations           | 38            |
|    time_elapsed         | 58            |
|    total_timesteps      | 38912         |
| train/                  |               |
|    approx_kl            | 0.012161197   |
|    clip_fraction        | 0.117         |
|    clip_range           | 0.2           |
|    entropy_loss         | -17.3         |
|    explained_variance   | 5.7578087e-05 |
|    learning_rate        | 0.0003        |
|    loss                 | 48.4          |
|    n_updates            | 370           |
|    policy_gradient_loss | -0.0149       |
|    std                  | 1.02          |
|    value_loss           | 106           |
-------------------------------------------
--------------------------------------------
| rollout/                |                |
|    ep_len_mean          | 1.44e+03       |
|    ep_rew_mean          | 1.44e+03       |
| time/                   |                |
|    fps                  | 663            |
|    iterations           | 39             |
|    time_elapsed         | 60             |
|    total_timesteps      | 39936          |
| train/                  |                |
|    approx_kl            | 0.016089678    |
|    clip_fraction        | 0.154          |
|    clip_range           | 0.2            |
|    entropy_loss         | -17.3          |
|    explained_variance   | -5.4836273e-06 |
|    learning_rate        | 0.0003         |
|    loss                 | 47.5           |
|    n_updates            | 380            |
|    policy_gradient_loss | -0.0156        |
|    std                  | 1.02           |
|    value_loss           | 104            |
--------------------------------------------
-------------------------------------------
| rollout/                |               |
|    ep_len_mean          | 1.44e+03      |
|    ep_rew_mean          | 1.44e+03      |
| time/                   |               |
|    fps                  | 663           |
|    iterations           | 40            |
|    time_elapsed         | 61            |
|    total_timesteps      | 40960         |
| train/                  |               |
|    approx_kl            | 0.0132722985  |
|    clip_fraction        | 0.16          |
|    clip_range           | 0.2           |
|    entropy_loss         | -17.3         |
|    explained_variance   | 0.00019198656 |
|    learning_rate        | 0.0003        |
|    loss                 | 48.3          |
|    n_updates            | 390           |
|    policy_gradient_loss | -0.0134       |
|    std                  | 1.02          |
|    value_loss           | 104           |
-------------------------------------------
------------------------------------------
| rollout/                |              |
|    ep_len_mean          | 1.44e+03     |
|    ep_rew_mean          | 1.44e+03     |
| time/                   |              |
|    fps                  | 663          |
|    iterations           | 41           |
|    time_elapsed         | 63           |
|    total_timesteps      | 41984        |
| train/                  |              |
|    approx_kl            | 0.01505359   |
|    clip_fraction        | 0.207        |
|    clip_range           | 0.2          |
|    entropy_loss         | -17.3        |
|    explained_variance   | 1.001358e-05 |
|    learning_rate        | 0.0003       |
|    loss                 | 45.5         |
|    n_updates            | 400          |
|    policy_gradient_loss | -0.0174      |
|    std                  | 1.02         |
|    value_loss           | 98.1         |
------------------------------------------
-------------------------------------------
| rollout/                |               |
|    ep_len_mean          | 1.44e+03      |
|    ep_rew_mean          | 1.44e+03      |
| time/                   |               |
|    fps                  | 663           |
|    iterations           | 42            |
|    time_elapsed         | 64            |
|    total_timesteps      | 43008         |
| train/                  |               |
|    approx_kl            | 0.016441511   |
|    clip_fraction        | 0.212         |
|    clip_range           | 0.2           |
|    entropy_loss         | -17.3         |
|    explained_variance   | -6.914139e-05 |
|    learning_rate        | 0.0003        |
|    loss                 | 44.5          |
|    n_updates            | 410           |
|    policy_gradient_loss | -0.018        |
|    std                  | 1.02          |
|    value_loss           | 95.8          |
-------------------------------------------
-------------------------------------------
| rollout/                |               |
|    ep_len_mean          | 1.44e+03      |
|    ep_rew_mean          | 1.44e+03      |
| time/                   |               |
|    fps                  | 663           |
|    iterations           | 43            |
|    time_elapsed         | 66            |
|    total_timesteps      | 44032         |
| train/                  |               |
|    approx_kl            | 0.014607472   |
|    clip_fraction        | 0.183         |
|    clip_range           | 0.2           |
|    entropy_loss         | -17.3         |
|    explained_variance   | 0.00023066998 |
|    learning_rate        | 0.0003        |
|    loss                 | 44.2          |
|    n_updates            | 420           |
|    policy_gradient_loss | -0.0137       |
|    std                  | 1.02          |
|    value_loss           | 95.8          |
-------------------------------------------
-------------------------------------------
| rollout/                |               |
|    ep_len_mean          | 1.44e+03      |
|    ep_rew_mean          | 1.44e+03      |
| time/                   |               |
|    fps                  | 663           |
|    iterations           | 44            |
|    time_elapsed         | 67            |
|    total_timesteps      | 45056         |
| train/                  |               |
|    approx_kl            | 0.014424273   |
|    clip_fraction        | 0.223         |
|    clip_range           | 0.2           |
|    entropy_loss         | -17.3         |
|    explained_variance   | 7.9512596e-05 |
|    learning_rate        | 0.0003        |
|    loss                 | 41            |
|    n_updates            | 430           |
|    policy_gradient_loss | -0.02         |
|    std                  | 1.02          |
|    value_loss           | 90.6          |
-------------------------------------------
-------------------------------------------
| rollout/                |               |
|    ep_len_mean          | 1.44e+03      |
|    ep_rew_mean          | 1.44e+03      |
| time/                   |               |
|    fps                  | 664           |
|    iterations           | 45            |
|    time_elapsed         | 69            |
|    total_timesteps      | 46080         |
| train/                  |               |
|    approx_kl            | 0.013701886   |
|    clip_fraction        | 0.22          |
|    clip_range           | 0.2           |
|    entropy_loss         | -17.3         |
|    explained_variance   | -8.511543e-05 |
|    learning_rate        | 0.0003        |
|    loss                 | 40.5          |
|    n_updates            | 440           |
|    policy_gradient_loss | -0.0197       |
|    std                  | 1.02          |
|    value_loss           | 88.2          |
-------------------------------------------
--------------------------------------------
| rollout/                |                |
|    ep_len_mean          | 1.44e+03       |
|    ep_rew_mean          | 1.44e+03       |
| time/                   |                |
|    fps                  | 664            |
|    iterations           | 46             |
|    time_elapsed         | 70             |
|    total_timesteps      | 47104          |
| train/                  |                |
|    approx_kl            | 0.020165808    |
|    clip_fraction        | 0.218          |
|    clip_range           | 0.2            |
|    entropy_loss         | -17.3          |
|    explained_variance   | -2.4557114e-05 |
|    learning_rate        | 0.0003         |
|    loss                 | 39.9           |
|    n_updates            | 450            |
|    policy_gradient_loss | -0.0158        |
|    std                  | 1.02           |
|    value_loss           | 88.2           |
--------------------------------------------
-------------------------------------------
| rollout/                |               |
|    ep_len_mean          | 1.44e+03      |
|    ep_rew_mean          | 1.44e+03      |
| time/                   |               |
|    fps                  | 664           |
|    iterations           | 47            |
|    time_elapsed         | 72            |
|    total_timesteps      | 48128         |
| train/                  |               |
|    approx_kl            | 0.013834132   |
|    clip_fraction        | 0.184         |
|    clip_range           | 0.2           |
|    entropy_loss         | -17.3         |
|    explained_variance   | 0.00021910667 |
|    learning_rate        | 0.0003        |
|    loss                 | 39.5          |
|    n_updates            | 460           |
|    policy_gradient_loss | -0.0142       |
|    std                  | 1.02          |
|    value_loss           | 85.7          |
-------------------------------------------
-------------------------------------------
| rollout/                |               |
|    ep_len_mean          | 1.44e+03      |
|    ep_rew_mean          | 1.44e+03      |
| time/                   |               |
|    fps                  | 664           |
|    iterations           | 48            |
|    time_elapsed         | 73            |
|    total_timesteps      | 49152         |
| train/                  |               |
|    approx_kl            | 0.010719383   |
|    clip_fraction        | 0.118         |
|    clip_range           | 0.2           |
|    entropy_loss         | -17.3         |
|    explained_variance   | -3.027916e-05 |
|    learning_rate        | 0.0003        |
|    loss                 | 37.7          |
|    n_updates            | 470           |
|    policy_gradient_loss | -0.0117       |
|    std                  | 1.02          |
|    value_loss           | 81            |
-------------------------------------------
-------------------------------------------
| rollout/                |               |
|    ep_len_mean          | 1.44e+03      |
|    ep_rew_mean          | 1.44e+03      |
| time/                   |               |
|    fps                  | 664           |
|    iterations           | 49            |
|    time_elapsed         | 75            |
|    total_timesteps      | 50176         |
| train/                  |               |
|    approx_kl            | 0.012950297   |
|    clip_fraction        | 0.188         |
|    clip_range           | 0.2           |
|    entropy_loss         | -17.3         |
|    explained_variance   | 4.6491623e-06 |
|    learning_rate        | 0.0003        |
|    loss                 | 36.3          |
|    n_updates            | 480           |
|    policy_gradient_loss | -0.0171       |
|    std                  | 1.02          |
|    value_loss           | 78.9          |
-------------------------------------------
------------------------------------------
| rollout/                |              |
|    ep_len_mean          | 1.44e+03     |
|    ep_rew_mean          | 1.44e+03     |
| time/                   |              |
|    fps                  | 664          |
|    iterations           | 50           |
|    time_elapsed         | 77           |
|    total_timesteps      | 51200        |
| train/                  |              |
|    approx_kl            | 0.0216309    |
|    clip_fraction        | 0.207        |
|    clip_range           | 0.2          |
|    entropy_loss         | -17.3        |
|    explained_variance   | 3.874302e-06 |
|    learning_rate        | 0.0003       |
|    loss                 | 35.9         |
|    n_updates            | 490          |
|    policy_gradient_loss | -0.0141      |
|    std                  | 1.02         |
|    value_loss           | 78.7         |
------------------------------------------
-------------------------------------------
| rollout/                |               |
|    ep_len_mean          | 1.44e+03      |
|    ep_rew_mean          | 1.44e+03      |
| time/                   |               |
|    fps                  | 664           |
|    iterations           | 51            |
|    time_elapsed         | 78            |
|    total_timesteps      | 52224         |
| train/                  |               |
|    approx_kl            | 0.012042461   |
|    clip_fraction        | 0.193         |
|    clip_range           | 0.2           |
|    entropy_loss         | -17.3         |
|    explained_variance   | 5.9247017e-05 |
|    learning_rate        | 0.0003        |
|    loss                 | 34.2          |
|    n_updates            | 500           |
|    policy_gradient_loss | -0.0163       |
|    std                  | 1.02          |
|    value_loss           | 74.6          |
-------------------------------------------
------------------------------------------
| rollout/                |              |
|    ep_len_mean          | 1.44e+03     |
|    ep_rew_mean          | 1.44e+03     |
| time/                   |              |
|    fps                  | 664          |
|    iterations           | 52           |
|    time_elapsed         | 80           |
|    total_timesteps      | 53248        |
| train/                  |              |
|    approx_kl            | 0.011512204  |
|    clip_fraction        | 0.14         |
|    clip_range           | 0.2          |
|    entropy_loss         | -17.3        |
|    explained_variance   | 1.013279e-06 |
|    learning_rate        | 0.0003       |
|    loss                 | 32.5         |
|    n_updates            | 510          |
|    policy_gradient_loss | -0.0151      |
|    std                  | 1.02         |
|    value_loss           | 72.1         |
------------------------------------------
-----------------------------------------
| rollout/                |             |
|    ep_len_mean          | 1.44e+03    |
|    ep_rew_mean          | 1.44e+03    |
| time/                   |             |
|    fps                  | 665         |
|    iterations           | 53          |
|    time_elapsed         | 81          |
|    total_timesteps      | 54272       |
| train/                  |             |
|    approx_kl            | 0.012466603 |
|    clip_fraction        | 0.165       |
|    clip_range           | 0.2         |
|    entropy_loss         | -17.3       |
|    explained_variance   | 0.00016433  |
|    learning_rate        | 0.0003      |
|    loss                 | 32.8        |
|    n_updates            | 520         |
|    policy_gradient_loss | -0.0139     |
|    std                  | 1.03        |
|    value_loss           | 71.8        |
-----------------------------------------
------------------------------------------
| rollout/                |              |
|    ep_len_mean          | 1.44e+03     |
|    ep_rew_mean          | 1.44e+03     |
| time/                   |              |
|    fps                  | 665          |
|    iterations           | 54           |
|    time_elapsed         | 83           |
|    total_timesteps      | 55296        |
| train/                  |              |
|    approx_kl            | 0.016109124  |
|    clip_fraction        | 0.193        |
|    clip_range           | 0.2          |
|    entropy_loss         | -17.4        |
|    explained_variance   | 9.834766e-06 |
|    learning_rate        | 0.0003       |
|    loss                 | 30.8         |
|    n_updates            | 530          |
|    policy_gradient_loss | -0.0161      |
|    std                  | 1.03         |
|    value_loss           | 68.3         |
------------------------------------------
-------------------------------------------
| rollout/                |               |
|    ep_len_mean          | 1.44e+03      |
|    ep_rew_mean          | 1.44e+03      |
| time/                   |               |
|    fps                  | 665           |
|    iterations           | 55            |
|    time_elapsed         | 84            |
|    total_timesteps      | 56320         |
| train/                  |               |
|    approx_kl            | 0.011156853   |
|    clip_fraction        | 0.148         |
|    clip_range           | 0.2           |
|    entropy_loss         | -17.4         |
|    explained_variance   | 7.4505806e-05 |
|    learning_rate        | 0.0003        |
|    loss                 | 29.8          |
|    n_updates            | 540           |
|    policy_gradient_loss | -0.0145       |
|    std                  | 1.03          |
|    value_loss           | 65.5          |
-------------------------------------------
------------------------------------------
| rollout/                |              |
|    ep_len_mean          | 1.44e+03     |
|    ep_rew_mean          | 1.44e+03     |
| time/                   |              |
|    fps                  | 665          |
|    iterations           | 56           |
|    time_elapsed         | 86           |
|    total_timesteps      | 57344        |
| train/                  |              |
|    approx_kl            | 0.009853268  |
|    clip_fraction        | 0.146        |
|    clip_range           | 0.2          |
|    entropy_loss         | -17.4        |
|    explained_variance   | 8.314848e-05 |
|    learning_rate        | 0.0003       |
|    loss                 | 28.7         |
|    n_updates            | 550          |
|    policy_gradient_loss | -0.0155      |
|    std                  | 1.03         |
|    value_loss           | 63.4         |
------------------------------------------
--------------------------------------------
| rollout/                |                |
|    ep_len_mean          | 1.44e+03       |
|    ep_rew_mean          | 1.44e+03       |
| time/                   |                |
|    fps                  | 665            |
|    iterations           | 57             |
|    time_elapsed         | 87             |
|    total_timesteps      | 58368          |
| train/                  |                |
|    approx_kl            | 0.019776156    |
|    clip_fraction        | 0.247          |
|    clip_range           | 0.2            |
|    entropy_loss         | -17.4          |
|    explained_variance   | -3.2186508e-06 |
|    learning_rate        | 0.0003         |
|    loss                 | 28.4           |
|    n_updates            | 560            |
|    policy_gradient_loss | -0.0182        |
|    std                  | 1.03           |
|    value_loss           | 63             |
--------------------------------------------
-------------------------------------------
| rollout/                |               |
|    ep_len_mean          | 1.44e+03      |
|    ep_rew_mean          | 1.44e+03      |
| time/                   |               |
|    fps                  | 665           |
|    iterations           | 58            |
|    time_elapsed         | 89            |
|    total_timesteps      | 59392         |
| train/                  |               |
|    approx_kl            | 0.016364034   |
|    clip_fraction        | 0.198         |
|    clip_range           | 0.2           |
|    entropy_loss         | -17.4         |
|    explained_variance   | -6.318092e-05 |
|    learning_rate        | 0.0003        |
|    loss                 | 26.6          |
|    n_updates            | 570           |
|    policy_gradient_loss | -0.0147       |
|    std                  | 1.04          |
|    value_loss           | 59.4          |
-------------------------------------------
------------------------------------------
| rollout/                |              |
|    ep_len_mean          | 1.44e+03     |
|    ep_rew_mean          | 1.44e+03     |
| time/                   |              |
|    fps                  | 665          |
|    iterations           | 59           |
|    time_elapsed         | 90           |
|    total_timesteps      | 60416        |
| train/                  |              |
|    approx_kl            | 0.015284609  |
|    clip_fraction        | 0.186        |
|    clip_range           | 0.2          |
|    entropy_loss         | -17.5        |
|    explained_variance   | 8.940697e-06 |
|    learning_rate        | 0.0003       |
|    loss                 | 26           |
|    n_updates            | 580          |
|    policy_gradient_loss | -0.0189      |
|    std                  | 1.04         |
|    value_loss           | 57.8         |
------------------------------------------
------------------------------------------
| rollout/                |              |
|    ep_len_mean          | 1.44e+03     |
|    ep_rew_mean          | 1.44e+03     |
| time/                   |              |
|    fps                  | 665          |
|    iterations           | 60           |
|    time_elapsed         | 92           |
|    total_timesteps      | 61440        |
| train/                  |              |
|    approx_kl            | 0.014935569  |
|    clip_fraction        | 0.179        |
|    clip_range           | 0.2          |
|    entropy_loss         | -17.5        |
|    explained_variance   | 8.285046e-06 |
|    learning_rate        | 0.0003       |
|    loss                 | 25.7         |
|    n_updates            | 590          |
|    policy_gradient_loss | -0.0141      |
|    std                  | 1.04         |
|    value_loss           | 57           |
------------------------------------------
------------------------------------------
| rollout/                |              |
|    ep_len_mean          | 1.44e+03     |
|    ep_rew_mean          | 1.44e+03     |
| time/                   |              |
|    fps                  | 665          |
|    iterations           | 61           |
|    time_elapsed         | 93           |
|    total_timesteps      | 62464        |
| train/                  |              |
|    approx_kl            | 0.01598633   |
|    clip_fraction        | 0.193        |
|    clip_range           | 0.2          |
|    entropy_loss         | -17.5        |
|    explained_variance   | -4.36306e-05 |
|    learning_rate        | 0.0003       |
|    loss                 | 24.3         |
|    n_updates            | 600          |
|    policy_gradient_loss | -0.0149      |
|    std                  | 1.04         |
|    value_loss           | 53.7         |
------------------------------------------
-------------------------------------------
| rollout/                |               |
|    ep_len_mean          | 1.44e+03      |
|    ep_rew_mean          | 1.44e+03      |
| time/                   |               |
|    fps                  | 665           |
|    iterations           | 62            |
|    time_elapsed         | 95            |
|    total_timesteps      | 63488         |
| train/                  |               |
|    approx_kl            | 0.010823469   |
|    clip_fraction        | 0.109         |
|    clip_range           | 0.2           |
|    entropy_loss         | -17.5         |
|    explained_variance   | 5.6803226e-05 |
|    learning_rate        | 0.0003        |
|    loss                 | 23.1          |
|    n_updates            | 610           |
|    policy_gradient_loss | -0.0143       |
|    std                  | 1.04          |
|    value_loss           | 51.8          |
-------------------------------------------
-------------------------------------------
| rollout/                |               |
|    ep_len_mean          | 1.44e+03      |
|    ep_rew_mean          | 1.44e+03      |
| time/                   |               |
|    fps                  | 665           |
|    iterations           | 63            |
|    time_elapsed         | 96            |
|    total_timesteps      | 64512         |
| train/                  |               |
|    approx_kl            | 0.018669827   |
|    clip_fraction        | 0.216         |
|    clip_range           | 0.2           |
|    entropy_loss         | -17.5         |
|    explained_variance   | 5.3048134e-05 |
|    learning_rate        | 0.0003        |
|    loss                 | 22.3          |
|    n_updates            | 620           |
|    policy_gradient_loss | -0.0174       |
|    std                  | 1.04          |
|    value_loss           | 50            |
-------------------------------------------
------------------------------------------
| rollout/                |              |
|    ep_len_mean          | 1.44e+03     |
|    ep_rew_mean          | 1.44e+03     |
| time/                   |              |
|    fps                  | 665          |
|    iterations           | 64           |
|    time_elapsed         | 98           |
|    total_timesteps      | 65536        |
| train/                  |              |
|    approx_kl            | 0.015575628  |
|    clip_fraction        | 0.186        |
|    clip_range           | 0.2          |
|    entropy_loss         | -17.5        |
|    explained_variance   | 8.314848e-05 |
|    learning_rate        | 0.0003       |
|    loss                 | 21.9         |
|    n_updates            | 630          |
|    policy_gradient_loss | -0.0146      |
|    std                  | 1.04         |
|    value_loss           | 49.2         |
------------------------------------------
-------------------------------------------
| rollout/                |               |
|    ep_len_mean          | 1.44e+03      |
|    ep_rew_mean          | 1.44e+03      |
| time/                   |               |
|    fps                  | 666           |
|    iterations           | 65            |
|    time_elapsed         | 99            |
|    total_timesteps      | 66560         |
| train/                  |               |
|    approx_kl            | 0.011333255   |
|    clip_fraction        | 0.132         |
|    clip_range           | 0.2           |
|    entropy_loss         | -17.5         |
|    explained_variance   | -1.001358e-05 |
|    learning_rate        | 0.0003        |
|    loss                 | 20.8          |
|    n_updates            | 640           |
|    policy_gradient_loss | -0.0158       |
|    std                  | 1.04          |
|    value_loss           | 46.3          |
-------------------------------------------
------------------------------------------
| rollout/                |              |
|    ep_len_mean          | 1.44e+03     |
|    ep_rew_mean          | 1.44e+03     |
| time/                   |              |
|    fps                  | 666          |
|    iterations           | 66           |
|    time_elapsed         | 101          |
|    total_timesteps      | 67584        |
| train/                  |              |
|    approx_kl            | 0.012603484  |
|    clip_fraction        | 0.136        |
|    clip_range           | 0.2          |
|    entropy_loss         | -17.5        |
|    explained_variance   | 9.763241e-05 |
|    learning_rate        | 0.0003       |
|    loss                 | 19.7         |
|    n_updates            | 650          |
|    policy_gradient_loss | -0.0152      |
|    std                  | 1.04         |
|    value_loss           | 44.6         |
------------------------------------------
-------------------------------------------
| rollout/                |               |
|    ep_len_mean          | 1.44e+03      |
|    ep_rew_mean          | 1.44e+03      |
| time/                   |               |
|    fps                  | 666           |
|    iterations           | 67            |
|    time_elapsed         | 102           |
|    total_timesteps      | 68608         |
| train/                  |               |
|    approx_kl            | 0.015166176   |
|    clip_fraction        | 0.152         |
|    clip_range           | 0.2           |
|    entropy_loss         | -17.4         |
|    explained_variance   | 5.8412552e-05 |
|    learning_rate        | 0.0003        |
|    loss                 | 19.5          |
|    n_updates            | 660           |
|    policy_gradient_loss | -0.0152       |
|    std                  | 1.03          |
|    value_loss           | 44            |
-------------------------------------------
-------------------------------------------
| rollout/                |               |
|    ep_len_mean          | 1.44e+03      |
|    ep_rew_mean          | 1.44e+03      |
| time/                   |               |
|    fps                  | 667           |
|    iterations           | 68            |
|    time_elapsed         | 104           |
|    total_timesteps      | 69632         |
| train/                  |               |
|    approx_kl            | 0.010813323   |
|    clip_fraction        | 0.135         |
|    clip_range           | 0.2           |
|    entropy_loss         | -17.4         |
|    explained_variance   | 1.2278557e-05 |
|    learning_rate        | 0.0003        |
|    loss                 | 18.2          |
|    n_updates            | 670           |
|    policy_gradient_loss | -0.0153       |
|    std                  | 1.03          |
|    value_loss           | 40.9          |
-------------------------------------------
-------------------------------------------
| rollout/                |               |
|    ep_len_mean          | 1.44e+03      |
|    ep_rew_mean          | 1.44e+03      |
| time/                   |               |
|    fps                  | 667           |
|    iterations           | 69            |
|    time_elapsed         | 105           |
|    total_timesteps      | 70656         |
| train/                  |               |
|    approx_kl            | 0.015224159   |
|    clip_fraction        | 0.168         |
|    clip_range           | 0.2           |
|    entropy_loss         | -17.4         |
|    explained_variance   | -4.708767e-05 |
|    learning_rate        | 0.0003        |
|    loss                 | 17.2          |
|    n_updates            | 680           |
|    policy_gradient_loss | -0.0151       |
|    std                  | 1.03          |
|    value_loss           | 39.7          |
-------------------------------------------
-------------------------------------------
| rollout/                |               |
|    ep_len_mean          | 1.44e+03      |
|    ep_rew_mean          | 1.44e+03      |
| time/                   |               |
|    fps                  | 667           |
|    iterations           | 70            |
|    time_elapsed         | 107           |
|    total_timesteps      | 71680         |
| train/                  |               |
|    approx_kl            | 0.012546479   |
|    clip_fraction        | 0.236         |
|    clip_range           | 0.2           |
|    entropy_loss         | -17.4         |
|    explained_variance   | 3.3915043e-05 |
|    learning_rate        | 0.0003        |
|    loss                 | 16.7          |
|    n_updates            | 690           |
|    policy_gradient_loss | -0.0217       |
|    std                  | 1.03          |
|    value_loss           | 37.9          |
-------------------------------------------
-------------------------------------------
| rollout/                |               |
|    ep_len_mean          | 1.44e+03      |
|    ep_rew_mean          | 1.44e+03      |
| time/                   |               |
|    fps                  | 667           |
|    iterations           | 71            |
|    time_elapsed         | 108           |
|    total_timesteps      | 72704         |
| train/                  |               |
|    approx_kl            | 0.013484001   |
|    clip_fraction        | 0.14          |
|    clip_range           | 0.2           |
|    entropy_loss         | -17.4         |
|    explained_variance   | 4.2438507e-05 |
|    learning_rate        | 0.0003        |
|    loss                 | 16.4          |
|    n_updates            | 700           |
|    policy_gradient_loss | -0.0144       |
|    std                  | 1.03          |
|    value_loss           | 37.3          |
-------------------------------------------
------------------------------------------
| rollout/                |              |
|    ep_len_mean          | 1.44e+03     |
|    ep_rew_mean          | 1.44e+03     |
| time/                   |              |
|    fps                  | 668          |
|    iterations           | 72           |
|    time_elapsed         | 110          |
|    total_timesteps      | 73728        |
| train/                  |              |
|    approx_kl            | 0.01374598   |
|    clip_fraction        | 0.191        |
|    clip_range           | 0.2          |
|    entropy_loss         | -17.4        |
|    explained_variance   | 4.273653e-05 |
|    learning_rate        | 0.0003       |
|    loss                 | 15.2         |
|    n_updates            | 710          |
|    policy_gradient_loss | -0.0173      |
|    std                  | 1.03         |
|    value_loss           | 35.1         |
------------------------------------------
--------------------------------------------
| rollout/                |                |
|    ep_len_mean          | 1.44e+03       |
|    ep_rew_mean          | 1.44e+03       |
| time/                   |                |
|    fps                  | 668            |
|    iterations           | 73             |
|    time_elapsed         | 111            |
|    total_timesteps      | 74752          |
| train/                  |                |
|    approx_kl            | 0.014444031    |
|    clip_fraction        | 0.166          |
|    clip_range           | 0.2            |
|    entropy_loss         | -17.4          |
|    explained_variance   | -3.0755997e-05 |
|    learning_rate        | 0.0003         |
|    loss                 | 14.6           |
|    n_updates            | 720            |
|    policy_gradient_loss | -0.0179        |
|    std                  | 1.03           |
|    value_loss           | 33.8           |
--------------------------------------------
-------------------------------------------
| rollout/                |               |
|    ep_len_mean          | 1.44e+03      |
|    ep_rew_mean          | 1.44e+03      |
| time/                   |               |
|    fps                  | 668           |
|    iterations           | 74            |
|    time_elapsed         | 113           |
|    total_timesteps      | 75776         |
| train/                  |               |
|    approx_kl            | 0.015069333   |
|    clip_fraction        | 0.177         |
|    clip_range           | 0.2           |
|    entropy_loss         | -17.4         |
|    explained_variance   | 3.3318996e-05 |
|    learning_rate        | 0.0003        |
|    loss                 | 14.2          |
|    n_updates            | 730           |
|    policy_gradient_loss | -0.0191       |
|    std                  | 1.03          |
|    value_loss           | 32.9          |
-------------------------------------------
-------------------------------------------
| rollout/                |               |
|    ep_len_mean          | 1.44e+03      |
|    ep_rew_mean          | 1.44e+03      |
| time/                   |               |
|    fps                  | 668           |
|    iterations           | 75            |
|    time_elapsed         | 114           |
|    total_timesteps      | 76800         |
| train/                  |               |
|    approx_kl            | 0.013695118   |
|    clip_fraction        | 0.163         |
|    clip_range           | 0.2           |
|    entropy_loss         | -17.4         |
|    explained_variance   | 2.0503998e-05 |
|    learning_rate        | 0.0003        |
|    loss                 | 13.7          |
|    n_updates            | 740           |
|    policy_gradient_loss | -0.0157       |
|    std                  | 1.03          |
|    value_loss           | 30.9          |
-------------------------------------------
-------------------------------------------
| rollout/                |               |
|    ep_len_mean          | 1.44e+03      |
|    ep_rew_mean          | 1.44e+03      |
| time/                   |               |
|    fps                  | 668           |
|    iterations           | 76            |
|    time_elapsed         | 116           |
|    total_timesteps      | 77824         |
| train/                  |               |
|    approx_kl            | 0.017561583   |
|    clip_fraction        | 0.171         |
|    clip_range           | 0.2           |
|    entropy_loss         | -17.4         |
|    explained_variance   | 4.2915344e-05 |
|    learning_rate        | 0.0003        |
|    loss                 | 12.9          |
|    n_updates            | 750           |
|    policy_gradient_loss | -0.0194       |
|    std                  | 1.04          |
|    value_loss           | 29.6          |
-------------------------------------------
-------------------------------------------
| rollout/                |               |
|    ep_len_mean          | 1.44e+03      |
|    ep_rew_mean          | 1.44e+03      |
| time/                   |               |
|    fps                  | 668           |
|    iterations           | 77            |
|    time_elapsed         | 117           |
|    total_timesteps      | 78848         |
| train/                  |               |
|    approx_kl            | 0.012074314   |
|    clip_fraction        | 0.127         |
|    clip_range           | 0.2           |
|    entropy_loss         | -17.4         |
|    explained_variance   | 6.0856342e-05 |
|    learning_rate        | 0.0003        |
|    loss                 | 12.2          |
|    n_updates            | 760           |
|    policy_gradient_loss | -0.0152       |
|    std                  | 1.04          |
|    value_loss           | 28.2          |
-------------------------------------------
-------------------------------------------
| rollout/                |               |
|    ep_len_mean          | 1.44e+03      |
|    ep_rew_mean          | 1.44e+03      |
| time/                   |               |
|    fps                  | 668           |
|    iterations           | 78            |
|    time_elapsed         | 119           |
|    total_timesteps      | 79872         |
| train/                  |               |
|    approx_kl            | 0.019383375   |
|    clip_fraction        | 0.236         |
|    clip_range           | 0.2           |
|    entropy_loss         | -17.5         |
|    explained_variance   | 0.00010842085 |
|    learning_rate        | 0.0003        |
|    loss                 | 11.7          |
|    n_updates            | 770           |
|    policy_gradient_loss | -0.0185       |
|    std                  | 1.04          |
|    value_loss           | 27.4          |
-------------------------------------------
--------------------------------------------
| rollout/                |                |
|    ep_len_mean          | 1.44e+03       |
|    ep_rew_mean          | 1.44e+03       |
| time/                   |                |
|    fps                  | 669            |
|    iterations           | 79             |
|    time_elapsed         | 120            |
|    total_timesteps      | 80896          |
| train/                  |                |
|    approx_kl            | 0.016294956    |
|    clip_fraction        | 0.166          |
|    clip_range           | 0.2            |
|    entropy_loss         | -17.5          |
|    explained_variance   | -2.5987625e-05 |
|    learning_rate        | 0.0003         |
|    loss                 | 10.7           |
|    n_updates            | 780            |
|    policy_gradient_loss | -0.0173        |
|    std                  | 1.04           |
|    value_loss           | 25.4           |
--------------------------------------------
-------------------------------------------
| rollout/                |               |
|    ep_len_mean          | 1.44e+03      |
|    ep_rew_mean          | 1.44e+03      |
| time/                   |               |
|    fps                  | 669           |
|    iterations           | 80            |
|    time_elapsed         | 122           |
|    total_timesteps      | 81920         |
| train/                  |               |
|    approx_kl            | 0.016337954   |
|    clip_fraction        | 0.176         |
|    clip_range           | 0.2           |
|    entropy_loss         | -17.5         |
|    explained_variance   | 1.7344952e-05 |
|    learning_rate        | 0.0003        |
|    loss                 | 10.5          |
|    n_updates            | 790           |
|    policy_gradient_loss | -0.0165       |
|    std                  | 1.04          |
|    value_loss           | 24.2          |
-------------------------------------------
-------------------------------------------
| rollout/                |               |
|    ep_len_mean          | 1.44e+03      |
|    ep_rew_mean          | 1.44e+03      |
| time/                   |               |
|    fps                  | 669           |
|    iterations           | 81            |
|    time_elapsed         | 123           |
|    total_timesteps      | 82944         |
| train/                  |               |
|    approx_kl            | 0.017881315   |
|    clip_fraction        | 0.211         |
|    clip_range           | 0.2           |
|    entropy_loss         | -17.5         |
|    explained_variance   | 3.3557415e-05 |
|    learning_rate        | 0.0003        |
|    loss                 | 10.1          |
|    n_updates            | 800           |
|    policy_gradient_loss | -0.0158       |
|    std                  | 1.05          |
|    value_loss           | 23.6          |
-------------------------------------------
--------------------------------------------
| rollout/                |                |
|    ep_len_mean          | 1.44e+03       |
|    ep_rew_mean          | 1.44e+03       |
| time/                   |                |
|    fps                  | 670            |
|    iterations           | 82             |
|    time_elapsed         | 125            |
|    total_timesteps      | 83968          |
| train/                  |                |
|    approx_kl            | 0.018238198    |
|    clip_fraction        | 0.171          |
|    clip_range           | 0.2            |
|    entropy_loss         | -17.5          |
|    explained_variance   | -1.2278557e-05 |
|    learning_rate        | 0.0003         |
|    loss                 | 9.21           |
|    n_updates            | 810            |
|    policy_gradient_loss | -0.0176        |
|    std                  | 1.04           |
|    value_loss           | 21.9           |
--------------------------------------------
------------------------------------------
| rollout/                |              |
|    ep_len_mean          | 1.44e+03     |
|    ep_rew_mean          | 1.44e+03     |
| time/                   |              |
|    fps                  | 670          |
|    iterations           | 83           |
|    time_elapsed         | 126          |
|    total_timesteps      | 84992        |
| train/                  |              |
|    approx_kl            | 0.014124438  |
|    clip_fraction        | 0.132        |
|    clip_range           | 0.2          |
|    entropy_loss         | -17.5        |
|    explained_variance   | -1.66893e-05 |
|    learning_rate        | 0.0003       |
|    loss                 | 8.68         |
|    n_updates            | 820          |
|    policy_gradient_loss | -0.0159      |
|    std                  | 1.04         |
|    value_loss           | 20.8         |
------------------------------------------
-------------------------------------------
| rollout/                |               |
|    ep_len_mean          | 1.44e+03      |
|    ep_rew_mean          | 1.44e+03      |
| time/                   |               |
|    fps                  | 670           |
|    iterations           | 84            |
|    time_elapsed         | 128           |
|    total_timesteps      | 86016         |
| train/                  |               |
|    approx_kl            | 0.015447833   |
|    clip_fraction        | 0.151         |
|    clip_range           | 0.2           |
|    entropy_loss         | -17.5         |
|    explained_variance   | 3.2424927e-05 |
|    learning_rate        | 0.0003        |
|    loss                 | 8.25          |
|    n_updates            | 830           |
|    policy_gradient_loss | -0.0161       |
|    std                  | 1.05          |
|    value_loss           | 19.6          |
-------------------------------------------
------------------------------------------
| rollout/                |              |
|    ep_len_mean          | 1.44e+03     |
|    ep_rew_mean          | 1.44e+03     |
| time/                   |              |
|    fps                  | 671          |
|    iterations           | 85           |
|    time_elapsed         | 129          |
|    total_timesteps      | 87040        |
| train/                  |              |
|    approx_kl            | 0.016163018  |
|    clip_fraction        | 0.167        |
|    clip_range           | 0.2          |
|    entropy_loss         | -17.6        |
|    explained_variance   | -5.00679e-06 |
|    learning_rate        | 0.0003       |
|    loss                 | 7.99         |
|    n_updates            | 840          |
|    policy_gradient_loss | -0.0152      |
|    std                  | 1.05         |
|    value_loss           | 18.9         |
------------------------------------------
------------------------------------------
| rollout/                |              |
|    ep_len_mean          | 1.44e+03     |
|    ep_rew_mean          | 1.44e+03     |
| time/                   |              |
|    fps                  | 671          |
|    iterations           | 86           |
|    time_elapsed         | 131          |
|    total_timesteps      | 88064        |
| train/                  |              |
|    approx_kl            | 0.013935151  |
|    clip_fraction        | 0.169        |
|    clip_range           | 0.2          |
|    entropy_loss         | -17.6        |
|    explained_variance   | 7.587671e-05 |
|    learning_rate        | 0.0003       |
|    loss                 | 7.17         |
|    n_updates            | 850          |
|    policy_gradient_loss | -0.0161      |
|    std                  | 1.04         |
|    value_loss           | 17.4         |
------------------------------------------
-------------------------------------------
| rollout/                |               |
|    ep_len_mean          | 1.44e+03      |
|    ep_rew_mean          | 1.44e+03      |
| time/                   |               |
|    fps                  | 671           |
|    iterations           | 87            |
|    time_elapsed         | 132           |
|    total_timesteps      | 89088         |
| train/                  |               |
|    approx_kl            | 0.02009115    |
|    clip_fraction        | 0.207         |
|    clip_range           | 0.2           |
|    entropy_loss         | -17.5         |
|    explained_variance   | 4.5359135e-05 |
|    learning_rate        | 0.0003        |
|    loss                 | 6.78          |
|    n_updates            | 860           |
|    policy_gradient_loss | -0.0206       |
|    std                  | 1.05          |
|    value_loss           | 16.5          |
-------------------------------------------
-----------------------------------------
| rollout/                |             |
|    ep_len_mean          | 1.44e+03    |
|    ep_rew_mean          | 1.44e+03    |
| time/                   |             |
|    fps                  | 670         |
|    iterations           | 88          |
|    time_elapsed         | 134         |
|    total_timesteps      | 90112       |
| train/                  |             |
|    approx_kl            | 0.0157233   |
|    clip_fraction        | 0.183       |
|    clip_range           | 0.2         |
|    entropy_loss         | -17.6       |
|    explained_variance   | 7.56979e-06 |
|    learning_rate        | 0.0003      |
|    loss                 | 6.55        |
|    n_updates            | 870         |
|    policy_gradient_loss | -0.0162     |
|    std                  | 1.05        |
|    value_loss           | 15.9        |
-----------------------------------------
-------------------------------------------
| rollout/                |               |
|    ep_len_mean          | 1.44e+03      |
|    ep_rew_mean          | 1.44e+03      |
| time/                   |               |
|    fps                  | 670           |
|    iterations           | 89            |
|    time_elapsed         | 135           |
|    total_timesteps      | 91136         |
| train/                  |               |
|    approx_kl            | 0.014887365   |
|    clip_fraction        | 0.133         |
|    clip_range           | 0.2           |
|    entropy_loss         | -17.6         |
|    explained_variance   | 1.0251999e-05 |
|    learning_rate        | 0.0003        |
|    loss                 | 5.8           |
|    n_updates            | 880           |
|    policy_gradient_loss | -0.0153       |
|    std                  | 1.05          |
|    value_loss           | 14.6          |
-------------------------------------------
-------------------------------------------
| rollout/                |               |
|    ep_len_mean          | 1.44e+03      |
|    ep_rew_mean          | 1.44e+03      |
| time/                   |               |
|    fps                  | 669           |
|    iterations           | 90            |
|    time_elapsed         | 137           |
|    total_timesteps      | 92160         |
| train/                  |               |
|    approx_kl            | 0.017813187   |
|    clip_fraction        | 0.145         |
|    clip_range           | 0.2           |
|    entropy_loss         | -17.6         |
|    explained_variance   | 5.3167343e-05 |
|    learning_rate        | 0.0003        |
|    loss                 | 5.2           |
|    n_updates            | 890           |
|    policy_gradient_loss | -0.0173       |
|    std                  | 1.05          |
|    value_loss           | 13.4          |
-------------------------------------------
-------------------------------------------
| rollout/                |               |
|    ep_len_mean          | 1.44e+03      |
|    ep_rew_mean          | 1.44e+03      |
| time/                   |               |
|    fps                  | 669           |
|    iterations           | 91            |
|    time_elapsed         | 139           |
|    total_timesteps      | 93184         |
| train/                  |               |
|    approx_kl            | 0.017657124   |
|    clip_fraction        | 0.173         |
|    clip_range           | 0.2           |
|    entropy_loss         | -17.5         |
|    explained_variance   | -4.887581e-06 |
|    learning_rate        | 0.0003        |
|    loss                 | 5.1           |
|    n_updates            | 900           |
|    policy_gradient_loss | -0.0203       |
|    std                  | 1.04          |
|    value_loss           | 13.1          |
-------------------------------------------
------------------------------------------
| rollout/                |              |
|    ep_len_mean          | 1.44e+03     |
|    ep_rew_mean          | 1.44e+03     |
| time/                   |              |
|    fps                  | 669          |
|    iterations           | 92           |
|    time_elapsed         | 140          |
|    total_timesteps      | 94208        |
| train/                  |              |
|    approx_kl            | 0.016253144  |
|    clip_fraction        | 0.195        |
|    clip_range           | 0.2          |
|    entropy_loss         | -17.5        |
|    explained_variance   | 8.368492e-05 |
|    learning_rate        | 0.0003       |
|    loss                 | 4.86         |
|    n_updates            | 910          |
|    policy_gradient_loss | -0.0178      |
|    std                  | 1.04         |
|    value_loss           | 12.3         |
------------------------------------------
--------------------------------------------
| rollout/                |                |
|    ep_len_mean          | 1.44e+03       |
|    ep_rew_mean          | 1.44e+03       |
| time/                   |                |
|    fps                  | 669            |
|    iterations           | 93             |
|    time_elapsed         | 142            |
|    total_timesteps      | 95232          |
| train/                  |                |
|    approx_kl            | 0.019891381    |
|    clip_fraction        | 0.179          |
|    clip_range           | 0.2            |
|    entropy_loss         | -17.5          |
|    explained_variance   | -6.2823296e-05 |
|    learning_rate        | 0.0003         |
|    loss                 | 4.29           |
|    n_updates            | 920            |
|    policy_gradient_loss | -0.0185        |
|    std                  | 1.04           |
|    value_loss           | 11.1           |
--------------------------------------------
-------------------------------------------
| rollout/                |               |
|    ep_len_mean          | 1.44e+03      |
|    ep_rew_mean          | 1.44e+03      |
| time/                   |               |
|    fps                  | 670           |
|    iterations           | 94            |
|    time_elapsed         | 143           |
|    total_timesteps      | 96256         |
| train/                  |               |
|    approx_kl            | 0.013740573   |
|    clip_fraction        | 0.211         |
|    clip_range           | 0.2           |
|    entropy_loss         | -17.5         |
|    explained_variance   | 9.6559525e-05 |
|    learning_rate        | 0.0003        |
|    loss                 | 3.88          |
|    n_updates            | 930           |
|    policy_gradient_loss | -0.021        |
|    std                  | 1.04          |
|    value_loss           | 10.2          |
-------------------------------------------
-------------------------------------------
| rollout/                |               |
|    ep_len_mean          | 1.44e+03      |
|    ep_rew_mean          | 1.44e+03      |
| time/                   |               |
|    fps                  | 670           |
|    iterations           | 95            |
|    time_elapsed         | 145           |
|    total_timesteps      | 97280         |
| train/                  |               |
|    approx_kl            | 0.017908622   |
|    clip_fraction        | 0.198         |
|    clip_range           | 0.2           |
|    entropy_loss         | -17.5         |
|    explained_variance   | 2.1636486e-05 |
|    learning_rate        | 0.0003        |
|    loss                 | 3.73          |
|    n_updates            | 940           |
|    policy_gradient_loss | -0.0201       |
|    std                  | 1.04          |
|    value_loss           | 9.79          |
-------------------------------------------
-------------------------------------------
| rollout/                |               |
|    ep_len_mean          | 1.44e+03      |
|    ep_rew_mean          | 1.44e+03      |
| time/                   |               |
|    fps                  | 670           |
|    iterations           | 96            |
|    time_elapsed         | 146           |
|    total_timesteps      | 98304         |
| train/                  |               |
|    approx_kl            | 0.010804919   |
|    clip_fraction        | 0.173         |
|    clip_range           | 0.2           |
|    entropy_loss         | -17.5         |
|    explained_variance   | 2.8908253e-05 |
|    learning_rate        | 0.0003        |
|    loss                 | 3.24          |
|    n_updates            | 950           |
|    policy_gradient_loss | -0.0195       |
|    std                  | 1.04          |
|    value_loss           | 8.7           |
-------------------------------------------
-----------------------------------------
| rollout/                |             |
|    ep_len_mean          | 1.44e+03    |
|    ep_rew_mean          | 1.44e+03    |
| time/                   |             |
|    fps                  | 670         |
|    iterations           | 97          |
|    time_elapsed         | 148         |
|    total_timesteps      | 99328       |
| train/                  |             |
|    approx_kl            | 0.015296778 |
|    clip_fraction        | 0.188       |
|    clip_range           | 0.2         |
|    entropy_loss         | -17.4       |
|    explained_variance   | 9.88245e-05 |
|    learning_rate        | 0.0003      |
|    loss                 | 2.94        |
|    n_updates            | 960         |
|    policy_gradient_loss | -0.0221     |
|    std                  | 1.03        |
|    value_loss           | 7.92        |
-----------------------------------------
-------------------------------------------
| rollout/                |               |
|    ep_len_mean          | 1.44e+03      |
|    ep_rew_mean          | 1.44e+03      |
| time/                   |               |
|    fps                  | 671           |
|    iterations           | 98            |
|    time_elapsed         | 149           |
|    total_timesteps      | 100352        |
| train/                  |               |
|    approx_kl            | 0.017934976   |
|    clip_fraction        | 0.204         |
|    clip_range           | 0.2           |
|    entropy_loss         | -17.4         |
|    explained_variance   | 6.9737434e-06 |
|    learning_rate        | 0.0003        |
|    loss                 | 2.72          |
|    n_updates            | 970           |
|    policy_gradient_loss | -0.0189       |
|    std                  | 1.03          |
|    value_loss           | 7.5           |
-------------------------------------------
-------------------------------------------
| rollout/                |               |
|    ep_len_mean          | 1.44e+03      |
|    ep_rew_mean          | 1.44e+03      |
| time/                   |               |
|    fps                  | 671           |
|    iterations           | 99            |
|    time_elapsed         | 150           |
|    total_timesteps      | 101376        |
| train/                  |               |
|    approx_kl            | 0.019545985   |
|    clip_fraction        | 0.211         |
|    clip_range           | 0.2           |
|    entropy_loss         | -17.4         |
|    explained_variance   | 1.2814999e-05 |
|    learning_rate        | 0.0003        |
|    loss                 | 2.36          |
|    n_updates            | 980           |
|    policy_gradient_loss | -0.0188       |
|    std                  | 1.03          |
|    value_loss           | 6.68          |
-------------------------------------------
--------------------------------------------
| rollout/                |                |
|    ep_len_mean          | 1.44e+03       |
|    ep_rew_mean          | 1.44e+03       |
| time/                   |                |
|    fps                  | 671            |
|    iterations           | 100            |
|    time_elapsed         | 152            |
|    total_timesteps      | 102400         |
| train/                  |                |
|    approx_kl            | 0.015728822    |
|    clip_fraction        | 0.139          |
|    clip_range           | 0.2            |
|    entropy_loss         | -17.4          |
|    explained_variance   | -1.0967255e-05 |
|    learning_rate        | 0.0003         |
|    loss                 | 2.1            |
|    n_updates            | 990            |
|    policy_gradient_loss | -0.016         |
|    std                  | 1.03           |
|    value_loss           | 6.07           |
--------------------------------------------
-------------------------------------------
| rollout/                |               |
|    ep_len_mean          | 1.44e+03      |
|    ep_rew_mean          | 1.44e+03      |
| time/                   |               |
|    fps                  | 671           |
|    iterations           | 101           |
|    time_elapsed         | 154           |
|    total_timesteps      | 103424        |
| train/                  |               |
|    approx_kl            | 0.013638548   |
|    clip_fraction        | 0.169         |
|    clip_range           | 0.2           |
|    entropy_loss         | -17.4         |
|    explained_variance   | 4.4107437e-06 |
|    learning_rate        | 0.0003        |
|    loss                 | 1.86          |
|    n_updates            | 1000          |
|    policy_gradient_loss | -0.0177       |
|    std                  | 1.03          |
|    value_loss           | 5.38          |
-------------------------------------------
--------------------------------------------
| rollout/                |                |
|    ep_len_mean          | 1.44e+03       |
|    ep_rew_mean          | 1.44e+03       |
| time/                   |                |
|    fps                  | 671            |
|    iterations           | 102            |
|    time_elapsed         | 155            |
|    total_timesteps      | 104448         |
| train/                  |                |
|    approx_kl            | 0.017132211    |
|    clip_fraction        | 0.211          |
|    clip_range           | 0.2            |
|    entropy_loss         | -17.4          |
|    explained_variance   | -3.4809113e-05 |
|    learning_rate        | 0.0003         |
|    loss                 | 1.7            |
|    n_updates            | 1010           |
|    policy_gradient_loss | -0.0179        |
|    std                  | 1.03           |
|    value_loss           | 4.99           |
--------------------------------------------
------------------------------------------
| rollout/                |              |
|    ep_len_mean          | 1.44e+03     |
|    ep_rew_mean          | 1.45e+03     |
| time/                   |              |
|    fps                  | 671          |
|    iterations           | 103          |
|    time_elapsed         | 157          |
|    total_timesteps      | 105472       |
| train/                  |              |
|    approx_kl            | 0.019575592  |
|    clip_fraction        | 0.199        |
|    clip_range           | 0.2          |
|    entropy_loss         | -17.4        |
|    explained_variance   | 2.759695e-05 |
|    learning_rate        | 0.0003       |
|    loss                 | 1.39         |
|    n_updates            | 1020         |
|    policy_gradient_loss | -0.0202      |
|    std                  | 1.03         |
|    value_loss           | 4.35         |
------------------------------------------
------------------------------------------
| rollout/                |              |
|    ep_len_mean          | 1.44e+03     |
|    ep_rew_mean          | 1.45e+03     |
| time/                   |              |
|    fps                  | 671          |
|    iterations           | 104          |
|    time_elapsed         | 158          |
|    total_timesteps      | 106496       |
| train/                  |              |
|    approx_kl            | 0.019224796  |
|    clip_fraction        | 0.2          |
|    clip_range           | 0.2          |
|    entropy_loss         | -17.3        |
|    explained_variance   | 4.863739e-05 |
|    learning_rate        | 0.0003       |
|    loss                 | 1.26         |
|    n_updates            | 1030         |
|    policy_gradient_loss | -0.0214      |
|    std                  | 1.03         |
|    value_loss           | 3.89         |
------------------------------------------
-------------------------------------------
| rollout/                |               |
|    ep_len_mean          | 1.44e+03      |
|    ep_rew_mean          | 1.45e+03      |
| time/                   |               |
|    fps                  | 671           |
|    iterations           | 105           |
|    time_elapsed         | 160           |
|    total_timesteps      | 107520        |
| train/                  |               |
|    approx_kl            | 0.015145842   |
|    clip_fraction        | 0.198         |
|    clip_range           | 0.2           |
|    entropy_loss         | -17.3         |
|    explained_variance   | 5.3167343e-05 |
|    learning_rate        | 0.0003        |
|    loss                 | 1.1           |
|    n_updates            | 1040          |
|    policy_gradient_loss | -0.0202       |
|    std                  | 1.03          |
|    value_loss           | 3.55          |
-------------------------------------------
-------------------------------------------
| rollout/                |               |
|    ep_len_mean          | 1.44e+03      |
|    ep_rew_mean          | 1.45e+03      |
| time/                   |               |
|    fps                  | 672           |
|    iterations           | 106           |
|    time_elapsed         | 161           |
|    total_timesteps      | 108544        |
| train/                  |               |
|    approx_kl            | 0.017809896   |
|    clip_fraction        | 0.19          |
|    clip_range           | 0.2           |
|    entropy_loss         | -17.3         |
|    explained_variance   | 2.2888184e-05 |
|    learning_rate        | 0.0003        |
|    loss                 | 0.928         |
|    n_updates            | 1050          |
|    policy_gradient_loss | -0.0206       |
|    std                  | 1.03          |
|    value_loss           | 3.07          |
-------------------------------------------
-------------------------------------------
| rollout/                |               |
|    ep_len_mean          | 1.44e+03      |
|    ep_rew_mean          | 1.45e+03      |
| time/                   |               |
|    fps                  | 672           |
|    iterations           | 107           |
|    time_elapsed         | 163           |
|    total_timesteps      | 109568        |
| train/                  |               |
|    approx_kl            | 0.021114126   |
|    clip_fraction        | 0.213         |
|    clip_range           | 0.2           |
|    entropy_loss         | -17.3         |
|    explained_variance   | 1.0728836e-05 |
|    learning_rate        | 0.0003        |
|    loss                 | 0.648         |
|    n_updates            | 1060          |
|    policy_gradient_loss | -0.023        |
|    std                  | 1.03          |
|    value_loss           | 2.48          |
-------------------------------------------
------------------------------------------
| rollout/                |              |
|    ep_len_mean          | 1.44e+03     |
|    ep_rew_mean          | 1.45e+03     |
| time/                   |              |
|    fps                  | 672          |
|    iterations           | 108          |
|    time_elapsed         | 164          |
|    total_timesteps      | 110592       |
| train/                  |              |
|    approx_kl            | 0.018377312  |
|    clip_fraction        | 0.214        |
|    clip_range           | 0.2          |
|    entropy_loss         | -17.4        |
|    explained_variance   | 9.739399e-05 |
|    learning_rate        | 0.0003       |
|    loss                 | 0.497        |
|    n_updates            | 1070         |
|    policy_gradient_loss | -0.0216      |
|    std                  | 1.03         |
|    value_loss           | 2.03         |
------------------------------------------
-------------------------------------------
| rollout/                |               |
|    ep_len_mean          | 1.44e+03      |
|    ep_rew_mean          | 1.45e+03      |
| time/                   |               |
|    fps                  | 672           |
|    iterations           | 109           |
|    time_elapsed         | 165           |
|    total_timesteps      | 111616        |
| train/                  |               |
|    approx_kl            | 0.020205814   |
|    clip_fraction        | 0.243         |
|    clip_range           | 0.2           |
|    entropy_loss         | -17.4         |
|    explained_variance   | 0.00010305643 |
|    learning_rate        | 0.0003        |
|    loss                 | 0.428         |
|    n_updates            | 1080          |
|    policy_gradient_loss | -0.0226       |
|    std                  | 1.03          |
|    value_loss           | 1.83          |
-------------------------------------------
-------------------------------------------
| rollout/                |               |
|    ep_len_mean          | 1.44e+03      |
|    ep_rew_mean          | 1.45e+03      |
| time/                   |               |
|    fps                  | 672           |
|    iterations           | 110           |
|    time_elapsed         | 167           |
|    total_timesteps      | 112640        |
| train/                  |               |
|    approx_kl            | 0.019914297   |
|    clip_fraction        | 0.194         |
|    clip_range           | 0.2           |
|    entropy_loss         | -17.3         |
|    explained_variance   | 4.7028065e-05 |
|    learning_rate        | 0.0003        |
|    loss                 | 0.316         |
|    n_updates            | 1090          |
|    policy_gradient_loss | -0.0195       |
|    std                  | 1.03          |
|    value_loss           | 1.54          |
-------------------------------------------
-------------------------------------------
| rollout/                |               |
|    ep_len_mean          | 1.44e+03      |
|    ep_rew_mean          | 1.45e+03      |
| time/                   |               |
|    fps                  | 672           |
|    iterations           | 111           |
|    time_elapsed         | 168           |
|    total_timesteps      | 113664        |
| train/                  |               |
|    approx_kl            | 0.01994599    |
|    clip_fraction        | 0.208         |
|    clip_range           | 0.2           |
|    entropy_loss         | -17.4         |
|    explained_variance   | 0.00011211634 |
|    learning_rate        | 0.0003        |
|    loss                 | 0.209         |
|    n_updates            | 1100          |
|    policy_gradient_loss | -0.0244       |
|    std                  | 1.03          |
|    value_loss           | 1.2           |
-------------------------------------------
-----------------------------------------
| rollout/                |             |
|    ep_len_mean          | 1.44e+03    |
|    ep_rew_mean          | 1.45e+03    |
| time/                   |             |
|    fps                  | 672         |
|    iterations           | 112         |
|    time_elapsed         | 170         |
|    total_timesteps      | 114688      |
| train/                  |             |
|    approx_kl            | 0.021596003 |
|    clip_fraction        | 0.22        |
|    clip_range           | 0.2         |
|    entropy_loss         | -17.4       |
|    explained_variance   | 8.98242e-05 |
|    learning_rate        | 0.0003      |
|    loss                 | 0.136       |
|    n_updates            | 1110        |
|    policy_gradient_loss | -0.0249     |
|    std                  | 1.03        |
|    value_loss           | 0.975       |
-----------------------------------------
-----------------------------------------
| rollout/                |             |
|    ep_len_mean          | 1.44e+03    |
|    ep_rew_mean          | 1.45e+03    |
| time/                   |             |
|    fps                  | 673         |
|    iterations           | 113         |
|    time_elapsed         | 171         |
|    total_timesteps      | 115712      |
| train/                  |             |
|    approx_kl            | 0.017045712 |
|    clip_fraction        | 0.224       |
|    clip_range           | 0.2         |
|    entropy_loss         | -17.4       |
|    explained_variance   | 2.69413e-05 |
|    learning_rate        | 0.0003      |
|    loss                 | 0.0815      |
|    n_updates            | 1120        |
|    policy_gradient_loss | -0.0239     |
|    std                  | 1.03        |
|    value_loss           | 0.773       |
-----------------------------------------
------------------------------------------
| rollout/                |              |
|    ep_len_mean          | 1.44e+03     |
|    ep_rew_mean          | 1.45e+03     |
| time/                   |              |
|    fps                  | 673          |
|    iterations           | 114          |
|    time_elapsed         | 173          |
|    total_timesteps      | 116736       |
| train/                  |              |
|    approx_kl            | 0.020529617  |
|    clip_fraction        | 0.256        |
|    clip_range           | 0.2          |
|    entropy_loss         | -17.4        |
|    explained_variance   | 0.0002220869 |
|    learning_rate        | 0.0003       |
|    loss                 | 0.0342       |
|    n_updates            | 1130         |
|    policy_gradient_loss | -0.0237      |
|    std                  | 1.03         |
|    value_loss           | 0.617        |
------------------------------------------
--------------------------------------------
| rollout/                |                |
|    ep_len_mean          | 1.44e+03       |
|    ep_rew_mean          | 1.45e+03       |
| time/                   |                |
|    fps                  | 673            |
|    iterations           | 115            |
|    time_elapsed         | 174            |
|    total_timesteps      | 117760         |
| train/                  |                |
|    approx_kl            | 0.021362955    |
|    clip_fraction        | 0.209          |
|    clip_range           | 0.2            |
|    entropy_loss         | -17.4          |
|    explained_variance   | -4.4107437e-06 |
|    learning_rate        | 0.0003         |
|    loss                 | 0.0165         |
|    n_updates            | 1140           |
|    policy_gradient_loss | -0.0234        |
|    std                  | 1.03           |
|    value_loss           | 0.465          |
--------------------------------------------
--------------------------------------------
| rollout/                |                |
|    ep_len_mean          | 1.44e+03       |
|    ep_rew_mean          | 1.45e+03       |
| time/                   |                |
|    fps                  | 673            |
|    iterations           | 116            |
|    time_elapsed         | 176            |
|    total_timesteps      | 118784         |
| train/                  |                |
|    approx_kl            | 0.02032381     |
|    clip_fraction        | 0.246          |
|    clip_range           | 0.2            |
|    entropy_loss         | -17.4          |
|    explained_variance   | -4.4107437e-06 |
|    learning_rate        | 0.0003         |
|    loss                 | -0.0202        |
|    n_updates            | 1150           |
|    policy_gradient_loss | -0.0245        |
|    std                  | 1.03           |
|    value_loss           | 0.295          |
--------------------------------------------
------------------------------------------
| rollout/                |              |
|    ep_len_mean          | 1.44e+03     |
|    ep_rew_mean          | 1.45e+03     |
| time/                   |              |
|    fps                  | 672          |
|    iterations           | 117          |
|    time_elapsed         | 178          |
|    total_timesteps      | 119808       |
| train/                  |              |
|    approx_kl            | 0.02443522   |
|    clip_fraction        | 0.268        |
|    clip_range           | 0.2          |
|    entropy_loss         | -17.3        |
|    explained_variance   | 6.133318e-05 |
|    learning_rate        | 0.0003       |
|    loss                 | -0.0281      |
|    n_updates            | 1160         |
|    policy_gradient_loss | -0.0246      |
|    std                  | 1.02         |
|    value_loss           | 0.195        |
------------------------------------------
------------------------------------------
| rollout/                |              |
|    ep_len_mean          | 1.44e+03     |
|    ep_rew_mean          | 1.45e+03     |
| time/                   |              |
|    fps                  | 672          |
|    iterations           | 118          |
|    time_elapsed         | 179          |
|    total_timesteps      | 120832       |
| train/                  |              |
|    approx_kl            | 0.020957343  |
|    clip_fraction        | 0.256        |
|    clip_range           | 0.2          |
|    entropy_loss         | -17.3        |
|    explained_variance   | 6.109476e-05 |
|    learning_rate        | 0.0003       |
|    loss                 | -0.0289      |
|    n_updates            | 1170         |
|    policy_gradient_loss | -0.0265      |
|    std                  | 1.02         |
|    value_loss           | 0.129        |
------------------------------------------
-------------------------------------------
| rollout/                |               |
|    ep_len_mean          | 1.44e+03      |
|    ep_rew_mean          | 1.45e+03      |
| time/                   |               |
|    fps                  | 672           |
|    iterations           | 119           |
|    time_elapsed         | 181           |
|    total_timesteps      | 121856        |
| train/                  |               |
|    approx_kl            | 0.017501198   |
|    clip_fraction        | 0.225         |
|    clip_range           | 0.2           |
|    entropy_loss         | -17.2         |
|    explained_variance   | 9.1552734e-05 |
|    learning_rate        | 0.0003        |
|    loss                 | -0.0107       |
|    n_updates            | 1180          |
|    policy_gradient_loss | -0.0217       |
|    std                  | 1.02          |
|    value_loss           | 0.0867        |
-------------------------------------------
------------------------------------------
| rollout/                |              |
|    ep_len_mean          | 1.44e+03     |
|    ep_rew_mean          | 1.45e+03     |
| time/                   |              |
|    fps                  | 672          |
|    iterations           | 120          |
|    time_elapsed         | 182          |
|    total_timesteps      | 122880       |
| train/                  |              |
|    approx_kl            | 0.017014423  |
|    clip_fraction        | 0.218        |
|    clip_range           | 0.2          |
|    entropy_loss         | -17.2        |
|    explained_variance   | 7.802248e-05 |
|    learning_rate        | 0.0003       |
|    loss                 | -0.0169      |
|    n_updates            | 1190         |
|    policy_gradient_loss | -0.0229      |
|    std                  | 1.02         |
|    value_loss           | 0.0771       |
------------------------------------------
------------------------------------------
| rollout/                |              |
|    ep_len_mean          | 1.44e+03     |
|    ep_rew_mean          | 1.45e+03     |
| time/                   |              |
|    fps                  | 671          |
|    iterations           | 121          |
|    time_elapsed         | 184          |
|    total_timesteps      | 123904       |
| train/                  |              |
|    approx_kl            | 0.016946262  |
|    clip_fraction        | 0.211        |
|    clip_range           | 0.2          |
|    entropy_loss         | -17.2        |
|    explained_variance   | 7.164478e-05 |
|    learning_rate        | 0.0003       |
|    loss                 | -0.0192      |
|    n_updates            | 1200         |
|    policy_gradient_loss | -0.0258      |
|    std                  | 1.02         |
|    value_loss           | 0.0509       |
------------------------------------------
--------------------------------------------
| rollout/                |                |
|    ep_len_mean          | 1.44e+03       |
|    ep_rew_mean          | 1.45e+03       |
| time/                   |                |
|    fps                  | 671            |
|    iterations           | 122            |
|    time_elapsed         | 185            |
|    total_timesteps      | 124928         |
| train/                  |                |
|    approx_kl            | 0.021814441    |
|    clip_fraction        | 0.229          |
|    clip_range           | 0.2            |
|    entropy_loss         | -17.2          |
|    explained_variance   | -4.4226646e-05 |
|    learning_rate        | 0.0003         |
|    loss                 | -0.0294        |
|    n_updates            | 1210           |
|    policy_gradient_loss | -0.0267        |
|    std                  | 1.02           |
|    value_loss           | 0.0358         |
--------------------------------------------
--------------------------------------------
| rollout/                |                |
|    ep_len_mean          | 1.44e+03       |
|    ep_rew_mean          | 1.45e+03       |
| time/                   |                |
|    fps                  | 671            |
|    iterations           | 123            |
|    time_elapsed         | 187            |
|    total_timesteps      | 125952         |
| train/                  |                |
|    approx_kl            | 0.017494442    |
|    clip_fraction        | 0.189          |
|    clip_range           | 0.2            |
|    entropy_loss         | -17.2          |
|    explained_variance   | -4.4465065e-05 |
|    learning_rate        | 0.0003         |
|    loss                 | -0.0288        |
|    n_updates            | 1220           |
|    policy_gradient_loss | -0.025         |
|    std                  | 1.02           |
|    value_loss           | 0.0345         |
--------------------------------------------
-------------------------------------------
| rollout/                |               |
|    ep_len_mean          | 1.44e+03      |
|    ep_rew_mean          | 1.45e+03      |
| time/                   |               |
|    fps                  | 671           |
|    iterations           | 124           |
|    time_elapsed         | 189           |
|    total_timesteps      | 126976        |
| train/                  |               |
|    approx_kl            | 0.016650844   |
|    clip_fraction        | 0.171         |
|    clip_range           | 0.2           |
|    entropy_loss         | -17.2         |
|    explained_variance   | 0.00023651123 |
|    learning_rate        | 0.0003        |
|    loss                 | -0.0203       |
|    n_updates            | 1230          |
|    policy_gradient_loss | -0.0214       |
|    std                  | 1.02          |
|    value_loss           | 0.027         |
-------------------------------------------
------------------------------------------
| rollout/                |              |
|    ep_len_mean          | 1.44e+03     |
|    ep_rew_mean          | 1.45e+03     |
| time/                   |              |
|    fps                  | 671          |
|    iterations           | 125          |
|    time_elapsed         | 190          |
|    total_timesteps      | 128000       |
| train/                  |              |
|    approx_kl            | 0.016310375  |
|    clip_fraction        | 0.171        |
|    clip_range           | 0.2          |
|    entropy_loss         | -17.2        |
|    explained_variance   | 6.657839e-05 |
|    learning_rate        | 0.0003       |
|    loss                 | -0.0262      |
|    n_updates            | 1240         |
|    policy_gradient_loss | -0.0221      |
|    std                  | 1.02         |
|    value_loss           | 0.025        |
------------------------------------------
--------------------------------------------
| rollout/                |                |
|    ep_len_mean          | 1.44e+03       |
|    ep_rew_mean          | 1.45e+03       |
| time/                   |                |
|    fps                  | 671            |
|    iterations           | 126            |
|    time_elapsed         | 192            |
|    total_timesteps      | 129024         |
| train/                  |                |
|    approx_kl            | 0.016701868    |
|    clip_fraction        | 0.159          |
|    clip_range           | 0.2            |
|    entropy_loss         | -17.2          |
|    explained_variance   | -0.00018441677 |
|    learning_rate        | 0.0003         |
|    loss                 | -0.0147        |
|    n_updates            | 1250           |
|    policy_gradient_loss | -0.0248        |
|    std                  | 1.02           |
|    value_loss           | 0.0181         |
--------------------------------------------
-------------------------------------------
| rollout/                |               |
|    ep_len_mean          | 1.44e+03      |
|    ep_rew_mean          | 1.45e+03      |
| time/                   |               |
|    fps                  | 671           |
|    iterations           | 127           |
|    time_elapsed         | 193           |
|    total_timesteps      | 130048        |
| train/                  |               |
|    approx_kl            | 0.0149043575  |
|    clip_fraction        | 0.197         |
|    clip_range           | 0.2           |
|    entropy_loss         | -17.2         |
|    explained_variance   | 0.00010049343 |
|    learning_rate        | 0.0003        |
|    loss                 | -0.0225       |
|    n_updates            | 1260          |
|    policy_gradient_loss | -0.0239       |
|    std                  | 1.01          |
|    value_loss           | 0.0175        |
-------------------------------------------
-------------------------------------------
| rollout/                |               |
|    ep_len_mean          | 1.44e+03      |
|    ep_rew_mean          | 1.45e+03      |
| time/                   |               |
|    fps                  | 671           |
|    iterations           | 128           |
|    time_elapsed         | 195           |
|    total_timesteps      | 131072        |
| train/                  |               |
|    approx_kl            | 0.019222539   |
|    clip_fraction        | 0.216         |
|    clip_range           | 0.2           |
|    entropy_loss         | -17.1         |
|    explained_variance   | 1.0311604e-05 |
|    learning_rate        | 0.0003        |
|    loss                 | -0.0366       |
|    n_updates            | 1270          |
|    policy_gradient_loss | -0.025        |
|    std                  | 1.01          |
|    value_loss           | 0.011         |
-------------------------------------------
------------------------------------------
| rollout/                |              |
|    ep_len_mean          | 1.44e+03     |
|    ep_rew_mean          | 1.45e+03     |
| time/                   |              |
|    fps                  | 671          |
|    iterations           | 129          |
|    time_elapsed         | 196          |
|    total_timesteps      | 132096       |
| train/                  |              |
|    approx_kl            | 0.025434602  |
|    clip_fraction        | 0.245        |
|    clip_range           | 0.2          |
|    entropy_loss         | -17.1        |
|    explained_variance   | 0.0001667738 |
|    learning_rate        | 0.0003       |
|    loss                 | -0.0374      |
|    n_updates            | 1280         |
|    policy_gradient_loss | -0.0309      |
|    std                  | 1.01         |
|    value_loss           | 0.0121       |
------------------------------------------
-------------------------------------------
| rollout/                |               |
|    ep_len_mean          | 1.44e+03      |
|    ep_rew_mean          | 1.45e+03      |
| time/                   |               |
|    fps                  | 671           |
|    iterations           | 130           |
|    time_elapsed         | 198           |
|    total_timesteps      | 133120        |
| train/                  |               |
|    approx_kl            | 0.016119272   |
|    clip_fraction        | 0.195         |
|    clip_range           | 0.2           |
|    entropy_loss         | -17.1         |
|    explained_variance   | 2.7537346e-05 |
|    learning_rate        | 0.0003        |
|    loss                 | -0.0393       |
|    n_updates            | 1290          |
|    policy_gradient_loss | -0.0244       |
|    std                  | 1             |
|    value_loss           | 0.0102        |
-------------------------------------------
-------------------------------------------
| rollout/                |               |
|    ep_len_mean          | 1.44e+03      |
|    ep_rew_mean          | 1.45e+03      |
| time/                   |               |
|    fps                  | 671           |
|    iterations           | 131           |
|    time_elapsed         | 199           |
|    total_timesteps      | 134144        |
| train/                  |               |
|    approx_kl            | 0.013380758   |
|    clip_fraction        | 0.161         |
|    clip_range           | 0.2           |
|    entropy_loss         | -17           |
|    explained_variance   | 0.00021100044 |
|    learning_rate        | 0.0003        |
|    loss                 | -0.0362       |
|    n_updates            | 1300          |
|    policy_gradient_loss | -0.0209       |
|    std                  | 1             |
|    value_loss           | 0.00863       |
-------------------------------------------
------------------------------------------
| rollout/                |              |
|    ep_len_mean          | 1.44e+03     |
|    ep_rew_mean          | 1.45e+03     |
| time/                   |              |
|    fps                  | 671          |
|    iterations           | 132          |
|    time_elapsed         | 201          |
|    total_timesteps      | 135168       |
| train/                  |              |
|    approx_kl            | 0.017392518  |
|    clip_fraction        | 0.186        |
|    clip_range           | 0.2          |
|    entropy_loss         | -17.1        |
|    explained_variance   | 0.0001450777 |
|    learning_rate        | 0.0003       |
|    loss                 | -0.0114      |
|    n_updates            | 1310         |
|    policy_gradient_loss | -0.023       |
|    std                  | 1.01         |
|    value_loss           | 0.0115       |
------------------------------------------
------------------------------------------
| rollout/                |              |
|    ep_len_mean          | 1.44e+03     |
|    ep_rew_mean          | 1.45e+03     |
| time/                   |              |
|    fps                  | 671          |
|    iterations           | 133          |
|    time_elapsed         | 202          |
|    total_timesteps      | 136192       |
| train/                  |              |
|    approx_kl            | 0.0152269825 |
|    clip_fraction        | 0.187        |
|    clip_range           | 0.2          |
|    entropy_loss         | -17.1        |
|    explained_variance   | 0.0012739897 |
|    learning_rate        | 0.0003       |
|    loss                 | -0.0396      |
|    n_updates            | 1320         |
|    policy_gradient_loss | -0.0233      |
|    std                  | 1            |
|    value_loss           | 0.00854      |
------------------------------------------
-------------------------------------------
| rollout/                |               |
|    ep_len_mean          | 1.44e+03      |
|    ep_rew_mean          | 1.45e+03      |
| time/                   |               |
|    fps                  | 671           |
|    iterations           | 134           |
|    time_elapsed         | 204           |
|    total_timesteps      | 137216        |
| train/                  |               |
|    approx_kl            | 0.013988787   |
|    clip_fraction        | 0.158         |
|    clip_range           | 0.2           |
|    entropy_loss         | -17           |
|    explained_variance   | 2.2888184e-05 |
|    learning_rate        | 0.0003        |
|    loss                 | -0.0405       |
|    n_updates            | 1330          |
|    policy_gradient_loss | -0.0216       |
|    std                  | 1             |
|    value_loss           | 0.00815       |
-------------------------------------------
------------------------------------------
| rollout/                |              |
|    ep_len_mean          | 1.44e+03     |
|    ep_rew_mean          | 1.45e+03     |
| time/                   |              |
|    fps                  | 672          |
|    iterations           | 135          |
|    time_elapsed         | 205          |
|    total_timesteps      | 138240       |
| train/                  |              |
|    approx_kl            | 0.018266324  |
|    clip_fraction        | 0.205        |
|    clip_range           | 0.2          |
|    entropy_loss         | -17          |
|    explained_variance   | 0.0006431937 |
|    learning_rate        | 0.0003       |
|    loss                 | -0.0281      |
|    n_updates            | 1340         |
|    policy_gradient_loss | -0.0266      |
|    std                  | 0.999        |
|    value_loss           | 0.00633      |
------------------------------------------
-------------------------------------------
| rollout/                |               |
|    ep_len_mean          | 1.44e+03      |
|    ep_rew_mean          | 1.45e+03      |
| time/                   |               |
|    fps                  | 672           |
|    iterations           | 136           |
|    time_elapsed         | 207           |
|    total_timesteps      | 139264        |
| train/                  |               |
|    approx_kl            | 0.015913945   |
|    clip_fraction        | 0.209         |
|    clip_range           | 0.2           |
|    entropy_loss         | -17           |
|    explained_variance   | 2.4318695e-05 |
|    learning_rate        | 0.0003        |
|    loss                 | -0.0283       |
|    n_updates            | 1350          |
|    policy_gradient_loss | -0.0236       |
|    std                  | 0.994         |
|    value_loss           | 0.0094        |
-------------------------------------------
-------------------------------------------
| rollout/                |               |
|    ep_len_mean          | 1.44e+03      |
|    ep_rew_mean          | 1.45e+03      |
| time/                   |               |
|    fps                  | 672           |
|    iterations           | 137           |
|    time_elapsed         | 208           |
|    total_timesteps      | 140288        |
| train/                  |               |
|    approx_kl            | 0.014701404   |
|    clip_fraction        | 0.167         |
|    clip_range           | 0.2           |
|    entropy_loss         | -16.9         |
|    explained_variance   | 0.00027620792 |
|    learning_rate        | 0.0003        |
|    loss                 | -0.0398       |
|    n_updates            | 1360          |
|    policy_gradient_loss | -0.0232       |
|    std                  | 0.99          |
|    value_loss           | 0.00819       |
-------------------------------------------
-------------------------------------------
| rollout/                |               |
|    ep_len_mean          | 1.44e+03      |
|    ep_rew_mean          | 1.45e+03      |
| time/                   |               |
|    fps                  | 672           |
|    iterations           | 138           |
|    time_elapsed         | 210           |
|    total_timesteps      | 141312        |
| train/                  |               |
|    approx_kl            | 0.0128283575  |
|    clip_fraction        | 0.152         |
|    clip_range           | 0.2           |
|    entropy_loss         | -16.9         |
|    explained_variance   | 0.00024586916 |
|    learning_rate        | 0.0003        |
|    loss                 | -0.038        |
|    n_updates            | 1370          |
|    policy_gradient_loss | -0.021        |
|    std                  | 0.99          |
|    value_loss           | 0.00795       |
-------------------------------------------
------------------------------------------
| rollout/                |              |
|    ep_len_mean          | 1.44e+03     |
|    ep_rew_mean          | 1.45e+03     |
| time/                   |              |
|    fps                  | 672          |
|    iterations           | 139          |
|    time_elapsed         | 211          |
|    total_timesteps      | 142336       |
| train/                  |              |
|    approx_kl            | 0.011268115  |
|    clip_fraction        | 0.162        |
|    clip_range           | 0.2          |
|    entropy_loss         | -16.9        |
|    explained_variance   | 0.0002669096 |
|    learning_rate        | 0.0003       |
|    loss                 | -0.0326      |
|    n_updates            | 1380         |
|    policy_gradient_loss | -0.0202      |
|    std                  | 0.988        |
|    value_loss           | 0.00784      |
------------------------------------------
------------------------------------------
| rollout/                |              |
|    ep_len_mean          | 1.44e+03     |
|    ep_rew_mean          | 1.45e+03     |
| time/                   |              |
|    fps                  | 672          |
|    iterations           | 140          |
|    time_elapsed         | 213          |
|    total_timesteps      | 143360       |
| train/                  |              |
|    approx_kl            | 0.01921965   |
|    clip_fraction        | 0.197        |
|    clip_range           | 0.2          |
|    entropy_loss         | -16.8        |
|    explained_variance   | 0.0009019971 |
|    learning_rate        | 0.0003       |
|    loss                 | -0.0404      |
|    n_updates            | 1390         |
|    policy_gradient_loss | -0.0275      |
|    std                  | 0.984        |
|    value_loss           | 0.00739      |
------------------------------------------
------------------------------------------
| rollout/                |              |
|    ep_len_mean          | 1.44e+03     |
|    ep_rew_mean          | 1.45e+03     |
| time/                   |              |
|    fps                  | 672          |
|    iterations           | 141          |
|    time_elapsed         | 214          |
|    total_timesteps      | 144384       |
| train/                  |              |
|    approx_kl            | 0.0130616855 |
|    clip_fraction        | 0.173        |
|    clip_range           | 0.2          |
|    entropy_loss         | -16.8        |
|    explained_variance   | 0.0009728074 |
|    learning_rate        | 0.0003       |
|    loss                 | -0.0326      |
|    n_updates            | 1400         |
|    policy_gradient_loss | -0.0228      |
|    std                  | 0.98         |
|    value_loss           | 0.00733      |
------------------------------------------
-------------------------------------------
| rollout/                |               |
|    ep_len_mean          | 1.44e+03      |
|    ep_rew_mean          | 1.45e+03      |
| time/                   |               |
|    fps                  | 672           |
|    iterations           | 142           |
|    time_elapsed         | 216           |
|    total_timesteps      | 145408        |
| train/                  |               |
|    approx_kl            | 0.014948336   |
|    clip_fraction        | 0.163         |
|    clip_range           | 0.2           |
|    entropy_loss         | -16.7         |
|    explained_variance   | 0.00027501583 |
|    learning_rate        | 0.0003        |
|    loss                 | -0.0342       |
|    n_updates            | 1410          |
|    policy_gradient_loss | -0.0225       |
|    std                  | 0.976         |
|    value_loss           | 0.0076        |
-------------------------------------------
-----------------------------------------
| rollout/                |             |
|    ep_len_mean          | 1.44e+03    |
|    ep_rew_mean          | 1.45e+03    |
| time/                   |             |
|    fps                  | 673         |
|    iterations           | 143         |
|    time_elapsed         | 217         |
|    total_timesteps      | 146432      |
| train/                  |             |
|    approx_kl            | 0.016643023 |
|    clip_fraction        | 0.188       |
|    clip_range           | 0.2         |
|    entropy_loss         | -16.7       |
|    explained_variance   | -1.7679403  |
|    learning_rate        | 0.0003      |
|    loss                 | -0.0254     |
|    n_updates            | 1420        |
|    policy_gradient_loss | -0.0236     |
|    std                  | 0.972       |
|    value_loss           | 0.0116      |
-----------------------------------------
-------------------------------------------
| rollout/                |               |
|    ep_len_mean          | 1.44e+03      |
|    ep_rew_mean          | 1.45e+03      |
| time/                   |               |
|    fps                  | 673           |
|    iterations           | 144           |
|    time_elapsed         | 219           |
|    total_timesteps      | 147456        |
| train/                  |               |
|    approx_kl            | 0.01758974    |
|    clip_fraction        | 0.213         |
|    clip_range           | 0.2           |
|    entropy_loss         | -16.6         |
|    explained_variance   | 0.00023853779 |
|    learning_rate        | 0.0003        |
|    loss                 | -0.0361       |
|    n_updates            | 1430          |
|    policy_gradient_loss | -0.0276       |
|    std                  | 0.969         |
|    value_loss           | 0.00726       |
-------------------------------------------
-------------------------------------------
| rollout/                |               |
|    ep_len_mean          | 1.44e+03      |
|    ep_rew_mean          | 1.45e+03      |
| time/                   |               |
|    fps                  | 673           |
|    iterations           | 145           |
|    time_elapsed         | 220           |
|    total_timesteps      | 148480        |
| train/                  |               |
|    approx_kl            | 0.014153036   |
|    clip_fraction        | 0.175         |
|    clip_range           | 0.2           |
|    entropy_loss         | -16.6         |
|    explained_variance   | 0.00027567148 |
|    learning_rate        | 0.0003        |
|    loss                 | -0.0329       |
|    n_updates            | 1440          |
|    policy_gradient_loss | -0.024        |
|    std                  | 0.966         |
|    value_loss           | 0.00536       |
-------------------------------------------
-------------------------------------------
| rollout/                |               |
|    ep_len_mean          | 1.44e+03      |
|    ep_rew_mean          | 1.45e+03      |
| time/                   |               |
|    fps                  | 673           |
|    iterations           | 146           |
|    time_elapsed         | 222           |
|    total_timesteps      | 149504        |
| train/                  |               |
|    approx_kl            | 0.015239147   |
|    clip_fraction        | 0.19          |
|    clip_range           | 0.2           |
|    entropy_loss         | -16.6         |
|    explained_variance   | 0.00027489662 |
|    learning_rate        | 0.0003        |
|    loss                 | -0.0465       |
|    n_updates            | 1450          |
|    policy_gradient_loss | -0.027        |
|    std                  | 0.963         |
|    value_loss           | 0.00489       |
-------------------------------------------
-------------------------------------------
| rollout/                |               |
|    ep_len_mean          | 1.44e+03      |
|    ep_rew_mean          | 1.45e+03      |
| time/                   |               |
|    fps                  | 673           |
|    iterations           | 147           |
|    time_elapsed         | 223           |
|    total_timesteps      | 150528        |
| train/                  |               |
|    approx_kl            | 0.012166886   |
|    clip_fraction        | 0.154         |
|    clip_range           | 0.2           |
|    entropy_loss         | -16.5         |
|    explained_variance   | 0.00041347742 |
|    learning_rate        | 0.0003        |
|    loss                 | -0.0285       |
|    n_updates            | 1460          |
|    policy_gradient_loss | -0.0225       |
|    std                  | 0.961         |
|    value_loss           | 0.00454       |
-------------------------------------------
-------------------------------------------
| rollout/                |               |
|    ep_len_mean          | 1.44e+03      |
|    ep_rew_mean          | 1.45e+03      |
| time/                   |               |
|    fps                  | 673           |
|    iterations           | 148           |
|    time_elapsed         | 225           |
|    total_timesteps      | 151552        |
| train/                  |               |
|    approx_kl            | 0.014434753   |
|    clip_fraction        | 0.161         |
|    clip_range           | 0.2           |
|    entropy_loss         | -16.5         |
|    explained_variance   | 0.00025051832 |
|    learning_rate        | 0.0003        |
|    loss                 | -0.0354       |
|    n_updates            | 1470          |
|    policy_gradient_loss | -0.0219       |
|    std                  | 0.958         |
|    value_loss           | 0.00651       |
-------------------------------------------
------------------------------------------
| rollout/                |              |
|    ep_len_mean          | 1.44e+03     |
|    ep_rew_mean          | 1.45e+03     |
| time/                   |              |
|    fps                  | 673          |
|    iterations           | 149          |
|    time_elapsed         | 226          |
|    total_timesteps      | 152576       |
| train/                  |              |
|    approx_kl            | 0.012806507  |
|    clip_fraction        | 0.138        |
|    clip_range           | 0.2          |
|    entropy_loss         | -16.5        |
|    explained_variance   | 0.0002349019 |
|    learning_rate        | 0.0003       |
|    loss                 | -0.0349      |
|    n_updates            | 1480         |
|    policy_gradient_loss | -0.0199      |
|    std                  | 0.959        |
|    value_loss           | 0.00646      |
------------------------------------------
------------------------------------------
| rollout/                |              |
|    ep_len_mean          | 1.44e+03     |
|    ep_rew_mean          | 1.45e+03     |
| time/                   |              |
|    fps                  | 673          |
|    iterations           | 150          |
|    time_elapsed         | 228          |
|    total_timesteps      | 153600       |
| train/                  |              |
|    approx_kl            | 0.010962921  |
|    clip_fraction        | 0.139        |
|    clip_range           | 0.2          |
|    entropy_loss         | -16.5        |
|    explained_variance   | 0.0006440282 |
|    learning_rate        | 0.0003       |
|    loss                 | -0.0343      |
|    n_updates            | 1490         |
|    policy_gradient_loss | -0.0197      |
|    std                  | 0.958        |
|    value_loss           | 0.00447      |
------------------------------------------
-----------------------------------------
| rollout/                |             |
|    ep_len_mean          | 1.44e+03    |
|    ep_rew_mean          | 1.45e+03    |
| time/                   |             |
|    fps                  | 673         |
|    iterations           | 151         |
|    time_elapsed         | 229         |
|    total_timesteps      | 154624      |
| train/                  |             |
|    approx_kl            | 0.015386018 |
|    clip_fraction        | 0.16        |
|    clip_range           | 0.2         |
|    entropy_loss         | -16.5       |
|    explained_variance   | 0.000323236 |
|    learning_rate        | 0.0003      |
|    loss                 | -0.0363     |
|    n_updates            | 1500        |
|    policy_gradient_loss | -0.0234     |
|    std                  | 0.957       |
|    value_loss           | 0.00591     |
-----------------------------------------
-----------------------------------------
| rollout/                |             |
|    ep_len_mean          | 1.44e+03    |
|    ep_rew_mean          | 1.45e+03    |
| time/                   |             |
|    fps                  | 673         |
|    iterations           | 152         |
|    time_elapsed         | 230         |
|    total_timesteps      | 155648      |
| train/                  |             |
|    approx_kl            | 0.010691899 |
|    clip_fraction        | 0.156       |
|    clip_range           | 0.2         |
|    entropy_loss         | -16.5       |
|    explained_variance   | 0.000277102 |
|    learning_rate        | 0.0003      |
|    loss                 | -0.0321     |
|    n_updates            | 1510        |
|    policy_gradient_loss | -0.0185     |
|    std                  | 0.956       |
|    value_loss           | 0.00519     |
-----------------------------------------
------------------------------------------
| rollout/                |              |
|    ep_len_mean          | 1.44e+03     |
|    ep_rew_mean          | 1.45e+03     |
| time/                   |              |
|    fps                  | 674          |
|    iterations           | 153          |
|    time_elapsed         | 232          |
|    total_timesteps      | 156672       |
| train/                  |              |
|    approx_kl            | 0.015028659  |
|    clip_fraction        | 0.167        |
|    clip_range           | 0.2          |
|    entropy_loss         | -16.5        |
|    explained_variance   | 0.0001308918 |
|    learning_rate        | 0.0003       |
|    loss                 | -0.0202      |
|    n_updates            | 1520         |
|    policy_gradient_loss | -0.0219      |
|    std                  | 0.957        |
|    value_loss           | 0.0267       |
------------------------------------------
------------------------------------------
| rollout/                |              |
|    ep_len_mean          | 1.44e+03     |
|    ep_rew_mean          | 1.45e+03     |
| time/                   |              |
|    fps                  | 674          |
|    iterations           | 154          |
|    time_elapsed         | 233          |
|    total_timesteps      | 157696       |
| train/                  |              |
|    approx_kl            | 0.011555767  |
|    clip_fraction        | 0.146        |
|    clip_range           | 0.2          |
|    entropy_loss         | -16.5        |
|    explained_variance   | 0.0003068447 |
|    learning_rate        | 0.0003       |
|    loss                 | -0.026       |
|    n_updates            | 1530         |
|    policy_gradient_loss | -0.0212      |
|    std                  | 0.957        |
|    value_loss           | 0.00816      |
------------------------------------------
-------------------------------------------
| rollout/                |               |
|    ep_len_mean          | 1.44e+03      |
|    ep_rew_mean          | 1.45e+03      |
| time/                   |               |
|    fps                  | 674           |
|    iterations           | 155           |
|    time_elapsed         | 235           |
|    total_timesteps      | 158720        |
| train/                  |               |
|    approx_kl            | 0.015087493   |
|    clip_fraction        | 0.171         |
|    clip_range           | 0.2           |
|    entropy_loss         | -16.5         |
|    explained_variance   | 0.00015938282 |
|    learning_rate        | 0.0003        |
|    loss                 | -0.0327       |
|    n_updates            | 1540          |
|    policy_gradient_loss | -0.0259       |
|    std                  | 0.955         |
|    value_loss           | 0.011         |
-------------------------------------------
-------------------------------------------
| rollout/                |               |
|    ep_len_mean          | 1.44e+03      |
|    ep_rew_mean          | 1.45e+03      |
| time/                   |               |
|    fps                  | 674           |
|    iterations           | 156           |
|    time_elapsed         | 236           |
|    total_timesteps      | 159744        |
| train/                  |               |
|    approx_kl            | 0.010363487   |
|    clip_fraction        | 0.109         |
|    clip_range           | 0.2           |
|    entropy_loss         | -16.4         |
|    explained_variance   | 0.00014811754 |
|    learning_rate        | 0.0003        |
|    loss                 | -0.00787      |
|    n_updates            | 1550          |
|    policy_gradient_loss | -0.0158       |
|    std                  | 0.954         |
|    value_loss           | 0.0176        |
-------------------------------------------
------------------------------------------
| rollout/                |              |
|    ep_len_mean          | 1.44e+03     |
|    ep_rew_mean          | 1.45e+03     |
| time/                   |              |
|    fps                  | 674          |
|    iterations           | 157          |
|    time_elapsed         | 238          |
|    total_timesteps      | 160768       |
| train/                  |              |
|    approx_kl            | 0.013095575  |
|    clip_fraction        | 0.163        |
|    clip_range           | 0.2          |
|    entropy_loss         | -16.4        |
|    explained_variance   | 8.183718e-05 |
|    learning_rate        | 0.0003       |
|    loss                 | -0.0277      |
|    n_updates            | 1560         |
|    policy_gradient_loss | -0.0212      |
|    std                  | 0.954        |
|    value_loss           | 0.0287       |
------------------------------------------
-------------------------------------------
| rollout/                |               |
|    ep_len_mean          | 1.44e+03      |
|    ep_rew_mean          | 1.45e+03      |
| time/                   |               |
|    fps                  | 674           |
|    iterations           | 158           |
|    time_elapsed         | 239           |
|    total_timesteps      | 161792        |
| train/                  |               |
|    approx_kl            | 0.014940266   |
|    clip_fraction        | 0.166         |
|    clip_range           | 0.2           |
|    entropy_loss         | -16.4         |
|    explained_variance   | 2.7000904e-05 |
|    learning_rate        | 0.0003        |
|    loss                 | -0.0165       |
|    n_updates            | 1570          |
|    policy_gradient_loss | -0.0183       |
|    std                  | 0.955         |
|    value_loss           | 0.0252        |
-------------------------------------------
-------------------------------------------
| rollout/                |               |
|    ep_len_mean          | 1.44e+03      |
|    ep_rew_mean          | 1.46e+03      |
| time/                   |               |
|    fps                  | 674           |
|    iterations           | 159           |
|    time_elapsed         | 241           |
|    total_timesteps      | 162816        |
| train/                  |               |
|    approx_kl            | 0.009165803   |
|    clip_fraction        | 0.113         |
|    clip_range           | 0.2           |
|    entropy_loss         | -16.4         |
|    explained_variance   | 0.00019615889 |
|    learning_rate        | 0.0003        |
|    loss                 | -0.0245       |
|    n_updates            | 1580          |
|    policy_gradient_loss | -0.0144       |
|    std                  | 0.954         |
|    value_loss           | 0.0148        |
-------------------------------------------
-------------------------------------------
| rollout/                |               |
|    ep_len_mean          | 1.44e+03      |
|    ep_rew_mean          | 1.46e+03      |
| time/                   |               |
|    fps                  | 674           |
|    iterations           | 160           |
|    time_elapsed         | 242           |
|    total_timesteps      | 163840        |
| train/                  |               |
|    approx_kl            | 0.0104041025  |
|    clip_fraction        | 0.136         |
|    clip_range           | 0.2           |
|    entropy_loss         | -16.4         |
|    explained_variance   | 0.00065356493 |
|    learning_rate        | 0.0003        |
|    loss                 | -0.0348       |
|    n_updates            | 1590          |
|    policy_gradient_loss | -0.0185       |
|    std                  | 0.954         |
|    value_loss           | 0.00714       |
-------------------------------------------
-------------------------------------------
| rollout/                |               |
|    ep_len_mean          | 1.44e+03      |
|    ep_rew_mean          | 1.46e+03      |
| time/                   |               |
|    fps                  | 674           |
|    iterations           | 161           |
|    time_elapsed         | 244           |
|    total_timesteps      | 164864        |
| train/                  |               |
|    approx_kl            | 0.016072161   |
|    clip_fraction        | 0.201         |
|    clip_range           | 0.2           |
|    entropy_loss         | -16.4         |
|    explained_variance   | 0.00021743774 |
|    learning_rate        | 0.0003        |
|    loss                 | -0.0314       |
|    n_updates            | 1600          |
|    policy_gradient_loss | -0.025        |
|    std                  | 0.954         |
|    value_loss           | 0.0155        |
-------------------------------------------
-------------------------------------------
| rollout/                |               |
|    ep_len_mean          | 1.44e+03      |
|    ep_rew_mean          | 1.46e+03      |
| time/                   |               |
|    fps                  | 674           |
|    iterations           | 162           |
|    time_elapsed         | 245           |
|    total_timesteps      | 165888        |
| train/                  |               |
|    approx_kl            | 0.013526557   |
|    clip_fraction        | 0.165         |
|    clip_range           | 0.2           |
|    entropy_loss         | -16.4         |
|    explained_variance   | 0.00011456013 |
|    learning_rate        | 0.0003        |
|    loss                 | -0.00119      |
|    n_updates            | 1610          |
|    policy_gradient_loss | -0.0217       |
|    std                  | 0.953         |
|    value_loss           | 0.0194        |
-------------------------------------------
-------------------------------------------
| rollout/                |               |
|    ep_len_mean          | 1.44e+03      |
|    ep_rew_mean          | 1.46e+03      |
| time/                   |               |
|    fps                  | 674           |
|    iterations           | 163           |
|    time_elapsed         | 247           |
|    total_timesteps      | 166912        |
| train/                  |               |
|    approx_kl            | 0.013729799   |
|    clip_fraction        | 0.151         |
|    clip_range           | 0.2           |
|    entropy_loss         | -16.4         |
|    explained_variance   | 1.1503696e-05 |
|    learning_rate        | 0.0003        |
|    loss                 | -0.00585      |
|    n_updates            | 1620          |
|    policy_gradient_loss | -0.0205       |
|    std                  | 0.952         |
|    value_loss           | 0.0683        |
-------------------------------------------
-------------------------------------------
| rollout/                |               |
|    ep_len_mean          | 1.44e+03      |
|    ep_rew_mean          | 1.46e+03      |
| time/                   |               |
|    fps                  | 674           |
|    iterations           | 164           |
|    time_elapsed         | 248           |
|    total_timesteps      | 167936        |
| train/                  |               |
|    approx_kl            | 0.012115099   |
|    clip_fraction        | 0.159         |
|    clip_range           | 0.2           |
|    entropy_loss         | -16.4         |
|    explained_variance   | 0.00026351213 |
|    learning_rate        | 0.0003        |
|    loss                 | -0.0293       |
|    n_updates            | 1630          |
|    policy_gradient_loss | -0.0203       |
|    std                  | 0.952         |
|    value_loss           | 0.0179        |
-------------------------------------------
-------------------------------------------
| rollout/                |               |
|    ep_len_mean          | 1.44e+03      |
|    ep_rew_mean          | 1.46e+03      |
| time/                   |               |
|    fps                  | 674           |
|    iterations           | 165           |
|    time_elapsed         | 250           |
|    total_timesteps      | 168960        |
| train/                  |               |
|    approx_kl            | 0.013706566   |
|    clip_fraction        | 0.149         |
|    clip_range           | 0.2           |
|    entropy_loss         | -16.4         |
|    explained_variance   | 0.00012540817 |
|    learning_rate        | 0.0003        |
|    loss                 | -0.0159       |
|    n_updates            | 1640          |
|    policy_gradient_loss | -0.0192       |
|    std                  | 0.952         |
|    value_loss           | 0.0267        |
-------------------------------------------
-------------------------------------------
| rollout/                |               |
|    ep_len_mean          | 1.44e+03      |
|    ep_rew_mean          | 1.46e+03      |
| time/                   |               |
|    fps                  | 674           |
|    iterations           | 166           |
|    time_elapsed         | 251           |
|    total_timesteps      | 169984        |
| train/                  |               |
|    approx_kl            | 0.017313955   |
|    clip_fraction        | 0.203         |
|    clip_range           | 0.2           |
|    entropy_loss         | -16.4         |
|    explained_variance   | 0.00017660856 |
|    learning_rate        | 0.0003        |
|    loss                 | -0.0287       |
|    n_updates            | 1650          |
|    policy_gradient_loss | -0.0273       |
|    std                  | 0.952         |
|    value_loss           | 0.0188        |
-------------------------------------------
-------------------------------------------
| rollout/                |               |
|    ep_len_mean          | 1.44e+03      |
|    ep_rew_mean          | 1.46e+03      |
| time/                   |               |
|    fps                  | 674           |
|    iterations           | 167           |
|    time_elapsed         | 253           |
|    total_timesteps      | 171008        |
| train/                  |               |
|    approx_kl            | 0.013574428   |
|    clip_fraction        | 0.147         |
|    clip_range           | 0.2           |
|    entropy_loss         | -16.4         |
|    explained_variance   | 0.00015676022 |
|    learning_rate        | 0.0003        |
|    loss                 | -0.0119       |
|    n_updates            | 1660          |
|    policy_gradient_loss | -0.0198       |
|    std                  | 0.951         |
|    value_loss           | 0.0324        |
-------------------------------------------
-------------------------------------------
| rollout/                |               |
|    ep_len_mean          | 1.44e+03      |
|    ep_rew_mean          | 1.46e+03      |
| time/                   |               |
|    fps                  | 674           |
|    iterations           | 168           |
|    time_elapsed         | 255           |
|    total_timesteps      | 172032        |
| train/                  |               |
|    approx_kl            | 0.012663433   |
|    clip_fraction        | 0.17          |
|    clip_range           | 0.2           |
|    entropy_loss         | -16.4         |
|    explained_variance   | 0.00011634827 |
|    learning_rate        | 0.0003        |
|    loss                 | -0.0376       |
|    n_updates            | 1670          |
|    policy_gradient_loss | -0.0229       |
|    std                  | 0.952         |
|    value_loss           | 0.0311        |
-------------------------------------------
------------------------------------------
| rollout/                |              |
|    ep_len_mean          | 1.44e+03     |
|    ep_rew_mean          | 1.46e+03     |
| time/                   |              |
|    fps                  | 674          |
|    iterations           | 169          |
|    time_elapsed         | 256          |
|    total_timesteps      | 173056       |
| train/                  |              |
|    approx_kl            | 0.012991816  |
|    clip_fraction        | 0.159        |
|    clip_range           | 0.2          |
|    entropy_loss         | -16.4        |
|    explained_variance   | 3.951788e-05 |
|    learning_rate        | 0.0003       |
|    loss                 | 0.00663      |
|    n_updates            | 1680         |
|    policy_gradient_loss | -0.0201      |
|    std                  | 0.952        |
|    value_loss           | 0.0666       |
------------------------------------------
-------------------------------------------
| rollout/                |               |
|    ep_len_mean          | 1.44e+03      |
|    ep_rew_mean          | 1.46e+03      |
| time/                   |               |
|    fps                  | 674           |
|    iterations           | 170           |
|    time_elapsed         | 258           |
|    total_timesteps      | 174080        |
| train/                  |               |
|    approx_kl            | 0.011730427   |
|    clip_fraction        | 0.164         |
|    clip_range           | 0.2           |
|    entropy_loss         | -16.4         |
|    explained_variance   | -7.987022e-06 |
|    learning_rate        | 0.0003        |
|    loss                 | 0.00707       |
|    n_updates            | 1690          |
|    policy_gradient_loss | -0.0205       |
|    std                  | 0.95          |
|    value_loss           | 0.0624        |
-------------------------------------------
------------------------------------------
| rollout/                |              |
|    ep_len_mean          | 1.44e+03     |
|    ep_rew_mean          | 1.46e+03     |
| time/                   |              |
|    fps                  | 674          |
|    iterations           | 171          |
|    time_elapsed         | 259          |
|    total_timesteps      | 175104       |
| train/                  |              |
|    approx_kl            | 0.011618877  |
|    clip_fraction        | 0.13         |
|    clip_range           | 0.2          |
|    entropy_loss         | -16.4        |
|    explained_variance   | 4.673004e-05 |
|    learning_rate        | 0.0003       |
|    loss                 | -0.0155      |
|    n_updates            | 1700         |
|    policy_gradient_loss | -0.0168      |
|    std                  | 0.949        |
|    value_loss           | 0.0494       |
------------------------------------------
-------------------------------------------
| rollout/                |               |
|    ep_len_mean          | 1.44e+03      |
|    ep_rew_mean          | 1.46e+03      |
| time/                   |               |
|    fps                  | 674           |
|    iterations           | 172           |
|    time_elapsed         | 261           |
|    total_timesteps      | 176128        |
| train/                  |               |
|    approx_kl            | 0.013899667   |
|    clip_fraction        | 0.17          |
|    clip_range           | 0.2           |
|    entropy_loss         | -16.4         |
|    explained_variance   | 3.2246113e-05 |
|    learning_rate        | 0.0003        |
|    loss                 | 0.000672      |
|    n_updates            | 1710          |
|    policy_gradient_loss | -0.0222       |
|    std                  | 0.947         |
|    value_loss           | 0.0792        |
-------------------------------------------
-------------------------------------------
| rollout/                |               |
|    ep_len_mean          | 1.44e+03      |
|    ep_rew_mean          | 1.46e+03      |
| time/                   |               |
|    fps                  | 674           |
|    iterations           | 173           |
|    time_elapsed         | 262           |
|    total_timesteps      | 177152        |
| train/                  |               |
|    approx_kl            | 0.012351077   |
|    clip_fraction        | 0.126         |
|    clip_range           | 0.2           |
|    entropy_loss         | -16.3         |
|    explained_variance   | 4.8816204e-05 |
|    learning_rate        | 0.0003        |
|    loss                 | 0.000891      |
|    n_updates            | 1720          |
|    policy_gradient_loss | -0.0181       |
|    std                  | 0.945         |
|    value_loss           | 0.0491        |
-------------------------------------------
-------------------------------------------
| rollout/                |               |
|    ep_len_mean          | 1.44e+03      |
|    ep_rew_mean          | 1.46e+03      |
| time/                   |               |
|    fps                  | 674           |
|    iterations           | 174           |
|    time_elapsed         | 264           |
|    total_timesteps      | 178176        |
| train/                  |               |
|    approx_kl            | 0.01239653    |
|    clip_fraction        | 0.125         |
|    clip_range           | 0.2           |
|    entropy_loss         | -16.3         |
|    explained_variance   | 0.00011497736 |
|    learning_rate        | 0.0003        |
|    loss                 | 0.000201      |
|    n_updates            | 1730          |
|    policy_gradient_loss | -0.0184       |
|    std                  | 0.942         |
|    value_loss           | 0.0304        |
-------------------------------------------
-------------------------------------------
| rollout/                |               |
|    ep_len_mean          | 1.44e+03      |
|    ep_rew_mean          | 1.46e+03      |
| time/                   |               |
|    fps                  | 674           |
|    iterations           | 175           |
|    time_elapsed         | 265           |
|    total_timesteps      | 179200        |
| train/                  |               |
|    approx_kl            | 0.014580092   |
|    clip_fraction        | 0.16          |
|    clip_range           | 0.2           |
|    entropy_loss         | -16.3         |
|    explained_variance   | 0.00058048964 |
|    learning_rate        | 0.0003        |
|    loss                 | -0.0337       |
|    n_updates            | 1740          |
|    policy_gradient_loss | -0.0238       |
|    std                  | 0.939         |
|    value_loss           | 0.0163        |
-------------------------------------------
------------------------------------------
| rollout/                |              |
|    ep_len_mean          | 1.44e+03     |
|    ep_rew_mean          | 1.46e+03     |
| time/                   |              |
|    fps                  | 674          |
|    iterations           | 176          |
|    time_elapsed         | 267          |
|    total_timesteps      | 180224       |
| train/                  |              |
|    approx_kl            | 0.01591263   |
|    clip_fraction        | 0.176        |
|    clip_range           | 0.2          |
|    entropy_loss         | -16.2        |
|    explained_variance   | 0.0003875494 |
|    learning_rate        | 0.0003       |
|    loss                 | -0.0342      |
|    n_updates            | 1750         |
|    policy_gradient_loss | -0.0242      |
|    std                  | 0.938        |
|    value_loss           | 0.0171       |
------------------------------------------
--------------------------------------------
| rollout/                |                |
|    ep_len_mean          | 1.44e+03       |
|    ep_rew_mean          | 1.46e+03       |
| time/                   |                |
|    fps                  | 674            |
|    iterations           | 177            |
|    time_elapsed         | 268            |
|    total_timesteps      | 181248         |
| train/                  |                |
|    approx_kl            | 0.016230855    |
|    clip_fraction        | 0.169          |
|    clip_range           | 0.2            |
|    entropy_loss         | -16.2          |
|    explained_variance   | 0.000102579594 |
|    learning_rate        | 0.0003         |
|    loss                 | -0.00739       |
|    n_updates            | 1760           |
|    policy_gradient_loss | -0.0226        |
|    std                  | 0.938          |
|    value_loss           | 0.0484         |
--------------------------------------------
-------------------------------------------
| rollout/                |               |
|    ep_len_mean          | 1.44e+03      |
|    ep_rew_mean          | 1.46e+03      |
| time/                   |               |
|    fps                  | 674           |
|    iterations           | 178           |
|    time_elapsed         | 270           |
|    total_timesteps      | 182272        |
| train/                  |               |
|    approx_kl            | 0.014317876   |
|    clip_fraction        | 0.189         |
|    clip_range           | 0.2           |
|    entropy_loss         | -16.2         |
|    explained_variance   | 0.00023949146 |
|    learning_rate        | 0.0003        |
|    loss                 | -0.0326       |
|    n_updates            | 1770          |
|    policy_gradient_loss | -0.0253       |
|    std                  | 0.938         |
|    value_loss           | 0.0175        |
-------------------------------------------
------------------------------------------
| rollout/                |              |
|    ep_len_mean          | 1.44e+03     |
|    ep_rew_mean          | 1.46e+03     |
| time/                   |              |
|    fps                  | 674          |
|    iterations           | 179          |
|    time_elapsed         | 271          |
|    total_timesteps      | 183296       |
| train/                  |              |
|    approx_kl            | 0.011134597  |
|    clip_fraction        | 0.133        |
|    clip_range           | 0.2          |
|    entropy_loss         | -16.2        |
|    explained_variance   | 9.393692e-05 |
|    learning_rate        | 0.0003       |
|    loss                 | -0.0195      |
|    n_updates            | 1780         |
|    policy_gradient_loss | -0.0203      |
|    std                  | 0.938        |
|    value_loss           | 0.0262       |
------------------------------------------
-------------------------------------------
| rollout/                |               |
|    ep_len_mean          | 1.44e+03      |
|    ep_rew_mean          | 1.46e+03      |
| time/                   |               |
|    fps                  | 674           |
|    iterations           | 180           |
|    time_elapsed         | 273           |
|    total_timesteps      | 184320        |
| train/                  |               |
|    approx_kl            | 0.014420182   |
|    clip_fraction        | 0.163         |
|    clip_range           | 0.2           |
|    entropy_loss         | -16.2         |
|    explained_variance   | 0.00013881922 |
|    learning_rate        | 0.0003        |
|    loss                 | -0.0136       |
|    n_updates            | 1790          |
|    policy_gradient_loss | -0.0238       |
|    std                  | 0.936         |
|    value_loss           | 0.0267        |
-------------------------------------------
-------------------------------------------
| rollout/                |               |
|    ep_len_mean          | 1.44e+03      |
|    ep_rew_mean          | 1.46e+03      |
| time/                   |               |
|    fps                  | 674           |
|    iterations           | 181           |
|    time_elapsed         | 274           |
|    total_timesteps      | 185344        |
| train/                  |               |
|    approx_kl            | 0.012367353   |
|    clip_fraction        | 0.152         |
|    clip_range           | 0.2           |
|    entropy_loss         | -16.2         |
|    explained_variance   | 5.2571297e-05 |
|    learning_rate        | 0.0003        |
|    loss                 | -0.0207       |
|    n_updates            | 1800          |
|    policy_gradient_loss | -0.0206       |
|    std                  | 0.937         |
|    value_loss           | 0.0336        |
-------------------------------------------
-------------------------------------------
| rollout/                |               |
|    ep_len_mean          | 1.44e+03      |
|    ep_rew_mean          | 1.46e+03      |
| time/                   |               |
|    fps                  | 674           |
|    iterations           | 182           |
|    time_elapsed         | 276           |
|    total_timesteps      | 186368        |
| train/                  |               |
|    approx_kl            | 0.0140988985  |
|    clip_fraction        | 0.159         |
|    clip_range           | 0.2           |
|    entropy_loss         | -16.2         |
|    explained_variance   | 0.00016707182 |
|    learning_rate        | 0.0003        |
|    loss                 | -0.0168       |
|    n_updates            | 1810          |
|    policy_gradient_loss | -0.0203       |
|    std                  | 0.935         |
|    value_loss           | 0.019         |
-------------------------------------------
-------------------------------------------
| rollout/                |               |
|    ep_len_mean          | 1.44e+03      |
|    ep_rew_mean          | 1.46e+03      |
| time/                   |               |
|    fps                  | 675           |
|    iterations           | 183           |
|    time_elapsed         | 277           |
|    total_timesteps      | 187392        |
| train/                  |               |
|    approx_kl            | 0.013053793   |
|    clip_fraction        | 0.156         |
|    clip_range           | 0.2           |
|    entropy_loss         | -16.2         |
|    explained_variance   | 0.00013667345 |
|    learning_rate        | 0.0003        |
|    loss                 | -0.0155       |
|    n_updates            | 1820          |
|    policy_gradient_loss | -0.0242       |
|    std                  | 0.933         |
|    value_loss           | 0.027         |
-------------------------------------------
--------------------------------------------
| rollout/                |                |
|    ep_len_mean          | 1.44e+03       |
|    ep_rew_mean          | 1.46e+03       |
| time/                   |                |
|    fps                  | 675            |
|    iterations           | 184            |
|    time_elapsed         | 279            |
|    total_timesteps      | 188416         |
| train/                  |                |
|    approx_kl            | 0.012415069    |
|    clip_fraction        | 0.158          |
|    clip_range           | 0.2            |
|    entropy_loss         | -16.2          |
|    explained_variance   | -4.7683716e-07 |
|    learning_rate        | 0.0003         |
|    loss                 | 0.00415        |
|    n_updates            | 1830           |
|    policy_gradient_loss | -0.0206        |
|    std                  | 0.933          |
|    value_loss           | 0.086          |
--------------------------------------------
-------------------------------------------
| rollout/                |               |
|    ep_len_mean          | 1.44e+03      |
|    ep_rew_mean          | 1.46e+03      |
| time/                   |               |
|    fps                  | 674           |
|    iterations           | 185           |
|    time_elapsed         | 280           |
|    total_timesteps      | 189440        |
| train/                  |               |
|    approx_kl            | 0.016084207   |
|    clip_fraction        | 0.176         |
|    clip_range           | 0.2           |
|    entropy_loss         | -16.1         |
|    explained_variance   | 0.00020176172 |
|    learning_rate        | 0.0003        |
|    loss                 | -0.0159       |
|    n_updates            | 1840          |
|    policy_gradient_loss | -0.0253       |
|    std                  | 0.932         |
|    value_loss           | 0.0258        |
-------------------------------------------
-------------------------------------------
| rollout/                |               |
|    ep_len_mean          | 1.44e+03      |
|    ep_rew_mean          | 1.46e+03      |
| time/                   |               |
|    fps                  | 674           |
|    iterations           | 186           |
|    time_elapsed         | 282           |
|    total_timesteps      | 190464        |
| train/                  |               |
|    approx_kl            | 0.0140056955  |
|    clip_fraction        | 0.17          |
|    clip_range           | 0.2           |
|    entropy_loss         | -16.1         |
|    explained_variance   | 5.3584576e-05 |
|    learning_rate        | 0.0003        |
|    loss                 | -0.00486      |
|    n_updates            | 1850          |
|    policy_gradient_loss | -0.0221       |
|    std                  | 0.931         |
|    value_loss           | 0.0602        |
-------------------------------------------
-------------------------------------------
| rollout/                |               |
|    ep_len_mean          | 1.44e+03      |
|    ep_rew_mean          | 1.46e+03      |
| time/                   |               |
|    fps                  | 674           |
|    iterations           | 187           |
|    time_elapsed         | 283           |
|    total_timesteps      | 191488        |
| train/                  |               |
|    approx_kl            | 0.0117104715  |
|    clip_fraction        | 0.116         |
|    clip_range           | 0.2           |
|    entropy_loss         | -16.1         |
|    explained_variance   | 0.00019305944 |
|    learning_rate        | 0.0003        |
|    loss                 | -0.0225       |
|    n_updates            | 1860          |
|    policy_gradient_loss | -0.0174       |
|    std                  | 0.931         |
|    value_loss           | 0.0117        |
-------------------------------------------
-------------------------------------------
| rollout/                |               |
|    ep_len_mean          | 1.44e+03      |
|    ep_rew_mean          | 1.46e+03      |
| time/                   |               |
|    fps                  | 673           |
|    iterations           | 188           |
|    time_elapsed         | 285           |
|    total_timesteps      | 192512        |
| train/                  |               |
|    approx_kl            | 0.017339796   |
|    clip_fraction        | 0.162         |
|    clip_range           | 0.2           |
|    entropy_loss         | -16.1         |
|    explained_variance   | 0.00037312508 |
|    learning_rate        | 0.0003        |
|    loss                 | -0.0423       |
|    n_updates            | 1870          |
|    policy_gradient_loss | -0.0242       |
|    std                  | 0.928         |
|    value_loss           | 0.0124        |
-------------------------------------------
-------------------------------------------
| rollout/                |               |
|    ep_len_mean          | 1.44e+03      |
|    ep_rew_mean          | 1.46e+03      |
| time/                   |               |
|    fps                  | 673           |
|    iterations           | 189           |
|    time_elapsed         | 287           |
|    total_timesteps      | 193536        |
| train/                  |               |
|    approx_kl            | 0.014082398   |
|    clip_fraction        | 0.168         |
|    clip_range           | 0.2           |
|    entropy_loss         | -16.1         |
|    explained_variance   | 0.00044572353 |
|    learning_rate        | 0.0003        |
|    loss                 | -0.0373       |
|    n_updates            | 1880          |
|    policy_gradient_loss | -0.0223       |
|    std                  | 0.927         |
|    value_loss           | 0.013         |
-------------------------------------------
--------------------------------------------
| rollout/                |                |
|    ep_len_mean          | 1.44e+03       |
|    ep_rew_mean          | 1.46e+03       |
| time/                   |                |
|    fps                  | 673            |
|    iterations           | 190            |
|    time_elapsed         | 288            |
|    total_timesteps      | 194560         |
| train/                  |                |
|    approx_kl            | 0.0121054165   |
|    clip_fraction        | 0.167          |
|    clip_range           | 0.2            |
|    entropy_loss         | -16.1          |
|    explained_variance   | 0.000119030476 |
|    learning_rate        | 0.0003         |
|    loss                 | -0.0497        |
|    n_updates            | 1890           |
|    policy_gradient_loss | -0.0221        |
|    std                  | 0.925          |
|    value_loss           | 0.0195         |
--------------------------------------------
-------------------------------------------
| rollout/                |               |
|    ep_len_mean          | 1.44e+03      |
|    ep_rew_mean          | 1.46e+03      |
| time/                   |               |
|    fps                  | 672           |
|    iterations           | 191           |
|    time_elapsed         | 290           |
|    total_timesteps      | 195584        |
| train/                  |               |
|    approx_kl            | 0.012307292   |
|    clip_fraction        | 0.142         |
|    clip_range           | 0.2           |
|    entropy_loss         | -16           |
|    explained_variance   | 0.00059217215 |
|    learning_rate        | 0.0003        |
|    loss                 | -0.0134       |
|    n_updates            | 1900          |
|    policy_gradient_loss | -0.0184       |
|    std                  | 0.924         |
|    value_loss           | 0.00739       |
-------------------------------------------
-------------------------------------------
| rollout/                |               |
|    ep_len_mean          | 1.44e+03      |
|    ep_rew_mean          | 1.46e+03      |
| time/                   |               |
|    fps                  | 672           |
|    iterations           | 192           |
|    time_elapsed         | 292           |
|    total_timesteps      | 196608        |
| train/                  |               |
|    approx_kl            | 0.013156754   |
|    clip_fraction        | 0.169         |
|    clip_range           | 0.2           |
|    entropy_loss         | -16           |
|    explained_variance   | 0.00019925833 |
|    learning_rate        | 0.0003        |
|    loss                 | -0.0206       |
|    n_updates            | 1910          |
|    policy_gradient_loss | -0.0216       |
|    std                  | 0.923         |
|    value_loss           | 0.019         |
-------------------------------------------
-------------------------------------------
| rollout/                |               |
|    ep_len_mean          | 1.44e+03      |
|    ep_rew_mean          | 1.46e+03      |
| time/                   |               |
|    fps                  | 672           |
|    iterations           | 193           |
|    time_elapsed         | 294           |
|    total_timesteps      | 197632        |
| train/                  |               |
|    approx_kl            | 0.014265606   |
|    clip_fraction        | 0.164         |
|    clip_range           | 0.2           |
|    entropy_loss         | -16           |
|    explained_variance   | 0.00014781952 |
|    learning_rate        | 0.0003        |
|    loss                 | -0.0035       |
|    n_updates            | 1920          |
|    policy_gradient_loss | -0.021        |
|    std                  | 0.922         |
|    value_loss           | 0.0331        |
-------------------------------------------
-------------------------------------------
| rollout/                |               |
|    ep_len_mean          | 1.44e+03      |
|    ep_rew_mean          | 1.46e+03      |
| time/                   |               |
|    fps                  | 671           |
|    iterations           | 194           |
|    time_elapsed         | 295           |
|    total_timesteps      | 198656        |
| train/                  |               |
|    approx_kl            | 0.017410606   |
|    clip_fraction        | 0.187         |
|    clip_range           | 0.2           |
|    entropy_loss         | -16           |
|    explained_variance   | 0.00041806698 |
|    learning_rate        | 0.0003        |
|    loss                 | -0.0282       |
|    n_updates            | 1930          |
|    policy_gradient_loss | -0.0252       |
|    std                  | 0.919         |
|    value_loss           | 0.0126        |
-------------------------------------------
------------------------------------------
| rollout/                |              |
|    ep_len_mean          | 1.44e+03     |
|    ep_rew_mean          | 1.46e+03     |
| time/                   |              |
|    fps                  | 670          |
|    iterations           | 195          |
|    time_elapsed         | 297          |
|    total_timesteps      | 199680       |
| train/                  |              |
|    approx_kl            | 0.0147111155 |
|    clip_fraction        | 0.161        |
|    clip_range           | 0.2          |
|    entropy_loss         | -16          |
|    explained_variance   | 0.0005019307 |
|    learning_rate        | 0.0003       |
|    loss                 | -0.0296      |
|    n_updates            | 1940         |
|    policy_gradient_loss | -0.023       |
|    std                  | 0.918        |
|    value_loss           | 0.0086       |
------------------------------------------
------------------------------------------
| rollout/                |              |
|    ep_len_mean          | 1.44e+03     |
|    ep_rew_mean          | 1.46e+03     |
| time/                   |              |
|    fps                  | 670          |
|    iterations           | 196          |
|    time_elapsed         | 299          |
|    total_timesteps      | 200704       |
| train/                  |              |
|    approx_kl            | 0.0141135    |
|    clip_fraction        | 0.171        |
|    clip_range           | 0.2          |
|    entropy_loss         | -16          |
|    explained_variance   | 0.0004209876 |
|    learning_rate        | 0.0003       |
|    loss                 | -0.0286      |
|    n_updates            | 1950         |
|    policy_gradient_loss | -0.0226      |
|    std                  | 0.918        |
|    value_loss           | 0.00886      |
------------------------------------------
Política MuJoCo guardada en /home/juli/unitree_ros2/nova-spot-micro-tesis/Experimentos/campana_distribuida_step_s23_20260928/mujoco/step_semilla_1022/policy.zip
