Using cuda device
Wrapping the env with a `Monitor` wrapper
Wrapping the env in a DummyVecEnv.
-----------------------------
| time/              |      |
|    fps             | 704  |
|    iterations      | 1    |
|    time_elapsed    | 1    |
|    total_timesteps | 1024 |
-----------------------------
------------------------------------------
| rollout/                |              |
|    ep_len_mean          | 1.44e+03     |
|    ep_rew_mean          | 1.44e+03     |
| time/                   |              |
|    fps                  | 644          |
|    iterations           | 2            |
|    time_elapsed         | 3            |
|    total_timesteps      | 2048         |
| train/                  |              |
|    approx_kl            | 0.019671064  |
|    clip_fraction        | 0.243        |
|    clip_range           | 0.2          |
|    entropy_loss         | -17          |
|    explained_variance   | -0.010596514 |
|    learning_rate        | 0.0003       |
|    loss                 | 93.2         |
|    n_updates            | 10           |
|    policy_gradient_loss | -0.0133      |
|    std                  | 1            |
|    value_loss           | 230          |
------------------------------------------
------------------------------------------
| rollout/                |              |
|    ep_len_mean          | 1.44e+03     |
|    ep_rew_mean          | 1.44e+03     |
| time/                   |              |
|    fps                  | 659          |
|    iterations           | 3            |
|    time_elapsed         | 4            |
|    total_timesteps      | 3072         |
| train/                  |              |
|    approx_kl            | 0.011735301  |
|    clip_fraction        | 0.156        |
|    clip_range           | 0.2          |
|    entropy_loss         | -17.1        |
|    explained_variance   | -0.001229763 |
|    learning_rate        | 0.0003       |
|    loss                 | 90.4         |
|    n_updates            | 20           |
|    policy_gradient_loss | -0.0129      |
|    std                  | 1            |
|    value_loss           | 216          |
------------------------------------------
-------------------------------------------
| rollout/                |               |
|    ep_len_mean          | 1.44e+03      |
|    ep_rew_mean          | 1.44e+03      |
| time/                   |               |
|    fps                  | 665           |
|    iterations           | 4             |
|    time_elapsed         | 6             |
|    total_timesteps      | 4096          |
| train/                  |               |
|    approx_kl            | 0.01266019    |
|    clip_fraction        | 0.173         |
|    clip_range           | 0.2           |
|    entropy_loss         | -17.1         |
|    explained_variance   | -0.0071032047 |
|    learning_rate        | 0.0003        |
|    loss                 | 94.3          |
|    n_updates            | 30            |
|    policy_gradient_loss | -0.0105       |
|    std                  | 1             |
|    value_loss           | 212           |
-------------------------------------------
-------------------------------------------
| rollout/                |               |
|    ep_len_mean          | 1.44e+03      |
|    ep_rew_mean          | 1.44e+03      |
| time/                   |               |
|    fps                  | 669           |
|    iterations           | 5             |
|    time_elapsed         | 7             |
|    total_timesteps      | 5120          |
| train/                  |               |
|    approx_kl            | 0.023697995   |
|    clip_fraction        | 0.223         |
|    clip_range           | 0.2           |
|    entropy_loss         | -17.1         |
|    explained_variance   | -0.0044043064 |
|    learning_rate        | 0.0003        |
|    loss                 | 101           |
|    n_updates            | 40            |
|    policy_gradient_loss | -0.0133       |
|    std                  | 1             |
|    value_loss           | 217           |
-------------------------------------------
-----------------------------------------
| rollout/                |             |
|    ep_len_mean          | 1.44e+03    |
|    ep_rew_mean          | 1.44e+03    |
| time/                   |             |
|    fps                  | 672         |
|    iterations           | 6           |
|    time_elapsed         | 9           |
|    total_timesteps      | 6144        |
| train/                  |             |
|    approx_kl            | 0.01577398  |
|    clip_fraction        | 0.165       |
|    clip_range           | 0.2         |
|    entropy_loss         | -17.1       |
|    explained_variance   | 0.002868414 |
|    learning_rate        | 0.0003      |
|    loss                 | 96.9        |
|    n_updates            | 50          |
|    policy_gradient_loss | -0.0121     |
|    std                  | 1.01        |
|    value_loss           | 210         |
-----------------------------------------
------------------------------------------
| rollout/                |              |
|    ep_len_mean          | 1.44e+03     |
|    ep_rew_mean          | 1.44e+03     |
| time/                   |              |
|    fps                  | 674          |
|    iterations           | 7            |
|    time_elapsed         | 10           |
|    total_timesteps      | 7168         |
| train/                  |              |
|    approx_kl            | 0.011690063  |
|    clip_fraction        | 0.125        |
|    clip_range           | 0.2          |
|    entropy_loss         | -17.1        |
|    explained_variance   | 0.0008482337 |
|    learning_rate        | 0.0003       |
|    loss                 | 96.4         |
|    n_updates            | 60           |
|    policy_gradient_loss | -0.0101      |
|    std                  | 1.01         |
|    value_loss           | 206          |
------------------------------------------
------------------------------------------
| rollout/                |              |
|    ep_len_mean          | 1.44e+03     |
|    ep_rew_mean          | 1.44e+03     |
| time/                   |              |
|    fps                  | 675          |
|    iterations           | 8            |
|    time_elapsed         | 12           |
|    total_timesteps      | 8192         |
| train/                  |              |
|    approx_kl            | 0.013269745  |
|    clip_fraction        | 0.101        |
|    clip_range           | 0.2          |
|    entropy_loss         | -17.1        |
|    explained_variance   | 0.0026694536 |
|    learning_rate        | 0.0003       |
|    loss                 | 98.5         |
|    n_updates            | 70           |
|    policy_gradient_loss | -0.00691     |
|    std                  | 1.01         |
|    value_loss           | 208          |
------------------------------------------
------------------------------------------
| rollout/                |              |
|    ep_len_mean          | 1.44e+03     |
|    ep_rew_mean          | 1.44e+03     |
| time/                   |              |
|    fps                  | 676          |
|    iterations           | 9            |
|    time_elapsed         | 13           |
|    total_timesteps      | 9216         |
| train/                  |              |
|    approx_kl            | 0.008965256  |
|    clip_fraction        | 0.119        |
|    clip_range           | 0.2          |
|    entropy_loss         | -17.1        |
|    explained_variance   | 0.0007022619 |
|    learning_rate        | 0.0003       |
|    loss                 | 93.8         |
|    n_updates            | 80           |
|    policy_gradient_loss | -0.00988     |
|    std                  | 1.01         |
|    value_loss           | 200          |
------------------------------------------
-------------------------------------------
| rollout/                |               |
|    ep_len_mean          | 1.44e+03      |
|    ep_rew_mean          | 1.44e+03      |
| time/                   |               |
|    fps                  | 674           |
|    iterations           | 10            |
|    time_elapsed         | 15            |
|    total_timesteps      | 10240         |
| train/                  |               |
|    approx_kl            | 0.020148821   |
|    clip_fraction        | 0.21          |
|    clip_range           | 0.2           |
|    entropy_loss         | -17.1         |
|    explained_variance   | -0.0004274845 |
|    learning_rate        | 0.0003        |
|    loss                 | 92.7          |
|    n_updates            | 90            |
|    policy_gradient_loss | -0.0133       |
|    std                  | 1.01          |
|    value_loss           | 196           |
-------------------------------------------
--------------------------------------------
| rollout/                |                |
|    ep_len_mean          | 1.44e+03       |
|    ep_rew_mean          | 1.44e+03       |
| time/                   |                |
|    fps                  | 674            |
|    iterations           | 11             |
|    time_elapsed         | 16             |
|    total_timesteps      | 11264          |
| train/                  |                |
|    approx_kl            | 0.010684162    |
|    clip_fraction        | 0.136          |
|    clip_range           | 0.2            |
|    entropy_loss         | -17.1          |
|    explained_variance   | -0.00036144257 |
|    learning_rate        | 0.0003         |
|    loss                 | 90.4           |
|    n_updates            | 100            |
|    policy_gradient_loss | -0.0106        |
|    std                  | 1.01           |
|    value_loss           | 192            |
--------------------------------------------
-------------------------------------------
| rollout/                |               |
|    ep_len_mean          | 1.44e+03      |
|    ep_rew_mean          | 1.44e+03      |
| time/                   |               |
|    fps                  | 675           |
|    iterations           | 12            |
|    time_elapsed         | 18            |
|    total_timesteps      | 12288         |
| train/                  |               |
|    approx_kl            | 0.017238965   |
|    clip_fraction        | 0.196         |
|    clip_range           | 0.2           |
|    entropy_loss         | -17.2         |
|    explained_variance   | -7.259846e-05 |
|    learning_rate        | 0.0003        |
|    loss                 | 90.4          |
|    n_updates            | 110           |
|    policy_gradient_loss | -0.0137       |
|    std                  | 1.01          |
|    value_loss           | 192           |
-------------------------------------------
-------------------------------------------
| rollout/                |               |
|    ep_len_mean          | 1.44e+03      |
|    ep_rew_mean          | 1.44e+03      |
| time/                   |               |
|    fps                  | 676           |
|    iterations           | 13            |
|    time_elapsed         | 19            |
|    total_timesteps      | 13312         |
| train/                  |               |
|    approx_kl            | 0.013981445   |
|    clip_fraction        | 0.178         |
|    clip_range           | 0.2           |
|    entropy_loss         | -17.2         |
|    explained_variance   | 0.00067955256 |
|    learning_rate        | 0.0003        |
|    loss                 | 84.9          |
|    n_updates            | 120           |
|    policy_gradient_loss | -0.0129       |
|    std                  | 1.01          |
|    value_loss           | 184           |
-------------------------------------------
------------------------------------------
| rollout/                |              |
|    ep_len_mean          | 1.44e+03     |
|    ep_rew_mean          | 1.44e+03     |
| time/                   |              |
|    fps                  | 677          |
|    iterations           | 14           |
|    time_elapsed         | 21           |
|    total_timesteps      | 14336        |
| train/                  |              |
|    approx_kl            | 0.013712985  |
|    clip_fraction        | 0.16         |
|    clip_range           | 0.2          |
|    entropy_loss         | -17.2        |
|    explained_variance   | 0.0006890297 |
|    learning_rate        | 0.0003       |
|    loss                 | 84.5         |
|    n_updates            | 130          |
|    policy_gradient_loss | -0.0131      |
|    std                  | 1.01         |
|    value_loss           | 181          |
------------------------------------------
------------------------------------------
| rollout/                |              |
|    ep_len_mean          | 1.44e+03     |
|    ep_rew_mean          | 1.44e+03     |
| time/                   |              |
|    fps                  | 678          |
|    iterations           | 15           |
|    time_elapsed         | 22           |
|    total_timesteps      | 15360        |
| train/                  |              |
|    approx_kl            | 0.010270994  |
|    clip_fraction        | 0.104        |
|    clip_range           | 0.2          |
|    entropy_loss         | -17.2        |
|    explained_variance   | 0.0004121065 |
|    learning_rate        | 0.0003       |
|    loss                 | 85.2         |
|    n_updates            | 140          |
|    policy_gradient_loss | -0.0115      |
|    std                  | 1.02         |
|    value_loss           | 182          |
------------------------------------------
--------------------------------------------
| rollout/                |                |
|    ep_len_mean          | 1.44e+03       |
|    ep_rew_mean          | 1.44e+03       |
| time/                   |                |
|    fps                  | 679            |
|    iterations           | 16             |
|    time_elapsed         | 24             |
|    total_timesteps      | 16384          |
| train/                  |                |
|    approx_kl            | 0.010943722    |
|    clip_fraction        | 0.18           |
|    clip_range           | 0.2            |
|    entropy_loss         | -17.2          |
|    explained_variance   | -0.00019907951 |
|    learning_rate        | 0.0003         |
|    loss                 | 82.3           |
|    n_updates            | 150            |
|    policy_gradient_loss | -0.0134        |
|    std                  | 1.02           |
|    value_loss           | 174            |
--------------------------------------------
-------------------------------------------
| rollout/                |               |
|    ep_len_mean          | 1.44e+03      |
|    ep_rew_mean          | 1.44e+03      |
| time/                   |               |
|    fps                  | 680           |
|    iterations           | 17            |
|    time_elapsed         | 25            |
|    total_timesteps      | 17408         |
| train/                  |               |
|    approx_kl            | 0.011931789   |
|    clip_fraction        | 0.156         |
|    clip_range           | 0.2           |
|    entropy_loss         | -17.2         |
|    explained_variance   | 0.00017279387 |
|    learning_rate        | 0.0003        |
|    loss                 | 80.9          |
|    n_updates            | 160           |
|    policy_gradient_loss | -0.0119       |
|    std                  | 1.02          |
|    value_loss           | 171           |
-------------------------------------------
--------------------------------------------
| rollout/                |                |
|    ep_len_mean          | 1.44e+03       |
|    ep_rew_mean          | 1.44e+03       |
| time/                   |                |
|    fps                  | 680            |
|    iterations           | 18             |
|    time_elapsed         | 27             |
|    total_timesteps      | 18432          |
| train/                  |                |
|    approx_kl            | 0.013096044    |
|    clip_fraction        | 0.138          |
|    clip_range           | 0.2            |
|    entropy_loss         | -17.2          |
|    explained_variance   | -0.00017762184 |
|    learning_rate        | 0.0003         |
|    loss                 | 79.4           |
|    n_updates            | 170            |
|    policy_gradient_loss | -0.0111        |
|    std                  | 1.02           |
|    value_loss           | 167            |
--------------------------------------------
-------------------------------------------
| rollout/                |               |
|    ep_len_mean          | 1.44e+03      |
|    ep_rew_mean          | 1.44e+03      |
| time/                   |               |
|    fps                  | 681           |
|    iterations           | 19            |
|    time_elapsed         | 28            |
|    total_timesteps      | 19456         |
| train/                  |               |
|    approx_kl            | 0.011576962   |
|    clip_fraction        | 0.15          |
|    clip_range           | 0.2           |
|    entropy_loss         | -17.2         |
|    explained_variance   | -0.0005171299 |
|    learning_rate        | 0.0003        |
|    loss                 | 77.7          |
|    n_updates            | 180           |
|    policy_gradient_loss | -0.0112       |
|    std                  | 1.02          |
|    value_loss           | 168           |
-------------------------------------------
--------------------------------------------
| rollout/                |                |
|    ep_len_mean          | 1.44e+03       |
|    ep_rew_mean          | 1.44e+03       |
| time/                   |                |
|    fps                  | 681            |
|    iterations           | 20             |
|    time_elapsed         | 30             |
|    total_timesteps      | 20480          |
| train/                  |                |
|    approx_kl            | 0.019682515    |
|    clip_fraction        | 0.217          |
|    clip_range           | 0.2            |
|    entropy_loss         | -17.2          |
|    explained_variance   | -0.00032114983 |
|    learning_rate        | 0.0003         |
|    loss                 | 76.4           |
|    n_updates            | 190            |
|    policy_gradient_loss | -0.0129        |
|    std                  | 1.02           |
|    value_loss           | 161            |
--------------------------------------------
--------------------------------------------
| rollout/                |                |
|    ep_len_mean          | 1.44e+03       |
|    ep_rew_mean          | 1.44e+03       |
| time/                   |                |
|    fps                  | 682            |
|    iterations           | 21             |
|    time_elapsed         | 31             |
|    total_timesteps      | 21504          |
| train/                  |                |
|    approx_kl            | 0.011834556    |
|    clip_fraction        | 0.132          |
|    clip_range           | 0.2            |
|    entropy_loss         | -17.3          |
|    explained_variance   | 0.000110030174 |
|    learning_rate        | 0.0003         |
|    loss                 | 75.1           |
|    n_updates            | 200            |
|    policy_gradient_loss | -0.0117        |
|    std                  | 1.02           |
|    value_loss           | 157            |
--------------------------------------------
--------------------------------------------
| rollout/                |                |
|    ep_len_mean          | 1.44e+03       |
|    ep_rew_mean          | 1.44e+03       |
| time/                   |                |
|    fps                  | 681            |
|    iterations           | 22             |
|    time_elapsed         | 33             |
|    total_timesteps      | 22528          |
| train/                  |                |
|    approx_kl            | 0.016761467    |
|    clip_fraction        | 0.182          |
|    clip_range           | 0.2            |
|    entropy_loss         | -17.3          |
|    explained_variance   | -0.00062406063 |
|    learning_rate        | 0.0003         |
|    loss                 | 74.4           |
|    n_updates            | 210            |
|    policy_gradient_loss | -0.0124        |
|    std                  | 1.02           |
|    value_loss           | 158            |
--------------------------------------------
--------------------------------------------
| rollout/                |                |
|    ep_len_mean          | 1.44e+03       |
|    ep_rew_mean          | 1.44e+03       |
| time/                   |                |
|    fps                  | 681            |
|    iterations           | 23             |
|    time_elapsed         | 34             |
|    total_timesteps      | 23552          |
| train/                  |                |
|    approx_kl            | 0.017543089    |
|    clip_fraction        | 0.189          |
|    clip_range           | 0.2            |
|    entropy_loss         | -17.3          |
|    explained_variance   | -0.00016200542 |
|    learning_rate        | 0.0003         |
|    loss                 | 71             |
|    n_updates            | 220            |
|    policy_gradient_loss | -0.0124        |
|    std                  | 1.02           |
|    value_loss           | 151            |
--------------------------------------------
--------------------------------------------
| rollout/                |                |
|    ep_len_mean          | 1.44e+03       |
|    ep_rew_mean          | 1.44e+03       |
| time/                   |                |
|    fps                  | 681            |
|    iterations           | 24             |
|    time_elapsed         | 36             |
|    total_timesteps      | 24576          |
| train/                  |                |
|    approx_kl            | 0.013763394    |
|    clip_fraction        | 0.161          |
|    clip_range           | 0.2            |
|    entropy_loss         | -17.3          |
|    explained_variance   | -0.00024306774 |
|    learning_rate        | 0.0003         |
|    loss                 | 68.6           |
|    n_updates            | 230            |
|    policy_gradient_loss | -0.0147        |
|    std                  | 1.02           |
|    value_loss           | 147            |
--------------------------------------------
--------------------------------------------
| rollout/                |                |
|    ep_len_mean          | 1.44e+03       |
|    ep_rew_mean          | 1.44e+03       |
| time/                   |                |
|    fps                  | 680            |
|    iterations           | 25             |
|    time_elapsed         | 37             |
|    total_timesteps      | 25600          |
| train/                  |                |
|    approx_kl            | 0.012131633    |
|    clip_fraction        | 0.153          |
|    clip_range           | 0.2            |
|    entropy_loss         | -17.3          |
|    explained_variance   | -3.0875206e-05 |
|    learning_rate        | 0.0003         |
|    loss                 | 68.5           |
|    n_updates            | 240            |
|    policy_gradient_loss | -0.0114        |
|    std                  | 1.02           |
|    value_loss           | 145            |
--------------------------------------------
-------------------------------------------
| rollout/                |               |
|    ep_len_mean          | 1.44e+03      |
|    ep_rew_mean          | 1.44e+03      |
| time/                   |               |
|    fps                  | 680           |
|    iterations           | 26            |
|    time_elapsed         | 39            |
|    total_timesteps      | 26624         |
| train/                  |               |
|    approx_kl            | 0.013519575   |
|    clip_fraction        | 0.207         |
|    clip_range           | 0.2           |
|    entropy_loss         | -17.3         |
|    explained_variance   | -3.516674e-05 |
|    learning_rate        | 0.0003        |
|    loss                 | 67.7          |
|    n_updates            | 250           |
|    policy_gradient_loss | -0.0149       |
|    std                  | 1.02          |
|    value_loss           | 145           |
-------------------------------------------
--------------------------------------------
| rollout/                |                |
|    ep_len_mean          | 1.44e+03       |
|    ep_rew_mean          | 1.44e+03       |
| time/                   |                |
|    fps                  | 679            |
|    iterations           | 27             |
|    time_elapsed         | 40             |
|    total_timesteps      | 27648          |
| train/                  |                |
|    approx_kl            | 0.012371459    |
|    clip_fraction        | 0.184          |
|    clip_range           | 0.2            |
|    entropy_loss         | -17.3          |
|    explained_variance   | -1.7046928e-05 |
|    learning_rate        | 0.0003         |
|    loss                 | 65             |
|    n_updates            | 260            |
|    policy_gradient_loss | -0.014         |
|    std                  | 1.02           |
|    value_loss           | 138            |
--------------------------------------------
-------------------------------------------
| rollout/                |               |
|    ep_len_mean          | 1.44e+03      |
|    ep_rew_mean          | 1.44e+03      |
| time/                   |               |
|    fps                  | 679           |
|    iterations           | 28            |
|    time_elapsed         | 42            |
|    total_timesteps      | 28672         |
| train/                  |               |
|    approx_kl            | 0.01219372    |
|    clip_fraction        | 0.136         |
|    clip_range           | 0.2           |
|    entropy_loss         | -17.3         |
|    explained_variance   | 0.00011599064 |
|    learning_rate        | 0.0003        |
|    loss                 | 63.3          |
|    n_updates            | 270           |
|    policy_gradient_loss | -0.0112       |
|    std                  | 1.03          |
|    value_loss           | 135           |
-------------------------------------------
--------------------------------------------
| rollout/                |                |
|    ep_len_mean          | 1.44e+03       |
|    ep_rew_mean          | 1.44e+03       |
| time/                   |                |
|    fps                  | 679            |
|    iterations           | 29             |
|    time_elapsed         | 43             |
|    total_timesteps      | 29696          |
| train/                  |                |
|    approx_kl            | 0.019934036    |
|    clip_fraction        | 0.21           |
|    clip_range           | 0.2            |
|    entropy_loss         | -17.3          |
|    explained_variance   | -0.00018811226 |
|    learning_rate        | 0.0003         |
|    loss                 | 63.2           |
|    n_updates            | 280            |
|    policy_gradient_loss | -0.0118        |
|    std                  | 1.03           |
|    value_loss           | 135            |
--------------------------------------------
-------------------------------------------
| rollout/                |               |
|    ep_len_mean          | 1.44e+03      |
|    ep_rew_mean          | 1.44e+03      |
| time/                   |               |
|    fps                  | 677           |
|    iterations           | 30            |
|    time_elapsed         | 45            |
|    total_timesteps      | 30720         |
| train/                  |               |
|    approx_kl            | 0.011162455   |
|    clip_fraction        | 0.137         |
|    clip_range           | 0.2           |
|    entropy_loss         | -17.3         |
|    explained_variance   | -0.0001552105 |
|    learning_rate        | 0.0003        |
|    loss                 | 61            |
|    n_updates            | 290           |
|    policy_gradient_loss | -0.0143       |
|    std                  | 1.03          |
|    value_loss           | 129           |
-------------------------------------------
--------------------------------------------
| rollout/                |                |
|    ep_len_mean          | 1.44e+03       |
|    ep_rew_mean          | 1.44e+03       |
| time/                   |                |
|    fps                  | 677            |
|    iterations           | 31             |
|    time_elapsed         | 46             |
|    total_timesteps      | 31744          |
| train/                  |                |
|    approx_kl            | 0.0116337165   |
|    clip_fraction        | 0.113          |
|    clip_range           | 0.2            |
|    entropy_loss         | -17.3          |
|    explained_variance   | -3.2424927e-05 |
|    learning_rate        | 0.0003         |
|    loss                 | 59.1           |
|    n_updates            | 300            |
|    policy_gradient_loss | -0.0123        |
|    std                  | 1.03           |
|    value_loss           | 126            |
--------------------------------------------
--------------------------------------------
| rollout/                |                |
|    ep_len_mean          | 1.44e+03       |
|    ep_rew_mean          | 1.44e+03       |
| time/                   |                |
|    fps                  | 676            |
|    iterations           | 32             |
|    time_elapsed         | 48             |
|    total_timesteps      | 32768          |
| train/                  |                |
|    approx_kl            | 0.011812979    |
|    clip_fraction        | 0.153          |
|    clip_range           | 0.2            |
|    entropy_loss         | -17.4          |
|    explained_variance   | -0.00023186207 |
|    learning_rate        | 0.0003         |
|    loss                 | 57.9           |
|    n_updates            | 310            |
|    policy_gradient_loss | -0.0114        |
|    std                  | 1.03           |
|    value_loss           | 123            |
--------------------------------------------
--------------------------------------------
| rollout/                |                |
|    ep_len_mean          | 1.44e+03       |
|    ep_rew_mean          | 1.44e+03       |
| time/                   |                |
|    fps                  | 676            |
|    iterations           | 33             |
|    time_elapsed         | 49             |
|    total_timesteps      | 33792          |
| train/                  |                |
|    approx_kl            | 0.015750138    |
|    clip_fraction        | 0.184          |
|    clip_range           | 0.2            |
|    entropy_loss         | -17.4          |
|    explained_variance   | -2.7894974e-05 |
|    learning_rate        | 0.0003         |
|    loss                 | 57.2           |
|    n_updates            | 320            |
|    policy_gradient_loss | -0.0144        |
|    std                  | 1.03           |
|    value_loss           | 123            |
--------------------------------------------
--------------------------------------------
| rollout/                |                |
|    ep_len_mean          | 1.44e+03       |
|    ep_rew_mean          | 1.44e+03       |
| time/                   |                |
|    fps                  | 675            |
|    iterations           | 34             |
|    time_elapsed         | 51             |
|    total_timesteps      | 34816          |
| train/                  |                |
|    approx_kl            | 0.012979241    |
|    clip_fraction        | 0.188          |
|    clip_range           | 0.2            |
|    entropy_loss         | -17.4          |
|    explained_variance   | -0.00028395653 |
|    learning_rate        | 0.0003         |
|    loss                 | 54.5           |
|    n_updates            | 330            |
|    policy_gradient_loss | -0.0137        |
|    std                  | 1.03           |
|    value_loss           | 117            |
--------------------------------------------
-------------------------------------------
| rollout/                |               |
|    ep_len_mean          | 1.44e+03      |
|    ep_rew_mean          | 1.44e+03      |
| time/                   |               |
|    fps                  | 675           |
|    iterations           | 35            |
|    time_elapsed         | 53            |
|    total_timesteps      | 35840         |
| train/                  |               |
|    approx_kl            | 0.0133506     |
|    clip_fraction        | 0.169         |
|    clip_range           | 0.2           |
|    entropy_loss         | -17.4         |
|    explained_variance   | 2.7656555e-05 |
|    learning_rate        | 0.0003        |
|    loss                 | 52.4          |
|    n_updates            | 340           |
|    policy_gradient_loss | -0.0159       |
|    std                  | 1.03          |
|    value_loss           | 115           |
-------------------------------------------
--------------------------------------------
| rollout/                |                |
|    ep_len_mean          | 1.44e+03       |
|    ep_rew_mean          | 1.44e+03       |
| time/                   |                |
|    fps                  | 674            |
|    iterations           | 36             |
|    time_elapsed         | 54             |
|    total_timesteps      | 36864          |
| train/                  |                |
|    approx_kl            | 0.010063797    |
|    clip_fraction        | 0.147          |
|    clip_range           | 0.2            |
|    entropy_loss         | -17.4          |
|    explained_variance   | -0.00022101402 |
|    learning_rate        | 0.0003         |
|    loss                 | 53.7           |
|    n_updates            | 350            |
|    policy_gradient_loss | -0.0129        |
|    std                  | 1.03           |
|    value_loss           | 116            |
--------------------------------------------
-------------------------------------------
| rollout/                |               |
|    ep_len_mean          | 1.44e+03      |
|    ep_rew_mean          | 1.44e+03      |
| time/                   |               |
|    fps                  | 674           |
|    iterations           | 37            |
|    time_elapsed         | 56            |
|    total_timesteps      | 37888         |
| train/                  |               |
|    approx_kl            | 0.00963667    |
|    clip_fraction        | 0.107         |
|    clip_range           | 0.2           |
|    entropy_loss         | -17.4         |
|    explained_variance   | 0.00014173985 |
|    learning_rate        | 0.0003        |
|    loss                 | 50.2          |
|    n_updates            | 360           |
|    policy_gradient_loss | -0.0151       |
|    std                  | 1.03          |
|    value_loss           | 109           |
-------------------------------------------
--------------------------------------------
| rollout/                |                |
|    ep_len_mean          | 1.44e+03       |
|    ep_rew_mean          | 1.44e+03       |
| time/                   |                |
|    fps                  | 673            |
|    iterations           | 38             |
|    time_elapsed         | 57             |
|    total_timesteps      | 38912          |
| train/                  |                |
|    approx_kl            | 0.013389736    |
|    clip_fraction        | 0.179          |
|    clip_range           | 0.2            |
|    entropy_loss         | -17.4          |
|    explained_variance   | -5.0902367e-05 |
|    learning_rate        | 0.0003         |
|    loss                 | 50             |
|    n_updates            | 370            |
|    policy_gradient_loss | -0.0134        |
|    std                  | 1.03           |
|    value_loss           | 107            |
--------------------------------------------
--------------------------------------------
| rollout/                |                |
|    ep_len_mean          | 1.44e+03       |
|    ep_rew_mean          | 1.44e+03       |
| time/                   |                |
|    fps                  | 673            |
|    iterations           | 39             |
|    time_elapsed         | 59             |
|    total_timesteps      | 39936          |
| train/                  |                |
|    approx_kl            | 0.01172927     |
|    clip_fraction        | 0.13           |
|    clip_range           | 0.2            |
|    entropy_loss         | -17.4          |
|    explained_variance   | -5.1259995e-05 |
|    learning_rate        | 0.0003         |
|    loss                 | 47.9           |
|    n_updates            | 380            |
|    policy_gradient_loss | -0.0116        |
|    std                  | 1.03           |
|    value_loss           | 104            |
--------------------------------------------
--------------------------------------------
| rollout/                |                |
|    ep_len_mean          | 1.44e+03       |
|    ep_rew_mean          | 1.44e+03       |
| time/                   |                |
|    fps                  | 671            |
|    iterations           | 40             |
|    time_elapsed         | 61             |
|    total_timesteps      | 40960          |
| train/                  |                |
|    approx_kl            | 0.010296386    |
|    clip_fraction        | 0.172          |
|    clip_range           | 0.2            |
|    entropy_loss         | -17.4          |
|    explained_variance   | -1.3113022e-06 |
|    learning_rate        | 0.0003         |
|    loss                 | 47.9           |
|    n_updates            | 390            |
|    policy_gradient_loss | -0.0144        |
|    std                  | 1.03           |
|    value_loss           | 104            |
--------------------------------------------
--------------------------------------------
| rollout/                |                |
|    ep_len_mean          | 1.44e+03       |
|    ep_rew_mean          | 1.44e+03       |
| time/                   |                |
|    fps                  | 668            |
|    iterations           | 41             |
|    time_elapsed         | 62             |
|    total_timesteps      | 41984          |
| train/                  |                |
|    approx_kl            | 0.008869745    |
|    clip_fraction        | 0.0879         |
|    clip_range           | 0.2            |
|    entropy_loss         | -17.4          |
|    explained_variance   | -0.00012660027 |
|    learning_rate        | 0.0003         |
|    loss                 | 46             |
|    n_updates            | 400            |
|    policy_gradient_loss | -0.0123        |
|    std                  | 1.03           |
|    value_loss           | 98.4           |
--------------------------------------------
--------------------------------------------
| rollout/                |                |
|    ep_len_mean          | 1.44e+03       |
|    ep_rew_mean          | 1.44e+03       |
| time/                   |                |
|    fps                  | 666            |
|    iterations           | 42             |
|    time_elapsed         | 64             |
|    total_timesteps      | 43008          |
| train/                  |                |
|    approx_kl            | 0.009588879    |
|    clip_fraction        | 0.0881         |
|    clip_range           | 0.2            |
|    entropy_loss         | -17.4          |
|    explained_variance   | -0.00015354156 |
|    learning_rate        | 0.0003         |
|    loss                 | 44.8           |
|    n_updates            | 410            |
|    policy_gradient_loss | -0.0116        |
|    std                  | 1.03           |
|    value_loss           | 96.5           |
--------------------------------------------
--------------------------------------------
| rollout/                |                |
|    ep_len_mean          | 1.44e+03       |
|    ep_rew_mean          | 1.44e+03       |
| time/                   |                |
|    fps                  | 664            |
|    iterations           | 43             |
|    time_elapsed         | 66             |
|    total_timesteps      | 44032          |
| train/                  |                |
|    approx_kl            | 0.007838855    |
|    clip_fraction        | 0.113          |
|    clip_range           | 0.2            |
|    entropy_loss         | -17.4          |
|    explained_variance   | -0.00021481514 |
|    learning_rate        | 0.0003         |
|    loss                 | 44             |
|    n_updates            | 420            |
|    policy_gradient_loss | -0.00938       |
|    std                  | 1.03           |
|    value_loss           | 96.6           |
--------------------------------------------
-------------------------------------------
| rollout/                |               |
|    ep_len_mean          | 1.44e+03      |
|    ep_rew_mean          | 1.44e+03      |
| time/                   |               |
|    fps                  | 664           |
|    iterations           | 44            |
|    time_elapsed         | 67            |
|    total_timesteps      | 45056         |
| train/                  |               |
|    approx_kl            | 0.00899935    |
|    clip_fraction        | 0.169         |
|    clip_range           | 0.2           |
|    entropy_loss         | -17.4         |
|    explained_variance   | -5.507469e-05 |
|    learning_rate        | 0.0003        |
|    loss                 | 42.5          |
|    n_updates            | 430           |
|    policy_gradient_loss | -0.017        |
|    std                  | 1.03          |
|    value_loss           | 91.6          |
-------------------------------------------
--------------------------------------------
| rollout/                |                |
|    ep_len_mean          | 1.44e+03       |
|    ep_rew_mean          | 1.44e+03       |
| time/                   |                |
|    fps                  | 662            |
|    iterations           | 45             |
|    time_elapsed         | 69             |
|    total_timesteps      | 46080          |
| train/                  |                |
|    approx_kl            | 0.012752077    |
|    clip_fraction        | 0.158          |
|    clip_range           | 0.2            |
|    entropy_loss         | -17.4          |
|    explained_variance   | -7.6532364e-05 |
|    learning_rate        | 0.0003         |
|    loss                 | 42.2           |
|    n_updates            | 440            |
|    policy_gradient_loss | -0.0143        |
|    std                  | 1.03           |
|    value_loss           | 89.3           |
--------------------------------------------
-------------------------------------------
| rollout/                |               |
|    ep_len_mean          | 1.44e+03      |
|    ep_rew_mean          | 1.44e+03      |
| time/                   |               |
|    fps                  | 659           |
|    iterations           | 46            |
|    time_elapsed         | 71            |
|    total_timesteps      | 47104         |
| train/                  |               |
|    approx_kl            | 0.01583894    |
|    clip_fraction        | 0.182         |
|    clip_range           | 0.2           |
|    entropy_loss         | -17.4         |
|    explained_variance   | 3.2365322e-05 |
|    learning_rate        | 0.0003        |
|    loss                 | 40.9          |
|    n_updates            | 450           |
|    policy_gradient_loss | -0.0125       |
|    std                  | 1.03          |
|    value_loss           | 88.7          |
-------------------------------------------
------------------------------------------
| rollout/                |              |
|    ep_len_mean          | 1.44e+03     |
|    ep_rew_mean          | 1.44e+03     |
| time/                   |              |
|    fps                  | 657          |
|    iterations           | 47           |
|    time_elapsed         | 73           |
|    total_timesteps      | 48128        |
| train/                  |              |
|    approx_kl            | 0.009018503  |
|    clip_fraction        | 0.138        |
|    clip_range           | 0.2          |
|    entropy_loss         | -17.4        |
|    explained_variance   | 9.268522e-05 |
|    learning_rate        | 0.0003       |
|    loss                 | 39.8         |
|    n_updates            | 460          |
|    policy_gradient_loss | -0.0133      |
|    std                  | 1.03         |
|    value_loss           | 86.6         |
------------------------------------------
-------------------------------------------
| rollout/                |               |
|    ep_len_mean          | 1.44e+03      |
|    ep_rew_mean          | 1.44e+03      |
| time/                   |               |
|    fps                  | 655           |
|    iterations           | 48            |
|    time_elapsed         | 74            |
|    total_timesteps      | 49152         |
| train/                  |               |
|    approx_kl            | 0.017197063   |
|    clip_fraction        | 0.213         |
|    clip_range           | 0.2           |
|    entropy_loss         | -17.4         |
|    explained_variance   | 0.00016188622 |
|    learning_rate        | 0.0003        |
|    loss                 | 37.8          |
|    n_updates            | 470           |
|    policy_gradient_loss | -0.0174       |
|    std                  | 1.03          |
|    value_loss           | 82            |
-------------------------------------------
--------------------------------------------
| rollout/                |                |
|    ep_len_mean          | 1.44e+03       |
|    ep_rew_mean          | 1.44e+03       |
| time/                   |                |
|    fps                  | 655            |
|    iterations           | 49             |
|    time_elapsed         | 76             |
|    total_timesteps      | 50176          |
| train/                  |                |
|    approx_kl            | 0.013154014    |
|    clip_fraction        | 0.201          |
|    clip_range           | 0.2            |
|    entropy_loss         | -17.4          |
|    explained_variance   | 0.000119149685 |
|    learning_rate        | 0.0003         |
|    loss                 | 35.4           |
|    n_updates            | 480            |
|    policy_gradient_loss | -0.0169        |
|    std                  | 1.03           |
|    value_loss           | 79.6           |
--------------------------------------------
-------------------------------------------
| rollout/                |               |
|    ep_len_mean          | 1.44e+03      |
|    ep_rew_mean          | 1.44e+03      |
| time/                   |               |
|    fps                  | 654           |
|    iterations           | 50            |
|    time_elapsed         | 78            |
|    total_timesteps      | 51200         |
| train/                  |               |
|    approx_kl            | 0.0147844935  |
|    clip_fraction        | 0.166         |
|    clip_range           | 0.2           |
|    entropy_loss         | -17.4         |
|    explained_variance   | 0.00014024973 |
|    learning_rate        | 0.0003        |
|    loss                 | 36.1          |
|    n_updates            | 490           |
|    policy_gradient_loss | -0.0144       |
|    std                  | 1.03          |
|    value_loss           | 79.1          |
-------------------------------------------
-------------------------------------------
| rollout/                |               |
|    ep_len_mean          | 1.44e+03      |
|    ep_rew_mean          | 1.44e+03      |
| time/                   |               |
|    fps                  | 653           |
|    iterations           | 51            |
|    time_elapsed         | 79            |
|    total_timesteps      | 52224         |
| train/                  |               |
|    approx_kl            | 0.01385504    |
|    clip_fraction        | 0.171         |
|    clip_range           | 0.2           |
|    entropy_loss         | -17.4         |
|    explained_variance   | 4.6908855e-05 |
|    learning_rate        | 0.0003        |
|    loss                 | 33.6          |
|    n_updates            | 500           |
|    policy_gradient_loss | -0.0144       |
|    std                  | 1.03          |
|    value_loss           | 74.8          |
-------------------------------------------
-------------------------------------------
| rollout/                |               |
|    ep_len_mean          | 1.44e+03      |
|    ep_rew_mean          | 1.44e+03      |
| time/                   |               |
|    fps                  | 653           |
|    iterations           | 52            |
|    time_elapsed         | 81            |
|    total_timesteps      | 53248         |
| train/                  |               |
|    approx_kl            | 0.015125552   |
|    clip_fraction        | 0.158         |
|    clip_range           | 0.2           |
|    entropy_loss         | -17.4         |
|    explained_variance   | 4.8995018e-05 |
|    learning_rate        | 0.0003        |
|    loss                 | 33.1          |
|    n_updates            | 510           |
|    policy_gradient_loss | -0.0138       |
|    std                  | 1.03          |
|    value_loss           | 72.9          |
-------------------------------------------
--------------------------------------------
| rollout/                |                |
|    ep_len_mean          | 1.44e+03       |
|    ep_rew_mean          | 1.44e+03       |
| time/                   |                |
|    fps                  | 652            |
|    iterations           | 53             |
|    time_elapsed         | 83             |
|    total_timesteps      | 54272          |
| train/                  |                |
|    approx_kl            | 0.018983085    |
|    clip_fraction        | 0.269          |
|    clip_range           | 0.2            |
|    entropy_loss         | -17.4          |
|    explained_variance   | 0.000116467476 |
|    learning_rate        | 0.0003         |
|    loss                 | 32.8           |
|    n_updates            | 520            |
|    policy_gradient_loss | -0.0172        |
|    std                  | 1.03           |
|    value_loss           | 72.1           |
--------------------------------------------
------------------------------------------
| rollout/                |              |
|    ep_len_mean          | 1.44e+03     |
|    ep_rew_mean          | 1.44e+03     |
| time/                   |              |
|    fps                  | 652          |
|    iterations           | 54           |
|    time_elapsed         | 84           |
|    total_timesteps      | 55296        |
| train/                  |              |
|    approx_kl            | 0.011902617  |
|    clip_fraction        | 0.167        |
|    clip_range           | 0.2          |
|    entropy_loss         | -17.4        |
|    explained_variance   | 6.264448e-05 |
|    learning_rate        | 0.0003       |
|    loss                 | 31.5         |
|    n_updates            | 530          |
|    policy_gradient_loss | -0.0184      |
|    std                  | 1.03         |
|    value_loss           | 69           |
------------------------------------------
--------------------------------------------
| rollout/                |                |
|    ep_len_mean          | 1.44e+03       |
|    ep_rew_mean          | 1.44e+03       |
| time/                   |                |
|    fps                  | 651            |
|    iterations           | 55             |
|    time_elapsed         | 86             |
|    total_timesteps      | 56320          |
| train/                  |                |
|    approx_kl            | 0.016620276    |
|    clip_fraction        | 0.187          |
|    clip_range           | 0.2            |
|    entropy_loss         | -17.4          |
|    explained_variance   | -1.1920929e-05 |
|    learning_rate        | 0.0003         |
|    loss                 | 30.1           |
|    n_updates            | 540            |
|    policy_gradient_loss | -0.0139        |
|    std                  | 1.04           |
|    value_loss           | 66.5           |
--------------------------------------------
------------------------------------------
| rollout/                |              |
|    ep_len_mean          | 1.44e+03     |
|    ep_rew_mean          | 1.44e+03     |
| time/                   |              |
|    fps                  | 651          |
|    iterations           | 56           |
|    time_elapsed         | 88           |
|    total_timesteps      | 57344        |
| train/                  |              |
|    approx_kl            | 0.013264933  |
|    clip_fraction        | 0.18         |
|    clip_range           | 0.2          |
|    entropy_loss         | -17.5        |
|    explained_variance   | 6.181002e-05 |
|    learning_rate        | 0.0003       |
|    loss                 | 29.2         |
|    n_updates            | 550          |
|    policy_gradient_loss | -0.017       |
|    std                  | 1.04         |
|    value_loss           | 64.2         |
------------------------------------------
-------------------------------------------
| rollout/                |               |
|    ep_len_mean          | 1.44e+03      |
|    ep_rew_mean          | 1.44e+03      |
| time/                   |               |
|    fps                  | 650           |
|    iterations           | 57            |
|    time_elapsed         | 89            |
|    total_timesteps      | 58368         |
| train/                  |               |
|    approx_kl            | 0.015860582   |
|    clip_fraction        | 0.117         |
|    clip_range           | 0.2           |
|    entropy_loss         | -17.5         |
|    explained_variance   | 5.8054924e-05 |
|    learning_rate        | 0.0003        |
|    loss                 | 28.6          |
|    n_updates            | 560           |
|    policy_gradient_loss | -0.0152       |
|    std                  | 1.04          |
|    value_loss           | 63.2          |
-------------------------------------------
-------------------------------------------
| rollout/                |               |
|    ep_len_mean          | 1.44e+03      |
|    ep_rew_mean          | 1.44e+03      |
| time/                   |               |
|    fps                  | 650           |
|    iterations           | 58            |
|    time_elapsed         | 91            |
|    total_timesteps      | 59392         |
| train/                  |               |
|    approx_kl            | 0.012525549   |
|    clip_fraction        | 0.167         |
|    clip_range           | 0.2           |
|    entropy_loss         | -17.5         |
|    explained_variance   | 5.1379204e-05 |
|    learning_rate        | 0.0003        |
|    loss                 | 27.7          |
|    n_updates            | 570           |
|    policy_gradient_loss | -0.0161       |
|    std                  | 1.04          |
|    value_loss           | 60.2          |
-------------------------------------------
------------------------------------------
| rollout/                |              |
|    ep_len_mean          | 1.44e+03     |
|    ep_rew_mean          | 1.44e+03     |
| time/                   |              |
|    fps                  | 649          |
|    iterations           | 59           |
|    time_elapsed         | 92           |
|    total_timesteps      | 60416        |
| train/                  |              |
|    approx_kl            | 0.011958017  |
|    clip_fraction        | 0.126        |
|    clip_range           | 0.2          |
|    entropy_loss         | -17.5        |
|    explained_variance   | 1.335144e-05 |
|    learning_rate        | 0.0003       |
|    loss                 | 25.9         |
|    n_updates            | 580          |
|    policy_gradient_loss | -0.0136      |
|    std                  | 1.04         |
|    value_loss           | 58.2         |
------------------------------------------
------------------------------------------
| rollout/                |              |
|    ep_len_mean          | 1.44e+03     |
|    ep_rew_mean          | 1.44e+03     |
| time/                   |              |
|    fps                  | 649          |
|    iterations           | 60           |
|    time_elapsed         | 94           |
|    total_timesteps      | 61440        |
| train/                  |              |
|    approx_kl            | 0.01905307   |
|    clip_fraction        | 0.194        |
|    clip_range           | 0.2          |
|    entropy_loss         | -17.5        |
|    explained_variance   | 4.428625e-05 |
|    learning_rate        | 0.0003       |
|    loss                 | 26.4         |
|    n_updates            | 590          |
|    policy_gradient_loss | -0.0145      |
|    std                  | 1.04         |
|    value_loss           | 57.7         |
------------------------------------------
-------------------------------------------
| rollout/                |               |
|    ep_len_mean          | 1.44e+03      |
|    ep_rew_mean          | 1.44e+03      |
| time/                   |               |
|    fps                  | 649           |
|    iterations           | 61            |
|    time_elapsed         | 96            |
|    total_timesteps      | 62464         |
| train/                  |               |
|    approx_kl            | 0.0138310725  |
|    clip_fraction        | 0.191         |
|    clip_range           | 0.2           |
|    entropy_loss         | -17.5         |
|    explained_variance   | 0.00010347366 |
|    learning_rate        | 0.0003        |
|    loss                 | 24.5          |
|    n_updates            | 600           |
|    policy_gradient_loss | -0.0179       |
|    std                  | 1.04          |
|    value_loss           | 54.6          |
-------------------------------------------
------------------------------------------
| rollout/                |              |
|    ep_len_mean          | 1.44e+03     |
|    ep_rew_mean          | 1.44e+03     |
| time/                   |              |
|    fps                  | 648          |
|    iterations           | 62           |
|    time_elapsed         | 97           |
|    total_timesteps      | 63488        |
| train/                  |              |
|    approx_kl            | 0.010055745  |
|    clip_fraction        | 0.138        |
|    clip_range           | 0.2          |
|    entropy_loss         | -17.5        |
|    explained_variance   | 8.225441e-05 |
|    learning_rate        | 0.0003       |
|    loss                 | 23.9         |
|    n_updates            | 610          |
|    policy_gradient_loss | -0.0137      |
|    std                  | 1.04         |
|    value_loss           | 52.6         |
------------------------------------------
-------------------------------------------
| rollout/                |               |
|    ep_len_mean          | 1.44e+03      |
|    ep_rew_mean          | 1.44e+03      |
| time/                   |               |
|    fps                  | 648           |
|    iterations           | 63            |
|    time_elapsed         | 99            |
|    total_timesteps      | 64512         |
| train/                  |               |
|    approx_kl            | 0.013696924   |
|    clip_fraction        | 0.162         |
|    clip_range           | 0.2           |
|    entropy_loss         | -17.5         |
|    explained_variance   | 5.8293343e-05 |
|    learning_rate        | 0.0003        |
|    loss                 | 22.4          |
|    n_updates            | 620           |
|    policy_gradient_loss | -0.0165       |
|    std                  | 1.04          |
|    value_loss           | 51            |
-------------------------------------------
--------------------------------------------
| rollout/                |                |
|    ep_len_mean          | 1.44e+03       |
|    ep_rew_mean          | 1.44e+03       |
| time/                   |                |
|    fps                  | 647            |
|    iterations           | 64             |
|    time_elapsed         | 101            |
|    total_timesteps      | 65536          |
| train/                  |                |
|    approx_kl            | 0.017751507    |
|    clip_fraction        | 0.259          |
|    clip_range           | 0.2            |
|    entropy_loss         | -17.5          |
|    explained_variance   | -1.9669533e-05 |
|    learning_rate        | 0.0003         |
|    loss                 | 22.3           |
|    n_updates            | 630            |
|    policy_gradient_loss | -0.0181        |
|    std                  | 1.04           |
|    value_loss           | 50.2           |
--------------------------------------------
-------------------------------------------
| rollout/                |               |
|    ep_len_mean          | 1.44e+03      |
|    ep_rew_mean          | 1.44e+03      |
| time/                   |               |
|    fps                  | 647           |
|    iterations           | 65            |
|    time_elapsed         | 102           |
|    total_timesteps      | 66560         |
| train/                  |               |
|    approx_kl            | 0.016999118   |
|    clip_fraction        | 0.177         |
|    clip_range           | 0.2           |
|    entropy_loss         | -17.5         |
|    explained_variance   | 1.6868114e-05 |
|    learning_rate        | 0.0003        |
|    loss                 | 21            |
|    n_updates            | 640           |
|    policy_gradient_loss | -0.017        |
|    std                  | 1.04          |
|    value_loss           | 47.5          |
-------------------------------------------
-------------------------------------------
| rollout/                |               |
|    ep_len_mean          | 1.44e+03      |
|    ep_rew_mean          | 1.44e+03      |
| time/                   |               |
|    fps                  | 646           |
|    iterations           | 66            |
|    time_elapsed         | 104           |
|    total_timesteps      | 67584         |
| train/                  |               |
|    approx_kl            | 0.012351035   |
|    clip_fraction        | 0.141         |
|    clip_range           | 0.2           |
|    entropy_loss         | -17.5         |
|    explained_variance   | 1.5556812e-05 |
|    learning_rate        | 0.0003        |
|    loss                 | 20.4          |
|    n_updates            | 650           |
|    policy_gradient_loss | -0.0168       |
|    std                  | 1.04          |
|    value_loss           | 45.3          |
-------------------------------------------
-------------------------------------------
| rollout/                |               |
|    ep_len_mean          | 1.44e+03      |
|    ep_rew_mean          | 1.44e+03      |
| time/                   |               |
|    fps                  | 646           |
|    iterations           | 67            |
|    time_elapsed         | 106           |
|    total_timesteps      | 68608         |
| train/                  |               |
|    approx_kl            | 0.01713325    |
|    clip_fraction        | 0.3           |
|    clip_range           | 0.2           |
|    entropy_loss         | -17.5         |
|    explained_variance   | 5.7578087e-05 |
|    learning_rate        | 0.0003        |
|    loss                 | 20.1          |
|    n_updates            | 660           |
|    policy_gradient_loss | -0.0194       |
|    std                  | 1.04          |
|    value_loss           | 45.1          |
-------------------------------------------
------------------------------------------
| rollout/                |              |
|    ep_len_mean          | 1.44e+03     |
|    ep_rew_mean          | 1.44e+03     |
| time/                   |              |
|    fps                  | 646          |
|    iterations           | 68           |
|    time_elapsed         | 107          |
|    total_timesteps      | 69632        |
| train/                  |              |
|    approx_kl            | 0.012901287  |
|    clip_fraction        | 0.132        |
|    clip_range           | 0.2          |
|    entropy_loss         | -17.5        |
|    explained_variance   | 8.815527e-05 |
|    learning_rate        | 0.0003       |
|    loss                 | 18.3         |
|    n_updates            | 670          |
|    policy_gradient_loss | -0.0152      |
|    std                  | 1.04         |
|    value_loss           | 42.1         |
------------------------------------------
-------------------------------------------
| rollout/                |               |
|    ep_len_mean          | 1.44e+03      |
|    ep_rew_mean          | 1.44e+03      |
| time/                   |               |
|    fps                  | 645           |
|    iterations           | 69            |
|    time_elapsed         | 109           |
|    total_timesteps      | 70656         |
| train/                  |               |
|    approx_kl            | 0.012131553   |
|    clip_fraction        | 0.168         |
|    clip_range           | 0.2           |
|    entropy_loss         | -17.5         |
|    explained_variance   | 2.0623207e-05 |
|    learning_rate        | 0.0003        |
|    loss                 | 18.2          |
|    n_updates            | 680           |
|    policy_gradient_loss | -0.0149       |
|    std                  | 1.04          |
|    value_loss           | 40.5          |
-------------------------------------------
--------------------------------------------
| rollout/                |                |
|    ep_len_mean          | 1.44e+03       |
|    ep_rew_mean          | 1.44e+03       |
| time/                   |                |
|    fps                  | 645            |
|    iterations           | 70             |
|    time_elapsed         | 111            |
|    total_timesteps      | 71680          |
| train/                  |                |
|    approx_kl            | 0.012327781    |
|    clip_fraction        | 0.186          |
|    clip_range           | 0.2            |
|    entropy_loss         | -17.5          |
|    explained_variance   | -3.4689903e-05 |
|    learning_rate        | 0.0003         |
|    loss                 | 17.1           |
|    n_updates            | 690            |
|    policy_gradient_loss | -0.0185        |
|    std                  | 1.05           |
|    value_loss           | 39             |
--------------------------------------------
------------------------------------------
| rollout/                |              |
|    ep_len_mean          | 1.44e+03     |
|    ep_rew_mean          | 1.44e+03     |
| time/                   |              |
|    fps                  | 644          |
|    iterations           | 71           |
|    time_elapsed         | 112          |
|    total_timesteps      | 72704        |
| train/                  |              |
|    approx_kl            | 0.01484384   |
|    clip_fraction        | 0.171        |
|    clip_range           | 0.2          |
|    entropy_loss         | -17.6        |
|    explained_variance   | 6.508827e-05 |
|    learning_rate        | 0.0003       |
|    loss                 | 16.7         |
|    n_updates            | 700          |
|    policy_gradient_loss | -0.0165      |
|    std                  | 1.04         |
|    value_loss           | 38.3         |
------------------------------------------
------------------------------------------
| rollout/                |              |
|    ep_len_mean          | 1.44e+03     |
|    ep_rew_mean          | 1.44e+03     |
| time/                   |              |
|    fps                  | 643          |
|    iterations           | 72           |
|    time_elapsed         | 114          |
|    total_timesteps      | 73728        |
| train/                  |              |
|    approx_kl            | 0.009442002  |
|    clip_fraction        | 0.16         |
|    clip_range           | 0.2          |
|    entropy_loss         | -17.6        |
|    explained_variance   | 9.250641e-05 |
|    learning_rate        | 0.0003       |
|    loss                 | 15.6         |
|    n_updates            | 710          |
|    policy_gradient_loss | -0.017       |
|    std                  | 1.05         |
|    value_loss           | 36           |
------------------------------------------
-------------------------------------------
| rollout/                |               |
|    ep_len_mean          | 1.44e+03      |
|    ep_rew_mean          | 1.44e+03      |
| time/                   |               |
|    fps                  | 642           |
|    iterations           | 73            |
|    time_elapsed         | 116           |
|    total_timesteps      | 74752         |
| train/                  |               |
|    approx_kl            | 0.013310148   |
|    clip_fraction        | 0.139         |
|    clip_range           | 0.2           |
|    entropy_loss         | -17.6         |
|    explained_variance   | 1.0192394e-05 |
|    learning_rate        | 0.0003        |
|    loss                 | 15            |
|    n_updates            | 720           |
|    policy_gradient_loss | -0.0154       |
|    std                  | 1.05          |
|    value_loss           | 34.3          |
-------------------------------------------
--------------------------------------------
| rollout/                |                |
|    ep_len_mean          | 1.44e+03       |
|    ep_rew_mean          | 1.44e+03       |
| time/                   |                |
|    fps                  | 641            |
|    iterations           | 74             |
|    time_elapsed         | 118            |
|    total_timesteps      | 75776          |
| train/                  |                |
|    approx_kl            | 0.013586903    |
|    clip_fraction        | 0.163          |
|    clip_range           | 0.2            |
|    entropy_loss         | -17.6          |
|    explained_variance   | -2.2888184e-05 |
|    learning_rate        | 0.0003         |
|    loss                 | 14.7           |
|    n_updates            | 730            |
|    policy_gradient_loss | -0.0126        |
|    std                  | 1.05           |
|    value_loss           | 33.7           |
--------------------------------------------
--------------------------------------------
| rollout/                |                |
|    ep_len_mean          | 1.44e+03       |
|    ep_rew_mean          | 1.44e+03       |
| time/                   |                |
|    fps                  | 640            |
|    iterations           | 75             |
|    time_elapsed         | 119            |
|    total_timesteps      | 76800          |
| train/                  |                |
|    approx_kl            | 0.016793104    |
|    clip_fraction        | 0.242          |
|    clip_range           | 0.2            |
|    entropy_loss         | -17.7          |
|    explained_variance   | -6.0796738e-05 |
|    learning_rate        | 0.0003         |
|    loss                 | 13.7           |
|    n_updates            | 740            |
|    policy_gradient_loss | -0.0204        |
|    std                  | 1.06           |
|    value_loss           | 31.4           |
--------------------------------------------
-------------------------------------------
| rollout/                |               |
|    ep_len_mean          | 1.44e+03      |
|    ep_rew_mean          | 1.44e+03      |
| time/                   |               |
|    fps                  | 639           |
|    iterations           | 76            |
|    time_elapsed         | 121           |
|    total_timesteps      | 77824         |
| train/                  |               |
|    approx_kl            | 0.01398316    |
|    clip_fraction        | 0.184         |
|    clip_range           | 0.2           |
|    entropy_loss         | -17.7         |
|    explained_variance   | 1.0311604e-05 |
|    learning_rate        | 0.0003        |
|    loss                 | 12.7          |
|    n_updates            | 750           |
|    policy_gradient_loss | -0.0162       |
|    std                  | 1.06          |
|    value_loss           | 30.1          |
-------------------------------------------
------------------------------------------
| rollout/                |              |
|    ep_len_mean          | 1.44e+03     |
|    ep_rew_mean          | 1.44e+03     |
| time/                   |              |
|    fps                  | 639          |
|    iterations           | 77           |
|    time_elapsed         | 123          |
|    total_timesteps      | 78848        |
| train/                  |              |
|    approx_kl            | 0.012418816  |
|    clip_fraction        | 0.126        |
|    clip_range           | 0.2          |
|    entropy_loss         | -17.7        |
|    explained_variance   | -5.00679e-06 |
|    learning_rate        | 0.0003       |
|    loss                 | 12.2         |
|    n_updates            | 760          |
|    policy_gradient_loss | -0.0151      |
|    std                  | 1.06         |
|    value_loss           | 28.7         |
------------------------------------------
-------------------------------------------
| rollout/                |               |
|    ep_len_mean          | 1.44e+03      |
|    ep_rew_mean          | 1.44e+03      |
| time/                   |               |
|    fps                  | 639           |
|    iterations           | 78            |
|    time_elapsed         | 124           |
|    total_timesteps      | 79872         |
| train/                  |               |
|    approx_kl            | 0.015245075   |
|    clip_fraction        | 0.227         |
|    clip_range           | 0.2           |
|    entropy_loss         | -17.8         |
|    explained_variance   | 3.9935112e-05 |
|    learning_rate        | 0.0003        |
|    loss                 | 12            |
|    n_updates            | 770           |
|    policy_gradient_loss | -0.0188       |
|    std                  | 1.07          |
|    value_loss           | 28.1          |
-------------------------------------------
-------------------------------------------
| rollout/                |               |
|    ep_len_mean          | 1.44e+03      |
|    ep_rew_mean          | 1.44e+03      |
| time/                   |               |
|    fps                  | 640           |
|    iterations           | 79            |
|    time_elapsed         | 126           |
|    total_timesteps      | 80896         |
| train/                  |               |
|    approx_kl            | 0.0128839575  |
|    clip_fraction        | 0.149         |
|    clip_range           | 0.2           |
|    entropy_loss         | -17.8         |
|    explained_variance   | 2.6285648e-05 |
|    learning_rate        | 0.0003        |
|    loss                 | 11.1          |
|    n_updates            | 780           |
|    policy_gradient_loss | -0.0159       |
|    std                  | 1.06          |
|    value_loss           | 25.8          |
-------------------------------------------
--------------------------------------------
| rollout/                |                |
|    ep_len_mean          | 1.44e+03       |
|    ep_rew_mean          | 1.44e+03       |
| time/                   |                |
|    fps                  | 640            |
|    iterations           | 80             |
|    time_elapsed         | 127            |
|    total_timesteps      | 81920          |
| train/                  |                |
|    approx_kl            | 0.015365112    |
|    clip_fraction        | 0.167          |
|    clip_range           | 0.2            |
|    entropy_loss         | -17.8          |
|    explained_variance   | -1.1920929e-07 |
|    learning_rate        | 0.0003         |
|    loss                 | 10.4           |
|    n_updates            | 790            |
|    policy_gradient_loss | -0.0154        |
|    std                  | 1.07           |
|    value_loss           | 24.4           |
--------------------------------------------
------------------------------------------
| rollout/                |              |
|    ep_len_mean          | 1.44e+03     |
|    ep_rew_mean          | 1.44e+03     |
| time/                   |              |
|    fps                  | 641          |
|    iterations           | 81           |
|    time_elapsed         | 129          |
|    total_timesteps      | 82944        |
| train/                  |              |
|    approx_kl            | 0.012351345  |
|    clip_fraction        | 0.167        |
|    clip_range           | 0.2          |
|    entropy_loss         | -17.8        |
|    explained_variance   | -8.34465e-06 |
|    learning_rate        | 0.0003       |
|    loss                 | 10.2         |
|    n_updates            | 800          |
|    policy_gradient_loss | -0.0151      |
|    std                  | 1.07         |
|    value_loss           | 24           |
------------------------------------------
-------------------------------------------
| rollout/                |               |
|    ep_len_mean          | 1.44e+03      |
|    ep_rew_mean          | 1.44e+03      |
| time/                   |               |
|    fps                  | 641           |
|    iterations           | 82            |
|    time_elapsed         | 130           |
|    total_timesteps      | 83968         |
| train/                  |               |
|    approx_kl            | 0.015925668   |
|    clip_fraction        | 0.226         |
|    clip_range           | 0.2           |
|    entropy_loss         | -17.9         |
|    explained_variance   | 0.00010704994 |
|    learning_rate        | 0.0003        |
|    loss                 | 9.3           |
|    n_updates            | 810           |
|    policy_gradient_loss | -0.0192       |
|    std                  | 1.07          |
|    value_loss           | 22.2          |
-------------------------------------------
-------------------------------------------
| rollout/                |               |
|    ep_len_mean          | 1.44e+03      |
|    ep_rew_mean          | 1.44e+03      |
| time/                   |               |
|    fps                  | 641           |
|    iterations           | 83            |
|    time_elapsed         | 132           |
|    total_timesteps      | 84992         |
| train/                  |               |
|    approx_kl            | 0.018332295   |
|    clip_fraction        | 0.208         |
|    clip_range           | 0.2           |
|    entropy_loss         | -17.9         |
|    explained_variance   | 4.4703484e-05 |
|    learning_rate        | 0.0003        |
|    loss                 | 8.59          |
|    n_updates            | 820           |
|    policy_gradient_loss | -0.0197       |
|    std                  | 1.07          |
|    value_loss           | 21.1          |
-------------------------------------------
-------------------------------------------
| rollout/                |               |
|    ep_len_mean          | 1.44e+03      |
|    ep_rew_mean          | 1.44e+03      |
| time/                   |               |
|    fps                  | 642           |
|    iterations           | 84            |
|    time_elapsed         | 133           |
|    total_timesteps      | 86016         |
| train/                  |               |
|    approx_kl            | 0.013717576   |
|    clip_fraction        | 0.173         |
|    clip_range           | 0.2           |
|    entropy_loss         | -17.9         |
|    explained_variance   | 9.8109245e-05 |
|    learning_rate        | 0.0003        |
|    loss                 | 8.28          |
|    n_updates            | 830           |
|    policy_gradient_loss | -0.0186       |
|    std                  | 1.07          |
|    value_loss           | 20            |
-------------------------------------------
-------------------------------------------
| rollout/                |               |
|    ep_len_mean          | 1.44e+03      |
|    ep_rew_mean          | 1.44e+03      |
| time/                   |               |
|    fps                  | 642           |
|    iterations           | 85            |
|    time_elapsed         | 135           |
|    total_timesteps      | 87040         |
| train/                  |               |
|    approx_kl            | 0.017443556   |
|    clip_fraction        | 0.178         |
|    clip_range           | 0.2           |
|    entropy_loss         | -17.9         |
|    explained_variance   | -8.559227e-05 |
|    learning_rate        | 0.0003        |
|    loss                 | 8.01          |
|    n_updates            | 840           |
|    policy_gradient_loss | -0.0164       |
|    std                  | 1.07          |
|    value_loss           | 19.3          |
-------------------------------------------
-------------------------------------------
| rollout/                |               |
|    ep_len_mean          | 1.44e+03      |
|    ep_rew_mean          | 1.44e+03      |
| time/                   |               |
|    fps                  | 642           |
|    iterations           | 86            |
|    time_elapsed         | 136           |
|    total_timesteps      | 88064         |
| train/                  |               |
|    approx_kl            | 0.01367653    |
|    clip_fraction        | 0.132         |
|    clip_range           | 0.2           |
|    entropy_loss         | -17.9         |
|    explained_variance   | 5.4836273e-06 |
|    learning_rate        | 0.0003        |
|    loss                 | 7.31          |
|    n_updates            | 850           |
|    policy_gradient_loss | -0.0162       |
|    std                  | 1.07          |
|    value_loss           | 17.7          |
-------------------------------------------
-------------------------------------------
| rollout/                |               |
|    ep_len_mean          | 1.44e+03      |
|    ep_rew_mean          | 1.44e+03      |
| time/                   |               |
|    fps                  | 643           |
|    iterations           | 87            |
|    time_elapsed         | 138           |
|    total_timesteps      | 89088         |
| train/                  |               |
|    approx_kl            | 0.01512369    |
|    clip_fraction        | 0.19          |
|    clip_range           | 0.2           |
|    entropy_loss         | -17.9         |
|    explained_variance   | 0.00010937452 |
|    learning_rate        | 0.0003        |
|    loss                 | 6.89          |
|    n_updates            | 860           |
|    policy_gradient_loss | -0.0196       |
|    std                  | 1.08          |
|    value_loss           | 16.8          |
-------------------------------------------
-------------------------------------------
| rollout/                |               |
|    ep_len_mean          | 1.44e+03      |
|    ep_rew_mean          | 1.44e+03      |
| time/                   |               |
|    fps                  | 643           |
|    iterations           | 88            |
|    time_elapsed         | 139           |
|    total_timesteps      | 90112         |
| train/                  |               |
|    approx_kl            | 0.017959327   |
|    clip_fraction        | 0.181         |
|    clip_range           | 0.2           |
|    entropy_loss         | -17.9         |
|    explained_variance   | 0.00026369095 |
|    learning_rate        | 0.0003        |
|    loss                 | 6.63          |
|    n_updates            | 870           |
|    policy_gradient_loss | -0.0186       |
|    std                  | 1.08          |
|    value_loss           | 16.2          |
-------------------------------------------
------------------------------------------
| rollout/                |              |
|    ep_len_mean          | 1.44e+03     |
|    ep_rew_mean          | 1.44e+03     |
| time/                   |              |
|    fps                  | 644          |
|    iterations           | 89           |
|    time_elapsed         | 141          |
|    total_timesteps      | 91136        |
| train/                  |              |
|    approx_kl            | 0.017954089  |
|    clip_fraction        | 0.168        |
|    clip_range           | 0.2          |
|    entropy_loss         | -17.9        |
|    explained_variance   | 1.591444e-05 |
|    learning_rate        | 0.0003       |
|    loss                 | 5.97         |
|    n_updates            | 880          |
|    policy_gradient_loss | -0.0199      |
|    std                  | 1.08         |
|    value_loss           | 14.9         |
------------------------------------------
-------------------------------------------
| rollout/                |               |
|    ep_len_mean          | 1.44e+03      |
|    ep_rew_mean          | 1.45e+03      |
| time/                   |               |
|    fps                  | 644           |
|    iterations           | 90            |
|    time_elapsed         | 142           |
|    total_timesteps      | 92160         |
| train/                  |               |
|    approx_kl            | 0.015424213   |
|    clip_fraction        | 0.184         |
|    clip_range           | 0.2           |
|    entropy_loss         | -17.9         |
|    explained_variance   | -7.748604e-06 |
|    learning_rate        | 0.0003        |
|    loss                 | 5.45          |
|    n_updates            | 890           |
|    policy_gradient_loss | -0.0167       |
|    std                  | 1.08          |
|    value_loss           | 13.7          |
-------------------------------------------
------------------------------------------
| rollout/                |              |
|    ep_len_mean          | 1.44e+03     |
|    ep_rew_mean          | 1.45e+03     |
| time/                   |              |
|    fps                  | 645          |
|    iterations           | 91           |
|    time_elapsed         | 144          |
|    total_timesteps      | 93184        |
| train/                  |              |
|    approx_kl            | 0.019643832  |
|    clip_fraction        | 0.219        |
|    clip_range           | 0.2          |
|    entropy_loss         | -17.9        |
|    explained_variance   | 9.655952e-06 |
|    learning_rate        | 0.0003       |
|    loss                 | 5.47         |
|    n_updates            | 900          |
|    policy_gradient_loss | -0.0183      |
|    std                  | 1.08         |
|    value_loss           | 13.6         |
------------------------------------------
-------------------------------------------
| rollout/                |               |
|    ep_len_mean          | 1.44e+03      |
|    ep_rew_mean          | 1.45e+03      |
| time/                   |               |
|    fps                  | 645           |
|    iterations           | 92            |
|    time_elapsed         | 145           |
|    total_timesteps      | 94208         |
| train/                  |               |
|    approx_kl            | 0.016097756   |
|    clip_fraction        | 0.164         |
|    clip_range           | 0.2           |
|    entropy_loss         | -18           |
|    explained_variance   | 6.3955784e-05 |
|    learning_rate        | 0.0003        |
|    loss                 | 4.93          |
|    n_updates            | 910           |
|    policy_gradient_loss | -0.0155       |
|    std                  | 1.08          |
|    value_loss           | 12.5          |
-------------------------------------------
-------------------------------------------
| rollout/                |               |
|    ep_len_mean          | 1.44e+03      |
|    ep_rew_mean          | 1.45e+03      |
| time/                   |               |
|    fps                  | 646           |
|    iterations           | 93            |
|    time_elapsed         | 147           |
|    total_timesteps      | 95232         |
| train/                  |               |
|    approx_kl            | 0.020733684   |
|    clip_fraction        | 0.227         |
|    clip_range           | 0.2           |
|    entropy_loss         | -18           |
|    explained_variance   | 0.00016230345 |
|    learning_rate        | 0.0003        |
|    loss                 | 4.37          |
|    n_updates            | 920           |
|    policy_gradient_loss | -0.022        |
|    std                  | 1.08          |
|    value_loss           | 11.1          |
-------------------------------------------
--------------------------------------------
| rollout/                |                |
|    ep_len_mean          | 1.44e+03       |
|    ep_rew_mean          | 1.45e+03       |
| time/                   |                |
|    fps                  | 646            |
|    iterations           | 94             |
|    time_elapsed         | 148            |
|    total_timesteps      | 96256          |
| train/                  |                |
|    approx_kl            | 0.01787842     |
|    clip_fraction        | 0.161          |
|    clip_range           | 0.2            |
|    entropy_loss         | -18            |
|    explained_variance   | -1.7881393e-05 |
|    learning_rate        | 0.0003         |
|    loss                 | 3.95           |
|    n_updates            | 930            |
|    policy_gradient_loss | -0.0196        |
|    std                  | 1.08           |
|    value_loss           | 10.4           |
--------------------------------------------
-------------------------------------------
| rollout/                |               |
|    ep_len_mean          | 1.44e+03      |
|    ep_rew_mean          | 1.45e+03      |
| time/                   |               |
|    fps                  | 646           |
|    iterations           | 95            |
|    time_elapsed         | 150           |
|    total_timesteps      | 97280         |
| train/                  |               |
|    approx_kl            | 0.021221604   |
|    clip_fraction        | 0.184         |
|    clip_range           | 0.2           |
|    entropy_loss         | -18           |
|    explained_variance   | 0.00012332201 |
|    learning_rate        | 0.0003        |
|    loss                 | 3.8           |
|    n_updates            | 940           |
|    policy_gradient_loss | -0.0207       |
|    std                  | 1.08          |
|    value_loss           | 9.9           |
-------------------------------------------
-------------------------------------------
| rollout/                |               |
|    ep_len_mean          | 1.44e+03      |
|    ep_rew_mean          | 1.45e+03      |
| time/                   |               |
|    fps                  | 647           |
|    iterations           | 96            |
|    time_elapsed         | 151           |
|    total_timesteps      | 98304         |
| train/                  |               |
|    approx_kl            | 0.02072353    |
|    clip_fraction        | 0.252         |
|    clip_range           | 0.2           |
|    entropy_loss         | -18           |
|    explained_variance   | 0.00010371208 |
|    learning_rate        | 0.0003        |
|    loss                 | 3.3           |
|    n_updates            | 950           |
|    policy_gradient_loss | -0.0213       |
|    std                  | 1.08          |
|    value_loss           | 8.81          |
-------------------------------------------
-------------------------------------------
| rollout/                |               |
|    ep_len_mean          | 1.44e+03      |
|    ep_rew_mean          | 1.45e+03      |
| time/                   |               |
|    fps                  | 647           |
|    iterations           | 97            |
|    time_elapsed         | 153           |
|    total_timesteps      | 99328         |
| train/                  |               |
|    approx_kl            | 0.017438393   |
|    clip_fraction        | 0.221         |
|    clip_range           | 0.2           |
|    entropy_loss         | -18           |
|    explained_variance   | 2.2113323e-05 |
|    learning_rate        | 0.0003        |
|    loss                 | 2.89          |
|    n_updates            | 960           |
|    policy_gradient_loss | -0.0226       |
|    std                  | 1.08          |
|    value_loss           | 7.93          |
-------------------------------------------
-------------------------------------------
| rollout/                |               |
|    ep_len_mean          | 1.44e+03      |
|    ep_rew_mean          | 1.45e+03      |
| time/                   |               |
|    fps                  | 648           |
|    iterations           | 98            |
|    time_elapsed         | 154           |
|    total_timesteps      | 100352        |
| train/                  |               |
|    approx_kl            | 0.01655872    |
|    clip_fraction        | 0.154         |
|    clip_range           | 0.2           |
|    entropy_loss         | -18           |
|    explained_variance   | 0.00017762184 |
|    learning_rate        | 0.0003        |
|    loss                 | 2.76          |
|    n_updates            | 970           |
|    policy_gradient_loss | -0.0157       |
|    std                  | 1.08          |
|    value_loss           | 7.53          |
-------------------------------------------
-------------------------------------------
| rollout/                |               |
|    ep_len_mean          | 1.44e+03      |
|    ep_rew_mean          | 1.45e+03      |
| time/                   |               |
|    fps                  | 648           |
|    iterations           | 99            |
|    time_elapsed         | 156           |
|    total_timesteps      | 101376        |
| train/                  |               |
|    approx_kl            | 0.019797858   |
|    clip_fraction        | 0.212         |
|    clip_range           | 0.2           |
|    entropy_loss         | -17.9         |
|    explained_variance   | 3.6120415e-05 |
|    learning_rate        | 0.0003        |
|    loss                 | 2.38          |
|    n_updates            | 980           |
|    policy_gradient_loss | -0.0191       |
|    std                  | 1.08          |
|    value_loss           | 6.62          |
-------------------------------------------
------------------------------------------
| rollout/                |              |
|    ep_len_mean          | 1.44e+03     |
|    ep_rew_mean          | 1.45e+03     |
| time/                   |              |
|    fps                  | 648          |
|    iterations           | 100          |
|    time_elapsed         | 157          |
|    total_timesteps      | 102400       |
| train/                  |              |
|    approx_kl            | 0.017426752  |
|    clip_fraction        | 0.195        |
|    clip_range           | 0.2          |
|    entropy_loss         | -17.9        |
|    explained_variance   | -5.00679e-06 |
|    learning_rate        | 0.0003       |
|    loss                 | 2.22         |
|    n_updates            | 990          |
|    policy_gradient_loss | -0.0216      |
|    std                  | 1.08         |
|    value_loss           | 6.1          |
------------------------------------------
------------------------------------------
| rollout/                |              |
|    ep_len_mean          | 1.44e+03     |
|    ep_rew_mean          | 1.45e+03     |
| time/                   |              |
|    fps                  | 649          |
|    iterations           | 101          |
|    time_elapsed         | 159          |
|    total_timesteps      | 103424       |
| train/                  |              |
|    approx_kl            | 0.019004082  |
|    clip_fraction        | 0.236        |
|    clip_range           | 0.2          |
|    entropy_loss         | -18          |
|    explained_variance   | 7.092953e-05 |
|    learning_rate        | 0.0003       |
|    loss                 | 1.88         |
|    n_updates            | 1000         |
|    policy_gradient_loss | -0.0235      |
|    std                  | 1.08         |
|    value_loss           | 5.42         |
------------------------------------------
-------------------------------------------
| rollout/                |               |
|    ep_len_mean          | 1.44e+03      |
|    ep_rew_mean          | 1.45e+03      |
| time/                   |               |
|    fps                  | 649           |
|    iterations           | 102           |
|    time_elapsed         | 160           |
|    total_timesteps      | 104448        |
| train/                  |               |
|    approx_kl            | 0.019215241   |
|    clip_fraction        | 0.235         |
|    clip_range           | 0.2           |
|    entropy_loss         | -18           |
|    explained_variance   | 0.00011283159 |
|    learning_rate        | 0.0003        |
|    loss                 | 1.75          |
|    n_updates            | 1010          |
|    policy_gradient_loss | -0.0214       |
|    std                  | 1.08          |
|    value_loss           | 5.11          |
-------------------------------------------
-------------------------------------------
| rollout/                |               |
|    ep_len_mean          | 1.44e+03      |
|    ep_rew_mean          | 1.45e+03      |
| time/                   |               |
|    fps                  | 649           |
|    iterations           | 103           |
|    time_elapsed         | 162           |
|    total_timesteps      | 105472        |
| train/                  |               |
|    approx_kl            | 0.01974177    |
|    clip_fraction        | 0.201         |
|    clip_range           | 0.2           |
|    entropy_loss         | -18           |
|    explained_variance   | 0.00012856722 |
|    learning_rate        | 0.0003        |
|    loss                 | 1.4           |
|    n_updates            | 1020          |
|    policy_gradient_loss | -0.0237       |
|    std                  | 1.08          |
|    value_loss           | 4.44          |
-------------------------------------------
-------------------------------------------
| rollout/                |               |
|    ep_len_mean          | 1.44e+03      |
|    ep_rew_mean          | 1.45e+03      |
| time/                   |               |
|    fps                  | 650           |
|    iterations           | 104           |
|    time_elapsed         | 163           |
|    total_timesteps      | 106496        |
| train/                  |               |
|    approx_kl            | 0.02497616    |
|    clip_fraction        | 0.282         |
|    clip_range           | 0.2           |
|    entropy_loss         | -18           |
|    explained_variance   | 6.9737434e-05 |
|    learning_rate        | 0.0003        |
|    loss                 | 1.21          |
|    n_updates            | 1030          |
|    policy_gradient_loss | -0.0264       |
|    std                  | 1.08          |
|    value_loss           | 3.91          |
-------------------------------------------
-------------------------------------------
| rollout/                |               |
|    ep_len_mean          | 1.44e+03      |
|    ep_rew_mean          | 1.45e+03      |
| time/                   |               |
|    fps                  | 650           |
|    iterations           | 105           |
|    time_elapsed         | 165           |
|    total_timesteps      | 107520        |
| train/                  |               |
|    approx_kl            | 0.018363757   |
|    clip_fraction        | 0.219         |
|    clip_range           | 0.2           |
|    entropy_loss         | -18           |
|    explained_variance   | 0.00016415119 |
|    learning_rate        | 0.0003        |
|    loss                 | 1.07          |
|    n_updates            | 1040          |
|    policy_gradient_loss | -0.0235       |
|    std                  | 1.09          |
|    value_loss           | 3.57          |
-------------------------------------------
-------------------------------------------
| rollout/                |               |
|    ep_len_mean          | 1.44e+03      |
|    ep_rew_mean          | 1.45e+03      |
| time/                   |               |
|    fps                  | 650           |
|    iterations           | 106           |
|    time_elapsed         | 166           |
|    total_timesteps      | 108544        |
| train/                  |               |
|    approx_kl            | 0.02227061    |
|    clip_fraction        | 0.263         |
|    clip_range           | 0.2           |
|    entropy_loss         | -18           |
|    explained_variance   | 0.00012338161 |
|    learning_rate        | 0.0003        |
|    loss                 | 0.858         |
|    n_updates            | 1050          |
|    policy_gradient_loss | -0.0214       |
|    std                  | 1.08          |
|    value_loss           | 2.99          |
-------------------------------------------
------------------------------------------
| rollout/                |              |
|    ep_len_mean          | 1.44e+03     |
|    ep_rew_mean          | 1.45e+03     |
| time/                   |              |
|    fps                  | 650          |
|    iterations           | 107          |
|    time_elapsed         | 168          |
|    total_timesteps      | 109568       |
| train/                  |              |
|    approx_kl            | 0.016232755  |
|    clip_fraction        | 0.218        |
|    clip_range           | 0.2          |
|    entropy_loss         | -17.9        |
|    explained_variance   | 0.0001052022 |
|    learning_rate        | 0.0003       |
|    loss                 | 0.672        |
|    n_updates            | 1060         |
|    policy_gradient_loss | -0.0223      |
|    std                  | 1.08         |
|    value_loss           | 2.49         |
------------------------------------------
-------------------------------------------
| rollout/                |               |
|    ep_len_mean          | 1.44e+03      |
|    ep_rew_mean          | 1.45e+03      |
| time/                   |               |
|    fps                  | 651           |
|    iterations           | 108           |
|    time_elapsed         | 169           |
|    total_timesteps      | 110592        |
| train/                  |               |
|    approx_kl            | 0.020981349   |
|    clip_fraction        | 0.251         |
|    clip_range           | 0.2           |
|    entropy_loss         | -17.9         |
|    explained_variance   | 0.00016570091 |
|    learning_rate        | 0.0003        |
|    loss                 | 0.571         |
|    n_updates            | 1070          |
|    policy_gradient_loss | -0.0233       |
|    std                  | 1.08          |
|    value_loss           | 2.21          |
-------------------------------------------
------------------------------------------
| rollout/                |              |
|    ep_len_mean          | 1.44e+03     |
|    ep_rew_mean          | 1.45e+03     |
| time/                   |              |
|    fps                  | 651          |
|    iterations           | 109          |
|    time_elapsed         | 171          |
|    total_timesteps      | 111616       |
| train/                  |              |
|    approx_kl            | 0.020287896  |
|    clip_fraction        | 0.212        |
|    clip_range           | 0.2          |
|    entropy_loss         | -17.9        |
|    explained_variance   | 0.0002810955 |
|    learning_rate        | 0.0003       |
|    loss                 | 0.472        |
|    n_updates            | 1080         |
|    policy_gradient_loss | -0.0232      |
|    std                  | 1.08         |
|    value_loss           | 1.93         |
------------------------------------------
-------------------------------------------
| rollout/                |               |
|    ep_len_mean          | 1.44e+03      |
|    ep_rew_mean          | 1.45e+03      |
| time/                   |               |
|    fps                  | 651           |
|    iterations           | 110           |
|    time_elapsed         | 172           |
|    total_timesteps      | 112640        |
| train/                  |               |
|    approx_kl            | 0.015881013   |
|    clip_fraction        | 0.186         |
|    clip_range           | 0.2           |
|    entropy_loss         | -17.9         |
|    explained_variance   | 0.00027608871 |
|    learning_rate        | 0.0003        |
|    loss                 | 0.337         |
|    n_updates            | 1090          |
|    policy_gradient_loss | -0.0216       |
|    std                  | 1.07          |
|    value_loss           | 1.54          |
-------------------------------------------
-------------------------------------------
| rollout/                |               |
|    ep_len_mean          | 1.44e+03      |
|    ep_rew_mean          | 1.45e+03      |
| time/                   |               |
|    fps                  | 652           |
|    iterations           | 111           |
|    time_elapsed         | 174           |
|    total_timesteps      | 113664        |
| train/                  |               |
|    approx_kl            | 0.027068134   |
|    clip_fraction        | 0.263         |
|    clip_range           | 0.2           |
|    entropy_loss         | -17.8         |
|    explained_variance   | 0.00020760298 |
|    learning_rate        | 0.0003        |
|    loss                 | 0.259         |
|    n_updates            | 1100          |
|    policy_gradient_loss | -0.0268       |
|    std                  | 1.07          |
|    value_loss           | 1.29          |
-------------------------------------------
-------------------------------------------
| rollout/                |               |
|    ep_len_mean          | 1.44e+03      |
|    ep_rew_mean          | 1.45e+03      |
| time/                   |               |
|    fps                  | 652           |
|    iterations           | 112           |
|    time_elapsed         | 175           |
|    total_timesteps      | 114688        |
| train/                  |               |
|    approx_kl            | 0.021805149   |
|    clip_fraction        | 0.245         |
|    clip_range           | 0.2           |
|    entropy_loss         | -17.8         |
|    explained_variance   | 0.00021499395 |
|    learning_rate        | 0.0003        |
|    loss                 | 0.155         |
|    n_updates            | 1110          |
|    policy_gradient_loss | -0.027        |
|    std                  | 1.07          |
|    value_loss           | 1.09          |
-------------------------------------------
------------------------------------------
| rollout/                |              |
|    ep_len_mean          | 1.44e+03     |
|    ep_rew_mean          | 1.45e+03     |
| time/                   |              |
|    fps                  | 652          |
|    iterations           | 113          |
|    time_elapsed         | 177          |
|    total_timesteps      | 115712       |
| train/                  |              |
|    approx_kl            | 0.021295153  |
|    clip_fraction        | 0.242        |
|    clip_range           | 0.2          |
|    entropy_loss         | -17.8        |
|    explained_variance   | 0.0002091527 |
|    learning_rate        | 0.0003       |
|    loss                 | 0.123        |
|    n_updates            | 1120         |
|    policy_gradient_loss | -0.0219      |
|    std                  | 1.07         |
|    value_loss           | 0.855        |
------------------------------------------
-------------------------------------------
| rollout/                |               |
|    ep_len_mean          | 1.44e+03      |
|    ep_rew_mean          | 1.45e+03      |
| time/                   |               |
|    fps                  | 652           |
|    iterations           | 114           |
|    time_elapsed         | 178           |
|    total_timesteps      | 116736        |
| train/                  |               |
|    approx_kl            | 0.014144018   |
|    clip_fraction        | 0.198         |
|    clip_range           | 0.2           |
|    entropy_loss         | -17.8         |
|    explained_variance   | 0.00019448996 |
|    learning_rate        | 0.0003        |
|    loss                 | 0.0585        |
|    n_updates            | 1130          |
|    policy_gradient_loss | -0.0201       |
|    std                  | 1.07          |
|    value_loss           | 0.644         |
-------------------------------------------
------------------------------------------
| rollout/                |              |
|    ep_len_mean          | 1.44e+03     |
|    ep_rew_mean          | 1.45e+03     |
| time/                   |              |
|    fps                  | 652          |
|    iterations           | 115          |
|    time_elapsed         | 180          |
|    total_timesteps      | 117760       |
| train/                  |              |
|    approx_kl            | 0.019644124  |
|    clip_fraction        | 0.241        |
|    clip_range           | 0.2          |
|    entropy_loss         | -17.8        |
|    explained_variance   | 8.159876e-05 |
|    learning_rate        | 0.0003       |
|    loss                 | 0.0178       |
|    n_updates            | 1140         |
|    policy_gradient_loss | -0.026       |
|    std                  | 1.07         |
|    value_loss           | 0.493        |
------------------------------------------
-------------------------------------------
| rollout/                |               |
|    ep_len_mean          | 1.44e+03      |
|    ep_rew_mean          | 1.45e+03      |
| time/                   |               |
|    fps                  | 652           |
|    iterations           | 116           |
|    time_elapsed         | 181           |
|    total_timesteps      | 118784        |
| train/                  |               |
|    approx_kl            | 0.02616118    |
|    clip_fraction        | 0.271         |
|    clip_range           | 0.2           |
|    entropy_loss         | -17.8         |
|    explained_variance   | 0.00022631884 |
|    learning_rate        | 0.0003        |
|    loss                 | -0.0151       |
|    n_updates            | 1150          |
|    policy_gradient_loss | -0.0307       |
|    std                  | 1.06          |
|    value_loss           | 0.389         |
-------------------------------------------
------------------------------------------
| rollout/                |              |
|    ep_len_mean          | 1.44e+03     |
|    ep_rew_mean          | 1.45e+03     |
| time/                   |              |
|    fps                  | 653          |
|    iterations           | 117          |
|    time_elapsed         | 183          |
|    total_timesteps      | 119808       |
| train/                  |              |
|    approx_kl            | 0.017499749  |
|    clip_fraction        | 0.213        |
|    clip_range           | 0.2          |
|    entropy_loss         | -17.8        |
|    explained_variance   | 0.0002605915 |
|    learning_rate        | 0.0003       |
|    loss                 | -0.0133      |
|    n_updates            | 1160         |
|    policy_gradient_loss | -0.0227      |
|    std                  | 1.07         |
|    value_loss           | 0.282        |
------------------------------------------
-----------------------------------------
| rollout/                |             |
|    ep_len_mean          | 1.44e+03    |
|    ep_rew_mean          | 1.45e+03    |
| time/                   |             |
|    fps                  | 653         |
|    iterations           | 118         |
|    time_elapsed         | 184         |
|    total_timesteps      | 120832      |
| train/                  |             |
|    approx_kl            | 0.02104442  |
|    clip_fraction        | 0.269       |
|    clip_range           | 0.2         |
|    entropy_loss         | -17.8       |
|    explained_variance   | 0.000284791 |
|    learning_rate        | 0.0003      |
|    loss                 | -0.0129     |
|    n_updates            | 1170        |
|    policy_gradient_loss | -0.0234     |
|    std                  | 1.06        |
|    value_loss           | 0.164       |
-----------------------------------------
-------------------------------------------
| rollout/                |               |
|    ep_len_mean          | 1.44e+03      |
|    ep_rew_mean          | 1.45e+03      |
| time/                   |               |
|    fps                  | 653           |
|    iterations           | 119           |
|    time_elapsed         | 186           |
|    total_timesteps      | 121856        |
| train/                  |               |
|    approx_kl            | 0.01847297    |
|    clip_fraction        | 0.207         |
|    clip_range           | 0.2           |
|    entropy_loss         | -17.7         |
|    explained_variance   | 0.00046157837 |
|    learning_rate        | 0.0003        |
|    loss                 | -0.0177       |
|    n_updates            | 1180          |
|    policy_gradient_loss | -0.0237       |
|    std                  | 1.06          |
|    value_loss           | 0.125         |
-------------------------------------------
-------------------------------------------
| rollout/                |               |
|    ep_len_mean          | 1.44e+03      |
|    ep_rew_mean          | 1.45e+03      |
| time/                   |               |
|    fps                  | 653           |
|    iterations           | 120           |
|    time_elapsed         | 187           |
|    total_timesteps      | 122880        |
| train/                  |               |
|    approx_kl            | 0.020181164   |
|    clip_fraction        | 0.184         |
|    clip_range           | 0.2           |
|    entropy_loss         | -17.7         |
|    explained_variance   | 0.00033539534 |
|    learning_rate        | 0.0003        |
|    loss                 | -0.04         |
|    n_updates            | 1190          |
|    policy_gradient_loss | -0.0243       |
|    std                  | 1.06          |
|    value_loss           | 0.0927        |
-------------------------------------------
-------------------------------------------
| rollout/                |               |
|    ep_len_mean          | 1.44e+03      |
|    ep_rew_mean          | 1.45e+03      |
| time/                   |               |
|    fps                  | 654           |
|    iterations           | 121           |
|    time_elapsed         | 189           |
|    total_timesteps      | 123904        |
| train/                  |               |
|    approx_kl            | 0.018447272   |
|    clip_fraction        | 0.227         |
|    clip_range           | 0.2           |
|    entropy_loss         | -17.7         |
|    explained_variance   | 0.00027513504 |
|    learning_rate        | 0.0003        |
|    loss                 | -0.0305       |
|    n_updates            | 1200          |
|    policy_gradient_loss | -0.0254       |
|    std                  | 1.06          |
|    value_loss           | 0.0677        |
-------------------------------------------
-------------------------------------------
| rollout/                |               |
|    ep_len_mean          | 1.44e+03      |
|    ep_rew_mean          | 1.45e+03      |
| time/                   |               |
|    fps                  | 654           |
|    iterations           | 122           |
|    time_elapsed         | 190           |
|    total_timesteps      | 124928        |
| train/                  |               |
|    approx_kl            | 0.017647456   |
|    clip_fraction        | 0.207         |
|    clip_range           | 0.2           |
|    entropy_loss         | -17.7         |
|    explained_variance   | 0.00048160553 |
|    learning_rate        | 0.0003        |
|    loss                 | -0.0257       |
|    n_updates            | 1210          |
|    policy_gradient_loss | -0.027        |
|    std                  | 1.05          |
|    value_loss           | 0.0469        |
-------------------------------------------
------------------------------------------
| rollout/                |              |
|    ep_len_mean          | 1.44e+03     |
|    ep_rew_mean          | 1.45e+03     |
| time/                   |              |
|    fps                  | 654          |
|    iterations           | 123          |
|    time_elapsed         | 192          |
|    total_timesteps      | 125952       |
| train/                  |              |
|    approx_kl            | 0.019669801  |
|    clip_fraction        | 0.186        |
|    clip_range           | 0.2          |
|    entropy_loss         | -17.6        |
|    explained_variance   | 0.0008471012 |
|    learning_rate        | 0.0003       |
|    loss                 | -0.0431      |
|    n_updates            | 1220         |
|    policy_gradient_loss | -0.0251      |
|    std                  | 1.05         |
|    value_loss           | 0.0337       |
------------------------------------------
-------------------------------------------
| rollout/                |               |
|    ep_len_mean          | 1.44e+03      |
|    ep_rew_mean          | 1.45e+03      |
| time/                   |               |
|    fps                  | 654           |
|    iterations           | 124           |
|    time_elapsed         | 193           |
|    total_timesteps      | 126976        |
| train/                  |               |
|    approx_kl            | 0.018131886   |
|    clip_fraction        | 0.216         |
|    clip_range           | 0.2           |
|    entropy_loss         | -17.6         |
|    explained_variance   | 0.00038439035 |
|    learning_rate        | 0.0003        |
|    loss                 | -0.0127       |
|    n_updates            | 1230          |
|    policy_gradient_loss | -0.0276       |
|    std                  | 1.05          |
|    value_loss           | 0.0273        |
-------------------------------------------
------------------------------------------
| rollout/                |              |
|    ep_len_mean          | 1.44e+03     |
|    ep_rew_mean          | 1.45e+03     |
| time/                   |              |
|    fps                  | 655          |
|    iterations           | 125          |
|    time_elapsed         | 195          |
|    total_timesteps      | 128000       |
| train/                  |              |
|    approx_kl            | 0.020237979  |
|    clip_fraction        | 0.223        |
|    clip_range           | 0.2          |
|    entropy_loss         | -17.6        |
|    explained_variance   | 0.0004478693 |
|    learning_rate        | 0.0003       |
|    loss                 | -0.0303      |
|    n_updates            | 1240         |
|    policy_gradient_loss | -0.0278      |
|    std                  | 1.05         |
|    value_loss           | 0.0236       |
------------------------------------------
-------------------------------------------
| rollout/                |               |
|    ep_len_mean          | 1.44e+03      |
|    ep_rew_mean          | 1.45e+03      |
| time/                   |               |
|    fps                  | 655           |
|    iterations           | 126           |
|    time_elapsed         | 196           |
|    total_timesteps      | 129024        |
| train/                  |               |
|    approx_kl            | 0.019674577   |
|    clip_fraction        | 0.213         |
|    clip_range           | 0.2           |
|    entropy_loss         | -17.6         |
|    explained_variance   | 0.00052958727 |
|    learning_rate        | 0.0003        |
|    loss                 | -0.0494       |
|    n_updates            | 1250          |
|    policy_gradient_loss | -0.0277       |
|    std                  | 1.05          |
|    value_loss           | 0.0127        |
-------------------------------------------
-------------------------------------------
| rollout/                |               |
|    ep_len_mean          | 1.44e+03      |
|    ep_rew_mean          | 1.45e+03      |
| time/                   |               |
|    fps                  | 655           |
|    iterations           | 127           |
|    time_elapsed         | 198           |
|    total_timesteps      | 130048        |
| train/                  |               |
|    approx_kl            | 0.01847278    |
|    clip_fraction        | 0.205         |
|    clip_range           | 0.2           |
|    entropy_loss         | -17.6         |
|    explained_variance   | 0.00018334389 |
|    learning_rate        | 0.0003        |
|    loss                 | -0.0379       |
|    n_updates            | 1260          |
|    policy_gradient_loss | -0.0275       |
|    std                  | 1.04          |
|    value_loss           | 0.0186        |
-------------------------------------------
-------------------------------------------
| rollout/                |               |
|    ep_len_mean          | 1.44e+03      |
|    ep_rew_mean          | 1.45e+03      |
| time/                   |               |
|    fps                  | 655           |
|    iterations           | 128           |
|    time_elapsed         | 199           |
|    total_timesteps      | 131072        |
| train/                  |               |
|    approx_kl            | 0.015428737   |
|    clip_fraction        | 0.201         |
|    clip_range           | 0.2           |
|    entropy_loss         | -17.5         |
|    explained_variance   | 0.00040745735 |
|    learning_rate        | 0.0003        |
|    loss                 | -0.0289       |
|    n_updates            | 1270          |
|    policy_gradient_loss | -0.0237       |
|    std                  | 1.04          |
|    value_loss           | 0.0117        |
-------------------------------------------
-------------------------------------------
| rollout/                |               |
|    ep_len_mean          | 1.44e+03      |
|    ep_rew_mean          | 1.45e+03      |
| time/                   |               |
|    fps                  | 655           |
|    iterations           | 129           |
|    time_elapsed         | 201           |
|    total_timesteps      | 132096        |
| train/                  |               |
|    approx_kl            | 0.019753806   |
|    clip_fraction        | 0.211         |
|    clip_range           | 0.2           |
|    entropy_loss         | -17.5         |
|    explained_variance   | 0.00050383806 |
|    learning_rate        | 0.0003        |
|    loss                 | -0.0215       |
|    n_updates            | 1280          |
|    policy_gradient_loss | -0.0267       |
|    std                  | 1.04          |
|    value_loss           | 0.0102        |
-------------------------------------------
-------------------------------------------
| rollout/                |               |
|    ep_len_mean          | 1.44e+03      |
|    ep_rew_mean          | 1.45e+03      |
| time/                   |               |
|    fps                  | 655           |
|    iterations           | 130           |
|    time_elapsed         | 203           |
|    total_timesteps      | 133120        |
| train/                  |               |
|    approx_kl            | 0.02151691    |
|    clip_fraction        | 0.242         |
|    clip_range           | 0.2           |
|    entropy_loss         | -17.5         |
|    explained_variance   | 0.00031220913 |
|    learning_rate        | 0.0003        |
|    loss                 | -0.0355       |
|    n_updates            | 1290          |
|    policy_gradient_loss | -0.0284       |
|    std                  | 1.04          |
|    value_loss           | 0.00861       |
-------------------------------------------
------------------------------------------
| rollout/                |              |
|    ep_len_mean          | 1.44e+03     |
|    ep_rew_mean          | 1.45e+03     |
| time/                   |              |
|    fps                  | 655          |
|    iterations           | 131          |
|    time_elapsed         | 204          |
|    total_timesteps      | 134144       |
| train/                  |              |
|    approx_kl            | 0.018051347  |
|    clip_fraction        | 0.19         |
|    clip_range           | 0.2          |
|    entropy_loss         | -17.5        |
|    explained_variance   | 0.0004054308 |
|    learning_rate        | 0.0003       |
|    loss                 | -0.0499      |
|    n_updates            | 1300         |
|    policy_gradient_loss | -0.0274      |
|    std                  | 1.03         |
|    value_loss           | 0.00853      |
------------------------------------------
-------------------------------------------
| rollout/                |               |
|    ep_len_mean          | 1.44e+03      |
|    ep_rew_mean          | 1.45e+03      |
| time/                   |               |
|    fps                  | 655           |
|    iterations           | 132           |
|    time_elapsed         | 206           |
|    total_timesteps      | 135168        |
| train/                  |               |
|    approx_kl            | 0.018300768   |
|    clip_fraction        | 0.249         |
|    clip_range           | 0.2           |
|    entropy_loss         | -17.4         |
|    explained_variance   | 0.00022619963 |
|    learning_rate        | 0.0003        |
|    loss                 | -0.0392       |
|    n_updates            | 1310          |
|    policy_gradient_loss | -0.0314       |
|    std                  | 1.03          |
|    value_loss           | 0.00842       |
-------------------------------------------
------------------------------------------
| rollout/                |              |
|    ep_len_mean          | 1.44e+03     |
|    ep_rew_mean          | 1.45e+03     |
| time/                   |              |
|    fps                  | 656          |
|    iterations           | 133          |
|    time_elapsed         | 207          |
|    total_timesteps      | 136192       |
| train/                  |              |
|    approx_kl            | 0.016311482  |
|    clip_fraction        | 0.203        |
|    clip_range           | 0.2          |
|    entropy_loss         | -17.4        |
|    explained_variance   | 6.854534e-05 |
|    learning_rate        | 0.0003       |
|    loss                 | -0.0441      |
|    n_updates            | 1320         |
|    policy_gradient_loss | -0.0287      |
|    std                  | 1.04         |
|    value_loss           | 0.0135       |
------------------------------------------
-------------------------------------------
| rollout/                |               |
|    ep_len_mean          | 1.44e+03      |
|    ep_rew_mean          | 1.45e+03      |
| time/                   |               |
|    fps                  | 656           |
|    iterations           | 134           |
|    time_elapsed         | 209           |
|    total_timesteps      | 137216        |
| train/                  |               |
|    approx_kl            | 0.017405394   |
|    clip_fraction        | 0.232         |
|    clip_range           | 0.2           |
|    entropy_loss         | -17.4         |
|    explained_variance   | 0.00017726421 |
|    learning_rate        | 0.0003        |
|    loss                 | -0.0347       |
|    n_updates            | 1330          |
|    policy_gradient_loss | -0.0281       |
|    std                  | 1.03          |
|    value_loss           | 0.00948       |
-------------------------------------------
------------------------------------------
| rollout/                |              |
|    ep_len_mean          | 1.44e+03     |
|    ep_rew_mean          | 1.45e+03     |
| time/                   |              |
|    fps                  | 656          |
|    iterations           | 135          |
|    time_elapsed         | 210          |
|    total_timesteps      | 138240       |
| train/                  |              |
|    approx_kl            | 0.013561005  |
|    clip_fraction        | 0.168        |
|    clip_range           | 0.2          |
|    entropy_loss         | -17.4        |
|    explained_variance   | 6.735325e-05 |
|    learning_rate        | 0.0003       |
|    loss                 | -0.0143      |
|    n_updates            | 1340         |
|    policy_gradient_loss | -0.0242      |
|    std                  | 1.03         |
|    value_loss           | 0.0397       |
------------------------------------------
-------------------------------------------
| rollout/                |               |
|    ep_len_mean          | 1.44e+03      |
|    ep_rew_mean          | 1.45e+03      |
| time/                   |               |
|    fps                  | 656           |
|    iterations           | 136           |
|    time_elapsed         | 212           |
|    total_timesteps      | 139264        |
| train/                  |               |
|    approx_kl            | 0.016288813   |
|    clip_fraction        | 0.192         |
|    clip_range           | 0.2           |
|    entropy_loss         | -17.4         |
|    explained_variance   | 0.00016057491 |
|    learning_rate        | 0.0003        |
|    loss                 | -0.0273       |
|    n_updates            | 1350          |
|    policy_gradient_loss | -0.0256       |
|    std                  | 1.03          |
|    value_loss           | 0.0117        |
-------------------------------------------
-------------------------------------------
| rollout/                |               |
|    ep_len_mean          | 1.44e+03      |
|    ep_rew_mean          | 1.45e+03      |
| time/                   |               |
|    fps                  | 656           |
|    iterations           | 137           |
|    time_elapsed         | 213           |
|    total_timesteps      | 140288        |
| train/                  |               |
|    approx_kl            | 0.015643487   |
|    clip_fraction        | 0.174         |
|    clip_range           | 0.2           |
|    entropy_loss         | -17.4         |
|    explained_variance   | 0.00050002337 |
|    learning_rate        | 0.0003        |
|    loss                 | -0.0347       |
|    n_updates            | 1360          |
|    policy_gradient_loss | -0.0245       |
|    std                  | 1.03          |
|    value_loss           | 0.00968       |
-------------------------------------------
------------------------------------------
| rollout/                |              |
|    ep_len_mean          | 1.44e+03     |
|    ep_rew_mean          | 1.45e+03     |
| time/                   |              |
|    fps                  | 656          |
|    iterations           | 138          |
|    time_elapsed         | 215          |
|    total_timesteps      | 141312       |
| train/                  |              |
|    approx_kl            | 0.0150819775 |
|    clip_fraction        | 0.178        |
|    clip_range           | 0.2          |
|    entropy_loss         | -17.3        |
|    explained_variance   | 0.0003427863 |
|    learning_rate        | 0.0003       |
|    loss                 | -0.0393      |
|    n_updates            | 1370         |
|    policy_gradient_loss | -0.0234      |
|    std                  | 1.03         |
|    value_loss           | 0.0108       |
------------------------------------------
------------------------------------------
| rollout/                |              |
|    ep_len_mean          | 1.44e+03     |
|    ep_rew_mean          | 1.45e+03     |
| time/                   |              |
|    fps                  | 656          |
|    iterations           | 139          |
|    time_elapsed         | 216          |
|    total_timesteps      | 142336       |
| train/                  |              |
|    approx_kl            | 0.015760526  |
|    clip_fraction        | 0.205        |
|    clip_range           | 0.2          |
|    entropy_loss         | -17.3        |
|    explained_variance   | 6.955862e-05 |
|    learning_rate        | 0.0003       |
|    loss                 | -0.0405      |
|    n_updates            | 1380         |
|    policy_gradient_loss | -0.0264      |
|    std                  | 1.02         |
|    value_loss           | 0.0173       |
------------------------------------------
-------------------------------------------
| rollout/                |               |
|    ep_len_mean          | 1.44e+03      |
|    ep_rew_mean          | 1.45e+03      |
| time/                   |               |
|    fps                  | 656           |
|    iterations           | 140           |
|    time_elapsed         | 218           |
|    total_timesteps      | 143360        |
| train/                  |               |
|    approx_kl            | 0.012558512   |
|    clip_fraction        | 0.152         |
|    clip_range           | 0.2           |
|    entropy_loss         | -17.3         |
|    explained_variance   | 0.00020885468 |
|    learning_rate        | 0.0003        |
|    loss                 | -0.0259       |
|    n_updates            | 1390          |
|    policy_gradient_loss | -0.0204       |
|    std                  | 1.03          |
|    value_loss           | 0.0187        |
-------------------------------------------
------------------------------------------
| rollout/                |              |
|    ep_len_mean          | 1.44e+03     |
|    ep_rew_mean          | 1.45e+03     |
| time/                   |              |
|    fps                  | 657          |
|    iterations           | 141          |
|    time_elapsed         | 219          |
|    total_timesteps      | 144384       |
| train/                  |              |
|    approx_kl            | 0.016537933  |
|    clip_fraction        | 0.186        |
|    clip_range           | 0.2          |
|    entropy_loss         | -17.3        |
|    explained_variance   | 4.553795e-05 |
|    learning_rate        | 0.0003       |
|    loss                 | -0.015       |
|    n_updates            | 1400         |
|    policy_gradient_loss | -0.0233      |
|    std                  | 1.03         |
|    value_loss           | 0.0406       |
------------------------------------------
------------------------------------------
| rollout/                |              |
|    ep_len_mean          | 1.44e+03     |
|    ep_rew_mean          | 1.45e+03     |
| time/                   |              |
|    fps                  | 657          |
|    iterations           | 142          |
|    time_elapsed         | 221          |
|    total_timesteps      | 145408       |
| train/                  |              |
|    approx_kl            | 0.013002671  |
|    clip_fraction        | 0.141        |
|    clip_range           | 0.2          |
|    entropy_loss         | -17.3        |
|    explained_variance   | 6.824732e-05 |
|    learning_rate        | 0.0003       |
|    loss                 | -0.0303      |
|    n_updates            | 1410         |
|    policy_gradient_loss | -0.0221      |
|    std                  | 1.03         |
|    value_loss           | 0.0318       |
------------------------------------------
-------------------------------------------
| rollout/                |               |
|    ep_len_mean          | 1.44e+03      |
|    ep_rew_mean          | 1.45e+03      |
| time/                   |               |
|    fps                  | 657           |
|    iterations           | 143           |
|    time_elapsed         | 222           |
|    total_timesteps      | 146432        |
| train/                  |               |
|    approx_kl            | 0.015651017   |
|    clip_fraction        | 0.177         |
|    clip_range           | 0.2           |
|    entropy_loss         | -17.3         |
|    explained_variance   | 0.00048142672 |
|    learning_rate        | 0.0003        |
|    loss                 | -0.051        |
|    n_updates            | 1420          |
|    policy_gradient_loss | -0.0276       |
|    std                  | 1.02          |
|    value_loss           | 0.00797       |
-------------------------------------------
-------------------------------------------
| rollout/                |               |
|    ep_len_mean          | 1.44e+03      |
|    ep_rew_mean          | 1.45e+03      |
| time/                   |               |
|    fps                  | 657           |
|    iterations           | 144           |
|    time_elapsed         | 224           |
|    total_timesteps      | 147456        |
| train/                  |               |
|    approx_kl            | 0.021022767   |
|    clip_fraction        | 0.203         |
|    clip_range           | 0.2           |
|    entropy_loss         | -17.3         |
|    explained_variance   | 0.00023543835 |
|    learning_rate        | 0.0003        |
|    loss                 | -0.0253       |
|    n_updates            | 1430          |
|    policy_gradient_loss | -0.0266       |
|    std                  | 1.02          |
|    value_loss           | 0.011         |
-------------------------------------------
-------------------------------------------
| rollout/                |               |
|    ep_len_mean          | 1.44e+03      |
|    ep_rew_mean          | 1.45e+03      |
| time/                   |               |
|    fps                  | 657           |
|    iterations           | 145           |
|    time_elapsed         | 225           |
|    total_timesteps      | 148480        |
| train/                  |               |
|    approx_kl            | 0.014480754   |
|    clip_fraction        | 0.181         |
|    clip_range           | 0.2           |
|    entropy_loss         | -17.3         |
|    explained_variance   | 0.00062328577 |
|    learning_rate        | 0.0003        |
|    loss                 | -0.034        |
|    n_updates            | 1440          |
|    policy_gradient_loss | -0.0275       |
|    std                  | 1.02          |
|    value_loss           | 0.0101        |
-------------------------------------------
------------------------------------------
| rollout/                |              |
|    ep_len_mean          | 1.44e+03     |
|    ep_rew_mean          | 1.45e+03     |
| time/                   |              |
|    fps                  | 657          |
|    iterations           | 146          |
|    time_elapsed         | 227          |
|    total_timesteps      | 149504       |
| train/                  |              |
|    approx_kl            | 0.012243802  |
|    clip_fraction        | 0.133        |
|    clip_range           | 0.2          |
|    entropy_loss         | -17.3        |
|    explained_variance   | 9.727478e-05 |
|    learning_rate        | 0.0003       |
|    loss                 | -0.0281      |
|    n_updates            | 1450         |
|    policy_gradient_loss | -0.0211      |
|    std                  | 1.02         |
|    value_loss           | 0.0192       |
------------------------------------------
-------------------------------------------
| rollout/                |               |
|    ep_len_mean          | 1.44e+03      |
|    ep_rew_mean          | 1.45e+03      |
| time/                   |               |
|    fps                  | 657           |
|    iterations           | 147           |
|    time_elapsed         | 228           |
|    total_timesteps      | 150528        |
| train/                  |               |
|    approx_kl            | 0.016312554   |
|    clip_fraction        | 0.174         |
|    clip_range           | 0.2           |
|    entropy_loss         | -17.2         |
|    explained_variance   | 0.00075781345 |
|    learning_rate        | 0.0003        |
|    loss                 | -0.0295       |
|    n_updates            | 1460          |
|    policy_gradient_loss | -0.0251       |
|    std                  | 1.02          |
|    value_loss           | 0.00891       |
-------------------------------------------
-----------------------------------------
| rollout/                |             |
|    ep_len_mean          | 1.44e+03    |
|    ep_rew_mean          | 1.45e+03    |
| time/                   |             |
|    fps                  | 657         |
|    iterations           | 148         |
|    time_elapsed         | 230         |
|    total_timesteps      | 151552      |
| train/                  |             |
|    approx_kl            | 0.01546583  |
|    clip_fraction        | 0.175       |
|    clip_range           | 0.2         |
|    entropy_loss         | -17.2       |
|    explained_variance   | 0.000651896 |
|    learning_rate        | 0.0003      |
|    loss                 | -0.0371     |
|    n_updates            | 1470        |
|    policy_gradient_loss | -0.0254     |
|    std                  | 1.01        |
|    value_loss           | 0.00919     |
-----------------------------------------
------------------------------------------
| rollout/                |              |
|    ep_len_mean          | 1.44e+03     |
|    ep_rew_mean          | 1.45e+03     |
| time/                   |              |
|    fps                  | 657          |
|    iterations           | 149          |
|    time_elapsed         | 231          |
|    total_timesteps      | 152576       |
| train/                  |              |
|    approx_kl            | 0.01457197   |
|    clip_fraction        | 0.164        |
|    clip_range           | 0.2          |
|    entropy_loss         | -17.2        |
|    explained_variance   | 0.0003581047 |
|    learning_rate        | 0.0003       |
|    loss                 | -0.0286      |
|    n_updates            | 1480         |
|    policy_gradient_loss | -0.0258      |
|    std                  | 1.01         |
|    value_loss           | 0.0106       |
------------------------------------------
-------------------------------------------
| rollout/                |               |
|    ep_len_mean          | 1.44e+03      |
|    ep_rew_mean          | 1.45e+03      |
| time/                   |               |
|    fps                  | 657           |
|    iterations           | 150           |
|    time_elapsed         | 233           |
|    total_timesteps      | 153600        |
| train/                  |               |
|    approx_kl            | 0.014040677   |
|    clip_fraction        | 0.175         |
|    clip_range           | 0.2           |
|    entropy_loss         | -17.2         |
|    explained_variance   | 0.00035077333 |
|    learning_rate        | 0.0003        |
|    loss                 | -0.0369       |
|    n_updates            | 1490          |
|    policy_gradient_loss | -0.0253       |
|    std                  | 1.01          |
|    value_loss           | 0.0139        |
-------------------------------------------
-------------------------------------------
| rollout/                |               |
|    ep_len_mean          | 1.44e+03      |
|    ep_rew_mean          | 1.45e+03      |
| time/                   |               |
|    fps                  | 658           |
|    iterations           | 151           |
|    time_elapsed         | 234           |
|    total_timesteps      | 154624        |
| train/                  |               |
|    approx_kl            | 0.01335909    |
|    clip_fraction        | 0.153         |
|    clip_range           | 0.2           |
|    entropy_loss         | -17.1         |
|    explained_variance   | 0.00049972534 |
|    learning_rate        | 0.0003        |
|    loss                 | -0.0244       |
|    n_updates            | 1500          |
|    policy_gradient_loss | -0.0223       |
|    std                  | 1.01          |
|    value_loss           | 0.00706       |
-------------------------------------------
------------------------------------------
| rollout/                |              |
|    ep_len_mean          | 1.44e+03     |
|    ep_rew_mean          | 1.45e+03     |
| time/                   |              |
|    fps                  | 658          |
|    iterations           | 152          |
|    time_elapsed         | 236          |
|    total_timesteps      | 155648       |
| train/                  |              |
|    approx_kl            | 0.0145106    |
|    clip_fraction        | 0.147        |
|    clip_range           | 0.2          |
|    entropy_loss         | -17.1        |
|    explained_variance   | 0.0014980435 |
|    learning_rate        | 0.0003       |
|    loss                 | -0.0292      |
|    n_updates            | 1510         |
|    policy_gradient_loss | -0.0218      |
|    std                  | 1.01         |
|    value_loss           | 0.00524      |
------------------------------------------
------------------------------------------
| rollout/                |              |
|    ep_len_mean          | 1.44e+03     |
|    ep_rew_mean          | 1.45e+03     |
| time/                   |              |
|    fps                  | 658          |
|    iterations           | 153          |
|    time_elapsed         | 237          |
|    total_timesteps      | 156672       |
| train/                  |              |
|    approx_kl            | 0.016216613  |
|    clip_fraction        | 0.196        |
|    clip_range           | 0.2          |
|    entropy_loss         | -17.1        |
|    explained_variance   | 0.0006239414 |
|    learning_rate        | 0.0003       |
|    loss                 | -0.0376      |
|    n_updates            | 1520         |
|    policy_gradient_loss | -0.0272      |
|    std                  | 1.01         |
|    value_loss           | 0.00498      |
------------------------------------------
-------------------------------------------
| rollout/                |               |
|    ep_len_mean          | 1.44e+03      |
|    ep_rew_mean          | 1.45e+03      |
| time/                   |               |
|    fps                  | 658           |
|    iterations           | 154           |
|    time_elapsed         | 239           |
|    total_timesteps      | 157696        |
| train/                  |               |
|    approx_kl            | 0.01273633    |
|    clip_fraction        | 0.187         |
|    clip_range           | 0.2           |
|    entropy_loss         | -17.1         |
|    explained_variance   | 0.00028771162 |
|    learning_rate        | 0.0003        |
|    loss                 | -0.0368       |
|    n_updates            | 1530          |
|    policy_gradient_loss | -0.0223       |
|    std                  | 1.01          |
|    value_loss           | 0.00679       |
-------------------------------------------
-------------------------------------------
| rollout/                |               |
|    ep_len_mean          | 1.44e+03      |
|    ep_rew_mean          | 1.45e+03      |
| time/                   |               |
|    fps                  | 658           |
|    iterations           | 155           |
|    time_elapsed         | 240           |
|    total_timesteps      | 158720        |
| train/                  |               |
|    approx_kl            | 0.016208764   |
|    clip_fraction        | 0.19          |
|    clip_range           | 0.2           |
|    entropy_loss         | -17.1         |
|    explained_variance   | 0.00071692467 |
|    learning_rate        | 0.0003        |
|    loss                 | -0.043        |
|    n_updates            | 1540          |
|    policy_gradient_loss | -0.0256       |
|    std                  | 1.01          |
|    value_loss           | 0.00513       |
-------------------------------------------
-------------------------------------------
| rollout/                |               |
|    ep_len_mean          | 1.44e+03      |
|    ep_rew_mean          | 1.45e+03      |
| time/                   |               |
|    fps                  | 658           |
|    iterations           | 156           |
|    time_elapsed         | 242           |
|    total_timesteps      | 159744        |
| train/                  |               |
|    approx_kl            | 0.012372004   |
|    clip_fraction        | 0.154         |
|    clip_range           | 0.2           |
|    entropy_loss         | -17.1         |
|    explained_variance   | 0.00039190054 |
|    learning_rate        | 0.0003        |
|    loss                 | -0.0345       |
|    n_updates            | 1550          |
|    policy_gradient_loss | -0.022        |
|    std                  | 1.01          |
|    value_loss           | 0.00878       |
-------------------------------------------
-------------------------------------------
| rollout/                |               |
|    ep_len_mean          | 1.44e+03      |
|    ep_rew_mean          | 1.45e+03      |
| time/                   |               |
|    fps                  | 659           |
|    iterations           | 157           |
|    time_elapsed         | 243           |
|    total_timesteps      | 160768        |
| train/                  |               |
|    approx_kl            | 0.014773395   |
|    clip_fraction        | 0.151         |
|    clip_range           | 0.2           |
|    entropy_loss         | -17.1         |
|    explained_variance   | 0.00047308207 |
|    learning_rate        | 0.0003        |
|    loss                 | -0.0391       |
|    n_updates            | 1560          |
|    policy_gradient_loss | -0.0248       |
|    std                  | 1             |
|    value_loss           | 0.00463       |
-------------------------------------------
------------------------------------------
| rollout/                |              |
|    ep_len_mean          | 1.44e+03     |
|    ep_rew_mean          | 1.45e+03     |
| time/                   |              |
|    fps                  | 659          |
|    iterations           | 158          |
|    time_elapsed         | 245          |
|    total_timesteps      | 161792       |
| train/                  |              |
|    approx_kl            | 0.01588275   |
|    clip_fraction        | 0.169        |
|    clip_range           | 0.2          |
|    entropy_loss         | -17          |
|    explained_variance   | 0.0007202029 |
|    learning_rate        | 0.0003       |
|    loss                 | -0.0462      |
|    n_updates            | 1570         |
|    policy_gradient_loss | -0.023       |
|    std                  | 1            |
|    value_loss           | 0.00475      |
------------------------------------------
-------------------------------------------
| rollout/                |               |
|    ep_len_mean          | 1.44e+03      |
|    ep_rew_mean          | 1.45e+03      |
| time/                   |               |
|    fps                  | 659           |
|    iterations           | 159           |
|    time_elapsed         | 246           |
|    total_timesteps      | 162816        |
| train/                  |               |
|    approx_kl            | 0.013654021   |
|    clip_fraction        | 0.16          |
|    clip_range           | 0.2           |
|    entropy_loss         | -17           |
|    explained_variance   | 0.00049829483 |
|    learning_rate        | 0.0003        |
|    loss                 | -0.0301       |
|    n_updates            | 1580          |
|    policy_gradient_loss | -0.0223       |
|    std                  | 1             |
|    value_loss           | 0.00673       |
-------------------------------------------
-------------------------------------------
| rollout/                |               |
|    ep_len_mean          | 1.44e+03      |
|    ep_rew_mean          | 1.45e+03      |
| time/                   |               |
|    fps                  | 659           |
|    iterations           | 160           |
|    time_elapsed         | 248           |
|    total_timesteps      | 163840        |
| train/                  |               |
|    approx_kl            | 0.013201001   |
|    clip_fraction        | 0.17          |
|    clip_range           | 0.2           |
|    entropy_loss         | -17           |
|    explained_variance   | 0.00083225965 |
|    learning_rate        | 0.0003        |
|    loss                 | -0.0358       |
|    n_updates            | 1590          |
|    policy_gradient_loss | -0.025        |
|    std                  | 1             |
|    value_loss           | 0.00528       |
-------------------------------------------
------------------------------------------
| rollout/                |              |
|    ep_len_mean          | 1.44e+03     |
|    ep_rew_mean          | 1.45e+03     |
| time/                   |              |
|    fps                  | 659          |
|    iterations           | 161          |
|    time_elapsed         | 250          |
|    total_timesteps      | 164864       |
| train/                  |              |
|    approx_kl            | 0.017454777  |
|    clip_fraction        | 0.187        |
|    clip_range           | 0.2          |
|    entropy_loss         | -17          |
|    explained_variance   | 0.0006248355 |
|    learning_rate        | 0.0003       |
|    loss                 | -0.0245      |
|    n_updates            | 1600         |
|    policy_gradient_loss | -0.0256      |
|    std                  | 0.998        |
|    value_loss           | 0.00602      |
------------------------------------------
-------------------------------------------
| rollout/                |               |
|    ep_len_mean          | 1.44e+03      |
|    ep_rew_mean          | 1.46e+03      |
| time/                   |               |
|    fps                  | 659           |
|    iterations           | 162           |
|    time_elapsed         | 251           |
|    total_timesteps      | 165888        |
| train/                  |               |
|    approx_kl            | 0.011403638   |
|    clip_fraction        | 0.166         |
|    clip_range           | 0.2           |
|    entropy_loss         | -17           |
|    explained_variance   | 0.00019311905 |
|    learning_rate        | 0.0003        |
|    loss                 | -0.0233       |
|    n_updates            | 1610          |
|    policy_gradient_loss | -0.019        |
|    std                  | 0.996         |
|    value_loss           | 0.013         |
-------------------------------------------
-------------------------------------------
| rollout/                |               |
|    ep_len_mean          | 1.44e+03      |
|    ep_rew_mean          | 1.46e+03      |
| time/                   |               |
|    fps                  | 659           |
|    iterations           | 163           |
|    time_elapsed         | 253           |
|    total_timesteps      | 166912        |
| train/                  |               |
|    approx_kl            | 0.014168119   |
|    clip_fraction        | 0.173         |
|    clip_range           | 0.2           |
|    entropy_loss         | -16.9         |
|    explained_variance   | 0.00070124865 |
|    learning_rate        | 0.0003        |
|    loss                 | -0.0254       |
|    n_updates            | 1620          |
|    policy_gradient_loss | -0.0255       |
|    std                  | 0.994         |
|    value_loss           | 0.00912       |
-------------------------------------------
------------------------------------------
| rollout/                |              |
|    ep_len_mean          | 1.44e+03     |
|    ep_rew_mean          | 1.46e+03     |
| time/                   |              |
|    fps                  | 659          |
|    iterations           | 164          |
|    time_elapsed         | 254          |
|    total_timesteps      | 167936       |
| train/                  |              |
|    approx_kl            | 0.014450777  |
|    clip_fraction        | 0.167        |
|    clip_range           | 0.2          |
|    entropy_loss         | -16.9        |
|    explained_variance   | 0.0005302429 |
|    learning_rate        | 0.0003       |
|    loss                 | -0.0393      |
|    n_updates            | 1630         |
|    policy_gradient_loss | -0.0226      |
|    std                  | 0.994        |
|    value_loss           | 0.00946      |
------------------------------------------
-------------------------------------------
| rollout/                |               |
|    ep_len_mean          | 1.44e+03      |
|    ep_rew_mean          | 1.46e+03      |
| time/                   |               |
|    fps                  | 659           |
|    iterations           | 165           |
|    time_elapsed         | 256           |
|    total_timesteps      | 168960        |
| train/                  |               |
|    approx_kl            | 0.017365845   |
|    clip_fraction        | 0.203         |
|    clip_range           | 0.2           |
|    entropy_loss         | -16.9         |
|    explained_variance   | 0.00026488304 |
|    learning_rate        | 0.0003        |
|    loss                 | -0.0253       |
|    n_updates            | 1640          |
|    policy_gradient_loss | -0.0232       |
|    std                  | 0.995         |
|    value_loss           | 0.0152        |
-------------------------------------------
-------------------------------------------
| rollout/                |               |
|    ep_len_mean          | 1.44e+03      |
|    ep_rew_mean          | 1.46e+03      |
| time/                   |               |
|    fps                  | 659           |
|    iterations           | 166           |
|    time_elapsed         | 257           |
|    total_timesteps      | 169984        |
| train/                  |               |
|    approx_kl            | 0.012152314   |
|    clip_fraction        | 0.139         |
|    clip_range           | 0.2           |
|    entropy_loss         | -16.9         |
|    explained_variance   | 0.00095134974 |
|    learning_rate        | 0.0003        |
|    loss                 | -0.0273       |
|    n_updates            | 1650          |
|    policy_gradient_loss | -0.019        |
|    std                  | 0.993         |
|    value_loss           | 0.00604       |
-------------------------------------------
------------------------------------------
| rollout/                |              |
|    ep_len_mean          | 1.44e+03     |
|    ep_rew_mean          | 1.46e+03     |
| time/                   |              |
|    fps                  | 659          |
|    iterations           | 167          |
|    time_elapsed         | 259          |
|    total_timesteps      | 171008       |
| train/                  |              |
|    approx_kl            | 0.014798135  |
|    clip_fraction        | 0.162        |
|    clip_range           | 0.2          |
|    entropy_loss         | -16.9        |
|    explained_variance   | 0.0003105998 |
|    learning_rate        | 0.0003       |
|    loss                 | -0.0299      |
|    n_updates            | 1660         |
|    policy_gradient_loss | -0.0238      |
|    std                  | 0.99         |
|    value_loss           | 0.0125       |
------------------------------------------
------------------------------------------
| rollout/                |              |
|    ep_len_mean          | 1.44e+03     |
|    ep_rew_mean          | 1.46e+03     |
| time/                   |              |
|    fps                  | 659          |
|    iterations           | 168          |
|    time_elapsed         | 260          |
|    total_timesteps      | 172032       |
| train/                  |              |
|    approx_kl            | 0.01678965   |
|    clip_fraction        | 0.204        |
|    clip_range           | 0.2          |
|    entropy_loss         | -16.9        |
|    explained_variance   | 0.0005880594 |
|    learning_rate        | 0.0003       |
|    loss                 | -0.0357      |
|    n_updates            | 1670         |
|    policy_gradient_loss | -0.0297      |
|    std                  | 0.988        |
|    value_loss           | 0.00877      |
------------------------------------------
-------------------------------------------
| rollout/                |               |
|    ep_len_mean          | 1.44e+03      |
|    ep_rew_mean          | 1.46e+03      |
| time/                   |               |
|    fps                  | 660           |
|    iterations           | 169           |
|    time_elapsed         | 262           |
|    total_timesteps      | 173056        |
| train/                  |               |
|    approx_kl            | 0.01462862    |
|    clip_fraction        | 0.161         |
|    clip_range           | 0.2           |
|    entropy_loss         | -16.9         |
|    explained_variance   | 0.00045007467 |
|    learning_rate        | 0.0003        |
|    loss                 | -0.0311       |
|    n_updates            | 1680          |
|    policy_gradient_loss | -0.0237       |
|    std                  | 0.988         |
|    value_loss           | 0.0116        |
-------------------------------------------
-------------------------------------------
| rollout/                |               |
|    ep_len_mean          | 1.44e+03      |
|    ep_rew_mean          | 1.46e+03      |
| time/                   |               |
|    fps                  | 660           |
|    iterations           | 170           |
|    time_elapsed         | 263           |
|    total_timesteps      | 174080        |
| train/                  |               |
|    approx_kl            | 0.015083496   |
|    clip_fraction        | 0.193         |
|    clip_range           | 0.2           |
|    entropy_loss         | -16.9         |
|    explained_variance   | 0.00057691336 |
|    learning_rate        | 0.0003        |
|    loss                 | -0.0449       |
|    n_updates            | 1690          |
|    policy_gradient_loss | -0.0263       |
|    std                  | 0.988         |
|    value_loss           | 0.0051        |
-------------------------------------------
-------------------------------------------
| rollout/                |               |
|    ep_len_mean          | 1.44e+03      |
|    ep_rew_mean          | 1.46e+03      |
| time/                   |               |
|    fps                  | 660           |
|    iterations           | 171           |
|    time_elapsed         | 265           |
|    total_timesteps      | 175104        |
| train/                  |               |
|    approx_kl            | 0.014890972   |
|    clip_fraction        | 0.148         |
|    clip_range           | 0.2           |
|    entropy_loss         | -16.9         |
|    explained_variance   | 0.00032025576 |
|    learning_rate        | 0.0003        |
|    loss                 | -0.0296       |
|    n_updates            | 1700          |
|    policy_gradient_loss | -0.0231       |
|    std                  | 0.987         |
|    value_loss           | 0.0128        |
-------------------------------------------
-------------------------------------------
| rollout/                |               |
|    ep_len_mean          | 1.44e+03      |
|    ep_rew_mean          | 1.46e+03      |
| time/                   |               |
|    fps                  | 660           |
|    iterations           | 172           |
|    time_elapsed         | 266           |
|    total_timesteps      | 176128        |
| train/                  |               |
|    approx_kl            | 0.01574023    |
|    clip_fraction        | 0.165         |
|    clip_range           | 0.2           |
|    entropy_loss         | -16.8         |
|    explained_variance   | 0.00026327372 |
|    learning_rate        | 0.0003        |
|    loss                 | -0.0309       |
|    n_updates            | 1710          |
|    policy_gradient_loss | -0.0216       |
|    std                  | 0.986         |
|    value_loss           | 0.0148        |
-------------------------------------------
-------------------------------------------
| rollout/                |               |
|    ep_len_mean          | 1.44e+03      |
|    ep_rew_mean          | 1.46e+03      |
| time/                   |               |
|    fps                  | 660           |
|    iterations           | 173           |
|    time_elapsed         | 268           |
|    total_timesteps      | 177152        |
| train/                  |               |
|    approx_kl            | 0.013803405   |
|    clip_fraction        | 0.157         |
|    clip_range           | 0.2           |
|    entropy_loss         | -16.8         |
|    explained_variance   | 0.00082725286 |
|    learning_rate        | 0.0003        |
|    loss                 | -0.0357       |
|    n_updates            | 1720          |
|    policy_gradient_loss | -0.0227       |
|    std                  | 0.984         |
|    value_loss           | 0.00758       |
-------------------------------------------
-----------------------------------------
| rollout/                |             |
|    ep_len_mean          | 1.44e+03    |
|    ep_rew_mean          | 1.46e+03    |
| time/                   |             |
|    fps                  | 660         |
|    iterations           | 174         |
|    time_elapsed         | 269         |
|    total_timesteps      | 178176      |
| train/                  |             |
|    approx_kl            | 0.010354992 |
|    clip_fraction        | 0.127       |
|    clip_range           | 0.2         |
|    entropy_loss         | -16.8       |
|    explained_variance   | 0.001023531 |
|    learning_rate        | 0.0003      |
|    loss                 | -0.0397     |
|    n_updates            | 1730        |
|    policy_gradient_loss | -0.0206     |
|    std                  | 0.982       |
|    value_loss           | 0.00651     |
-----------------------------------------
------------------------------------------
| rollout/                |              |
|    ep_len_mean          | 1.44e+03     |
|    ep_rew_mean          | 1.46e+03     |
| time/                   |              |
|    fps                  | 660          |
|    iterations           | 175          |
|    time_elapsed         | 271          |
|    total_timesteps      | 179200       |
| train/                  |              |
|    approx_kl            | 0.01557995   |
|    clip_fraction        | 0.177        |
|    clip_range           | 0.2          |
|    entropy_loss         | -16.8        |
|    explained_variance   | 0.0008634925 |
|    learning_rate        | 0.0003       |
|    loss                 | -0.0357      |
|    n_updates            | 1740         |
|    policy_gradient_loss | -0.0235      |
|    std                  | 0.981        |
|    value_loss           | 0.00501      |
------------------------------------------
------------------------------------------
| rollout/                |              |
|    ep_len_mean          | 1.44e+03     |
|    ep_rew_mean          | 1.46e+03     |
| time/                   |              |
|    fps                  | 660          |
|    iterations           | 176          |
|    time_elapsed         | 272          |
|    total_timesteps      | 180224       |
| train/                  |              |
|    approx_kl            | 0.016252076  |
|    clip_fraction        | 0.188        |
|    clip_range           | 0.2          |
|    entropy_loss         | -16.8        |
|    explained_variance   | 0.0007562041 |
|    learning_rate        | 0.0003       |
|    loss                 | -0.0413      |
|    n_updates            | 1750         |
|    policy_gradient_loss | -0.0272      |
|    std                  | 0.981        |
|    value_loss           | 0.00666      |
------------------------------------------
------------------------------------------
| rollout/                |              |
|    ep_len_mean          | 1.44e+03     |
|    ep_rew_mean          | 1.46e+03     |
| time/                   |              |
|    fps                  | 661          |
|    iterations           | 177          |
|    time_elapsed         | 274          |
|    total_timesteps      | 181248       |
| train/                  |              |
|    approx_kl            | 0.013990452  |
|    clip_fraction        | 0.155        |
|    clip_range           | 0.2          |
|    entropy_loss         | -16.8        |
|    explained_variance   | 0.0008121729 |
|    learning_rate        | 0.0003       |
|    loss                 | -0.0222      |
|    n_updates            | 1760         |
|    policy_gradient_loss | -0.021       |
|    std                  | 0.982        |
|    value_loss           | 0.00752      |
------------------------------------------
------------------------------------------
| rollout/                |              |
|    ep_len_mean          | 1.44e+03     |
|    ep_rew_mean          | 1.46e+03     |
| time/                   |              |
|    fps                  | 661          |
|    iterations           | 178          |
|    time_elapsed         | 275          |
|    total_timesteps      | 182272       |
| train/                  |              |
|    approx_kl            | 0.012504941  |
|    clip_fraction        | 0.181        |
|    clip_range           | 0.2          |
|    entropy_loss         | -16.8        |
|    explained_variance   | 0.0010496378 |
|    learning_rate        | 0.0003       |
|    loss                 | -0.0194      |
|    n_updates            | 1770         |
|    policy_gradient_loss | -0.0227      |
|    std                  | 0.983        |
|    value_loss           | 0.00566      |
------------------------------------------
------------------------------------------
| rollout/                |              |
|    ep_len_mean          | 1.44e+03     |
|    ep_rew_mean          | 1.46e+03     |
| time/                   |              |
|    fps                  | 661          |
|    iterations           | 179          |
|    time_elapsed         | 277          |
|    total_timesteps      | 183296       |
| train/                  |              |
|    approx_kl            | 0.015483597  |
|    clip_fraction        | 0.175        |
|    clip_range           | 0.2          |
|    entropy_loss         | -16.8        |
|    explained_variance   | 0.0013468862 |
|    learning_rate        | 0.0003       |
|    loss                 | -0.0303      |
|    n_updates            | 1780         |
|    policy_gradient_loss | -0.0245      |
|    std                  | 0.982        |
|    value_loss           | 0.00486      |
------------------------------------------
------------------------------------------
| rollout/                |              |
|    ep_len_mean          | 1.44e+03     |
|    ep_rew_mean          | 1.46e+03     |
| time/                   |              |
|    fps                  | 661          |
|    iterations           | 180          |
|    time_elapsed         | 278          |
|    total_timesteps      | 184320       |
| train/                  |              |
|    approx_kl            | 0.012799128  |
|    clip_fraction        | 0.146        |
|    clip_range           | 0.2          |
|    entropy_loss         | -16.8        |
|    explained_variance   | 0.0005326867 |
|    learning_rate        | 0.0003       |
|    loss                 | -0.0307      |
|    n_updates            | 1790         |
|    policy_gradient_loss | -0.0203      |
|    std                  | 0.982        |
|    value_loss           | 0.00757      |
------------------------------------------
-------------------------------------------
| rollout/                |               |
|    ep_len_mean          | 1.44e+03      |
|    ep_rew_mean          | 1.46e+03      |
| time/                   |               |
|    fps                  | 661           |
|    iterations           | 181           |
|    time_elapsed         | 280           |
|    total_timesteps      | 185344        |
| train/                  |               |
|    approx_kl            | 0.01358683    |
|    clip_fraction        | 0.19          |
|    clip_range           | 0.2           |
|    entropy_loss         | -16.8         |
|    explained_variance   | 0.00095927715 |
|    learning_rate        | 0.0003        |
|    loss                 | -0.0333       |
|    n_updates            | 1800          |
|    policy_gradient_loss | -0.0267       |
|    std                  | 0.981         |
|    value_loss           | 0.00527       |
-------------------------------------------
------------------------------------------
| rollout/                |              |
|    ep_len_mean          | 1.44e+03     |
|    ep_rew_mean          | 1.46e+03     |
| time/                   |              |
|    fps                  | 661          |
|    iterations           | 182          |
|    time_elapsed         | 281          |
|    total_timesteps      | 186368       |
| train/                  |              |
|    approx_kl            | 0.014110572  |
|    clip_fraction        | 0.167        |
|    clip_range           | 0.2          |
|    entropy_loss         | -16.7        |
|    explained_variance   | 0.0015915036 |
|    learning_rate        | 0.0003       |
|    loss                 | -0.0355      |
|    n_updates            | 1810         |
|    policy_gradient_loss | -0.024       |
|    std                  | 0.978        |
|    value_loss           | 0.00591      |
------------------------------------------
------------------------------------------
| rollout/                |              |
|    ep_len_mean          | 1.44e+03     |
|    ep_rew_mean          | 1.46e+03     |
| time/                   |              |
|    fps                  | 661          |
|    iterations           | 183          |
|    time_elapsed         | 283          |
|    total_timesteps      | 187392       |
| train/                  |              |
|    approx_kl            | 0.016286451  |
|    clip_fraction        | 0.193        |
|    clip_range           | 0.2          |
|    entropy_loss         | -16.7        |
|    explained_variance   | 0.0014950633 |
|    learning_rate        | 0.0003       |
|    loss                 | -0.0552      |
|    n_updates            | 1820         |
|    policy_gradient_loss | -0.0276      |
|    std                  | 0.976        |
|    value_loss           | 0.00518      |
------------------------------------------
------------------------------------------
| rollout/                |              |
|    ep_len_mean          | 1.44e+03     |
|    ep_rew_mean          | 1.46e+03     |
| time/                   |              |
|    fps                  | 661          |
|    iterations           | 184          |
|    time_elapsed         | 284          |
|    total_timesteps      | 188416       |
| train/                  |              |
|    approx_kl            | 0.014635098  |
|    clip_fraction        | 0.159        |
|    clip_range           | 0.2          |
|    entropy_loss         | -16.7        |
|    explained_variance   | 0.0012508035 |
|    learning_rate        | 0.0003       |
|    loss                 | -0.0287      |
|    n_updates            | 1830         |
|    policy_gradient_loss | -0.0255      |
|    std                  | 0.973        |
|    value_loss           | 0.00581      |
------------------------------------------
------------------------------------------
| rollout/                |              |
|    ep_len_mean          | 1.44e+03     |
|    ep_rew_mean          | 1.46e+03     |
| time/                   |              |
|    fps                  | 661          |
|    iterations           | 185          |
|    time_elapsed         | 286          |
|    total_timesteps      | 189440       |
| train/                  |              |
|    approx_kl            | 0.017407943  |
|    clip_fraction        | 0.188        |
|    clip_range           | 0.2          |
|    entropy_loss         | -16.7        |
|    explained_variance   | 0.0011997819 |
|    learning_rate        | 0.0003       |
|    loss                 | -0.0449      |
|    n_updates            | 1840         |
|    policy_gradient_loss | -0.0284      |
|    std                  | 0.97         |
|    value_loss           | 0.00573      |
------------------------------------------
------------------------------------------
| rollout/                |              |
|    ep_len_mean          | 1.44e+03     |
|    ep_rew_mean          | 1.46e+03     |
| time/                   |              |
|    fps                  | 661          |
|    iterations           | 186          |
|    time_elapsed         | 287          |
|    total_timesteps      | 190464       |
| train/                  |              |
|    approx_kl            | 0.022264026  |
|    clip_fraction        | 0.246        |
|    clip_range           | 0.2          |
|    entropy_loss         | -16.6        |
|    explained_variance   | 0.0012776256 |
|    learning_rate        | 0.0003       |
|    loss                 | -0.0426      |
|    n_updates            | 1850         |
|    policy_gradient_loss | -0.0301      |
|    std                  | 0.971        |
|    value_loss           | 0.00537      |
------------------------------------------
-------------------------------------------
| rollout/                |               |
|    ep_len_mean          | 1.44e+03      |
|    ep_rew_mean          | 1.46e+03      |
| time/                   |               |
|    fps                  | 661           |
|    iterations           | 187           |
|    time_elapsed         | 289           |
|    total_timesteps      | 191488        |
| train/                  |               |
|    approx_kl            | 0.013833482   |
|    clip_fraction        | 0.166         |
|    clip_range           | 0.2           |
|    entropy_loss         | -16.6         |
|    explained_variance   | 0.00070112944 |
|    learning_rate        | 0.0003        |
|    loss                 | -0.024        |
|    n_updates            | 1860          |
|    policy_gradient_loss | -0.0233       |
|    std                  | 0.969         |
|    value_loss           | 0.00717       |
-------------------------------------------
-------------------------------------------
| rollout/                |               |
|    ep_len_mean          | 1.44e+03      |
|    ep_rew_mean          | 1.46e+03      |
| time/                   |               |
|    fps                  | 661           |
|    iterations           | 188           |
|    time_elapsed         | 290           |
|    total_timesteps      | 192512        |
| train/                  |               |
|    approx_kl            | 0.013167825   |
|    clip_fraction        | 0.154         |
|    clip_range           | 0.2           |
|    entropy_loss         | -16.6         |
|    explained_variance   | 0.00017392635 |
|    learning_rate        | 0.0003        |
|    loss                 | -0.027        |
|    n_updates            | 1870          |
|    policy_gradient_loss | -0.0211       |
|    std                  | 0.968         |
|    value_loss           | 0.0263        |
-------------------------------------------
-------------------------------------------
| rollout/                |               |
|    ep_len_mean          | 1.44e+03      |
|    ep_rew_mean          | 1.46e+03      |
| time/                   |               |
|    fps                  | 661           |
|    iterations           | 189           |
|    time_elapsed         | 292           |
|    total_timesteps      | 193536        |
| train/                  |               |
|    approx_kl            | 0.015390284   |
|    clip_fraction        | 0.198         |
|    clip_range           | 0.2           |
|    entropy_loss         | -16.6         |
|    explained_variance   | 0.00058859587 |
|    learning_rate        | 0.0003        |
|    loss                 | -0.039        |
|    n_updates            | 1880          |
|    policy_gradient_loss | -0.0226       |
|    std                  | 0.967         |
|    value_loss           | 0.00946       |
-------------------------------------------
-------------------------------------------
| rollout/                |               |
|    ep_len_mean          | 1.44e+03      |
|    ep_rew_mean          | 1.46e+03      |
| time/                   |               |
|    fps                  | 661           |
|    iterations           | 190           |
|    time_elapsed         | 294           |
|    total_timesteps      | 194560        |
| train/                  |               |
|    approx_kl            | 0.01435109    |
|    clip_fraction        | 0.184         |
|    clip_range           | 0.2           |
|    entropy_loss         | -16.6         |
|    explained_variance   | 0.00063306093 |
|    learning_rate        | 0.0003        |
|    loss                 | -0.0262       |
|    n_updates            | 1890          |
|    policy_gradient_loss | -0.0241       |
|    std                  | 0.963         |
|    value_loss           | 0.0101        |
-------------------------------------------
-------------------------------------------
| rollout/                |               |
|    ep_len_mean          | 1.44e+03      |
|    ep_rew_mean          | 1.46e+03      |
| time/                   |               |
|    fps                  | 661           |
|    iterations           | 191           |
|    time_elapsed         | 295           |
|    total_timesteps      | 195584        |
| train/                  |               |
|    approx_kl            | 0.014966793   |
|    clip_fraction        | 0.164         |
|    clip_range           | 0.2           |
|    entropy_loss         | -16.5         |
|    explained_variance   | 0.00079745054 |
|    learning_rate        | 0.0003        |
|    loss                 | -0.0256       |
|    n_updates            | 1900          |
|    policy_gradient_loss | -0.0228       |
|    std                  | 0.962         |
|    value_loss           | 0.00953       |
-------------------------------------------
------------------------------------------
| rollout/                |              |
|    ep_len_mean          | 1.44e+03     |
|    ep_rew_mean          | 1.46e+03     |
| time/                   |              |
|    fps                  | 661          |
|    iterations           | 192          |
|    time_elapsed         | 297          |
|    total_timesteps      | 196608       |
| train/                  |              |
|    approx_kl            | 0.012909852  |
|    clip_fraction        | 0.149        |
|    clip_range           | 0.2          |
|    entropy_loss         | -16.5        |
|    explained_variance   | 0.0005257726 |
|    learning_rate        | 0.0003       |
|    loss                 | -0.0295      |
|    n_updates            | 1910         |
|    policy_gradient_loss | -0.0228      |
|    std                  | 0.961        |
|    value_loss           | 0.0148       |
------------------------------------------
-------------------------------------------
| rollout/                |               |
|    ep_len_mean          | 1.44e+03      |
|    ep_rew_mean          | 1.46e+03      |
| time/                   |               |
|    fps                  | 662           |
|    iterations           | 193           |
|    time_elapsed         | 298           |
|    total_timesteps      | 197632        |
| train/                  |               |
|    approx_kl            | 0.017362127   |
|    clip_fraction        | 0.174         |
|    clip_range           | 0.2           |
|    entropy_loss         | -16.5         |
|    explained_variance   | 0.00015372038 |
|    learning_rate        | 0.0003        |
|    loss                 | -0.000726     |
|    n_updates            | 1920          |
|    policy_gradient_loss | -0.0233       |
|    std                  | 0.959         |
|    value_loss           | 0.0419        |
-------------------------------------------
-------------------------------------------
| rollout/                |               |
|    ep_len_mean          | 1.44e+03      |
|    ep_rew_mean          | 1.46e+03      |
| time/                   |               |
|    fps                  | 662           |
|    iterations           | 194           |
|    time_elapsed         | 299           |
|    total_timesteps      | 198656        |
| train/                  |               |
|    approx_kl            | 0.014475252   |
|    clip_fraction        | 0.207         |
|    clip_range           | 0.2           |
|    entropy_loss         | -16.5         |
|    explained_variance   | 0.00093621016 |
|    learning_rate        | 0.0003        |
|    loss                 | -0.0483       |
|    n_updates            | 1930          |
|    policy_gradient_loss | -0.0273       |
|    std                  | 0.958         |
|    value_loss           | 0.00797       |
-------------------------------------------
-----------------------------------------
| rollout/                |             |
|    ep_len_mean          | 1.44e+03    |
|    ep_rew_mean          | 1.46e+03    |
| time/                   |             |
|    fps                  | 662         |
|    iterations           | 195         |
|    time_elapsed         | 301         |
|    total_timesteps      | 199680      |
| train/                  |             |
|    approx_kl            | 0.015100528 |
|    clip_fraction        | 0.177       |
|    clip_range           | 0.2         |
|    entropy_loss         | -16.5       |
|    explained_variance   | 0.001235187 |
|    learning_rate        | 0.0003      |
|    loss                 | -0.0394     |
|    n_updates            | 1940        |
|    policy_gradient_loss | -0.024      |
|    std                  | 0.958       |
|    value_loss           | 0.00705     |
-----------------------------------------
------------------------------------------
| rollout/                |              |
|    ep_len_mean          | 1.44e+03     |
|    ep_rew_mean          | 1.46e+03     |
| time/                   |              |
|    fps                  | 662          |
|    iterations           | 196          |
|    time_elapsed         | 302          |
|    total_timesteps      | 200704       |
| train/                  |              |
|    approx_kl            | 0.011203427  |
|    clip_fraction        | 0.135        |
|    clip_range           | 0.2          |
|    entropy_loss         | -16.5        |
|    explained_variance   | 0.0025226474 |
|    learning_rate        | 0.0003       |
|    loss                 | -0.0378      |
|    n_updates            | 1950         |
|    policy_gradient_loss | -0.0211      |
|    std                  | 0.956        |
|    value_loss           | 0.0054       |
------------------------------------------
Política MuJoCo guardada en /home/juli/unitree_ros2/nova-spot-micro-tesis/Experimentos/campana_distribuida_step_s23_20260928/mujoco/step_semilla_1068/policy.zip
