Using cuda device
Wrapping the env with a `Monitor` wrapper
Wrapping the env in a DummyVecEnv.
-----------------------------
| time/              |      |
|    fps             | 686  |
|    iterations      | 1    |
|    time_elapsed    | 1    |
|    total_timesteps | 1024 |
-----------------------------
-------------------------------------------
| rollout/                |               |
|    ep_len_mean          | 1.44e+03      |
|    ep_rew_mean          | 1.44e+03      |
| time/                   |               |
|    fps                  | 628           |
|    iterations           | 2             |
|    time_elapsed         | 3             |
|    total_timesteps      | 2048          |
| train/                  |               |
|    approx_kl            | 0.012927566   |
|    clip_fraction        | 0.196         |
|    clip_range           | 0.2           |
|    entropy_loss         | -17           |
|    explained_variance   | -0.0042084455 |
|    learning_rate        | 0.0003        |
|    loss                 | 97.2          |
|    n_updates            | 10            |
|    policy_gradient_loss | -0.0143       |
|    std                  | 1             |
|    value_loss           | 235           |
-------------------------------------------
------------------------------------------
| rollout/                |              |
|    ep_len_mean          | 1.44e+03     |
|    ep_rew_mean          | 1.44e+03     |
| time/                   |              |
|    fps                  | 637          |
|    iterations           | 3            |
|    time_elapsed         | 4            |
|    total_timesteps      | 3072         |
| train/                  |              |
|    approx_kl            | 0.014803027  |
|    clip_fraction        | 0.175        |
|    clip_range           | 0.2          |
|    entropy_loss         | -17          |
|    explained_variance   | 0.0019253492 |
|    learning_rate        | 0.0003       |
|    loss                 | 91.6         |
|    n_updates            | 20           |
|    policy_gradient_loss | -0.0134      |
|    std                  | 1            |
|    value_loss           | 218          |
------------------------------------------
------------------------------------------
| rollout/                |              |
|    ep_len_mean          | 1.44e+03     |
|    ep_rew_mean          | 1.44e+03     |
| time/                   |              |
|    fps                  | 644          |
|    iterations           | 4            |
|    time_elapsed         | 6            |
|    total_timesteps      | 4096         |
| train/                  |              |
|    approx_kl            | 0.010820713  |
|    clip_fraction        | 0.127        |
|    clip_range           | 0.2          |
|    entropy_loss         | -17          |
|    explained_variance   | -0.001098156 |
|    learning_rate        | 0.0003       |
|    loss                 | 92.6         |
|    n_updates            | 30           |
|    policy_gradient_loss | -0.0119      |
|    std                  | 1            |
|    value_loss           | 212          |
------------------------------------------
-------------------------------------------
| rollout/                |               |
|    ep_len_mean          | 1.44e+03      |
|    ep_rew_mean          | 1.44e+03      |
| time/                   |               |
|    fps                  | 653           |
|    iterations           | 5             |
|    time_elapsed         | 7             |
|    total_timesteps      | 5120          |
| train/                  |               |
|    approx_kl            | 0.02452835    |
|    clip_fraction        | 0.208         |
|    clip_range           | 0.2           |
|    entropy_loss         | -17.1         |
|    explained_variance   | -0.0046293736 |
|    learning_rate        | 0.0003        |
|    loss                 | 100           |
|    n_updates            | 40            |
|    policy_gradient_loss | -0.012        |
|    std                  | 1             |
|    value_loss           | 219           |
-------------------------------------------
--------------------------------------------
| rollout/                |                |
|    ep_len_mean          | 1.44e+03       |
|    ep_rew_mean          | 1.44e+03       |
| time/                   |                |
|    fps                  | 659            |
|    iterations           | 6              |
|    time_elapsed         | 9              |
|    total_timesteps      | 6144           |
| train/                  |                |
|    approx_kl            | 0.014127218    |
|    clip_fraction        | 0.157          |
|    clip_range           | 0.2            |
|    entropy_loss         | -17.1          |
|    explained_variance   | -0.00038444996 |
|    learning_rate        | 0.0003         |
|    loss                 | 98.2           |
|    n_updates            | 50             |
|    policy_gradient_loss | -0.0118        |
|    std                  | 1.01           |
|    value_loss           | 211            |
--------------------------------------------
------------------------------------------
| rollout/                |              |
|    ep_len_mean          | 1.44e+03     |
|    ep_rew_mean          | 1.44e+03     |
| time/                   |              |
|    fps                  | 664          |
|    iterations           | 7            |
|    time_elapsed         | 10           |
|    total_timesteps      | 7168         |
| train/                  |              |
|    approx_kl            | 0.016939167  |
|    clip_fraction        | 0.212        |
|    clip_range           | 0.2          |
|    entropy_loss         | -17.1        |
|    explained_variance   | 0.0042865276 |
|    learning_rate        | 0.0003       |
|    loss                 | 98.6         |
|    n_updates            | 60           |
|    policy_gradient_loss | -0.0168      |
|    std                  | 1.01         |
|    value_loss           | 208          |
------------------------------------------
--------------------------------------------
| rollout/                |                |
|    ep_len_mean          | 1.44e+03       |
|    ep_rew_mean          | 1.44e+03       |
| time/                   |                |
|    fps                  | 668            |
|    iterations           | 8              |
|    time_elapsed         | 12             |
|    total_timesteps      | 8192           |
| train/                  |                |
|    approx_kl            | 0.008548324    |
|    clip_fraction        | 0.12           |
|    clip_range           | 0.2            |
|    entropy_loss         | -17.1          |
|    explained_variance   | -0.00066256523 |
|    learning_rate        | 0.0003         |
|    loss                 | 98.6           |
|    n_updates            | 70             |
|    policy_gradient_loss | -0.0101        |
|    std                  | 1.01           |
|    value_loss           | 209            |
--------------------------------------------
--------------------------------------------
| rollout/                |                |
|    ep_len_mean          | 1.44e+03       |
|    ep_rew_mean          | 1.45e+03       |
| time/                   |                |
|    fps                  | 671            |
|    iterations           | 9              |
|    time_elapsed         | 13             |
|    total_timesteps      | 9216           |
| train/                  |                |
|    approx_kl            | 0.016270326    |
|    clip_fraction        | 0.199          |
|    clip_range           | 0.2            |
|    entropy_loss         | -17.1          |
|    explained_variance   | -0.00031137466 |
|    learning_rate        | 0.0003         |
|    loss                 | 93.7           |
|    n_updates            | 80             |
|    policy_gradient_loss | -0.0137        |
|    std                  | 1.01           |
|    value_loss           | 201            |
--------------------------------------------
------------------------------------------
| rollout/                |              |
|    ep_len_mean          | 1.44e+03     |
|    ep_rew_mean          | 1.45e+03     |
| time/                   |              |
|    fps                  | 674          |
|    iterations           | 10           |
|    time_elapsed         | 15           |
|    total_timesteps      | 10240        |
| train/                  |              |
|    approx_kl            | 0.0052064955 |
|    clip_fraction        | 0.0686       |
|    clip_range           | 0.2          |
|    entropy_loss         | -17.1        |
|    explained_variance   | 0.0007582307 |
|    learning_rate        | 0.0003       |
|    loss                 | 93.2         |
|    n_updates            | 90           |
|    policy_gradient_loss | -0.0094      |
|    std                  | 1.01         |
|    value_loss           | 196          |
------------------------------------------
-------------------------------------------
| rollout/                |               |
|    ep_len_mean          | 1.44e+03      |
|    ep_rew_mean          | 1.45e+03      |
| time/                   |               |
|    fps                  | 675           |
|    iterations           | 11            |
|    time_elapsed         | 16            |
|    total_timesteps      | 11264         |
| train/                  |               |
|    approx_kl            | 0.013287943   |
|    clip_fraction        | 0.173         |
|    clip_range           | 0.2           |
|    entropy_loss         | -17.2         |
|    explained_variance   | -0.0001026392 |
|    learning_rate        | 0.0003        |
|    loss                 | 92.4          |
|    n_updates            | 100           |
|    policy_gradient_loss | -0.0138       |
|    std                  | 1.01          |
|    value_loss           | 192           |
-------------------------------------------
------------------------------------------
| rollout/                |              |
|    ep_len_mean          | 1.44e+03     |
|    ep_rew_mean          | 1.45e+03     |
| time/                   |              |
|    fps                  | 676          |
|    iterations           | 12           |
|    time_elapsed         | 18           |
|    total_timesteps      | 12288        |
| train/                  |              |
|    approx_kl            | 0.008473859  |
|    clip_fraction        | 0.128        |
|    clip_range           | 0.2          |
|    entropy_loss         | -17.2        |
|    explained_variance   | 0.0008999109 |
|    learning_rate        | 0.0003       |
|    loss                 | 91.2         |
|    n_updates            | 110          |
|    policy_gradient_loss | -0.0105      |
|    std                  | 1.01         |
|    value_loss           | 194          |
------------------------------------------
--------------------------------------------
| rollout/                |                |
|    ep_len_mean          | 1.44e+03       |
|    ep_rew_mean          | 1.44e+03       |
| time/                   |                |
|    fps                  | 676            |
|    iterations           | 13             |
|    time_elapsed         | 19             |
|    total_timesteps      | 13312          |
| train/                  |                |
|    approx_kl            | 0.011803962    |
|    clip_fraction        | 0.172          |
|    clip_range           | 0.2            |
|    entropy_loss         | -17.2          |
|    explained_variance   | -0.00074732304 |
|    learning_rate        | 0.0003         |
|    loss                 | 87.7           |
|    n_updates            | 120            |
|    policy_gradient_loss | -0.0148        |
|    std                  | 1.01           |
|    value_loss           | 185            |
--------------------------------------------
------------------------------------------
| rollout/                |              |
|    ep_len_mean          | 1.44e+03     |
|    ep_rew_mean          | 1.44e+03     |
| time/                   |              |
|    fps                  | 677          |
|    iterations           | 14           |
|    time_elapsed         | 21           |
|    total_timesteps      | 14336        |
| train/                  |              |
|    approx_kl            | 0.008376903  |
|    clip_fraction        | 0.102        |
|    clip_range           | 0.2          |
|    entropy_loss         | -17.1        |
|    explained_variance   | 0.0010338426 |
|    learning_rate        | 0.0003       |
|    loss                 | 85.8         |
|    n_updates            | 130          |
|    policy_gradient_loss | -0.00958     |
|    std                  | 1.01         |
|    value_loss           | 181          |
------------------------------------------
-------------------------------------------
| rollout/                |               |
|    ep_len_mean          | 1.44e+03      |
|    ep_rew_mean          | 1.44e+03      |
| time/                   |               |
|    fps                  | 678           |
|    iterations           | 15            |
|    time_elapsed         | 22            |
|    total_timesteps      | 15360         |
| train/                  |               |
|    approx_kl            | 0.018196613   |
|    clip_fraction        | 0.201         |
|    clip_range           | 0.2           |
|    entropy_loss         | -17.1         |
|    explained_variance   | 0.00024682283 |
|    learning_rate        | 0.0003        |
|    loss                 | 85.3          |
|    n_updates            | 140           |
|    policy_gradient_loss | -0.0111       |
|    std                  | 1.01          |
|    value_loss           | 182           |
-------------------------------------------
------------------------------------------
| rollout/                |              |
|    ep_len_mean          | 1.44e+03     |
|    ep_rew_mean          | 1.44e+03     |
| time/                   |              |
|    fps                  | 679          |
|    iterations           | 16           |
|    time_elapsed         | 24           |
|    total_timesteps      | 16384        |
| train/                  |              |
|    approx_kl            | 0.010073913  |
|    clip_fraction        | 0.104        |
|    clip_range           | 0.2          |
|    entropy_loss         | -17.1        |
|    explained_variance   | 0.0008201599 |
|    learning_rate        | 0.0003       |
|    loss                 | 82.3         |
|    n_updates            | 150          |
|    policy_gradient_loss | -0.0105      |
|    std                  | 1.01         |
|    value_loss           | 175          |
------------------------------------------
-------------------------------------------
| rollout/                |               |
|    ep_len_mean          | 1.44e+03      |
|    ep_rew_mean          | 1.44e+03      |
| time/                   |               |
|    fps                  | 680           |
|    iterations           | 17            |
|    time_elapsed         | 25            |
|    total_timesteps      | 17408         |
| train/                  |               |
|    approx_kl            | 0.010005945   |
|    clip_fraction        | 0.143         |
|    clip_range           | 0.2           |
|    entropy_loss         | -17.1         |
|    explained_variance   | 0.00025457144 |
|    learning_rate        | 0.0003        |
|    loss                 | 81.8          |
|    n_updates            | 160           |
|    policy_gradient_loss | -0.0115       |
|    std                  | 1.01          |
|    value_loss           | 171           |
-------------------------------------------
--------------------------------------------
| rollout/                |                |
|    ep_len_mean          | 1.44e+03       |
|    ep_rew_mean          | 1.44e+03       |
| time/                   |                |
|    fps                  | 681            |
|    iterations           | 18             |
|    time_elapsed         | 27             |
|    total_timesteps      | 18432          |
| train/                  |                |
|    approx_kl            | 0.016580943    |
|    clip_fraction        | 0.234          |
|    clip_range           | 0.2            |
|    entropy_loss         | -17.1          |
|    explained_variance   | -0.00024914742 |
|    learning_rate        | 0.0003         |
|    loss                 | 78.8           |
|    n_updates            | 170            |
|    policy_gradient_loss | -0.0145        |
|    std                  | 1.01           |
|    value_loss           | 167            |
--------------------------------------------
--------------------------------------------
| rollout/                |                |
|    ep_len_mean          | 1.44e+03       |
|    ep_rew_mean          | 1.44e+03       |
| time/                   |                |
|    fps                  | 681            |
|    iterations           | 19             |
|    time_elapsed         | 28             |
|    total_timesteps      | 19456          |
| train/                  |                |
|    approx_kl            | 0.020740373    |
|    clip_fraction        | 0.206          |
|    clip_range           | 0.2            |
|    entropy_loss         | -17.1          |
|    explained_variance   | -1.0728836e-05 |
|    learning_rate        | 0.0003         |
|    loss                 | 78.6           |
|    n_updates            | 180            |
|    policy_gradient_loss | -0.0127        |
|    std                  | 1.01           |
|    value_loss           | 169            |
--------------------------------------------
-------------------------------------------
| rollout/                |               |
|    ep_len_mean          | 1.44e+03      |
|    ep_rew_mean          | 1.45e+03      |
| time/                   |               |
|    fps                  | 682           |
|    iterations           | 20            |
|    time_elapsed         | 30            |
|    total_timesteps      | 20480         |
| train/                  |               |
|    approx_kl            | 0.0140172355  |
|    clip_fraction        | 0.169         |
|    clip_range           | 0.2           |
|    entropy_loss         | -17.1         |
|    explained_variance   | -7.724762e-05 |
|    learning_rate        | 0.0003        |
|    loss                 | 76.2          |
|    n_updates            | 190           |
|    policy_gradient_loss | -0.0136       |
|    std                  | 1.01          |
|    value_loss           | 162           |
-------------------------------------------
-------------------------------------------
| rollout/                |               |
|    ep_len_mean          | 1.44e+03      |
|    ep_rew_mean          | 1.45e+03      |
| time/                   |               |
|    fps                  | 683           |
|    iterations           | 21            |
|    time_elapsed         | 31            |
|    total_timesteps      | 21504         |
| train/                  |               |
|    approx_kl            | 0.016419357   |
|    clip_fraction        | 0.157         |
|    clip_range           | 0.2           |
|    entropy_loss         | -17.1         |
|    explained_variance   | 0.00017684698 |
|    learning_rate        | 0.0003        |
|    loss                 | 74.2          |
|    n_updates            | 200           |
|    policy_gradient_loss | -0.00965      |
|    std                  | 1.01          |
|    value_loss           | 158           |
-------------------------------------------
-------------------------------------------
| rollout/                |               |
|    ep_len_mean          | 1.44e+03      |
|    ep_rew_mean          | 1.44e+03      |
| time/                   |               |
|    fps                  | 683           |
|    iterations           | 22            |
|    time_elapsed         | 32            |
|    total_timesteps      | 22528         |
| train/                  |               |
|    approx_kl            | 0.012872247   |
|    clip_fraction        | 0.188         |
|    clip_range           | 0.2           |
|    entropy_loss         | -17.1         |
|    explained_variance   | 2.8192997e-05 |
|    learning_rate        | 0.0003        |
|    loss                 | 73.7          |
|    n_updates            | 210           |
|    policy_gradient_loss | -0.0116       |
|    std                  | 1.01          |
|    value_loss           | 158           |
-------------------------------------------
------------------------------------------
| rollout/                |              |
|    ep_len_mean          | 1.44e+03     |
|    ep_rew_mean          | 1.45e+03     |
| time/                   |              |
|    fps                  | 683          |
|    iterations           | 23           |
|    time_elapsed         | 34           |
|    total_timesteps      | 23552        |
| train/                  |              |
|    approx_kl            | 0.00873383   |
|    clip_fraction        | 0.138        |
|    clip_range           | 0.2          |
|    entropy_loss         | -17.1        |
|    explained_variance   | 0.0002297163 |
|    learning_rate        | 0.0003       |
|    loss                 | 70.1         |
|    n_updates            | 220          |
|    policy_gradient_loss | -0.0134      |
|    std                  | 1.01         |
|    value_loss           | 151          |
------------------------------------------
-------------------------------------------
| rollout/                |               |
|    ep_len_mean          | 1.44e+03      |
|    ep_rew_mean          | 1.44e+03      |
| time/                   |               |
|    fps                  | 683           |
|    iterations           | 24            |
|    time_elapsed         | 35            |
|    total_timesteps      | 24576         |
| train/                  |               |
|    approx_kl            | 0.011503452   |
|    clip_fraction        | 0.208         |
|    clip_range           | 0.2           |
|    entropy_loss         | -17.1         |
|    explained_variance   | 0.00020551682 |
|    learning_rate        | 0.0003        |
|    loss                 | 69.7          |
|    n_updates            | 230           |
|    policy_gradient_loss | -0.0156       |
|    std                  | 1.01          |
|    value_loss           | 148           |
-------------------------------------------
------------------------------------------
| rollout/                |              |
|    ep_len_mean          | 1.44e+03     |
|    ep_rew_mean          | 1.44e+03     |
| time/                   |              |
|    fps                  | 681          |
|    iterations           | 25           |
|    time_elapsed         | 37           |
|    total_timesteps      | 25600        |
| train/                  |              |
|    approx_kl            | 0.008862997  |
|    clip_fraction        | 0.124        |
|    clip_range           | 0.2          |
|    entropy_loss         | -17.1        |
|    explained_variance   | 9.536743e-06 |
|    learning_rate        | 0.0003       |
|    loss                 | 68.2         |
|    n_updates            | 240          |
|    policy_gradient_loss | -0.00912     |
|    std                  | 1.01         |
|    value_loss           | 144          |
------------------------------------------
------------------------------------------
| rollout/                |              |
|    ep_len_mean          | 1.44e+03     |
|    ep_rew_mean          | 1.44e+03     |
| time/                   |              |
|    fps                  | 679          |
|    iterations           | 26           |
|    time_elapsed         | 39           |
|    total_timesteps      | 26624        |
| train/                  |              |
|    approx_kl            | 0.016178332  |
|    clip_fraction        | 0.241        |
|    clip_range           | 0.2          |
|    entropy_loss         | -17.1        |
|    explained_variance   | 0.0002567172 |
|    learning_rate        | 0.0003       |
|    loss                 | 67.6         |
|    n_updates            | 250          |
|    policy_gradient_loss | -0.0141      |
|    std                  | 1.01         |
|    value_loss           | 145          |
------------------------------------------
--------------------------------------------
| rollout/                |                |
|    ep_len_mean          | 1.44e+03       |
|    ep_rew_mean          | 1.44e+03       |
| time/                   |                |
|    fps                  | 679            |
|    iterations           | 27             |
|    time_elapsed         | 40             |
|    total_timesteps      | 27648          |
| train/                  |                |
|    approx_kl            | 0.013313467    |
|    clip_fraction        | 0.198          |
|    clip_range           | 0.2            |
|    entropy_loss         | -17.1          |
|    explained_variance   | -4.3988228e-05 |
|    learning_rate        | 0.0003         |
|    loss                 | 65.3           |
|    n_updates            | 260            |
|    policy_gradient_loss | -0.0163        |
|    std                  | 1.01           |
|    value_loss           | 139            |
--------------------------------------------
--------------------------------------------
| rollout/                |                |
|    ep_len_mean          | 1.44e+03       |
|    ep_rew_mean          | 1.44e+03       |
| time/                   |                |
|    fps                  | 680            |
|    iterations           | 28             |
|    time_elapsed         | 42             |
|    total_timesteps      | 28672          |
| train/                  |                |
|    approx_kl            | 0.010373207    |
|    clip_fraction        | 0.149          |
|    clip_range           | 0.2            |
|    entropy_loss         | -17.1          |
|    explained_variance   | -0.00017356873 |
|    learning_rate        | 0.0003         |
|    loss                 | 63             |
|    n_updates            | 270            |
|    policy_gradient_loss | -0.0118        |
|    std                  | 1.01           |
|    value_loss           | 135            |
--------------------------------------------
-------------------------------------------
| rollout/                |               |
|    ep_len_mean          | 1.44e+03      |
|    ep_rew_mean          | 1.44e+03      |
| time/                   |               |
|    fps                  | 680           |
|    iterations           | 29            |
|    time_elapsed         | 43            |
|    total_timesteps      | 29696         |
| train/                  |               |
|    approx_kl            | 0.026385445   |
|    clip_fraction        | 0.235         |
|    clip_range           | 0.2           |
|    entropy_loss         | -17.1         |
|    explained_variance   | 2.8431416e-05 |
|    learning_rate        | 0.0003        |
|    loss                 | 63.1          |
|    n_updates            | 280           |
|    policy_gradient_loss | -0.0148       |
|    std                  | 1.01          |
|    value_loss           | 135           |
-------------------------------------------
--------------------------------------------
| rollout/                |                |
|    ep_len_mean          | 1.44e+03       |
|    ep_rew_mean          | 1.44e+03       |
| time/                   |                |
|    fps                  | 680            |
|    iterations           | 30             |
|    time_elapsed         | 45             |
|    total_timesteps      | 30720          |
| train/                  |                |
|    approx_kl            | 0.016911015    |
|    clip_fraction        | 0.212          |
|    clip_range           | 0.2            |
|    entropy_loss         | -17.2          |
|    explained_variance   | -0.00010418892 |
|    learning_rate        | 0.0003         |
|    loss                 | 60.7           |
|    n_updates            | 290            |
|    policy_gradient_loss | -0.0129        |
|    std                  | 1.01           |
|    value_loss           | 130            |
--------------------------------------------
--------------------------------------------
| rollout/                |                |
|    ep_len_mean          | 1.44e+03       |
|    ep_rew_mean          | 1.44e+03       |
| time/                   |                |
|    fps                  | 680            |
|    iterations           | 31             |
|    time_elapsed         | 46             |
|    total_timesteps      | 31744          |
| train/                  |                |
|    approx_kl            | 0.010729216    |
|    clip_fraction        | 0.132          |
|    clip_range           | 0.2            |
|    entropy_loss         | -17.2          |
|    explained_variance   | 0.000115573406 |
|    learning_rate        | 0.0003         |
|    loss                 | 59.4           |
|    n_updates            | 300            |
|    policy_gradient_loss | -0.0108        |
|    std                  | 1.01           |
|    value_loss           | 126            |
--------------------------------------------
-------------------------------------------
| rollout/                |               |
|    ep_len_mean          | 1.44e+03      |
|    ep_rew_mean          | 1.44e+03      |
| time/                   |               |
|    fps                  | 681           |
|    iterations           | 32            |
|    time_elapsed         | 48            |
|    total_timesteps      | 32768         |
| train/                  |               |
|    approx_kl            | 0.013860997   |
|    clip_fraction        | 0.18          |
|    clip_range           | 0.2           |
|    entropy_loss         | -17.2         |
|    explained_variance   | 0.00012648106 |
|    learning_rate        | 0.0003        |
|    loss                 | 58            |
|    n_updates            | 310           |
|    policy_gradient_loss | -0.0161       |
|    std                  | 1.01          |
|    value_loss           | 123           |
-------------------------------------------
--------------------------------------------
| rollout/                |                |
|    ep_len_mean          | 1.44e+03       |
|    ep_rew_mean          | 1.44e+03       |
| time/                   |                |
|    fps                  | 681            |
|    iterations           | 33             |
|    time_elapsed         | 49             |
|    total_timesteps      | 33792          |
| train/                  |                |
|    approx_kl            | 0.013755448    |
|    clip_fraction        | 0.234          |
|    clip_range           | 0.2            |
|    entropy_loss         | -17.1          |
|    explained_variance   | -0.00017440319 |
|    learning_rate        | 0.0003         |
|    loss                 | 57.7           |
|    n_updates            | 320            |
|    policy_gradient_loss | -0.0163        |
|    std                  | 1.01           |
|    value_loss           | 124            |
--------------------------------------------
--------------------------------------------
| rollout/                |                |
|    ep_len_mean          | 1.44e+03       |
|    ep_rew_mean          | 1.44e+03       |
| time/                   |                |
|    fps                  | 681            |
|    iterations           | 34             |
|    time_elapsed         | 51             |
|    total_timesteps      | 34816          |
| train/                  |                |
|    approx_kl            | 0.0099766515   |
|    clip_fraction        | 0.132          |
|    clip_range           | 0.2            |
|    entropy_loss         | -17.1          |
|    explained_variance   | -2.3841858e-05 |
|    learning_rate        | 0.0003         |
|    loss                 | 54             |
|    n_updates            | 330            |
|    policy_gradient_loss | -0.0134        |
|    std                  | 1.01           |
|    value_loss           | 118            |
--------------------------------------------
------------------------------------------
| rollout/                |              |
|    ep_len_mean          | 1.44e+03     |
|    ep_rew_mean          | 1.44e+03     |
| time/                   |              |
|    fps                  | 681          |
|    iterations           | 35           |
|    time_elapsed         | 52           |
|    total_timesteps      | 35840        |
| train/                  |              |
|    approx_kl            | 0.013029162  |
|    clip_fraction        | 0.192        |
|    clip_range           | 0.2          |
|    entropy_loss         | -17.2        |
|    explained_variance   | 0.0002527833 |
|    learning_rate        | 0.0003       |
|    loss                 | 52.6         |
|    n_updates            | 340          |
|    policy_gradient_loss | -0.0152      |
|    std                  | 1.01         |
|    value_loss           | 115          |
------------------------------------------
--------------------------------------------
| rollout/                |                |
|    ep_len_mean          | 1.44e+03       |
|    ep_rew_mean          | 1.44e+03       |
| time/                   |                |
|    fps                  | 681            |
|    iterations           | 36             |
|    time_elapsed         | 54             |
|    total_timesteps      | 36864          |
| train/                  |                |
|    approx_kl            | 0.010020481    |
|    clip_fraction        | 0.117          |
|    clip_range           | 0.2            |
|    entropy_loss         | -17.2          |
|    explained_variance   | -0.00011920929 |
|    learning_rate        | 0.0003         |
|    loss                 | 53.2           |
|    n_updates            | 350            |
|    policy_gradient_loss | -0.00961       |
|    std                  | 1.01           |
|    value_loss           | 115            |
--------------------------------------------
--------------------------------------------
| rollout/                |                |
|    ep_len_mean          | 1.44e+03       |
|    ep_rew_mean          | 1.44e+03       |
| time/                   |                |
|    fps                  | 681            |
|    iterations           | 37             |
|    time_elapsed         | 55             |
|    total_timesteps      | 37888          |
| train/                  |                |
|    approx_kl            | 0.008649111    |
|    clip_fraction        | 0.0737         |
|    clip_range           | 0.2            |
|    entropy_loss         | -17.2          |
|    explained_variance   | -0.00010931492 |
|    learning_rate        | 0.0003         |
|    loss                 | 51.3           |
|    n_updates            | 360            |
|    policy_gradient_loss | -0.00777       |
|    std                  | 1.02           |
|    value_loss           | 110            |
--------------------------------------------
------------------------------------------
| rollout/                |              |
|    ep_len_mean          | 1.44e+03     |
|    ep_rew_mean          | 1.44e+03     |
| time/                   |              |
|    fps                  | 680          |
|    iterations           | 38           |
|    time_elapsed         | 57           |
|    total_timesteps      | 38912        |
| train/                  |              |
|    approx_kl            | 0.012060874  |
|    clip_fraction        | 0.187        |
|    clip_range           | 0.2          |
|    entropy_loss         | -17.2        |
|    explained_variance   | 3.886223e-05 |
|    learning_rate        | 0.0003       |
|    loss                 | 50.1         |
|    n_updates            | 370          |
|    policy_gradient_loss | -0.0139      |
|    std                  | 1.02         |
|    value_loss           | 107          |
------------------------------------------
------------------------------------------
| rollout/                |              |
|    ep_len_mean          | 1.44e+03     |
|    ep_rew_mean          | 1.44e+03     |
| time/                   |              |
|    fps                  | 680          |
|    iterations           | 39           |
|    time_elapsed         | 58           |
|    total_timesteps      | 39936        |
| train/                  |              |
|    approx_kl            | 0.0135829495 |
|    clip_fraction        | 0.198        |
|    clip_range           | 0.2          |
|    entropy_loss         | -17.2        |
|    explained_variance   | 3.618002e-05 |
|    learning_rate        | 0.0003       |
|    loss                 | 48.1         |
|    n_updates            | 380          |
|    policy_gradient_loss | -0.0148      |
|    std                  | 1.02         |
|    value_loss           | 105          |
------------------------------------------
------------------------------------------
| rollout/                |              |
|    ep_len_mean          | 1.44e+03     |
|    ep_rew_mean          | 1.44e+03     |
| time/                   |              |
|    fps                  | 680          |
|    iterations           | 40           |
|    time_elapsed         | 60           |
|    total_timesteps      | 40960        |
| train/                  |              |
|    approx_kl            | 0.017326565  |
|    clip_fraction        | 0.207        |
|    clip_range           | 0.2          |
|    entropy_loss         | -17.2        |
|    explained_variance   | -5.38826e-05 |
|    learning_rate        | 0.0003       |
|    loss                 | 48.3         |
|    n_updates            | 390          |
|    policy_gradient_loss | -0.013       |
|    std                  | 1.02         |
|    value_loss           | 105          |
------------------------------------------
--------------------------------------------
| rollout/                |                |
|    ep_len_mean          | 1.44e+03       |
|    ep_rew_mean          | 1.44e+03       |
| time/                   |                |
|    fps                  | 680            |
|    iterations           | 41             |
|    time_elapsed         | 61             |
|    total_timesteps      | 41984          |
| train/                  |                |
|    approx_kl            | 0.011518365    |
|    clip_fraction        | 0.151          |
|    clip_range           | 0.2            |
|    entropy_loss         | -17.3          |
|    explained_variance   | -3.4570694e-06 |
|    learning_rate        | 0.0003         |
|    loss                 | 46.1           |
|    n_updates            | 400            |
|    policy_gradient_loss | -0.014         |
|    std                  | 1.02           |
|    value_loss           | 99.1           |
--------------------------------------------
-------------------------------------------
| rollout/                |               |
|    ep_len_mean          | 1.44e+03      |
|    ep_rew_mean          | 1.44e+03      |
| time/                   |               |
|    fps                  | 680           |
|    iterations           | 42            |
|    time_elapsed         | 63            |
|    total_timesteps      | 43008         |
| train/                  |               |
|    approx_kl            | 0.009569097   |
|    clip_fraction        | 0.148         |
|    clip_range           | 0.2           |
|    entropy_loss         | -17.3         |
|    explained_variance   | -1.168251e-05 |
|    learning_rate        | 0.0003        |
|    loss                 | 45            |
|    n_updates            | 410           |
|    policy_gradient_loss | -0.0125       |
|    std                  | 1.02          |
|    value_loss           | 96.5          |
-------------------------------------------
--------------------------------------------
| rollout/                |                |
|    ep_len_mean          | 1.44e+03       |
|    ep_rew_mean          | 1.44e+03       |
| time/                   |                |
|    fps                  | 680            |
|    iterations           | 43             |
|    time_elapsed         | 64             |
|    total_timesteps      | 44032          |
| train/                  |                |
|    approx_kl            | 0.016789977    |
|    clip_fraction        | 0.158          |
|    clip_range           | 0.2            |
|    entropy_loss         | -17.3          |
|    explained_variance   | -3.4809113e-05 |
|    learning_rate        | 0.0003         |
|    loss                 | 43.8           |
|    n_updates            | 420            |
|    policy_gradient_loss | -0.011         |
|    std                  | 1.02           |
|    value_loss           | 95.9           |
--------------------------------------------
-------------------------------------------
| rollout/                |               |
|    ep_len_mean          | 1.44e+03      |
|    ep_rew_mean          | 1.44e+03      |
| time/                   |               |
|    fps                  | 680           |
|    iterations           | 44            |
|    time_elapsed         | 66            |
|    total_timesteps      | 45056         |
| train/                  |               |
|    approx_kl            | 0.013471897   |
|    clip_fraction        | 0.182         |
|    clip_range           | 0.2           |
|    entropy_loss         | -17.3         |
|    explained_variance   | -8.785725e-05 |
|    learning_rate        | 0.0003        |
|    loss                 | 42            |
|    n_updates            | 430           |
|    policy_gradient_loss | -0.0125       |
|    std                  | 1.02          |
|    value_loss           | 91.5          |
-------------------------------------------
-------------------------------------------
| rollout/                |               |
|    ep_len_mean          | 1.44e+03      |
|    ep_rew_mean          | 1.44e+03      |
| time/                   |               |
|    fps                  | 680           |
|    iterations           | 45            |
|    time_elapsed         | 67            |
|    total_timesteps      | 46080         |
| train/                  |               |
|    approx_kl            | 0.012107129   |
|    clip_fraction        | 0.172         |
|    clip_range           | 0.2           |
|    entropy_loss         | -17.3         |
|    explained_variance   | -6.878376e-05 |
|    learning_rate        | 0.0003        |
|    loss                 | 40.7          |
|    n_updates            | 440           |
|    policy_gradient_loss | -0.0125       |
|    std                  | 1.02          |
|    value_loss           | 89.1          |
-------------------------------------------
-------------------------------------------
| rollout/                |               |
|    ep_len_mean          | 1.44e+03      |
|    ep_rew_mean          | 1.44e+03      |
| time/                   |               |
|    fps                  | 680           |
|    iterations           | 46            |
|    time_elapsed         | 69            |
|    total_timesteps      | 47104         |
| train/                  |               |
|    approx_kl            | 0.01036534    |
|    clip_fraction        | 0.111         |
|    clip_range           | 0.2           |
|    entropy_loss         | -17.3         |
|    explained_variance   | 3.0994415e-06 |
|    learning_rate        | 0.0003        |
|    loss                 | 40.5          |
|    n_updates            | 450           |
|    policy_gradient_loss | -0.0105       |
|    std                  | 1.03          |
|    value_loss           | 88.8          |
-------------------------------------------
-------------------------------------------
| rollout/                |               |
|    ep_len_mean          | 1.44e+03      |
|    ep_rew_mean          | 1.44e+03      |
| time/                   |               |
|    fps                  | 680           |
|    iterations           | 47            |
|    time_elapsed         | 70            |
|    total_timesteps      | 48128         |
| train/                  |               |
|    approx_kl            | 0.015915694   |
|    clip_fraction        | 0.193         |
|    clip_range           | 0.2           |
|    entropy_loss         | -17.3         |
|    explained_variance   | 2.5093555e-05 |
|    learning_rate        | 0.0003        |
|    loss                 | 40.2          |
|    n_updates            | 460           |
|    policy_gradient_loss | -0.0132       |
|    std                  | 1.03          |
|    value_loss           | 86.7          |
-------------------------------------------
--------------------------------------------
| rollout/                |                |
|    ep_len_mean          | 1.44e+03       |
|    ep_rew_mean          | 1.44e+03       |
| time/                   |                |
|    fps                  | 680            |
|    iterations           | 48             |
|    time_elapsed         | 72             |
|    total_timesteps      | 49152          |
| train/                  |                |
|    approx_kl            | 0.019827558    |
|    clip_fraction        | 0.236          |
|    clip_range           | 0.2            |
|    entropy_loss         | -17.4          |
|    explained_variance   | -6.9856644e-05 |
|    learning_rate        | 0.0003         |
|    loss                 | 38.4           |
|    n_updates            | 470            |
|    policy_gradient_loss | -0.0141        |
|    std                  | 1.03           |
|    value_loss           | 82             |
--------------------------------------------
-------------------------------------------
| rollout/                |               |
|    ep_len_mean          | 1.44e+03      |
|    ep_rew_mean          | 1.44e+03      |
| time/                   |               |
|    fps                  | 680           |
|    iterations           | 49            |
|    time_elapsed         | 73            |
|    total_timesteps      | 50176         |
| train/                  |               |
|    approx_kl            | 0.00770519    |
|    clip_fraction        | 0.0659        |
|    clip_range           | 0.2           |
|    entropy_loss         | -17.4         |
|    explained_variance   | 6.3180923e-06 |
|    learning_rate        | 0.0003        |
|    loss                 | 36.2          |
|    n_updates            | 480           |
|    policy_gradient_loss | -0.00996      |
|    std                  | 1.03          |
|    value_loss           | 79.5          |
-------------------------------------------
-------------------------------------------
| rollout/                |               |
|    ep_len_mean          | 1.44e+03      |
|    ep_rew_mean          | 1.44e+03      |
| time/                   |               |
|    fps                  | 680           |
|    iterations           | 50            |
|    time_elapsed         | 75            |
|    total_timesteps      | 51200         |
| train/                  |               |
|    approx_kl            | 0.015728649   |
|    clip_fraction        | 0.251         |
|    clip_range           | 0.2           |
|    entropy_loss         | -17.4         |
|    explained_variance   | -4.053116e-06 |
|    learning_rate        | 0.0003        |
|    loss                 | 35.9          |
|    n_updates            | 490           |
|    policy_gradient_loss | -0.0175       |
|    std                  | 1.03          |
|    value_loss           | 79.2          |
-------------------------------------------
-------------------------------------------
| rollout/                |               |
|    ep_len_mean          | 1.44e+03      |
|    ep_rew_mean          | 1.44e+03      |
| time/                   |               |
|    fps                  | 680           |
|    iterations           | 51            |
|    time_elapsed         | 76            |
|    total_timesteps      | 52224         |
| train/                  |               |
|    approx_kl            | 0.013155076   |
|    clip_fraction        | 0.195         |
|    clip_range           | 0.2           |
|    entropy_loss         | -17.4         |
|    explained_variance   | 1.1861324e-05 |
|    learning_rate        | 0.0003        |
|    loss                 | 34.6          |
|    n_updates            | 500           |
|    policy_gradient_loss | -0.0157       |
|    std                  | 1.03          |
|    value_loss           | 75.1          |
-------------------------------------------
-------------------------------------------
| rollout/                |               |
|    ep_len_mean          | 1.44e+03      |
|    ep_rew_mean          | 1.44e+03      |
| time/                   |               |
|    fps                  | 680           |
|    iterations           | 52            |
|    time_elapsed         | 78            |
|    total_timesteps      | 53248         |
| train/                  |               |
|    approx_kl            | 0.012374085   |
|    clip_fraction        | 0.173         |
|    clip_range           | 0.2           |
|    entropy_loss         | -17.4         |
|    explained_variance   | -3.540516e-05 |
|    learning_rate        | 0.0003        |
|    loss                 | 33.6          |
|    n_updates            | 510           |
|    policy_gradient_loss | -0.0152       |
|    std                  | 1.03          |
|    value_loss           | 72.9          |
-------------------------------------------
-------------------------------------------
| rollout/                |               |
|    ep_len_mean          | 1.44e+03      |
|    ep_rew_mean          | 1.44e+03      |
| time/                   |               |
|    fps                  | 679           |
|    iterations           | 53            |
|    time_elapsed         | 79            |
|    total_timesteps      | 54272         |
| train/                  |               |
|    approx_kl            | 0.017753884   |
|    clip_fraction        | 0.199         |
|    clip_range           | 0.2           |
|    entropy_loss         | -17.4         |
|    explained_variance   | 1.6152859e-05 |
|    learning_rate        | 0.0003        |
|    loss                 | 33.1          |
|    n_updates            | 520           |
|    policy_gradient_loss | -0.0146       |
|    std                  | 1.03          |
|    value_loss           | 72.6          |
-------------------------------------------
-------------------------------------------
| rollout/                |               |
|    ep_len_mean          | 1.44e+03      |
|    ep_rew_mean          | 1.44e+03      |
| time/                   |               |
|    fps                  | 679           |
|    iterations           | 54            |
|    time_elapsed         | 81            |
|    total_timesteps      | 55296         |
| train/                  |               |
|    approx_kl            | 0.013270268   |
|    clip_fraction        | 0.193         |
|    clip_range           | 0.2           |
|    entropy_loss         | -17.4         |
|    explained_variance   | 2.4080276e-05 |
|    learning_rate        | 0.0003        |
|    loss                 | 31.7          |
|    n_updates            | 530           |
|    policy_gradient_loss | -0.0172       |
|    std                  | 1.03          |
|    value_loss           | 69            |
-------------------------------------------
-------------------------------------------
| rollout/                |               |
|    ep_len_mean          | 1.44e+03      |
|    ep_rew_mean          | 1.44e+03      |
| time/                   |               |
|    fps                  | 679           |
|    iterations           | 55            |
|    time_elapsed         | 82            |
|    total_timesteps      | 56320         |
| train/                  |               |
|    approx_kl            | 0.00956016    |
|    clip_fraction        | 0.141         |
|    clip_range           | 0.2           |
|    entropy_loss         | -17.4         |
|    explained_variance   | -9.119511e-05 |
|    learning_rate        | 0.0003        |
|    loss                 | 29.7          |
|    n_updates            | 540           |
|    policy_gradient_loss | -0.013        |
|    std                  | 1.03          |
|    value_loss           | 66.3          |
-------------------------------------------
-------------------------------------------
| rollout/                |               |
|    ep_len_mean          | 1.44e+03      |
|    ep_rew_mean          | 1.44e+03      |
| time/                   |               |
|    fps                  | 679           |
|    iterations           | 56            |
|    time_elapsed         | 84            |
|    total_timesteps      | 57344         |
| train/                  |               |
|    approx_kl            | 0.009886423   |
|    clip_fraction        | 0.117         |
|    clip_range           | 0.2           |
|    entropy_loss         | -17.4         |
|    explained_variance   | 6.7830086e-05 |
|    learning_rate        | 0.0003        |
|    loss                 | 29.3          |
|    n_updates            | 550           |
|    policy_gradient_loss | -0.0109       |
|    std                  | 1.03          |
|    value_loss           | 64.7          |
-------------------------------------------
--------------------------------------------
| rollout/                |                |
|    ep_len_mean          | 1.44e+03       |
|    ep_rew_mean          | 1.44e+03       |
| time/                   |                |
|    fps                  | 679            |
|    iterations           | 57             |
|    time_elapsed         | 85             |
|    total_timesteps      | 58368          |
| train/                  |                |
|    approx_kl            | 0.012602252    |
|    clip_fraction        | 0.192          |
|    clip_range           | 0.2            |
|    entropy_loss         | -17.4          |
|    explained_variance   | 0.000116705894 |
|    learning_rate        | 0.0003         |
|    loss                 | 28.8           |
|    n_updates            | 560            |
|    policy_gradient_loss | -0.017         |
|    std                  | 1.03           |
|    value_loss           | 63.9           |
--------------------------------------------
-------------------------------------------
| rollout/                |               |
|    ep_len_mean          | 1.44e+03      |
|    ep_rew_mean          | 1.44e+03      |
| time/                   |               |
|    fps                  | 679           |
|    iterations           | 58            |
|    time_elapsed         | 87            |
|    total_timesteps      | 59392         |
| train/                  |               |
|    approx_kl            | 0.008672636   |
|    clip_fraction        | 0.104         |
|    clip_range           | 0.2           |
|    entropy_loss         | -17.4         |
|    explained_variance   | 2.8431416e-05 |
|    learning_rate        | 0.0003        |
|    loss                 | 27.1          |
|    n_updates            | 570           |
|    policy_gradient_loss | -0.0127       |
|    std                  | 1.03          |
|    value_loss           | 60.2          |
-------------------------------------------
-------------------------------------------
| rollout/                |               |
|    ep_len_mean          | 1.44e+03      |
|    ep_rew_mean          | 1.44e+03      |
| time/                   |               |
|    fps                  | 679           |
|    iterations           | 59            |
|    time_elapsed         | 88            |
|    total_timesteps      | 60416         |
| train/                  |               |
|    approx_kl            | 0.012379748   |
|    clip_fraction        | 0.151         |
|    clip_range           | 0.2           |
|    entropy_loss         | -17.4         |
|    explained_variance   | 3.2007694e-05 |
|    learning_rate        | 0.0003        |
|    loss                 | 26.7          |
|    n_updates            | 580           |
|    policy_gradient_loss | -0.0149       |
|    std                  | 1.03          |
|    value_loss           | 58.5          |
-------------------------------------------
--------------------------------------------
| rollout/                |                |
|    ep_len_mean          | 1.44e+03       |
|    ep_rew_mean          | 1.44e+03       |
| time/                   |                |
|    fps                  | 679            |
|    iterations           | 60             |
|    time_elapsed         | 90             |
|    total_timesteps      | 61440          |
| train/                  |                |
|    approx_kl            | 0.014959106    |
|    clip_fraction        | 0.228          |
|    clip_range           | 0.2            |
|    entropy_loss         | -17.4          |
|    explained_variance   | -2.5987625e-05 |
|    learning_rate        | 0.0003         |
|    loss                 | 26.1           |
|    n_updates            | 590            |
|    policy_gradient_loss | -0.0166        |
|    std                  | 1.03           |
|    value_loss           | 57.8           |
--------------------------------------------
-------------------------------------------
| rollout/                |               |
|    ep_len_mean          | 1.44e+03      |
|    ep_rew_mean          | 1.44e+03      |
| time/                   |               |
|    fps                  | 679           |
|    iterations           | 61            |
|    time_elapsed         | 91            |
|    total_timesteps      | 62464         |
| train/                  |               |
|    approx_kl            | 0.010571446   |
|    clip_fraction        | 0.13          |
|    clip_range           | 0.2           |
|    entropy_loss         | -17.4         |
|    explained_variance   | -5.042553e-05 |
|    learning_rate        | 0.0003        |
|    loss                 | 24.5          |
|    n_updates            | 600           |
|    policy_gradient_loss | -0.0111       |
|    std                  | 1.03          |
|    value_loss           | 54.4          |
-------------------------------------------
--------------------------------------------
| rollout/                |                |
|    ep_len_mean          | 1.44e+03       |
|    ep_rew_mean          | 1.44e+03       |
| time/                   |                |
|    fps                  | 679            |
|    iterations           | 62             |
|    time_elapsed         | 93             |
|    total_timesteps      | 63488          |
| train/                  |                |
|    approx_kl            | 0.012083868    |
|    clip_fraction        | 0.225          |
|    clip_range           | 0.2            |
|    entropy_loss         | -17.4          |
|    explained_variance   | -4.9114227e-05 |
|    learning_rate        | 0.0003         |
|    loss                 | 23.5           |
|    n_updates            | 610            |
|    policy_gradient_loss | -0.019         |
|    std                  | 1.03           |
|    value_loss           | 52.2           |
--------------------------------------------
------------------------------------------
| rollout/                |              |
|    ep_len_mean          | 1.44e+03     |
|    ep_rew_mean          | 1.44e+03     |
| time/                   |              |
|    fps                  | 678          |
|    iterations           | 63           |
|    time_elapsed         | 95           |
|    total_timesteps      | 64512        |
| train/                  |              |
|    approx_kl            | 0.013302857  |
|    clip_fraction        | 0.169        |
|    clip_range           | 0.2          |
|    entropy_loss         | -17.3        |
|    explained_variance   | 2.104044e-05 |
|    learning_rate        | 0.0003       |
|    loss                 | 22.6         |
|    n_updates            | 620          |
|    policy_gradient_loss | -0.0164      |
|    std                  | 1.03         |
|    value_loss           | 50.7         |
------------------------------------------
-------------------------------------------
| rollout/                |               |
|    ep_len_mean          | 1.44e+03      |
|    ep_rew_mean          | 1.44e+03      |
| time/                   |               |
|    fps                  | 678           |
|    iterations           | 64            |
|    time_elapsed         | 96            |
|    total_timesteps      | 65536         |
| train/                  |               |
|    approx_kl            | 0.013730039   |
|    clip_fraction        | 0.157         |
|    clip_range           | 0.2           |
|    entropy_loss         | -17.3         |
|    explained_variance   | 0.00019580126 |
|    learning_rate        | 0.0003        |
|    loss                 | 22.3          |
|    n_updates            | 630           |
|    policy_gradient_loss | -0.014        |
|    std                  | 1.03          |
|    value_loss           | 49.8          |
-------------------------------------------
-------------------------------------------
| rollout/                |               |
|    ep_len_mean          | 1.44e+03      |
|    ep_rew_mean          | 1.44e+03      |
| time/                   |               |
|    fps                  | 678           |
|    iterations           | 65            |
|    time_elapsed         | 98            |
|    total_timesteps      | 66560         |
| train/                  |               |
|    approx_kl            | 0.01260353    |
|    clip_fraction        | 0.169         |
|    clip_range           | 0.2           |
|    entropy_loss         | -17.3         |
|    explained_variance   | 6.4969063e-06 |
|    learning_rate        | 0.0003        |
|    loss                 | 21.2          |
|    n_updates            | 640           |
|    policy_gradient_loss | -0.0138       |
|    std                  | 1.03          |
|    value_loss           | 46.9          |
-------------------------------------------
-------------------------------------------
| rollout/                |               |
|    ep_len_mean          | 1.44e+03      |
|    ep_rew_mean          | 1.44e+03      |
| time/                   |               |
|    fps                  | 678           |
|    iterations           | 66            |
|    time_elapsed         | 99            |
|    total_timesteps      | 67584         |
| train/                  |               |
|    approx_kl            | 0.0104788905  |
|    clip_fraction        | 0.116         |
|    clip_range           | 0.2           |
|    entropy_loss         | -17.3         |
|    explained_variance   | -7.867813e-06 |
|    learning_rate        | 0.0003        |
|    loss                 | 20            |
|    n_updates            | 650           |
|    policy_gradient_loss | -0.0132       |
|    std                  | 1.03          |
|    value_loss           | 45.1          |
-------------------------------------------
-------------------------------------------
| rollout/                |               |
|    ep_len_mean          | 1.44e+03      |
|    ep_rew_mean          | 1.44e+03      |
| time/                   |               |
|    fps                  | 678           |
|    iterations           | 67            |
|    time_elapsed         | 101           |
|    total_timesteps      | 68608         |
| train/                  |               |
|    approx_kl            | 0.015676316   |
|    clip_fraction        | 0.168         |
|    clip_range           | 0.2           |
|    entropy_loss         | -17.3         |
|    explained_variance   | 1.1861324e-05 |
|    learning_rate        | 0.0003        |
|    loss                 | 19.7          |
|    n_updates            | 660           |
|    policy_gradient_loss | -0.0128       |
|    std                  | 1.03          |
|    value_loss           | 44.9          |
-------------------------------------------
------------------------------------------
| rollout/                |              |
|    ep_len_mean          | 1.44e+03     |
|    ep_rew_mean          | 1.44e+03     |
| time/                   |              |
|    fps                  | 678          |
|    iterations           | 68           |
|    time_elapsed         | 102          |
|    total_timesteps      | 69632        |
| train/                  |              |
|    approx_kl            | 0.0129398545 |
|    clip_fraction        | 0.142        |
|    clip_range           | 0.2          |
|    entropy_loss         | -17.3        |
|    explained_variance   | 3.951788e-05 |
|    learning_rate        | 0.0003       |
|    loss                 | 18.9         |
|    n_updates            | 670          |
|    policy_gradient_loss | -0.0139      |
|    std                  | 1.03         |
|    value_loss           | 42.2         |
------------------------------------------
-------------------------------------------
| rollout/                |               |
|    ep_len_mean          | 1.44e+03      |
|    ep_rew_mean          | 1.44e+03      |
| time/                   |               |
|    fps                  | 678           |
|    iterations           | 69            |
|    time_elapsed         | 104           |
|    total_timesteps      | 70656         |
| train/                  |               |
|    approx_kl            | 0.014768148   |
|    clip_fraction        | 0.165         |
|    clip_range           | 0.2           |
|    entropy_loss         | -17.4         |
|    explained_variance   | 6.7949295e-06 |
|    learning_rate        | 0.0003        |
|    loss                 | 17.9          |
|    n_updates            | 680           |
|    policy_gradient_loss | -0.0154       |
|    std                  | 1.03          |
|    value_loss           | 40.5          |
-------------------------------------------
--------------------------------------------
| rollout/                |                |
|    ep_len_mean          | 1.44e+03       |
|    ep_rew_mean          | 1.44e+03       |
| time/                   |                |
|    fps                  | 678            |
|    iterations           | 70             |
|    time_elapsed         | 105            |
|    total_timesteps      | 71680          |
| train/                  |                |
|    approx_kl            | 0.0109603545   |
|    clip_fraction        | 0.156          |
|    clip_range           | 0.2            |
|    entropy_loss         | -17.4          |
|    explained_variance   | -5.9604645e-07 |
|    learning_rate        | 0.0003         |
|    loss                 | 17.2           |
|    n_updates            | 690            |
|    policy_gradient_loss | -0.0145        |
|    std                  | 1.03           |
|    value_loss           | 38.7           |
--------------------------------------------
--------------------------------------------
| rollout/                |                |
|    ep_len_mean          | 1.44e+03       |
|    ep_rew_mean          | 1.44e+03       |
| time/                   |                |
|    fps                  | 678            |
|    iterations           | 71             |
|    time_elapsed         | 107            |
|    total_timesteps      | 72704          |
| train/                  |                |
|    approx_kl            | 0.015114756    |
|    clip_fraction        | 0.189          |
|    clip_range           | 0.2            |
|    entropy_loss         | -17.4          |
|    explained_variance   | -1.7881393e-06 |
|    learning_rate        | 0.0003         |
|    loss                 | 16.6           |
|    n_updates            | 700            |
|    policy_gradient_loss | -0.0176        |
|    std                  | 1.04           |
|    value_loss           | 38.1           |
--------------------------------------------
-------------------------------------------
| rollout/                |               |
|    ep_len_mean          | 1.44e+03      |
|    ep_rew_mean          | 1.44e+03      |
| time/                   |               |
|    fps                  | 678           |
|    iterations           | 72            |
|    time_elapsed         | 108           |
|    total_timesteps      | 73728         |
| train/                  |               |
|    approx_kl            | 0.0136289615  |
|    clip_fraction        | 0.192         |
|    clip_range           | 0.2           |
|    entropy_loss         | -17.4         |
|    explained_variance   | 1.8060207e-05 |
|    learning_rate        | 0.0003        |
|    loss                 | 15.8          |
|    n_updates            | 710           |
|    policy_gradient_loss | -0.0177       |
|    std                  | 1.04          |
|    value_loss           | 35.7          |
-------------------------------------------
-------------------------------------------
| rollout/                |               |
|    ep_len_mean          | 1.44e+03      |
|    ep_rew_mean          | 1.44e+03      |
| time/                   |               |
|    fps                  | 678           |
|    iterations           | 73            |
|    time_elapsed         | 110           |
|    total_timesteps      | 74752         |
| train/                  |               |
|    approx_kl            | 0.015692063   |
|    clip_fraction        | 0.159         |
|    clip_range           | 0.2           |
|    entropy_loss         | -17.5         |
|    explained_variance   | -6.568432e-05 |
|    learning_rate        | 0.0003        |
|    loss                 | 14.9          |
|    n_updates            | 720           |
|    policy_gradient_loss | -0.0162       |
|    std                  | 1.04          |
|    value_loss           | 34.2          |
-------------------------------------------
-------------------------------------------
| rollout/                |               |
|    ep_len_mean          | 1.44e+03      |
|    ep_rew_mean          | 1.44e+03      |
| time/                   |               |
|    fps                  | 678           |
|    iterations           | 74            |
|    time_elapsed         | 111           |
|    total_timesteps      | 75776         |
| train/                  |               |
|    approx_kl            | 0.013671714   |
|    clip_fraction        | 0.196         |
|    clip_range           | 0.2           |
|    entropy_loss         | -17.5         |
|    explained_variance   | 1.5974045e-05 |
|    learning_rate        | 0.0003        |
|    loss                 | 14.9          |
|    n_updates            | 730           |
|    policy_gradient_loss | -0.0156       |
|    std                  | 1.04          |
|    value_loss           | 34            |
-------------------------------------------
------------------------------------------
| rollout/                |              |
|    ep_len_mean          | 1.44e+03     |
|    ep_rew_mean          | 1.44e+03     |
| time/                   |              |
|    fps                  | 678          |
|    iterations           | 75           |
|    time_elapsed         | 113          |
|    total_timesteps      | 76800        |
| train/                  |              |
|    approx_kl            | 0.016601533  |
|    clip_fraction        | 0.214        |
|    clip_range           | 0.2          |
|    entropy_loss         | -17.5        |
|    explained_variance   | 6.514788e-05 |
|    learning_rate        | 0.0003       |
|    loss                 | 13.6         |
|    n_updates            | 740          |
|    policy_gradient_loss | -0.0172      |
|    std                  | 1.04         |
|    value_loss           | 31.4         |
------------------------------------------
-------------------------------------------
| rollout/                |               |
|    ep_len_mean          | 1.44e+03      |
|    ep_rew_mean          | 1.44e+03      |
| time/                   |               |
|    fps                  | 678           |
|    iterations           | 76            |
|    time_elapsed         | 114           |
|    total_timesteps      | 77824         |
| train/                  |               |
|    approx_kl            | 0.012198055   |
|    clip_fraction        | 0.149         |
|    clip_range           | 0.2           |
|    entropy_loss         | -17.5         |
|    explained_variance   | 5.1259995e-06 |
|    learning_rate        | 0.0003        |
|    loss                 | 13            |
|    n_updates            | 750           |
|    policy_gradient_loss | -0.0154       |
|    std                  | 1.04          |
|    value_loss           | 30            |
-------------------------------------------
-------------------------------------------
| rollout/                |               |
|    ep_len_mean          | 1.44e+03      |
|    ep_rew_mean          | 1.44e+03      |
| time/                   |               |
|    fps                  | 678           |
|    iterations           | 77            |
|    time_elapsed         | 116           |
|    total_timesteps      | 78848         |
| train/                  |               |
|    approx_kl            | 0.01423684    |
|    clip_fraction        | 0.195         |
|    clip_range           | 0.2           |
|    entropy_loss         | -17.5         |
|    explained_variance   | -4.851818e-05 |
|    learning_rate        | 0.0003        |
|    loss                 | 12.4          |
|    n_updates            | 760           |
|    policy_gradient_loss | -0.0187       |
|    std                  | 1.04          |
|    value_loss           | 28.8          |
-------------------------------------------
-------------------------------------------
| rollout/                |               |
|    ep_len_mean          | 1.44e+03      |
|    ep_rew_mean          | 1.44e+03      |
| time/                   |               |
|    fps                  | 678           |
|    iterations           | 78            |
|    time_elapsed         | 117           |
|    total_timesteps      | 79872         |
| train/                  |               |
|    approx_kl            | 0.02208402    |
|    clip_fraction        | 0.223         |
|    clip_range           | 0.2           |
|    entropy_loss         | -17.5         |
|    explained_variance   | -1.335144e-05 |
|    learning_rate        | 0.0003        |
|    loss                 | 11.9          |
|    n_updates            | 770           |
|    policy_gradient_loss | -0.0135       |
|    std                  | 1.04          |
|    value_loss           | 28            |
-------------------------------------------
--------------------------------------------
| rollout/                |                |
|    ep_len_mean          | 1.44e+03       |
|    ep_rew_mean          | 1.44e+03       |
| time/                   |                |
|    fps                  | 678            |
|    iterations           | 79             |
|    time_elapsed         | 119            |
|    total_timesteps      | 80896          |
| train/                  |                |
|    approx_kl            | 0.014380268    |
|    clip_fraction        | 0.201          |
|    clip_range           | 0.2            |
|    entropy_loss         | -17.5          |
|    explained_variance   | -3.2544136e-05 |
|    learning_rate        | 0.0003         |
|    loss                 | 11.2           |
|    n_updates            | 780            |
|    policy_gradient_loss | -0.0189        |
|    std                  | 1.04           |
|    value_loss           | 26.3           |
--------------------------------------------
-------------------------------------------
| rollout/                |               |
|    ep_len_mean          | 1.44e+03      |
|    ep_rew_mean          | 1.44e+03      |
| time/                   |               |
|    fps                  | 678           |
|    iterations           | 80            |
|    time_elapsed         | 120           |
|    total_timesteps      | 81920         |
| train/                  |               |
|    approx_kl            | 0.01404626    |
|    clip_fraction        | 0.14          |
|    clip_range           | 0.2           |
|    entropy_loss         | -17.5         |
|    explained_variance   | -9.059906e-06 |
|    learning_rate        | 0.0003        |
|    loss                 | 10.9          |
|    n_updates            | 790           |
|    policy_gradient_loss | -0.0144       |
|    std                  | 1.04          |
|    value_loss           | 25            |
-------------------------------------------
------------------------------------------
| rollout/                |              |
|    ep_len_mean          | 1.44e+03     |
|    ep_rew_mean          | 1.44e+03     |
| time/                   |              |
|    fps                  | 678          |
|    iterations           | 81           |
|    time_elapsed         | 122          |
|    total_timesteps      | 82944        |
| train/                  |              |
|    approx_kl            | 0.014047335  |
|    clip_fraction        | 0.203        |
|    clip_range           | 0.2          |
|    entropy_loss         | -17.5        |
|    explained_variance   | 6.556511e-05 |
|    learning_rate        | 0.0003       |
|    loss                 | 10           |
|    n_updates            | 800          |
|    policy_gradient_loss | -0.017       |
|    std                  | 1.04         |
|    value_loss           | 23.8         |
------------------------------------------
------------------------------------------
| rollout/                |              |
|    ep_len_mean          | 1.44e+03     |
|    ep_rew_mean          | 1.44e+03     |
| time/                   |              |
|    fps                  | 677          |
|    iterations           | 82           |
|    time_elapsed         | 123          |
|    total_timesteps      | 83968        |
| train/                  |              |
|    approx_kl            | 0.011009654  |
|    clip_fraction        | 0.147        |
|    clip_range           | 0.2          |
|    entropy_loss         | -17.5        |
|    explained_variance   | 8.583069e-06 |
|    learning_rate        | 0.0003       |
|    loss                 | 9.63         |
|    n_updates            | 810          |
|    policy_gradient_loss | -0.0131      |
|    std                  | 1.04         |
|    value_loss           | 22.6         |
------------------------------------------
-------------------------------------------
| rollout/                |               |
|    ep_len_mean          | 1.44e+03      |
|    ep_rew_mean          | 1.44e+03      |
| time/                   |               |
|    fps                  | 677           |
|    iterations           | 83            |
|    time_elapsed         | 125           |
|    total_timesteps      | 84992         |
| train/                  |               |
|    approx_kl            | 0.012094221   |
|    clip_fraction        | 0.166         |
|    clip_range           | 0.2           |
|    entropy_loss         | -17.5         |
|    explained_variance   | 2.9206276e-06 |
|    learning_rate        | 0.0003        |
|    loss                 | 8.93          |
|    n_updates            | 820           |
|    policy_gradient_loss | -0.0151       |
|    std                  | 1.05          |
|    value_loss           | 21            |
-------------------------------------------
--------------------------------------------
| rollout/                |                |
|    ep_len_mean          | 1.44e+03       |
|    ep_rew_mean          | 1.44e+03       |
| time/                   |                |
|    fps                  | 677            |
|    iterations           | 84             |
|    time_elapsed         | 126            |
|    total_timesteps      | 86016          |
| train/                  |                |
|    approx_kl            | 0.0132819      |
|    clip_fraction        | 0.217          |
|    clip_range           | 0.2            |
|    entropy_loss         | -17.6          |
|    explained_variance   | -4.4107437e-06 |
|    learning_rate        | 0.0003         |
|    loss                 | 8.4            |
|    n_updates            | 830            |
|    policy_gradient_loss | -0.0171        |
|    std                  | 1.05           |
|    value_loss           | 20             |
--------------------------------------------
-------------------------------------------
| rollout/                |               |
|    ep_len_mean          | 1.44e+03      |
|    ep_rew_mean          | 1.44e+03      |
| time/                   |               |
|    fps                  | 677           |
|    iterations           | 85            |
|    time_elapsed         | 128           |
|    total_timesteps      | 87040         |
| train/                  |               |
|    approx_kl            | 0.017045204   |
|    clip_fraction        | 0.254         |
|    clip_range           | 0.2           |
|    entropy_loss         | -17.6         |
|    explained_variance   | 1.0669231e-05 |
|    learning_rate        | 0.0003        |
|    loss                 | 8.02          |
|    n_updates            | 840           |
|    policy_gradient_loss | -0.0175       |
|    std                  | 1.05          |
|    value_loss           | 19.3          |
-------------------------------------------
-------------------------------------------
| rollout/                |               |
|    ep_len_mean          | 1.44e+03      |
|    ep_rew_mean          | 1.44e+03      |
| time/                   |               |
|    fps                  | 677           |
|    iterations           | 86            |
|    time_elapsed         | 129           |
|    total_timesteps      | 88064         |
| train/                  |               |
|    approx_kl            | 0.017193358   |
|    clip_fraction        | 0.197         |
|    clip_range           | 0.2           |
|    entropy_loss         | -17.6         |
|    explained_variance   | -6.020069e-05 |
|    learning_rate        | 0.0003        |
|    loss                 | 7.25          |
|    n_updates            | 850           |
|    policy_gradient_loss | -0.0167       |
|    std                  | 1.05          |
|    value_loss           | 17.6          |
-------------------------------------------
-------------------------------------------
| rollout/                |               |
|    ep_len_mean          | 1.44e+03      |
|    ep_rew_mean          | 1.44e+03      |
| time/                   |               |
|    fps                  | 677           |
|    iterations           | 87            |
|    time_elapsed         | 131           |
|    total_timesteps      | 89088         |
| train/                  |               |
|    approx_kl            | 0.01730021    |
|    clip_fraction        | 0.199         |
|    clip_range           | 0.2           |
|    entropy_loss         | -17.6         |
|    explained_variance   | -8.225441e-06 |
|    learning_rate        | 0.0003        |
|    loss                 | 6.79          |
|    n_updates            | 860           |
|    policy_gradient_loss | -0.0183       |
|    std                  | 1.05          |
|    value_loss           | 16.5          |
-------------------------------------------
-----------------------------------------
| rollout/                |             |
|    ep_len_mean          | 1.44e+03    |
|    ep_rew_mean          | 1.44e+03    |
| time/                   |             |
|    fps                  | 677         |
|    iterations           | 88          |
|    time_elapsed         | 133         |
|    total_timesteps      | 90112       |
| train/                  |             |
|    approx_kl            | 0.015526723 |
|    clip_fraction        | 0.185       |
|    clip_range           | 0.2         |
|    entropy_loss         | -17.7       |
|    explained_variance   | 0.000261724 |
|    learning_rate        | 0.0003      |
|    loss                 | 6.48        |
|    n_updates            | 870         |
|    policy_gradient_loss | -0.0185     |
|    std                  | 1.06        |
|    value_loss           | 16          |
-----------------------------------------
------------------------------------------
| rollout/                |              |
|    ep_len_mean          | 1.44e+03     |
|    ep_rew_mean          | 1.44e+03     |
| time/                   |              |
|    fps                  | 677          |
|    iterations           | 89           |
|    time_elapsed         | 134          |
|    total_timesteps      | 91136        |
| train/                  |              |
|    approx_kl            | 0.012589347  |
|    clip_fraction        | 0.168        |
|    clip_range           | 0.2          |
|    entropy_loss         | -17.7        |
|    explained_variance   | 9.298325e-06 |
|    learning_rate        | 0.0003       |
|    loss                 | 5.94         |
|    n_updates            | 880          |
|    policy_gradient_loss | -0.0159      |
|    std                  | 1.06         |
|    value_loss           | 14.8         |
------------------------------------------
--------------------------------------------
| rollout/                |                |
|    ep_len_mean          | 1.44e+03       |
|    ep_rew_mean          | 1.44e+03       |
| time/                   |                |
|    fps                  | 676            |
|    iterations           | 90             |
|    time_elapsed         | 136            |
|    total_timesteps      | 92160          |
| train/                  |                |
|    approx_kl            | 0.01975922     |
|    clip_fraction        | 0.197          |
|    clip_range           | 0.2            |
|    entropy_loss         | -17.7          |
|    explained_variance   | -2.6106834e-05 |
|    learning_rate        | 0.0003         |
|    loss                 | 5.57           |
|    n_updates            | 890            |
|    policy_gradient_loss | -0.0161        |
|    std                  | 1.06           |
|    value_loss           | 13.7           |
--------------------------------------------
-------------------------------------------
| rollout/                |               |
|    ep_len_mean          | 1.44e+03      |
|    ep_rew_mean          | 1.44e+03      |
| time/                   |               |
|    fps                  | 676           |
|    iterations           | 91            |
|    time_elapsed         | 137           |
|    total_timesteps      | 93184         |
| train/                  |               |
|    approx_kl            | 0.0135861905  |
|    clip_fraction        | 0.164         |
|    clip_range           | 0.2           |
|    entropy_loss         | -17.7         |
|    explained_variance   | -5.841255e-06 |
|    learning_rate        | 0.0003        |
|    loss                 | 5.19          |
|    n_updates            | 900           |
|    policy_gradient_loss | -0.0146       |
|    std                  | 1.06          |
|    value_loss           | 13.1          |
-------------------------------------------
---------------------------------------------
| rollout/                |                 |
|    ep_len_mean          | 1.44e+03        |
|    ep_rew_mean          | 1.44e+03        |
| time/                   |                 |
|    fps                  | 676             |
|    iterations           | 92              |
|    time_elapsed         | 139             |
|    total_timesteps      | 94208           |
| train/                  |                 |
|    approx_kl            | 0.01810146      |
|    clip_fraction        | 0.196           |
|    clip_range           | 0.2             |
|    entropy_loss         | -17.7           |
|    explained_variance   | -0.000114917755 |
|    learning_rate        | 0.0003          |
|    loss                 | 4.98            |
|    n_updates            | 910             |
|    policy_gradient_loss | -0.017          |
|    std                  | 1.06            |
|    value_loss           | 12.4            |
---------------------------------------------
-------------------------------------------
| rollout/                |               |
|    ep_len_mean          | 1.44e+03      |
|    ep_rew_mean          | 1.44e+03      |
| time/                   |               |
|    fps                  | 676           |
|    iterations           | 93            |
|    time_elapsed         | 140           |
|    total_timesteps      | 95232         |
| train/                  |               |
|    approx_kl            | 0.014864916   |
|    clip_fraction        | 0.18          |
|    clip_range           | 0.2           |
|    entropy_loss         | -17.7         |
|    explained_variance   | 3.2186508e-06 |
|    learning_rate        | 0.0003        |
|    loss                 | 4.51          |
|    n_updates            | 920           |
|    policy_gradient_loss | -0.0171       |
|    std                  | 1.06          |
|    value_loss           | 11.4          |
-------------------------------------------
-------------------------------------------
| rollout/                |               |
|    ep_len_mean          | 1.44e+03      |
|    ep_rew_mean          | 1.44e+03      |
| time/                   |               |
|    fps                  | 676           |
|    iterations           | 94            |
|    time_elapsed         | 142           |
|    total_timesteps      | 96256         |
| train/                  |               |
|    approx_kl            | 0.015973233   |
|    clip_fraction        | 0.205         |
|    clip_range           | 0.2           |
|    entropy_loss         | -17.7         |
|    explained_variance   | -2.503395e-06 |
|    learning_rate        | 0.0003        |
|    loss                 | 3.84          |
|    n_updates            | 930           |
|    policy_gradient_loss | -0.016        |
|    std                  | 1.06          |
|    value_loss           | 10.2          |
-------------------------------------------
--------------------------------------------
| rollout/                |                |
|    ep_len_mean          | 1.44e+03       |
|    ep_rew_mean          | 1.44e+03       |
| time/                   |                |
|    fps                  | 675            |
|    iterations           | 95             |
|    time_elapsed         | 143            |
|    total_timesteps      | 97280          |
| train/                  |                |
|    approx_kl            | 0.018735623    |
|    clip_fraction        | 0.235          |
|    clip_range           | 0.2            |
|    entropy_loss         | -17.7          |
|    explained_variance   | -4.1007996e-05 |
|    learning_rate        | 0.0003         |
|    loss                 | 3.74           |
|    n_updates            | 940            |
|    policy_gradient_loss | -0.0192        |
|    std                  | 1.06           |
|    value_loss           | 9.74           |
--------------------------------------------
---------------------------------------------
| rollout/                |                 |
|    ep_len_mean          | 1.44e+03        |
|    ep_rew_mean          | 1.44e+03        |
| time/                   |                 |
|    fps                  | 675             |
|    iterations           | 96              |
|    time_elapsed         | 145             |
|    total_timesteps      | 98304           |
| train/                  |                 |
|    approx_kl            | 0.014746846     |
|    clip_fraction        | 0.219           |
|    clip_range           | 0.2             |
|    entropy_loss         | -17.8           |
|    explained_variance   | -1.50203705e-05 |
|    learning_rate        | 0.0003          |
|    loss                 | 3.28            |
|    n_updates            | 950             |
|    policy_gradient_loss | -0.0209         |
|    std                  | 1.07            |
|    value_loss           | 8.79            |
---------------------------------------------
-------------------------------------------
| rollout/                |               |
|    ep_len_mean          | 1.44e+03      |
|    ep_rew_mean          | 1.44e+03      |
| time/                   |               |
|    fps                  | 675           |
|    iterations           | 97            |
|    time_elapsed         | 147           |
|    total_timesteps      | 99328         |
| train/                  |               |
|    approx_kl            | 0.0153792575  |
|    clip_fraction        | 0.199         |
|    clip_range           | 0.2           |
|    entropy_loss         | -17.8         |
|    explained_variance   | 3.7550926e-06 |
|    learning_rate        | 0.0003        |
|    loss                 | 2.98          |
|    n_updates            | 960           |
|    policy_gradient_loss | -0.0176       |
|    std                  | 1.07          |
|    value_loss           | 8.02          |
-------------------------------------------
------------------------------------------
| rollout/                |              |
|    ep_len_mean          | 1.44e+03     |
|    ep_rew_mean          | 1.44e+03     |
| time/                   |              |
|    fps                  | 675          |
|    iterations           | 98           |
|    time_elapsed         | 148          |
|    total_timesteps      | 100352       |
| train/                  |              |
|    approx_kl            | 0.015758645  |
|    clip_fraction        | 0.243        |
|    clip_range           | 0.2          |
|    entropy_loss         | -17.8        |
|    explained_variance   | 5.376339e-05 |
|    learning_rate        | 0.0003       |
|    loss                 | 2.62         |
|    n_updates            | 970          |
|    policy_gradient_loss | -0.0208      |
|    std                  | 1.07         |
|    value_loss           | 7.35         |
------------------------------------------
--------------------------------------------
| rollout/                |                |
|    ep_len_mean          | 1.44e+03       |
|    ep_rew_mean          | 1.44e+03       |
| time/                   |                |
|    fps                  | 675            |
|    iterations           | 99             |
|    time_elapsed         | 150            |
|    total_timesteps      | 101376         |
| train/                  |                |
|    approx_kl            | 0.020062884    |
|    clip_fraction        | 0.228          |
|    clip_range           | 0.2            |
|    entropy_loss         | -17.8          |
|    explained_variance   | -4.1604042e-05 |
|    learning_rate        | 0.0003         |
|    loss                 | 2.44           |
|    n_updates            | 980            |
|    policy_gradient_loss | -0.0215        |
|    std                  | 1.07           |
|    value_loss           | 6.76           |
--------------------------------------------
-------------------------------------------
| rollout/                |               |
|    ep_len_mean          | 1.44e+03      |
|    ep_rew_mean          | 1.44e+03      |
| time/                   |               |
|    fps                  | 675           |
|    iterations           | 100           |
|    time_elapsed         | 151           |
|    total_timesteps      | 102400        |
| train/                  |               |
|    approx_kl            | 0.015932832   |
|    clip_fraction        | 0.237         |
|    clip_range           | 0.2           |
|    entropy_loss         | -17.8         |
|    explained_variance   | 3.5703182e-05 |
|    learning_rate        | 0.0003        |
|    loss                 | 2.09          |
|    n_updates            | 990           |
|    policy_gradient_loss | -0.0221       |
|    std                  | 1.07          |
|    value_loss           | 5.91          |
-------------------------------------------
--------------------------------------------
| rollout/                |                |
|    ep_len_mean          | 1.44e+03       |
|    ep_rew_mean          | 1.44e+03       |
| time/                   |                |
|    fps                  | 674            |
|    iterations           | 101            |
|    time_elapsed         | 153            |
|    total_timesteps      | 103424         |
| train/                  |                |
|    approx_kl            | 0.021539535    |
|    clip_fraction        | 0.246          |
|    clip_range           | 0.2            |
|    entropy_loss         | -17.8          |
|    explained_variance   | -2.3841858e-07 |
|    learning_rate        | 0.0003         |
|    loss                 | 1.9            |
|    n_updates            | 1000           |
|    policy_gradient_loss | -0.0213        |
|    std                  | 1.06           |
|    value_loss           | 5.51           |
--------------------------------------------
--------------------------------------------
| rollout/                |                |
|    ep_len_mean          | 1.44e+03       |
|    ep_rew_mean          | 1.44e+03       |
| time/                   |                |
|    fps                  | 674            |
|    iterations           | 102            |
|    time_elapsed         | 154            |
|    total_timesteps      | 104448         |
| train/                  |                |
|    approx_kl            | 0.016208531    |
|    clip_fraction        | 0.254          |
|    clip_range           | 0.2            |
|    entropy_loss         | -17.7          |
|    explained_variance   | -5.2452087e-06 |
|    learning_rate        | 0.0003         |
|    loss                 | 1.68           |
|    n_updates            | 1010           |
|    policy_gradient_loss | -0.0209        |
|    std                  | 1.06           |
|    value_loss           | 5.06           |
--------------------------------------------
------------------------------------------
| rollout/                |              |
|    ep_len_mean          | 1.44e+03     |
|    ep_rew_mean          | 1.45e+03     |
| time/                   |              |
|    fps                  | 674          |
|    iterations           | 103          |
|    time_elapsed         | 156          |
|    total_timesteps      | 105472       |
| train/                  |              |
|    approx_kl            | 0.016091231  |
|    clip_fraction        | 0.2          |
|    clip_range           | 0.2          |
|    entropy_loss         | -17.7        |
|    explained_variance   | 4.297495e-05 |
|    learning_rate        | 0.0003       |
|    loss                 | 1.45         |
|    n_updates            | 1020         |
|    policy_gradient_loss | -0.0235      |
|    std                  | 1.06         |
|    value_loss           | 4.41         |
------------------------------------------
------------------------------------------
| rollout/                |              |
|    ep_len_mean          | 1.44e+03     |
|    ep_rew_mean          | 1.45e+03     |
| time/                   |              |
|    fps                  | 674          |
|    iterations           | 104          |
|    time_elapsed         | 157          |
|    total_timesteps      | 106496       |
| train/                  |              |
|    approx_kl            | 0.015242061  |
|    clip_fraction        | 0.235        |
|    clip_range           | 0.2          |
|    entropy_loss         | -17.7        |
|    explained_variance   | 1.180172e-05 |
|    learning_rate        | 0.0003       |
|    loss                 | 1.23         |
|    n_updates            | 1030         |
|    policy_gradient_loss | -0.0194      |
|    std                  | 1.06         |
|    value_loss           | 4.01         |
------------------------------------------
-------------------------------------------
| rollout/                |               |
|    ep_len_mean          | 1.44e+03      |
|    ep_rew_mean          | 1.45e+03      |
| time/                   |               |
|    fps                  | 674           |
|    iterations           | 105           |
|    time_elapsed         | 159           |
|    total_timesteps      | 107520        |
| train/                  |               |
|    approx_kl            | 0.016964475   |
|    clip_fraction        | 0.225         |
|    clip_range           | 0.2           |
|    entropy_loss         | -17.7         |
|    explained_variance   | 1.7881393e-05 |
|    learning_rate        | 0.0003        |
|    loss                 | 1.13          |
|    n_updates            | 1040          |
|    policy_gradient_loss | -0.0209       |
|    std                  | 1.06          |
|    value_loss           | 3.66          |
-------------------------------------------
------------------------------------------
| rollout/                |              |
|    ep_len_mean          | 1.44e+03     |
|    ep_rew_mean          | 1.45e+03     |
| time/                   |              |
|    fps                  | 674          |
|    iterations           | 106          |
|    time_elapsed         | 160          |
|    total_timesteps      | 108544       |
| train/                  |              |
|    approx_kl            | 0.01750059   |
|    clip_fraction        | 0.194        |
|    clip_range           | 0.2          |
|    entropy_loss         | -17.7        |
|    explained_variance   | 4.541874e-05 |
|    learning_rate        | 0.0003       |
|    loss                 | 0.956        |
|    n_updates            | 1050         |
|    policy_gradient_loss | -0.0189      |
|    std                  | 1.06         |
|    value_loss           | 3.24         |
------------------------------------------
-------------------------------------------
| rollout/                |               |
|    ep_len_mean          | 1.44e+03      |
|    ep_rew_mean          | 1.45e+03      |
| time/                   |               |
|    fps                  | 675           |
|    iterations           | 107           |
|    time_elapsed         | 162           |
|    total_timesteps      | 109568        |
| train/                  |               |
|    approx_kl            | 0.015881944   |
|    clip_fraction        | 0.191         |
|    clip_range           | 0.2           |
|    entropy_loss         | -17.7         |
|    explained_variance   | 2.5212765e-05 |
|    learning_rate        | 0.0003        |
|    loss                 | 0.781         |
|    n_updates            | 1060          |
|    policy_gradient_loss | -0.0189       |
|    std                  | 1.06          |
|    value_loss           | 2.8           |
-------------------------------------------
-------------------------------------------
| rollout/                |               |
|    ep_len_mean          | 1.44e+03      |
|    ep_rew_mean          | 1.45e+03      |
| time/                   |               |
|    fps                  | 675           |
|    iterations           | 108           |
|    time_elapsed         | 163           |
|    total_timesteps      | 110592        |
| train/                  |               |
|    approx_kl            | 0.017581254   |
|    clip_fraction        | 0.221         |
|    clip_range           | 0.2           |
|    entropy_loss         | -17.7         |
|    explained_variance   | 8.3088875e-05 |
|    learning_rate        | 0.0003        |
|    loss                 | 0.691         |
|    n_updates            | 1070          |
|    policy_gradient_loss | -0.0203       |
|    std                  | 1.06          |
|    value_loss           | 2.47          |
-------------------------------------------
--------------------------------------------
| rollout/                |                |
|    ep_len_mean          | 1.44e+03       |
|    ep_rew_mean          | 1.45e+03       |
| time/                   |                |
|    fps                  | 675            |
|    iterations           | 109            |
|    time_elapsed         | 165            |
|    total_timesteps      | 111616         |
| train/                  |                |
|    approx_kl            | 0.016532416    |
|    clip_fraction        | 0.181          |
|    clip_range           | 0.2            |
|    entropy_loss         | -17.8          |
|    explained_variance   | -1.4066696e-05 |
|    learning_rate        | 0.0003         |
|    loss                 | 0.575          |
|    n_updates            | 1080           |
|    policy_gradient_loss | -0.0186        |
|    std                  | 1.07           |
|    value_loss           | 2.23           |
--------------------------------------------
--------------------------------------------
| rollout/                |                |
|    ep_len_mean          | 1.44e+03       |
|    ep_rew_mean          | 1.45e+03       |
| time/                   |                |
|    fps                  | 675            |
|    iterations           | 110            |
|    time_elapsed         | 166            |
|    total_timesteps      | 112640         |
| train/                  |                |
|    approx_kl            | 0.019729534    |
|    clip_fraction        | 0.26           |
|    clip_range           | 0.2            |
|    entropy_loss         | -17.8          |
|    explained_variance   | -1.5497208e-06 |
|    learning_rate        | 0.0003         |
|    loss                 | 0.44           |
|    n_updates            | 1090           |
|    policy_gradient_loss | -0.0191        |
|    std                  | 1.07           |
|    value_loss           | 1.83           |
--------------------------------------------
-------------------------------------------
| rollout/                |               |
|    ep_len_mean          | 1.44e+03      |
|    ep_rew_mean          | 1.45e+03      |
| time/                   |               |
|    fps                  | 675           |
|    iterations           | 111           |
|    time_elapsed         | 168           |
|    total_timesteps      | 113664        |
| train/                  |               |
|    approx_kl            | 0.0211744     |
|    clip_fraction        | 0.231         |
|    clip_range           | 0.2           |
|    entropy_loss         | -17.8         |
|    explained_variance   | 9.7095966e-05 |
|    learning_rate        | 0.0003        |
|    loss                 | 0.321         |
|    n_updates            | 1100          |
|    policy_gradient_loss | -0.0182       |
|    std                  | 1.07          |
|    value_loss           | 1.5           |
-------------------------------------------
-------------------------------------------
| rollout/                |               |
|    ep_len_mean          | 1.44e+03      |
|    ep_rew_mean          | 1.45e+03      |
| time/                   |               |
|    fps                  | 675           |
|    iterations           | 112           |
|    time_elapsed         | 169           |
|    total_timesteps      | 114688        |
| train/                  |               |
|    approx_kl            | 0.017539784   |
|    clip_fraction        | 0.224         |
|    clip_range           | 0.2           |
|    entropy_loss         | -17.9         |
|    explained_variance   | 5.4717064e-05 |
|    learning_rate        | 0.0003        |
|    loss                 | 0.248         |
|    n_updates            | 1110          |
|    policy_gradient_loss | -0.0193       |
|    std                  | 1.07          |
|    value_loss           | 1.26          |
-------------------------------------------
-------------------------------------------
| rollout/                |               |
|    ep_len_mean          | 1.44e+03      |
|    ep_rew_mean          | 1.45e+03      |
| time/                   |               |
|    fps                  | 675           |
|    iterations           | 113           |
|    time_elapsed         | 171           |
|    total_timesteps      | 115712        |
| train/                  |               |
|    approx_kl            | 0.021052258   |
|    clip_fraction        | 0.208         |
|    clip_range           | 0.2           |
|    entropy_loss         | -17.8         |
|    explained_variance   | 4.1127205e-06 |
|    learning_rate        | 0.0003        |
|    loss                 | 0.154         |
|    n_updates            | 1120          |
|    policy_gradient_loss | -0.0204       |
|    std                  | 1.07          |
|    value_loss           | 1             |
-------------------------------------------
-------------------------------------------
| rollout/                |               |
|    ep_len_mean          | 1.44e+03      |
|    ep_rew_mean          | 1.45e+03      |
| time/                   |               |
|    fps                  | 675           |
|    iterations           | 114           |
|    time_elapsed         | 172           |
|    total_timesteps      | 116736        |
| train/                  |               |
|    approx_kl            | 0.022991884   |
|    clip_fraction        | 0.221         |
|    clip_range           | 0.2           |
|    entropy_loss         | -17.8         |
|    explained_variance   | 3.9815903e-05 |
|    learning_rate        | 0.0003        |
|    loss                 | 0.0764        |
|    n_updates            | 1130          |
|    policy_gradient_loss | -0.0219       |
|    std                  | 1.07          |
|    value_loss           | 0.737         |
-------------------------------------------
-------------------------------------------
| rollout/                |               |
|    ep_len_mean          | 1.44e+03      |
|    ep_rew_mean          | 1.45e+03      |
| time/                   |               |
|    fps                  | 675           |
|    iterations           | 115           |
|    time_elapsed         | 174           |
|    total_timesteps      | 117760        |
| train/                  |               |
|    approx_kl            | 0.013688633   |
|    clip_fraction        | 0.181         |
|    clip_range           | 0.2           |
|    entropy_loss         | -17.8         |
|    explained_variance   | -5.722046e-05 |
|    learning_rate        | 0.0003        |
|    loss                 | 0.037         |
|    n_updates            | 1140          |
|    policy_gradient_loss | -0.0144       |
|    std                  | 1.07          |
|    value_loss           | 0.578         |
-------------------------------------------
--------------------------------------------
| rollout/                |                |
|    ep_len_mean          | 1.44e+03       |
|    ep_rew_mean          | 1.45e+03       |
| time/                   |                |
|    fps                  | 675            |
|    iterations           | 116            |
|    time_elapsed         | 175            |
|    total_timesteps      | 118784         |
| train/                  |                |
|    approx_kl            | 0.022356711    |
|    clip_fraction        | 0.226          |
|    clip_range           | 0.2            |
|    entropy_loss         | -17.8          |
|    explained_variance   | -0.00014257431 |
|    learning_rate        | 0.0003         |
|    loss                 | -0.00187       |
|    n_updates            | 1150           |
|    policy_gradient_loss | -0.0225        |
|    std                  | 1.07           |
|    value_loss           | 0.433          |
--------------------------------------------
------------------------------------------
| rollout/                |              |
|    ep_len_mean          | 1.44e+03     |
|    ep_rew_mean          | 1.45e+03     |
| time/                   |              |
|    fps                  | 675          |
|    iterations           | 117          |
|    time_elapsed         | 177          |
|    total_timesteps      | 119808       |
| train/                  |              |
|    approx_kl            | 0.022426888  |
|    clip_fraction        | 0.219        |
|    clip_range           | 0.2          |
|    entropy_loss         | -17.8        |
|    explained_variance   | 3.993511e-06 |
|    learning_rate        | 0.0003       |
|    loss                 | -0.018       |
|    n_updates            | 1160         |
|    policy_gradient_loss | -0.0225      |
|    std                  | 1.07         |
|    value_loss           | 0.315        |
------------------------------------------
------------------------------------------
| rollout/                |              |
|    ep_len_mean          | 1.44e+03     |
|    ep_rew_mean          | 1.45e+03     |
| time/                   |              |
|    fps                  | 675          |
|    iterations           | 118          |
|    time_elapsed         | 178          |
|    total_timesteps      | 120832       |
| train/                  |              |
|    approx_kl            | 0.01811303   |
|    clip_fraction        | 0.219        |
|    clip_range           | 0.2          |
|    entropy_loss         | -17.8        |
|    explained_variance   | 0.0001039505 |
|    learning_rate        | 0.0003       |
|    loss                 | -0.0328      |
|    n_updates            | 1170         |
|    policy_gradient_loss | -0.0216      |
|    std                  | 1.07         |
|    value_loss           | 0.224        |
------------------------------------------
--------------------------------------------
| rollout/                |                |
|    ep_len_mean          | 1.44e+03       |
|    ep_rew_mean          | 1.45e+03       |
| time/                   |                |
|    fps                  | 675            |
|    iterations           | 119            |
|    time_elapsed         | 180            |
|    total_timesteps      | 121856         |
| train/                  |                |
|    approx_kl            | 0.019898897    |
|    clip_fraction        | 0.185          |
|    clip_range           | 0.2            |
|    entropy_loss         | -17.8          |
|    explained_variance   | -0.00012874603 |
|    learning_rate        | 0.0003         |
|    loss                 | -0.0334        |
|    n_updates            | 1180           |
|    policy_gradient_loss | -0.0208        |
|    std                  | 1.06           |
|    value_loss           | 0.166          |
--------------------------------------------
------------------------------------------
| rollout/                |              |
|    ep_len_mean          | 1.44e+03     |
|    ep_rew_mean          | 1.45e+03     |
| time/                   |              |
|    fps                  | 675          |
|    iterations           | 120          |
|    time_elapsed         | 181          |
|    total_timesteps      | 122880       |
| train/                  |              |
|    approx_kl            | 0.021068644  |
|    clip_fraction        | 0.212        |
|    clip_range           | 0.2          |
|    entropy_loss         | -17.7        |
|    explained_variance   | -6.03199e-05 |
|    learning_rate        | 0.0003       |
|    loss                 | -0.0289      |
|    n_updates            | 1190         |
|    policy_gradient_loss | -0.0228      |
|    std                  | 1.06         |
|    value_loss           | 0.109        |
------------------------------------------
--------------------------------------------
| rollout/                |                |
|    ep_len_mean          | 1.44e+03       |
|    ep_rew_mean          | 1.45e+03       |
| time/                   |                |
|    fps                  | 675            |
|    iterations           | 121            |
|    time_elapsed         | 183            |
|    total_timesteps      | 123904         |
| train/                  |                |
|    approx_kl            | 0.01902509     |
|    clip_fraction        | 0.168          |
|    clip_range           | 0.2            |
|    entropy_loss         | -17.7          |
|    explained_variance   | -3.6597252e-05 |
|    learning_rate        | 0.0003         |
|    loss                 | -0.0401        |
|    n_updates            | 1200           |
|    policy_gradient_loss | -0.0218        |
|    std                  | 1.06           |
|    value_loss           | 0.0777         |
--------------------------------------------
------------------------------------------
| rollout/                |              |
|    ep_len_mean          | 1.44e+03     |
|    ep_rew_mean          | 1.45e+03     |
| time/                   |              |
|    fps                  | 675          |
|    iterations           | 122          |
|    time_elapsed         | 184          |
|    total_timesteps      | 124928       |
| train/                  |              |
|    approx_kl            | 0.019610688  |
|    clip_fraction        | 0.226        |
|    clip_range           | 0.2          |
|    entropy_loss         | -17.7        |
|    explained_variance   | 8.881092e-06 |
|    learning_rate        | 0.0003       |
|    loss                 | -0.0268      |
|    n_updates            | 1210         |
|    policy_gradient_loss | -0.0265      |
|    std                  | 1.06         |
|    value_loss           | 0.0569       |
------------------------------------------
-------------------------------------------
| rollout/                |               |
|    ep_len_mean          | 1.44e+03      |
|    ep_rew_mean          | 1.45e+03      |
| time/                   |               |
|    fps                  | 675           |
|    iterations           | 123           |
|    time_elapsed         | 186           |
|    total_timesteps      | 125952        |
| train/                  |               |
|    approx_kl            | 0.015500362   |
|    clip_fraction        | 0.182         |
|    clip_range           | 0.2           |
|    entropy_loss         | -17.7         |
|    explained_variance   | 1.1980534e-05 |
|    learning_rate        | 0.0003        |
|    loss                 | -0.0317       |
|    n_updates            | 1220          |
|    policy_gradient_loss | -0.0235       |
|    std                  | 1.06          |
|    value_loss           | 0.0382        |
-------------------------------------------
-------------------------------------------
| rollout/                |               |
|    ep_len_mean          | 1.44e+03      |
|    ep_rew_mean          | 1.45e+03      |
| time/                   |               |
|    fps                  | 675           |
|    iterations           | 124           |
|    time_elapsed         | 187           |
|    total_timesteps      | 126976        |
| train/                  |               |
|    approx_kl            | 0.013910662   |
|    clip_fraction        | 0.19          |
|    clip_range           | 0.2           |
|    entropy_loss         | -17.7         |
|    explained_variance   | 2.1159649e-05 |
|    learning_rate        | 0.0003        |
|    loss                 | -0.0296       |
|    n_updates            | 1230          |
|    policy_gradient_loss | -0.0206       |
|    std                  | 1.06          |
|    value_loss           | 0.0222        |
-------------------------------------------
--------------------------------------------
| rollout/                |                |
|    ep_len_mean          | 1.44e+03       |
|    ep_rew_mean          | 1.45e+03       |
| time/                   |                |
|    fps                  | 675            |
|    iterations           | 125            |
|    time_elapsed         | 189            |
|    total_timesteps      | 128000         |
| train/                  |                |
|    approx_kl            | 0.017235026    |
|    clip_fraction        | 0.201          |
|    clip_range           | 0.2            |
|    entropy_loss         | -17.7          |
|    explained_variance   | -6.8068504e-05 |
|    learning_rate        | 0.0003         |
|    loss                 | -0.0279        |
|    n_updates            | 1240           |
|    policy_gradient_loss | -0.0236        |
|    std                  | 1.06           |
|    value_loss           | 0.0177         |
--------------------------------------------
--------------------------------------------
| rollout/                |                |
|    ep_len_mean          | 1.44e+03       |
|    ep_rew_mean          | 1.45e+03       |
| time/                   |                |
|    fps                  | 675            |
|    iterations           | 126            |
|    time_elapsed         | 190            |
|    total_timesteps      | 129024         |
| train/                  |                |
|    approx_kl            | 0.012830524    |
|    clip_fraction        | 0.146          |
|    clip_range           | 0.2            |
|    entropy_loss         | -17.7          |
|    explained_variance   | -5.2452087e-06 |
|    learning_rate        | 0.0003         |
|    loss                 | -0.0282        |
|    n_updates            | 1250           |
|    policy_gradient_loss | -0.0206        |
|    std                  | 1.06           |
|    value_loss           | 0.0165         |
--------------------------------------------
-------------------------------------------
| rollout/                |               |
|    ep_len_mean          | 1.44e+03      |
|    ep_rew_mean          | 1.45e+03      |
| time/                   |               |
|    fps                  | 675           |
|    iterations           | 127           |
|    time_elapsed         | 192           |
|    total_timesteps      | 130048        |
| train/                  |               |
|    approx_kl            | 0.016227799   |
|    clip_fraction        | 0.19          |
|    clip_range           | 0.2           |
|    entropy_loss         | -17.6         |
|    explained_variance   | 9.4115734e-05 |
|    learning_rate        | 0.0003        |
|    loss                 | -0.0387       |
|    n_updates            | 1260          |
|    policy_gradient_loss | -0.0229       |
|    std                  | 1.05          |
|    value_loss           | 0.0147        |
-------------------------------------------
------------------------------------------
| rollout/                |              |
|    ep_len_mean          | 1.44e+03     |
|    ep_rew_mean          | 1.45e+03     |
| time/                   |              |
|    fps                  | 675          |
|    iterations           | 128          |
|    time_elapsed         | 194          |
|    total_timesteps      | 131072       |
| train/                  |              |
|    approx_kl            | 0.015180571  |
|    clip_fraction        | 0.185        |
|    clip_range           | 0.2          |
|    entropy_loss         | -17.6        |
|    explained_variance   | 6.753206e-05 |
|    learning_rate        | 0.0003       |
|    loss                 | -0.0428      |
|    n_updates            | 1270         |
|    policy_gradient_loss | -0.0252      |
|    std                  | 1.05         |
|    value_loss           | 0.0132       |
------------------------------------------
-------------------------------------------
| rollout/                |               |
|    ep_len_mean          | 1.44e+03      |
|    ep_rew_mean          | 1.45e+03      |
| time/                   |               |
|    fps                  | 675           |
|    iterations           | 129           |
|    time_elapsed         | 195           |
|    total_timesteps      | 132096        |
| train/                  |               |
|    approx_kl            | 0.01630953    |
|    clip_fraction        | 0.225         |
|    clip_range           | 0.2           |
|    entropy_loss         | -17.5         |
|    explained_variance   | 0.00015646219 |
|    learning_rate        | 0.0003        |
|    loss                 | -0.0439       |
|    n_updates            | 1280          |
|    policy_gradient_loss | -0.028        |
|    std                  | 1.04          |
|    value_loss           | 0.0113        |
-------------------------------------------
--------------------------------------------
| rollout/                |                |
|    ep_len_mean          | 1.44e+03       |
|    ep_rew_mean          | 1.45e+03       |
| time/                   |                |
|    fps                  | 675            |
|    iterations           | 130            |
|    time_elapsed         | 197            |
|    total_timesteps      | 133120         |
| train/                  |                |
|    approx_kl            | 0.015775496    |
|    clip_fraction        | 0.176          |
|    clip_range           | 0.2            |
|    entropy_loss         | -17.5          |
|    explained_variance   | -1.4901161e-05 |
|    learning_rate        | 0.0003         |
|    loss                 | -0.0276        |
|    n_updates            | 1290           |
|    policy_gradient_loss | -0.0232        |
|    std                  | 1.04           |
|    value_loss           | 0.0106         |
--------------------------------------------
-------------------------------------------
| rollout/                |               |
|    ep_len_mean          | 1.44e+03      |
|    ep_rew_mean          | 1.45e+03      |
| time/                   |               |
|    fps                  | 675           |
|    iterations           | 131           |
|    time_elapsed         | 198           |
|    total_timesteps      | 134144        |
| train/                  |               |
|    approx_kl            | 0.0133371595  |
|    clip_fraction        | 0.183         |
|    clip_range           | 0.2           |
|    entropy_loss         | -17.5         |
|    explained_variance   | -8.380413e-05 |
|    learning_rate        | 0.0003        |
|    loss                 | -0.0344       |
|    n_updates            | 1300          |
|    policy_gradient_loss | -0.023        |
|    std                  | 1.04          |
|    value_loss           | 0.00991       |
-------------------------------------------
------------------------------------------
| rollout/                |              |
|    ep_len_mean          | 1.44e+03     |
|    ep_rew_mean          | 1.45e+03     |
| time/                   |              |
|    fps                  | 674          |
|    iterations           | 132          |
|    time_elapsed         | 200          |
|    total_timesteps      | 135168       |
| train/                  |              |
|    approx_kl            | 0.012986106  |
|    clip_fraction        | 0.145        |
|    clip_range           | 0.2          |
|    entropy_loss         | -17.4        |
|    explained_variance   | 4.285574e-05 |
|    learning_rate        | 0.0003       |
|    loss                 | -0.0273      |
|    n_updates            | 1310         |
|    policy_gradient_loss | -0.0224      |
|    std                  | 1.04         |
|    value_loss           | 0.00655      |
------------------------------------------
-------------------------------------------
| rollout/                |               |
|    ep_len_mean          | 1.44e+03      |
|    ep_rew_mean          | 1.45e+03      |
| time/                   |               |
|    fps                  | 674           |
|    iterations           | 133           |
|    time_elapsed         | 201           |
|    total_timesteps      | 136192        |
| train/                  |               |
|    approx_kl            | 0.014910182   |
|    clip_fraction        | 0.177         |
|    clip_range           | 0.2           |
|    entropy_loss         | -17.4         |
|    explained_variance   | 4.5835972e-05 |
|    learning_rate        | 0.0003        |
|    loss                 | -0.0229       |
|    n_updates            | 1320          |
|    policy_gradient_loss | -0.0241       |
|    std                  | 1.04          |
|    value_loss           | 0.0102        |
-------------------------------------------
---------------------------------------------
| rollout/                |                 |
|    ep_len_mean          | 1.44e+03        |
|    ep_rew_mean          | 1.45e+03        |
| time/                   |                 |
|    fps                  | 674             |
|    iterations           | 134             |
|    time_elapsed         | 203             |
|    total_timesteps      | 137216          |
| train/                  |                 |
|    approx_kl            | 0.019080667     |
|    clip_fraction        | 0.227           |
|    clip_range           | 0.2             |
|    entropy_loss         | -17.4           |
|    explained_variance   | -0.000115156174 |
|    learning_rate        | 0.0003          |
|    loss                 | -0.04           |
|    n_updates            | 1330            |
|    policy_gradient_loss | -0.0264         |
|    std                  | 1.04            |
|    value_loss           | 0.00898         |
---------------------------------------------
------------------------------------------
| rollout/                |              |
|    ep_len_mean          | 1.44e+03     |
|    ep_rew_mean          | 1.45e+03     |
| time/                   |              |
|    fps                  | 674          |
|    iterations           | 135          |
|    time_elapsed         | 204          |
|    total_timesteps      | 138240       |
| train/                  |              |
|    approx_kl            | 0.013202469  |
|    clip_fraction        | 0.169        |
|    clip_range           | 0.2          |
|    entropy_loss         | -17.4        |
|    explained_variance   | -9.88245e-05 |
|    learning_rate        | 0.0003       |
|    loss                 | -0.0231      |
|    n_updates            | 1340         |
|    policy_gradient_loss | -0.0205      |
|    std                  | 1.03         |
|    value_loss           | 0.0103       |
------------------------------------------
------------------------------------------
| rollout/                |              |
|    ep_len_mean          | 1.44e+03     |
|    ep_rew_mean          | 1.45e+03     |
| time/                   |              |
|    fps                  | 674          |
|    iterations           | 136          |
|    time_elapsed         | 206          |
|    total_timesteps      | 139264       |
| train/                  |              |
|    approx_kl            | 0.02013963   |
|    clip_fraction        | 0.213        |
|    clip_range           | 0.2          |
|    entropy_loss         | -17.4        |
|    explained_variance   | 0.0005363226 |
|    learning_rate        | 0.0003       |
|    loss                 | -0.0315      |
|    n_updates            | 1350         |
|    policy_gradient_loss | -0.0277      |
|    std                  | 1.03         |
|    value_loss           | 0.00934      |
------------------------------------------
-------------------------------------------
| rollout/                |               |
|    ep_len_mean          | 1.44e+03      |
|    ep_rew_mean          | 1.45e+03      |
| time/                   |               |
|    fps                  | 674           |
|    iterations           | 137           |
|    time_elapsed         | 207           |
|    total_timesteps      | 140288        |
| train/                  |               |
|    approx_kl            | 0.014893645   |
|    clip_fraction        | 0.199         |
|    clip_range           | 0.2           |
|    entropy_loss         | -17.4         |
|    explained_variance   | 0.00017488003 |
|    learning_rate        | 0.0003        |
|    loss                 | -0.0443       |
|    n_updates            | 1360          |
|    policy_gradient_loss | -0.0251       |
|    std                  | 1.03          |
|    value_loss           | 0.00722       |
-------------------------------------------
-------------------------------------------
| rollout/                |               |
|    ep_len_mean          | 1.44e+03      |
|    ep_rew_mean          | 1.45e+03      |
| time/                   |               |
|    fps                  | 674           |
|    iterations           | 138           |
|    time_elapsed         | 209           |
|    total_timesteps      | 141312        |
| train/                  |               |
|    approx_kl            | 0.017889282   |
|    clip_fraction        | 0.2           |
|    clip_range           | 0.2           |
|    entropy_loss         | -17.3         |
|    explained_variance   | 0.00016260147 |
|    learning_rate        | 0.0003        |
|    loss                 | -0.0309       |
|    n_updates            | 1370          |
|    policy_gradient_loss | -0.0267       |
|    std                  | 1.03          |
|    value_loss           | 0.00769       |
-------------------------------------------
------------------------------------------
| rollout/                |              |
|    ep_len_mean          | 1.44e+03     |
|    ep_rew_mean          | 1.45e+03     |
| time/                   |              |
|    fps                  | 674          |
|    iterations           | 139          |
|    time_elapsed         | 210          |
|    total_timesteps      | 142336       |
| train/                  |              |
|    approx_kl            | 0.0139424335 |
|    clip_fraction        | 0.199        |
|    clip_range           | 0.2          |
|    entropy_loss         | -17.3        |
|    explained_variance   | 7.683039e-05 |
|    learning_rate        | 0.0003       |
|    loss                 | -0.0328      |
|    n_updates            | 1380         |
|    policy_gradient_loss | -0.0245      |
|    std                  | 1.03         |
|    value_loss           | 0.00848      |
------------------------------------------
-----------------------------------------
| rollout/                |             |
|    ep_len_mean          | 1.44e+03    |
|    ep_rew_mean          | 1.45e+03    |
| time/                   |             |
|    fps                  | 674         |
|    iterations           | 140         |
|    time_elapsed         | 212         |
|    total_timesteps      | 143360      |
| train/                  |             |
|    approx_kl            | 0.014313415 |
|    clip_fraction        | 0.169       |
|    clip_range           | 0.2         |
|    entropy_loss         | -17.3       |
|    explained_variance   | 3.20673e-05 |
|    learning_rate        | 0.0003      |
|    loss                 | -0.0279     |
|    n_updates            | 1390        |
|    policy_gradient_loss | -0.0224     |
|    std                  | 1.03        |
|    value_loss           | 0.00724     |
-----------------------------------------
------------------------------------------
| rollout/                |              |
|    ep_len_mean          | 1.44e+03     |
|    ep_rew_mean          | 1.45e+03     |
| time/                   |              |
|    fps                  | 674          |
|    iterations           | 141          |
|    time_elapsed         | 214          |
|    total_timesteps      | 144384       |
| train/                  |              |
|    approx_kl            | 0.012669158  |
|    clip_fraction        | 0.163        |
|    clip_range           | 0.2          |
|    entropy_loss         | -17.3        |
|    explained_variance   | 9.828806e-05 |
|    learning_rate        | 0.0003       |
|    loss                 | -0.0392      |
|    n_updates            | 1400         |
|    policy_gradient_loss | -0.02        |
|    std                  | 1.02         |
|    value_loss           | 0.00908      |
------------------------------------------
-------------------------------------------
| rollout/                |               |
|    ep_len_mean          | 1.44e+03      |
|    ep_rew_mean          | 1.45e+03      |
| time/                   |               |
|    fps                  | 674           |
|    iterations           | 142           |
|    time_elapsed         | 215           |
|    total_timesteps      | 145408        |
| train/                  |               |
|    approx_kl            | 0.01315278    |
|    clip_fraction        | 0.162         |
|    clip_range           | 0.2           |
|    entropy_loss         | -17.3         |
|    explained_variance   | 0.00080639124 |
|    learning_rate        | 0.0003        |
|    loss                 | -0.0386       |
|    n_updates            | 1410          |
|    policy_gradient_loss | -0.0209       |
|    std                  | 1.02          |
|    value_loss           | 0.00783       |
-------------------------------------------
------------------------------------------
| rollout/                |              |
|    ep_len_mean          | 1.44e+03     |
|    ep_rew_mean          | 1.45e+03     |
| time/                   |              |
|    fps                  | 674          |
|    iterations           | 143          |
|    time_elapsed         | 217          |
|    total_timesteps      | 146432       |
| train/                  |              |
|    approx_kl            | 0.012270421  |
|    clip_fraction        | 0.17         |
|    clip_range           | 0.2          |
|    entropy_loss         | -17.2        |
|    explained_variance   | 0.0002695918 |
|    learning_rate        | 0.0003       |
|    loss                 | -0.0354      |
|    n_updates            | 1420         |
|    policy_gradient_loss | -0.0203      |
|    std                  | 1.02         |
|    value_loss           | 0.00756      |
------------------------------------------
-------------------------------------------
| rollout/                |               |
|    ep_len_mean          | 1.44e+03      |
|    ep_rew_mean          | 1.45e+03      |
| time/                   |               |
|    fps                  | 674           |
|    iterations           | 144           |
|    time_elapsed         | 218           |
|    total_timesteps      | 147456        |
| train/                  |               |
|    approx_kl            | 0.016264884   |
|    clip_fraction        | 0.177         |
|    clip_range           | 0.2           |
|    entropy_loss         | -17.2         |
|    explained_variance   | 0.00051528215 |
|    learning_rate        | 0.0003        |
|    loss                 | -0.04         |
|    n_updates            | 1430          |
|    policy_gradient_loss | -0.0271       |
|    std                  | 1.02          |
|    value_loss           | 0.00692       |
-------------------------------------------
-------------------------------------------
| rollout/                |               |
|    ep_len_mean          | 1.44e+03      |
|    ep_rew_mean          | 1.45e+03      |
| time/                   |               |
|    fps                  | 674           |
|    iterations           | 145           |
|    time_elapsed         | 220           |
|    total_timesteps      | 148480        |
| train/                  |               |
|    approx_kl            | 0.011860531   |
|    clip_fraction        | 0.148         |
|    clip_range           | 0.2           |
|    entropy_loss         | -17.2         |
|    explained_variance   | 0.00022500753 |
|    learning_rate        | 0.0003        |
|    loss                 | -0.0332       |
|    n_updates            | 1440          |
|    policy_gradient_loss | -0.021        |
|    std                  | 1.02          |
|    value_loss           | 0.00785       |
-------------------------------------------
-------------------------------------------
| rollout/                |               |
|    ep_len_mean          | 1.44e+03      |
|    ep_rew_mean          | 1.45e+03      |
| time/                   |               |
|    fps                  | 674           |
|    iterations           | 146           |
|    time_elapsed         | 221           |
|    total_timesteps      | 149504        |
| train/                  |               |
|    approx_kl            | 0.011686118   |
|    clip_fraction        | 0.155         |
|    clip_range           | 0.2           |
|    entropy_loss         | -17.2         |
|    explained_variance   | 0.00015860796 |
|    learning_rate        | 0.0003        |
|    loss                 | -0.0324       |
|    n_updates            | 1450          |
|    policy_gradient_loss | -0.0209       |
|    std                  | 1.02          |
|    value_loss           | 0.00933       |
-------------------------------------------
-------------------------------------------
| rollout/                |               |
|    ep_len_mean          | 1.44e+03      |
|    ep_rew_mean          | 1.45e+03      |
| time/                   |               |
|    fps                  | 674           |
|    iterations           | 147           |
|    time_elapsed         | 223           |
|    total_timesteps      | 150528        |
| train/                  |               |
|    approx_kl            | 0.010932634   |
|    clip_fraction        | 0.161         |
|    clip_range           | 0.2           |
|    entropy_loss         | -17.2         |
|    explained_variance   | 0.00043857098 |
|    learning_rate        | 0.0003        |
|    loss                 | -0.0213       |
|    n_updates            | 1460          |
|    policy_gradient_loss | -0.0185       |
|    std                  | 1.01          |
|    value_loss           | 0.00608       |
-------------------------------------------
------------------------------------------
| rollout/                |              |
|    ep_len_mean          | 1.44e+03     |
|    ep_rew_mean          | 1.45e+03     |
| time/                   |              |
|    fps                  | 674          |
|    iterations           | 148          |
|    time_elapsed         | 224          |
|    total_timesteps      | 151552       |
| train/                  |              |
|    approx_kl            | 0.015726985  |
|    clip_fraction        | 0.179        |
|    clip_range           | 0.2          |
|    entropy_loss         | -17.2        |
|    explained_variance   | 0.0006059408 |
|    learning_rate        | 0.0003       |
|    loss                 | -0.0324      |
|    n_updates            | 1470         |
|    policy_gradient_loss | -0.0249      |
|    std                  | 1.01         |
|    value_loss           | 0.00673      |
------------------------------------------
------------------------------------------
| rollout/                |              |
|    ep_len_mean          | 1.44e+03     |
|    ep_rew_mean          | 1.45e+03     |
| time/                   |              |
|    fps                  | 674          |
|    iterations           | 149          |
|    time_elapsed         | 226          |
|    total_timesteps      | 152576       |
| train/                  |              |
|    approx_kl            | 0.016820207  |
|    clip_fraction        | 0.188        |
|    clip_range           | 0.2          |
|    entropy_loss         | -17.2        |
|    explained_variance   | 0.0005174875 |
|    learning_rate        | 0.0003       |
|    loss                 | -0.0345      |
|    n_updates            | 1480         |
|    policy_gradient_loss | -0.0295      |
|    std                  | 1.01         |
|    value_loss           | 0.00601      |
------------------------------------------
-------------------------------------------
| rollout/                |               |
|    ep_len_mean          | 1.44e+03      |
|    ep_rew_mean          | 1.45e+03      |
| time/                   |               |
|    fps                  | 674           |
|    iterations           | 150           |
|    time_elapsed         | 227           |
|    total_timesteps      | 153600        |
| train/                  |               |
|    approx_kl            | 0.016322859   |
|    clip_fraction        | 0.221         |
|    clip_range           | 0.2           |
|    entropy_loss         | -17.1         |
|    explained_variance   | 0.00046122074 |
|    learning_rate        | 0.0003        |
|    loss                 | -0.0438       |
|    n_updates            | 1490          |
|    policy_gradient_loss | -0.0274       |
|    std                  | 1.01          |
|    value_loss           | 0.00678       |
-------------------------------------------
-----------------------------------------
| rollout/                |             |
|    ep_len_mean          | 1.44e+03    |
|    ep_rew_mean          | 1.45e+03    |
| time/                   |             |
|    fps                  | 674         |
|    iterations           | 151         |
|    time_elapsed         | 229         |
|    total_timesteps      | 154624      |
| train/                  |             |
|    approx_kl            | 0.011621591 |
|    clip_fraction        | 0.134       |
|    clip_range           | 0.2         |
|    entropy_loss         | -17.1       |
|    explained_variance   | -3.0908732  |
|    learning_rate        | 0.0003      |
|    loss                 | -0.0257     |
|    n_updates            | 1500        |
|    policy_gradient_loss | -0.0195     |
|    std                  | 1.01        |
|    value_loss           | 0.00963     |
-----------------------------------------
-------------------------------------------
| rollout/                |               |
|    ep_len_mean          | 1.44e+03      |
|    ep_rew_mean          | 1.45e+03      |
| time/                   |               |
|    fps                  | 674           |
|    iterations           | 152           |
|    time_elapsed         | 230           |
|    total_timesteps      | 155648        |
| train/                  |               |
|    approx_kl            | 0.012572654   |
|    clip_fraction        | 0.179         |
|    clip_range           | 0.2           |
|    entropy_loss         | -17.1         |
|    explained_variance   | 0.00012946129 |
|    learning_rate        | 0.0003        |
|    loss                 | -0.0324       |
|    n_updates            | 1510          |
|    policy_gradient_loss | -0.023        |
|    std                  | 1.01          |
|    value_loss           | 0.00572       |
-------------------------------------------
-------------------------------------------
| rollout/                |               |
|    ep_len_mean          | 1.44e+03      |
|    ep_rew_mean          | 1.45e+03      |
| time/                   |               |
|    fps                  | 674           |
|    iterations           | 153           |
|    time_elapsed         | 232           |
|    total_timesteps      | 156672        |
| train/                  |               |
|    approx_kl            | 0.013151356   |
|    clip_fraction        | 0.146         |
|    clip_range           | 0.2           |
|    entropy_loss         | -17           |
|    explained_variance   | 0.00018626451 |
|    learning_rate        | 0.0003        |
|    loss                 | -0.0421       |
|    n_updates            | 1520          |
|    policy_gradient_loss | -0.0218       |
|    std                  | 1             |
|    value_loss           | 0.00611       |
-------------------------------------------
------------------------------------------
| rollout/                |              |
|    ep_len_mean          | 1.44e+03     |
|    ep_rew_mean          | 1.46e+03     |
| time/                   |              |
|    fps                  | 674          |
|    iterations           | 154          |
|    time_elapsed         | 233          |
|    total_timesteps      | 157696       |
| train/                  |              |
|    approx_kl            | 0.012332339  |
|    clip_fraction        | 0.152        |
|    clip_range           | 0.2          |
|    entropy_loss         | -17          |
|    explained_variance   | 0.0005388856 |
|    learning_rate        | 0.0003       |
|    loss                 | -0.0305      |
|    n_updates            | 1530         |
|    policy_gradient_loss | -0.0211      |
|    std                  | 1            |
|    value_loss           | 0.00701      |
------------------------------------------
------------------------------------------
| rollout/                |              |
|    ep_len_mean          | 1.44e+03     |
|    ep_rew_mean          | 1.46e+03     |
| time/                   |              |
|    fps                  | 674          |
|    iterations           | 155          |
|    time_elapsed         | 235          |
|    total_timesteps      | 158720       |
| train/                  |              |
|    approx_kl            | 0.011634824  |
|    clip_fraction        | 0.13         |
|    clip_range           | 0.2          |
|    entropy_loss         | -17          |
|    explained_variance   | 0.0004106164 |
|    learning_rate        | 0.0003       |
|    loss                 | -0.0366      |
|    n_updates            | 1540         |
|    policy_gradient_loss | -0.0202      |
|    std                  | 1            |
|    value_loss           | 0.00745      |
------------------------------------------
-------------------------------------------
| rollout/                |               |
|    ep_len_mean          | 1.44e+03      |
|    ep_rew_mean          | 1.46e+03      |
| time/                   |               |
|    fps                  | 674           |
|    iterations           | 156           |
|    time_elapsed         | 236           |
|    total_timesteps      | 159744        |
| train/                  |               |
|    approx_kl            | 0.013623836   |
|    clip_fraction        | 0.168         |
|    clip_range           | 0.2           |
|    entropy_loss         | -17           |
|    explained_variance   | 0.00029474497 |
|    learning_rate        | 0.0003        |
|    loss                 | -0.0373       |
|    n_updates            | 1550          |
|    policy_gradient_loss | -0.0244       |
|    std                  | 1             |
|    value_loss           | 0.00711       |
-------------------------------------------
-------------------------------------------
| rollout/                |               |
|    ep_len_mean          | 1.44e+03      |
|    ep_rew_mean          | 1.46e+03      |
| time/                   |               |
|    fps                  | 674           |
|    iterations           | 157           |
|    time_elapsed         | 238           |
|    total_timesteps      | 160768        |
| train/                  |               |
|    approx_kl            | 0.014637539   |
|    clip_fraction        | 0.163         |
|    clip_range           | 0.2           |
|    entropy_loss         | -17           |
|    explained_variance   | 0.00032049417 |
|    learning_rate        | 0.0003        |
|    loss                 | -0.0228       |
|    n_updates            | 1560          |
|    policy_gradient_loss | -0.0217       |
|    std                  | 1             |
|    value_loss           | 0.0148        |
-------------------------------------------
-------------------------------------------
| rollout/                |               |
|    ep_len_mean          | 1.44e+03      |
|    ep_rew_mean          | 1.46e+03      |
| time/                   |               |
|    fps                  | 674           |
|    iterations           | 158           |
|    time_elapsed         | 239           |
|    total_timesteps      | 161792        |
| train/                  |               |
|    approx_kl            | 0.017441323   |
|    clip_fraction        | 0.22          |
|    clip_range           | 0.2           |
|    entropy_loss         | -17           |
|    explained_variance   | 0.00012654066 |
|    learning_rate        | 0.0003        |
|    loss                 | -0.0297       |
|    n_updates            | 1570          |
|    policy_gradient_loss | -0.0273       |
|    std                  | 0.999         |
|    value_loss           | 0.0178        |
-------------------------------------------
-------------------------------------------
| rollout/                |               |
|    ep_len_mean          | 1.44e+03      |
|    ep_rew_mean          | 1.46e+03      |
| time/                   |               |
|    fps                  | 674           |
|    iterations           | 159           |
|    time_elapsed         | 241           |
|    total_timesteps      | 162816        |
| train/                  |               |
|    approx_kl            | 0.0147691     |
|    clip_fraction        | 0.174         |
|    clip_range           | 0.2           |
|    entropy_loss         | -17           |
|    explained_variance   | 0.00016796589 |
|    learning_rate        | 0.0003        |
|    loss                 | -0.0299       |
|    n_updates            | 1580          |
|    policy_gradient_loss | -0.023        |
|    std                  | 0.999         |
|    value_loss           | 0.0213        |
-------------------------------------------
------------------------------------------
| rollout/                |              |
|    ep_len_mean          | 1.44e+03     |
|    ep_rew_mean          | 1.46e+03     |
| time/                   |              |
|    fps                  | 675          |
|    iterations           | 160          |
|    time_elapsed         | 242          |
|    total_timesteps      | 163840       |
| train/                  |              |
|    approx_kl            | 0.014356554  |
|    clip_fraction        | 0.165        |
|    clip_range           | 0.2          |
|    entropy_loss         | -17          |
|    explained_variance   | 0.0002501011 |
|    learning_rate        | 0.0003       |
|    loss                 | -0.0242      |
|    n_updates            | 1590         |
|    policy_gradient_loss | -0.0221      |
|    std                  | 0.995        |
|    value_loss           | 0.00656      |
------------------------------------------
-------------------------------------------
| rollout/                |               |
|    ep_len_mean          | 1.44e+03      |
|    ep_rew_mean          | 1.46e+03      |
| time/                   |               |
|    fps                  | 675           |
|    iterations           | 161           |
|    time_elapsed         | 244           |
|    total_timesteps      | 164864        |
| train/                  |               |
|    approx_kl            | 0.014037171   |
|    clip_fraction        | 0.151         |
|    clip_range           | 0.2           |
|    entropy_loss         | -16.9         |
|    explained_variance   | 0.00031030178 |
|    learning_rate        | 0.0003        |
|    loss                 | -0.0375       |
|    n_updates            | 1600          |
|    policy_gradient_loss | -0.0225       |
|    std                  | 0.994         |
|    value_loss           | 0.00533       |
-------------------------------------------
------------------------------------------
| rollout/                |              |
|    ep_len_mean          | 1.44e+03     |
|    ep_rew_mean          | 1.46e+03     |
| time/                   |              |
|    fps                  | 675          |
|    iterations           | 162          |
|    time_elapsed         | 245          |
|    total_timesteps      | 165888       |
| train/                  |              |
|    approx_kl            | 0.014580091  |
|    clip_fraction        | 0.178        |
|    clip_range           | 0.2          |
|    entropy_loss         | -16.9        |
|    explained_variance   | 6.687641e-05 |
|    learning_rate        | 0.0003       |
|    loss                 | -0.0307      |
|    n_updates            | 1610         |
|    policy_gradient_loss | -0.0253      |
|    std                  | 0.993        |
|    value_loss           | 0.0153       |
------------------------------------------
-------------------------------------------
| rollout/                |               |
|    ep_len_mean          | 1.44e+03      |
|    ep_rew_mean          | 1.46e+03      |
| time/                   |               |
|    fps                  | 675           |
|    iterations           | 163           |
|    time_elapsed         | 247           |
|    total_timesteps      | 166912        |
| train/                  |               |
|    approx_kl            | 0.01635233    |
|    clip_fraction        | 0.184         |
|    clip_range           | 0.2           |
|    entropy_loss         | -16.9         |
|    explained_variance   | 0.00025510788 |
|    learning_rate        | 0.0003        |
|    loss                 | -0.0249       |
|    n_updates            | 1620          |
|    policy_gradient_loss | -0.0249       |
|    std                  | 0.992         |
|    value_loss           | 0.00858       |
-------------------------------------------
------------------------------------------
| rollout/                |              |
|    ep_len_mean          | 1.44e+03     |
|    ep_rew_mean          | 1.46e+03     |
| time/                   |              |
|    fps                  | 675          |
|    iterations           | 164          |
|    time_elapsed         | 248          |
|    total_timesteps      | 167936       |
| train/                  |              |
|    approx_kl            | 0.015441662  |
|    clip_fraction        | 0.183        |
|    clip_range           | 0.2          |
|    entropy_loss         | -16.9        |
|    explained_variance   | 0.0002760291 |
|    learning_rate        | 0.0003       |
|    loss                 | -0.0343      |
|    n_updates            | 1630         |
|    policy_gradient_loss | -0.0229      |
|    std                  | 0.991        |
|    value_loss           | 0.0105       |
------------------------------------------
-------------------------------------------
| rollout/                |               |
|    ep_len_mean          | 1.44e+03      |
|    ep_rew_mean          | 1.46e+03      |
| time/                   |               |
|    fps                  | 675           |
|    iterations           | 165           |
|    time_elapsed         | 250           |
|    total_timesteps      | 168960        |
| train/                  |               |
|    approx_kl            | 0.010931928   |
|    clip_fraction        | 0.117         |
|    clip_range           | 0.2           |
|    entropy_loss         | -16.9         |
|    explained_variance   | 0.00015318394 |
|    learning_rate        | 0.0003        |
|    loss                 | -0.0258       |
|    n_updates            | 1640          |
|    policy_gradient_loss | -0.0166       |
|    std                  | 0.991         |
|    value_loss           | 0.0097        |
-------------------------------------------
------------------------------------------
| rollout/                |              |
|    ep_len_mean          | 1.44e+03     |
|    ep_rew_mean          | 1.46e+03     |
| time/                   |              |
|    fps                  | 675          |
|    iterations           | 166          |
|    time_elapsed         | 251          |
|    total_timesteps      | 169984       |
| train/                  |              |
|    approx_kl            | 0.012523325  |
|    clip_fraction        | 0.124        |
|    clip_range           | 0.2          |
|    entropy_loss         | -16.9        |
|    explained_variance   | 0.0002309084 |
|    learning_rate        | 0.0003       |
|    loss                 | -0.00953     |
|    n_updates            | 1650         |
|    policy_gradient_loss | -0.0183      |
|    std                  | 0.99         |
|    value_loss           | 0.00846      |
------------------------------------------
------------------------------------------
| rollout/                |              |
|    ep_len_mean          | 1.44e+03     |
|    ep_rew_mean          | 1.46e+03     |
| time/                   |              |
|    fps                  | 675          |
|    iterations           | 167          |
|    time_elapsed         | 252          |
|    total_timesteps      | 171008       |
| train/                  |              |
|    approx_kl            | 0.014520293  |
|    clip_fraction        | 0.149        |
|    clip_range           | 0.2          |
|    entropy_loss         | -16.8        |
|    explained_variance   | 0.0001436472 |
|    learning_rate        | 0.0003       |
|    loss                 | -0.0242      |
|    n_updates            | 1660         |
|    policy_gradient_loss | -0.0223      |
|    std                  | 0.988        |
|    value_loss           | 0.00679      |
------------------------------------------
-------------------------------------------
| rollout/                |               |
|    ep_len_mean          | 1.44e+03      |
|    ep_rew_mean          | 1.46e+03      |
| time/                   |               |
|    fps                  | 676           |
|    iterations           | 168           |
|    time_elapsed         | 254           |
|    total_timesteps      | 172032        |
| train/                  |               |
|    approx_kl            | 0.015654301   |
|    clip_fraction        | 0.186         |
|    clip_range           | 0.2           |
|    entropy_loss         | -16.8         |
|    explained_variance   | 0.00024169683 |
|    learning_rate        | 0.0003        |
|    loss                 | -0.0313       |
|    n_updates            | 1670          |
|    policy_gradient_loss | -0.0269       |
|    std                  | 0.985         |
|    value_loss           | 0.0107        |
-------------------------------------------
------------------------------------------
| rollout/                |              |
|    ep_len_mean          | 1.44e+03     |
|    ep_rew_mean          | 1.46e+03     |
| time/                   |              |
|    fps                  | 676          |
|    iterations           | 169          |
|    time_elapsed         | 255          |
|    total_timesteps      | 173056       |
| train/                  |              |
|    approx_kl            | 0.014226443  |
|    clip_fraction        | 0.178        |
|    clip_range           | 0.2          |
|    entropy_loss         | -16.8        |
|    explained_variance   | 0.0004273057 |
|    learning_rate        | 0.0003       |
|    loss                 | -0.0317      |
|    n_updates            | 1680         |
|    policy_gradient_loss | -0.023       |
|    std                  | 0.984        |
|    value_loss           | 0.00814      |
------------------------------------------
-------------------------------------------
| rollout/                |               |
|    ep_len_mean          | 1.44e+03      |
|    ep_rew_mean          | 1.46e+03      |
| time/                   |               |
|    fps                  | 676           |
|    iterations           | 170           |
|    time_elapsed         | 257           |
|    total_timesteps      | 174080        |
| train/                  |               |
|    approx_kl            | 0.014536341   |
|    clip_fraction        | 0.162         |
|    clip_range           | 0.2           |
|    entropy_loss         | -16.8         |
|    explained_variance   | 0.00042897463 |
|    learning_rate        | 0.0003        |
|    loss                 | -0.0276       |
|    n_updates            | 1690          |
|    policy_gradient_loss | -0.0241       |
|    std                  | 0.983         |
|    value_loss           | 0.0056        |
-------------------------------------------
-------------------------------------------
| rollout/                |               |
|    ep_len_mean          | 1.44e+03      |
|    ep_rew_mean          | 1.46e+03      |
| time/                   |               |
|    fps                  | 676           |
|    iterations           | 171           |
|    time_elapsed         | 258           |
|    total_timesteps      | 175104        |
| train/                  |               |
|    approx_kl            | 0.012264129   |
|    clip_fraction        | 0.156         |
|    clip_range           | 0.2           |
|    entropy_loss         | -16.8         |
|    explained_variance   | 0.00014066696 |
|    learning_rate        | 0.0003        |
|    loss                 | -0.0347       |
|    n_updates            | 1700          |
|    policy_gradient_loss | -0.021        |
|    std                  | 0.98          |
|    value_loss           | 0.012         |
-------------------------------------------
-------------------------------------------
| rollout/                |               |
|    ep_len_mean          | 1.44e+03      |
|    ep_rew_mean          | 1.46e+03      |
| time/                   |               |
|    fps                  | 676           |
|    iterations           | 172           |
|    time_elapsed         | 260           |
|    total_timesteps      | 176128        |
| train/                  |               |
|    approx_kl            | 0.014406413   |
|    clip_fraction        | 0.201         |
|    clip_range           | 0.2           |
|    entropy_loss         | -16.7         |
|    explained_variance   | 0.00023645163 |
|    learning_rate        | 0.0003        |
|    loss                 | -0.0399       |
|    n_updates            | 1710          |
|    policy_gradient_loss | -0.0253       |
|    std                  | 0.978         |
|    value_loss           | 0.00823       |
-------------------------------------------
-------------------------------------------
| rollout/                |               |
|    ep_len_mean          | 1.44e+03      |
|    ep_rew_mean          | 1.46e+03      |
| time/                   |               |
|    fps                  | 676           |
|    iterations           | 173           |
|    time_elapsed         | 261           |
|    total_timesteps      | 177152        |
| train/                  |               |
|    approx_kl            | 0.011303654   |
|    clip_fraction        | 0.163         |
|    clip_range           | 0.2           |
|    entropy_loss         | -16.7         |
|    explained_variance   | 0.00021022558 |
|    learning_rate        | 0.0003        |
|    loss                 | -0.0299       |
|    n_updates            | 1720          |
|    policy_gradient_loss | -0.0231       |
|    std                  | 0.978         |
|    value_loss           | 0.00864       |
-------------------------------------------
-------------------------------------------
| rollout/                |               |
|    ep_len_mean          | 1.44e+03      |
|    ep_rew_mean          | 1.46e+03      |
| time/                   |               |
|    fps                  | 676           |
|    iterations           | 174           |
|    time_elapsed         | 263           |
|    total_timesteps      | 178176        |
| train/                  |               |
|    approx_kl            | 0.017886298   |
|    clip_fraction        | 0.202         |
|    clip_range           | 0.2           |
|    entropy_loss         | -16.7         |
|    explained_variance   | 0.00048202276 |
|    learning_rate        | 0.0003        |
|    loss                 | -0.0358       |
|    n_updates            | 1730          |
|    policy_gradient_loss | -0.0247       |
|    std                  | 0.977         |
|    value_loss           | 0.00609       |
-------------------------------------------
-------------------------------------------
| rollout/                |               |
|    ep_len_mean          | 1.44e+03      |
|    ep_rew_mean          | 1.46e+03      |
| time/                   |               |
|    fps                  | 676           |
|    iterations           | 175           |
|    time_elapsed         | 264           |
|    total_timesteps      | 179200        |
| train/                  |               |
|    approx_kl            | 0.0122782895  |
|    clip_fraction        | 0.166         |
|    clip_range           | 0.2           |
|    entropy_loss         | -16.7         |
|    explained_variance   | 0.00027632713 |
|    learning_rate        | 0.0003        |
|    loss                 | -0.0258       |
|    n_updates            | 1740          |
|    policy_gradient_loss | -0.0207       |
|    std                  | 0.975         |
|    value_loss           | 0.00621       |
-------------------------------------------
-------------------------------------------
| rollout/                |               |
|    ep_len_mean          | 1.44e+03      |
|    ep_rew_mean          | 1.46e+03      |
| time/                   |               |
|    fps                  | 677           |
|    iterations           | 176           |
|    time_elapsed         | 266           |
|    total_timesteps      | 180224        |
| train/                  |               |
|    approx_kl            | 0.012948453   |
|    clip_fraction        | 0.171         |
|    clip_range           | 0.2           |
|    entropy_loss         | -16.7         |
|    explained_variance   | 0.00051289797 |
|    learning_rate        | 0.0003        |
|    loss                 | -0.0366       |
|    n_updates            | 1750          |
|    policy_gradient_loss | -0.02         |
|    std                  | 0.975         |
|    value_loss           | 0.00722       |
-------------------------------------------
------------------------------------------
| rollout/                |              |
|    ep_len_mean          | 1.44e+03     |
|    ep_rew_mean          | 1.46e+03     |
| time/                   |              |
|    fps                  | 677          |
|    iterations           | 177          |
|    time_elapsed         | 267          |
|    total_timesteps      | 181248       |
| train/                  |              |
|    approx_kl            | 0.014499928  |
|    clip_fraction        | 0.17         |
|    clip_range           | 0.2          |
|    entropy_loss         | -16.7        |
|    explained_variance   | 0.0005591512 |
|    learning_rate        | 0.0003       |
|    loss                 | -0.0402      |
|    n_updates            | 1760         |
|    policy_gradient_loss | -0.0231      |
|    std                  | 0.975        |
|    value_loss           | 0.00586      |
------------------------------------------
-----------------------------------------
| rollout/                |             |
|    ep_len_mean          | 1.44e+03    |
|    ep_rew_mean          | 1.46e+03    |
| time/                   |             |
|    fps                  | 677         |
|    iterations           | 178         |
|    time_elapsed         | 269         |
|    total_timesteps      | 182272      |
| train/                  |             |
|    approx_kl            | 0.016002156 |
|    clip_fraction        | 0.184       |
|    clip_range           | 0.2         |
|    entropy_loss         | -16.7       |
|    explained_variance   | 0.000633955 |
|    learning_rate        | 0.0003      |
|    loss                 | -0.0322     |
|    n_updates            | 1770        |
|    policy_gradient_loss | -0.0271     |
|    std                  | 0.972       |
|    value_loss           | 0.00644     |
-----------------------------------------
-------------------------------------------
| rollout/                |               |
|    ep_len_mean          | 1.44e+03      |
|    ep_rew_mean          | 1.46e+03      |
| time/                   |               |
|    fps                  | 677           |
|    iterations           | 179           |
|    time_elapsed         | 270           |
|    total_timesteps      | 183296        |
| train/                  |               |
|    approx_kl            | 0.016395982   |
|    clip_fraction        | 0.203         |
|    clip_range           | 0.2           |
|    entropy_loss         | -16.6         |
|    explained_variance   | 0.00021535158 |
|    learning_rate        | 0.0003        |
|    loss                 | -0.0211       |
|    n_updates            | 1780          |
|    policy_gradient_loss | -0.027        |
|    std                  | 0.971         |
|    value_loss           | 0.00996       |
-------------------------------------------
-------------------------------------------
| rollout/                |               |
|    ep_len_mean          | 1.44e+03      |
|    ep_rew_mean          | 1.46e+03      |
| time/                   |               |
|    fps                  | 677           |
|    iterations           | 180           |
|    time_elapsed         | 272           |
|    total_timesteps      | 184320        |
| train/                  |               |
|    approx_kl            | 0.013237233   |
|    clip_fraction        | 0.182         |
|    clip_range           | 0.2           |
|    entropy_loss         | -16.6         |
|    explained_variance   | 0.00041252375 |
|    learning_rate        | 0.0003        |
|    loss                 | -0.0339       |
|    n_updates            | 1790          |
|    policy_gradient_loss | -0.0248       |
|    std                  | 0.969         |
|    value_loss           | 0.00813       |
-------------------------------------------
-------------------------------------------
| rollout/                |               |
|    ep_len_mean          | 1.44e+03      |
|    ep_rew_mean          | 1.46e+03      |
| time/                   |               |
|    fps                  | 677           |
|    iterations           | 181           |
|    time_elapsed         | 273           |
|    total_timesteps      | 185344        |
| train/                  |               |
|    approx_kl            | 0.015175489   |
|    clip_fraction        | 0.153         |
|    clip_range           | 0.2           |
|    entropy_loss         | -16.6         |
|    explained_variance   | 0.00081801414 |
|    learning_rate        | 0.0003        |
|    loss                 | -0.0462       |
|    n_updates            | 1800          |
|    policy_gradient_loss | -0.0246       |
|    std                  | 0.968         |
|    value_loss           | 0.007         |
-------------------------------------------
------------------------------------------
| rollout/                |              |
|    ep_len_mean          | 1.44e+03     |
|    ep_rew_mean          | 1.46e+03     |
| time/                   |              |
|    fps                  | 677          |
|    iterations           | 182          |
|    time_elapsed         | 274          |
|    total_timesteps      | 186368       |
| train/                  |              |
|    approx_kl            | 0.015847618  |
|    clip_fraction        | 0.176        |
|    clip_range           | 0.2          |
|    entropy_loss         | -16.6        |
|    explained_variance   | 0.0004914403 |
|    learning_rate        | 0.0003       |
|    loss                 | -0.0329      |
|    n_updates            | 1810         |
|    policy_gradient_loss | -0.0248      |
|    std                  | 0.968        |
|    value_loss           | 0.00712      |
------------------------------------------
------------------------------------------
| rollout/                |              |
|    ep_len_mean          | 1.44e+03     |
|    ep_rew_mean          | 1.46e+03     |
| time/                   |              |
|    fps                  | 677          |
|    iterations           | 183          |
|    time_elapsed         | 276          |
|    total_timesteps      | 187392       |
| train/                  |              |
|    approx_kl            | 0.014000181  |
|    clip_fraction        | 0.188        |
|    clip_range           | 0.2          |
|    entropy_loss         | -16.6        |
|    explained_variance   | 0.0004553795 |
|    learning_rate        | 0.0003       |
|    loss                 | -0.0391      |
|    n_updates            | 1820         |
|    policy_gradient_loss | -0.0255      |
|    std                  | 0.965        |
|    value_loss           | 0.00796      |
------------------------------------------
-------------------------------------------
| rollout/                |               |
|    ep_len_mean          | 1.44e+03      |
|    ep_rew_mean          | 1.46e+03      |
| time/                   |               |
|    fps                  | 677           |
|    iterations           | 184           |
|    time_elapsed         | 277           |
|    total_timesteps      | 188416        |
| train/                  |               |
|    approx_kl            | 0.017226707   |
|    clip_fraction        | 0.156         |
|    clip_range           | 0.2           |
|    entropy_loss         | -16.6         |
|    explained_variance   | 0.00052189827 |
|    learning_rate        | 0.0003        |
|    loss                 | -0.0235       |
|    n_updates            | 1830          |
|    policy_gradient_loss | -0.0229       |
|    std                  | 0.966         |
|    value_loss           | 0.00613       |
-------------------------------------------
-------------------------------------------
| rollout/                |               |
|    ep_len_mean          | 1.44e+03      |
|    ep_rew_mean          | 1.46e+03      |
| time/                   |               |
|    fps                  | 677           |
|    iterations           | 185           |
|    time_elapsed         | 279           |
|    total_timesteps      | 189440        |
| train/                  |               |
|    approx_kl            | 0.0149219185  |
|    clip_fraction        | 0.182         |
|    clip_range           | 0.2           |
|    entropy_loss         | -16.6         |
|    explained_variance   | 0.00084745884 |
|    learning_rate        | 0.0003        |
|    loss                 | -0.0262       |
|    n_updates            | 1840          |
|    policy_gradient_loss | -0.0254       |
|    std                  | 0.965         |
|    value_loss           | 0.00718       |
-------------------------------------------
-------------------------------------------
| rollout/                |               |
|    ep_len_mean          | 1.44e+03      |
|    ep_rew_mean          | 1.46e+03      |
| time/                   |               |
|    fps                  | 678           |
|    iterations           | 186           |
|    time_elapsed         | 280           |
|    total_timesteps      | 190464        |
| train/                  |               |
|    approx_kl            | 0.015473253   |
|    clip_fraction        | 0.179         |
|    clip_range           | 0.2           |
|    entropy_loss         | -16.6         |
|    explained_variance   | 0.00087821484 |
|    learning_rate        | 0.0003        |
|    loss                 | -0.0384       |
|    n_updates            | 1850          |
|    policy_gradient_loss | -0.0248       |
|    std                  | 0.966         |
|    value_loss           | 0.00602       |
-------------------------------------------
-----------------------------------------
| rollout/                |             |
|    ep_len_mean          | 1.44e+03    |
|    ep_rew_mean          | 1.46e+03    |
| time/                   |             |
|    fps                  | 678         |
|    iterations           | 187         |
|    time_elapsed         | 282         |
|    total_timesteps      | 191488      |
| train/                  |             |
|    approx_kl            | 0.013846414 |
|    clip_fraction        | 0.147       |
|    clip_range           | 0.2         |
|    entropy_loss         | -16.6       |
|    explained_variance   | 0.001029253 |
|    learning_rate        | 0.0003      |
|    loss                 | -0.0377     |
|    n_updates            | 1860        |
|    policy_gradient_loss | -0.0204     |
|    std                  | 0.966       |
|    value_loss           | 0.0064      |
-----------------------------------------
------------------------------------------
| rollout/                |              |
|    ep_len_mean          | 1.44e+03     |
|    ep_rew_mean          | 1.47e+03     |
| time/                   |              |
|    fps                  | 678          |
|    iterations           | 188          |
|    time_elapsed         | 283          |
|    total_timesteps      | 192512       |
| train/                  |              |
|    approx_kl            | 0.015171482  |
|    clip_fraction        | 0.172        |
|    clip_range           | 0.2          |
|    entropy_loss         | -16.6        |
|    explained_variance   | 0.0006957054 |
|    learning_rate        | 0.0003       |
|    loss                 | -0.0185      |
|    n_updates            | 1870         |
|    policy_gradient_loss | -0.0225      |
|    std                  | 0.965        |
|    value_loss           | 0.00666      |
------------------------------------------
-----------------------------------------
| rollout/                |             |
|    ep_len_mean          | 1.44e+03    |
|    ep_rew_mean          | 1.47e+03    |
| time/                   |             |
|    fps                  | 678         |
|    iterations           | 189         |
|    time_elapsed         | 285         |
|    total_timesteps      | 193536      |
| train/                  |             |
|    approx_kl            | 0.015260393 |
|    clip_fraction        | 0.189       |
|    clip_range           | 0.2         |
|    entropy_loss         | -16.5       |
|    explained_variance   | 0.000495553 |
|    learning_rate        | 0.0003      |
|    loss                 | -0.05       |
|    n_updates            | 1880        |
|    policy_gradient_loss | -0.026      |
|    std                  | 0.963       |
|    value_loss           | 0.00666     |
-----------------------------------------
------------------------------------------
| rollout/                |              |
|    ep_len_mean          | 1.44e+03     |
|    ep_rew_mean          | 1.47e+03     |
| time/                   |              |
|    fps                  | 678          |
|    iterations           | 190          |
|    time_elapsed         | 286          |
|    total_timesteps      | 194560       |
| train/                  |              |
|    approx_kl            | 0.012909897  |
|    clip_fraction        | 0.173        |
|    clip_range           | 0.2          |
|    entropy_loss         | -16.5        |
|    explained_variance   | 0.0003221035 |
|    learning_rate        | 0.0003       |
|    loss                 | -0.0236      |
|    n_updates            | 1890         |
|    policy_gradient_loss | -0.0232      |
|    std                  | 0.962        |
|    value_loss           | 0.012        |
------------------------------------------
-----------------------------------------
| rollout/                |             |
|    ep_len_mean          | 1.44e+03    |
|    ep_rew_mean          | 1.47e+03    |
| time/                   |             |
|    fps                  | 678         |
|    iterations           | 191         |
|    time_elapsed         | 288         |
|    total_timesteps      | 195584      |
| train/                  |             |
|    approx_kl            | 0.015376045 |
|    clip_fraction        | 0.195       |
|    clip_range           | 0.2         |
|    entropy_loss         | -16.5       |
|    explained_variance   | 0.001100421 |
|    learning_rate        | 0.0003      |
|    loss                 | -0.0372     |
|    n_updates            | 1900        |
|    policy_gradient_loss | -0.0255     |
|    std                  | 0.961       |
|    value_loss           | 0.00505     |
-----------------------------------------
------------------------------------------
| rollout/                |              |
|    ep_len_mean          | 1.44e+03     |
|    ep_rew_mean          | 1.47e+03     |
| time/                   |              |
|    fps                  | 678          |
|    iterations           | 192          |
|    time_elapsed         | 289          |
|    total_timesteps      | 196608       |
| train/                  |              |
|    approx_kl            | 0.017108764  |
|    clip_fraction        | 0.192        |
|    clip_range           | 0.2          |
|    entropy_loss         | -16.5        |
|    explained_variance   | 0.0011280775 |
|    learning_rate        | 0.0003       |
|    loss                 | -0.0364      |
|    n_updates            | 1910         |
|    policy_gradient_loss | -0.027       |
|    std                  | 0.961        |
|    value_loss           | 0.00666      |
------------------------------------------
-------------------------------------------
| rollout/                |               |
|    ep_len_mean          | 1.44e+03      |
|    ep_rew_mean          | 1.47e+03      |
| time/                   |               |
|    fps                  | 678           |
|    iterations           | 193           |
|    time_elapsed         | 291           |
|    total_timesteps      | 197632        |
| train/                  |               |
|    approx_kl            | 0.014156288   |
|    clip_fraction        | 0.156         |
|    clip_range           | 0.2           |
|    entropy_loss         | -16.5         |
|    explained_variance   | 0.00089257956 |
|    learning_rate        | 0.0003        |
|    loss                 | -0.0296       |
|    n_updates            | 1920          |
|    policy_gradient_loss | -0.0228       |
|    std                  | 0.961         |
|    value_loss           | 0.00618       |
-------------------------------------------
------------------------------------------
| rollout/                |              |
|    ep_len_mean          | 1.44e+03     |
|    ep_rew_mean          | 1.47e+03     |
| time/                   |              |
|    fps                  | 678          |
|    iterations           | 194          |
|    time_elapsed         | 292          |
|    total_timesteps      | 198656       |
| train/                  |              |
|    approx_kl            | 0.0121506695 |
|    clip_fraction        | 0.155        |
|    clip_range           | 0.2          |
|    entropy_loss         | -16.5        |
|    explained_variance   | 0.0010299087 |
|    learning_rate        | 0.0003       |
|    loss                 | -0.0199      |
|    n_updates            | 1930         |
|    policy_gradient_loss | -0.0208      |
|    std                  | 0.959        |
|    value_loss           | 0.0054       |
------------------------------------------
-------------------------------------------
| rollout/                |               |
|    ep_len_mean          | 1.44e+03      |
|    ep_rew_mean          | 1.47e+03      |
| time/                   |               |
|    fps                  | 678           |
|    iterations           | 195           |
|    time_elapsed         | 294           |
|    total_timesteps      | 199680        |
| train/                  |               |
|    approx_kl            | 0.015820537   |
|    clip_fraction        | 0.177         |
|    clip_range           | 0.2           |
|    entropy_loss         | -16.5         |
|    explained_variance   | 0.00068849325 |
|    learning_rate        | 0.0003        |
|    loss                 | -0.0402       |
|    n_updates            | 1940          |
|    policy_gradient_loss | -0.0265       |
|    std                  | 0.958         |
|    value_loss           | 0.00654       |
-------------------------------------------
-------------------------------------------
| rollout/                |               |
|    ep_len_mean          | 1.44e+03      |
|    ep_rew_mean          | 1.47e+03      |
| time/                   |               |
|    fps                  | 678           |
|    iterations           | 196           |
|    time_elapsed         | 295           |
|    total_timesteps      | 200704        |
| train/                  |               |
|    approx_kl            | 0.015047858   |
|    clip_fraction        | 0.193         |
|    clip_range           | 0.2           |
|    entropy_loss         | -16.5         |
|    explained_variance   | 0.00092995167 |
|    learning_rate        | 0.0003        |
|    loss                 | -0.0435       |
|    n_updates            | 1950          |
|    policy_gradient_loss | -0.0258       |
|    std                  | 0.959         |
|    value_loss           | 0.00553       |
-------------------------------------------
Política MuJoCo guardada en /home/juli/unitree_ros2/nova-spot-micro-tesis/Experimentos/campana_distribuida_step_s23_20260928/mujoco/step_semilla_1037/policy.zip
