Using cuda device
Wrapping the env with a `Monitor` wrapper
Wrapping the env in a DummyVecEnv.
-----------------------------
| time/              |      |
|    fps             | 689  |
|    iterations      | 1    |
|    time_elapsed    | 1    |
|    total_timesteps | 1024 |
-----------------------------
------------------------------------------
| rollout/                |              |
|    ep_len_mean          | 1.44e+03     |
|    ep_rew_mean          | 1.44e+03     |
| time/                   |              |
|    fps                  | 640          |
|    iterations           | 2            |
|    time_elapsed         | 3            |
|    total_timesteps      | 2048         |
| train/                  |              |
|    approx_kl            | 0.012713024  |
|    clip_fraction        | 0.167        |
|    clip_range           | 0.2          |
|    entropy_loss         | -17          |
|    explained_variance   | -0.001799345 |
|    learning_rate        | 0.0003       |
|    loss                 | 92.7         |
|    n_updates            | 10           |
|    policy_gradient_loss | -0.0125      |
|    std                  | 0.999        |
|    value_loss           | 229          |
------------------------------------------
------------------------------------------
| rollout/                |              |
|    ep_len_mean          | 1.44e+03     |
|    ep_rew_mean          | 1.44e+03     |
| time/                   |              |
|    fps                  | 659          |
|    iterations           | 3            |
|    time_elapsed         | 4            |
|    total_timesteps      | 3072         |
| train/                  |              |
|    approx_kl            | 0.014736367  |
|    clip_fraction        | 0.144        |
|    clip_range           | 0.2          |
|    entropy_loss         | -17          |
|    explained_variance   | 0.0070648193 |
|    learning_rate        | 0.0003       |
|    loss                 | 88.6         |
|    n_updates            | 20           |
|    policy_gradient_loss | -0.00986     |
|    std                  | 0.998        |
|    value_loss           | 213          |
------------------------------------------
-------------------------------------------
| rollout/                |               |
|    ep_len_mean          | 1.44e+03      |
|    ep_rew_mean          | 1.44e+03      |
| time/                   |               |
|    fps                  | 667           |
|    iterations           | 4             |
|    time_elapsed         | 6             |
|    total_timesteps      | 4096          |
| train/                  |               |
|    approx_kl            | 0.008743827   |
|    clip_fraction        | 0.124         |
|    clip_range           | 0.2           |
|    entropy_loss         | -17           |
|    explained_variance   | -0.0013924837 |
|    learning_rate        | 0.0003        |
|    loss                 | 94.4          |
|    n_updates            | 30            |
|    policy_gradient_loss | -0.00895      |
|    std                  | 1             |
|    value_loss           | 212           |
-------------------------------------------
------------------------------------------
| rollout/                |              |
|    ep_len_mean          | 1.44e+03     |
|    ep_rew_mean          | 1.44e+03     |
| time/                   |              |
|    fps                  | 672          |
|    iterations           | 5            |
|    time_elapsed         | 7            |
|    total_timesteps      | 5120         |
| train/                  |              |
|    approx_kl            | 0.012260094  |
|    clip_fraction        | 0.169        |
|    clip_range           | 0.2          |
|    entropy_loss         | -17          |
|    explained_variance   | -0.001170516 |
|    learning_rate        | 0.0003       |
|    loss                 | 101          |
|    n_updates            | 40           |
|    policy_gradient_loss | -0.0107      |
|    std                  | 1            |
|    value_loss           | 218          |
------------------------------------------
-------------------------------------------
| rollout/                |               |
|    ep_len_mean          | 1.44e+03      |
|    ep_rew_mean          | 1.44e+03      |
| time/                   |               |
|    fps                  | 675           |
|    iterations           | 6             |
|    time_elapsed         | 9             |
|    total_timesteps      | 6144          |
| train/                  |               |
|    approx_kl            | 0.007373095   |
|    clip_fraction        | 0.0626        |
|    clip_range           | 0.2           |
|    entropy_loss         | -17.1         |
|    explained_variance   | -0.0008200407 |
|    learning_rate        | 0.0003        |
|    loss                 | 97            |
|    n_updates            | 50            |
|    policy_gradient_loss | -0.00667      |
|    std                  | 1             |
|    value_loss           | 209           |
-------------------------------------------
-------------------------------------------
| rollout/                |               |
|    ep_len_mean          | 1.44e+03      |
|    ep_rew_mean          | 1.44e+03      |
| time/                   |               |
|    fps                  | 676           |
|    iterations           | 7             |
|    time_elapsed         | 10            |
|    total_timesteps      | 7168          |
| train/                  |               |
|    approx_kl            | 0.01482952    |
|    clip_fraction        | 0.189         |
|    clip_range           | 0.2           |
|    entropy_loss         | -17           |
|    explained_variance   | -0.0019556284 |
|    learning_rate        | 0.0003        |
|    loss                 | 96.4          |
|    n_updates            | 60            |
|    policy_gradient_loss | -0.0134       |
|    std                  | 1             |
|    value_loss           | 206           |
-------------------------------------------
-------------------------------------------
| rollout/                |               |
|    ep_len_mean          | 1.44e+03      |
|    ep_rew_mean          | 1.44e+03      |
| time/                   |               |
|    fps                  | 675           |
|    iterations           | 8             |
|    time_elapsed         | 12            |
|    total_timesteps      | 8192          |
| train/                  |               |
|    approx_kl            | 0.012860313   |
|    clip_fraction        | 0.152         |
|    clip_range           | 0.2           |
|    entropy_loss         | -17           |
|    explained_variance   | 0.00041806698 |
|    learning_rate        | 0.0003        |
|    loss                 | 97.4          |
|    n_updates            | 70            |
|    policy_gradient_loss | -0.0118       |
|    std                  | 1             |
|    value_loss           | 207           |
-------------------------------------------
--------------------------------------------
| rollout/                |                |
|    ep_len_mean          | 1.44e+03       |
|    ep_rew_mean          | 1.44e+03       |
| time/                   |                |
|    fps                  | 673            |
|    iterations           | 9              |
|    time_elapsed         | 13             |
|    total_timesteps      | 9216           |
| train/                  |                |
|    approx_kl            | 0.009938051    |
|    clip_fraction        | 0.111          |
|    clip_range           | 0.2            |
|    entropy_loss         | -17.1          |
|    explained_variance   | -0.00018084049 |
|    learning_rate        | 0.0003         |
|    loss                 | 93.4           |
|    n_updates            | 80             |
|    policy_gradient_loss | -0.00879       |
|    std                  | 1              |
|    value_loss           | 199            |
--------------------------------------------
--------------------------------------------
| rollout/                |                |
|    ep_len_mean          | 1.44e+03       |
|    ep_rew_mean          | 1.44e+03       |
| time/                   |                |
|    fps                  | 673            |
|    iterations           | 10             |
|    time_elapsed         | 15             |
|    total_timesteps      | 10240          |
| train/                  |                |
|    approx_kl            | 0.011424102    |
|    clip_fraction        | 0.144          |
|    clip_range           | 0.2            |
|    entropy_loss         | -17.1          |
|    explained_variance   | -0.00028777122 |
|    learning_rate        | 0.0003         |
|    loss                 | 92.2           |
|    n_updates            | 90             |
|    policy_gradient_loss | -0.0121        |
|    std                  | 1              |
|    value_loss           | 195            |
--------------------------------------------
------------------------------------------
| rollout/                |              |
|    ep_len_mean          | 1.44e+03     |
|    ep_rew_mean          | 1.44e+03     |
| time/                   |              |
|    fps                  | 672          |
|    iterations           | 11           |
|    time_elapsed         | 16           |
|    total_timesteps      | 11264        |
| train/                  |              |
|    approx_kl            | 0.012078881  |
|    clip_fraction        | 0.137        |
|    clip_range           | 0.2          |
|    entropy_loss         | -17.1        |
|    explained_variance   | 7.432699e-05 |
|    learning_rate        | 0.0003       |
|    loss                 | 89.6         |
|    n_updates            | 100          |
|    policy_gradient_loss | -0.011       |
|    std                  | 1            |
|    value_loss           | 191          |
------------------------------------------
-------------------------------------------
| rollout/                |               |
|    ep_len_mean          | 1.44e+03      |
|    ep_rew_mean          | 1.44e+03      |
| time/                   |               |
|    fps                  | 673           |
|    iterations           | 12            |
|    time_elapsed         | 18            |
|    total_timesteps      | 12288         |
| train/                  |               |
|    approx_kl            | 0.017219976   |
|    clip_fraction        | 0.202         |
|    clip_range           | 0.2           |
|    entropy_loss         | -17.1         |
|    explained_variance   | 0.00010675192 |
|    learning_rate        | 0.0003        |
|    loss                 | 89.8          |
|    n_updates            | 110           |
|    policy_gradient_loss | -0.0133       |
|    std                  | 1             |
|    value_loss           | 192           |
-------------------------------------------
-------------------------------------------
| rollout/                |               |
|    ep_len_mean          | 1.44e+03      |
|    ep_rew_mean          | 1.44e+03      |
| time/                   |               |
|    fps                  | 672           |
|    iterations           | 13            |
|    time_elapsed         | 19            |
|    total_timesteps      | 13312         |
| train/                  |               |
|    approx_kl            | 0.01644943    |
|    clip_fraction        | 0.16          |
|    clip_range           | 0.2           |
|    entropy_loss         | -17.1         |
|    explained_variance   | 0.00022900105 |
|    learning_rate        | 0.0003        |
|    loss                 | 86.3          |
|    n_updates            | 120           |
|    policy_gradient_loss | -0.0109       |
|    std                  | 1             |
|    value_loss           | 184           |
-------------------------------------------
-------------------------------------------
| rollout/                |               |
|    ep_len_mean          | 1.44e+03      |
|    ep_rew_mean          | 1.44e+03      |
| time/                   |               |
|    fps                  | 672           |
|    iterations           | 14            |
|    time_elapsed         | 21            |
|    total_timesteps      | 14336         |
| train/                  |               |
|    approx_kl            | 0.009636894   |
|    clip_fraction        | 0.152         |
|    clip_range           | 0.2           |
|    entropy_loss         | -17.1         |
|    explained_variance   | 0.00033307076 |
|    learning_rate        | 0.0003        |
|    loss                 | 85.3          |
|    n_updates            | 130           |
|    policy_gradient_loss | -0.0113       |
|    std                  | 1             |
|    value_loss           | 180           |
-------------------------------------------
-------------------------------------------
| rollout/                |               |
|    ep_len_mean          | 1.44e+03      |
|    ep_rew_mean          | 1.44e+03      |
| time/                   |               |
|    fps                  | 672           |
|    iterations           | 15            |
|    time_elapsed         | 22            |
|    total_timesteps      | 15360         |
| train/                  |               |
|    approx_kl            | 0.020941855   |
|    clip_fraction        | 0.238         |
|    clip_range           | 0.2           |
|    entropy_loss         | -17.1         |
|    explained_variance   | 0.00017809868 |
|    learning_rate        | 0.0003        |
|    loss                 | 85            |
|    n_updates            | 140           |
|    policy_gradient_loss | -0.0151       |
|    std                  | 1             |
|    value_loss           | 181           |
-------------------------------------------
-------------------------------------------
| rollout/                |               |
|    ep_len_mean          | 1.44e+03      |
|    ep_rew_mean          | 1.44e+03      |
| time/                   |               |
|    fps                  | 673           |
|    iterations           | 16            |
|    time_elapsed         | 24            |
|    total_timesteps      | 16384         |
| train/                  |               |
|    approx_kl            | 0.009514501   |
|    clip_fraction        | 0.1           |
|    clip_range           | 0.2           |
|    entropy_loss         | -17.1         |
|    explained_variance   | 0.00044608116 |
|    learning_rate        | 0.0003        |
|    loss                 | 80.9          |
|    n_updates            | 150           |
|    policy_gradient_loss | -0.00918      |
|    std                  | 1             |
|    value_loss           | 173           |
-------------------------------------------
--------------------------------------------
| rollout/                |                |
|    ep_len_mean          | 1.44e+03       |
|    ep_rew_mean          | 1.44e+03       |
| time/                   |                |
|    fps                  | 674            |
|    iterations           | 17             |
|    time_elapsed         | 25             |
|    total_timesteps      | 17408          |
| train/                  |                |
|    approx_kl            | 0.010476157    |
|    clip_fraction        | 0.122          |
|    clip_range           | 0.2            |
|    entropy_loss         | -17.1          |
|    explained_variance   | -0.00021183491 |
|    learning_rate        | 0.0003         |
|    loss                 | 80             |
|    n_updates            | 160            |
|    policy_gradient_loss | -0.0109        |
|    std                  | 1              |
|    value_loss           | 170            |
--------------------------------------------
--------------------------------------------
| rollout/                |                |
|    ep_len_mean          | 1.44e+03       |
|    ep_rew_mean          | 1.44e+03       |
| time/                   |                |
|    fps                  | 675            |
|    iterations           | 18             |
|    time_elapsed         | 27             |
|    total_timesteps      | 18432          |
| train/                  |                |
|    approx_kl            | 0.0086548515   |
|    clip_fraction        | 0.117          |
|    clip_range           | 0.2            |
|    entropy_loss         | -17.1          |
|    explained_variance   | -0.00029802322 |
|    learning_rate        | 0.0003         |
|    loss                 | 78.7           |
|    n_updates            | 170            |
|    policy_gradient_loss | -0.0118        |
|    std                  | 1              |
|    value_loss           | 167            |
--------------------------------------------
-------------------------------------------
| rollout/                |               |
|    ep_len_mean          | 1.44e+03      |
|    ep_rew_mean          | 1.44e+03      |
| time/                   |               |
|    fps                  | 675           |
|    iterations           | 19            |
|    time_elapsed         | 28            |
|    total_timesteps      | 19456         |
| train/                  |               |
|    approx_kl            | 0.012733497   |
|    clip_fraction        | 0.138         |
|    clip_range           | 0.2           |
|    entropy_loss         | -17.1         |
|    explained_variance   | 0.00012421608 |
|    learning_rate        | 0.0003        |
|    loss                 | 78.4          |
|    n_updates            | 180           |
|    policy_gradient_loss | -0.0122       |
|    std                  | 1.01          |
|    value_loss           | 167           |
-------------------------------------------
--------------------------------------------
| rollout/                |                |
|    ep_len_mean          | 1.44e+03       |
|    ep_rew_mean          | 1.44e+03       |
| time/                   |                |
|    fps                  | 675            |
|    iterations           | 20             |
|    time_elapsed         | 30             |
|    total_timesteps      | 20480          |
| train/                  |                |
|    approx_kl            | 0.00639859     |
|    clip_fraction        | 0.0447         |
|    clip_range           | 0.2            |
|    entropy_loss         | -17.1          |
|    explained_variance   | -0.00010430813 |
|    learning_rate        | 0.0003         |
|    loss                 | 74.1           |
|    n_updates            | 190            |
|    policy_gradient_loss | -0.00853       |
|    std                  | 1              |
|    value_loss           | 160            |
--------------------------------------------
--------------------------------------------
| rollout/                |                |
|    ep_len_mean          | 1.44e+03       |
|    ep_rew_mean          | 1.44e+03       |
| time/                   |                |
|    fps                  | 675            |
|    iterations           | 21             |
|    time_elapsed         | 31             |
|    total_timesteps      | 21504          |
| train/                  |                |
|    approx_kl            | 0.01221968     |
|    clip_fraction        | 0.156          |
|    clip_range           | 0.2            |
|    entropy_loss         | -17.1          |
|    explained_variance   | -0.00014841557 |
|    learning_rate        | 0.0003         |
|    loss                 | 73.2           |
|    n_updates            | 200            |
|    policy_gradient_loss | -0.0152        |
|    std                  | 1              |
|    value_loss           | 156            |
--------------------------------------------
-------------------------------------------
| rollout/                |               |
|    ep_len_mean          | 1.44e+03      |
|    ep_rew_mean          | 1.44e+03      |
| time/                   |               |
|    fps                  | 675           |
|    iterations           | 22            |
|    time_elapsed         | 33            |
|    total_timesteps      | 22528         |
| train/                  |               |
|    approx_kl            | 0.015366549   |
|    clip_fraction        | 0.148         |
|    clip_range           | 0.2           |
|    entropy_loss         | -17.1         |
|    explained_variance   | 0.00034052134 |
|    learning_rate        | 0.0003        |
|    loss                 | 74.9          |
|    n_updates            | 210           |
|    policy_gradient_loss | -0.0118       |
|    std                  | 1             |
|    value_loss           | 158           |
-------------------------------------------
--------------------------------------------
| rollout/                |                |
|    ep_len_mean          | 1.44e+03       |
|    ep_rew_mean          | 1.44e+03       |
| time/                   |                |
|    fps                  | 673            |
|    iterations           | 23             |
|    time_elapsed         | 34             |
|    total_timesteps      | 23552          |
| train/                  |                |
|    approx_kl            | 0.016627558    |
|    clip_fraction        | 0.219          |
|    clip_range           | 0.2            |
|    entropy_loss         | -17.1          |
|    explained_variance   | -0.00019228458 |
|    learning_rate        | 0.0003         |
|    loss                 | 68.8           |
|    n_updates            | 220            |
|    policy_gradient_loss | -0.0151        |
|    std                  | 1              |
|    value_loss           | 150            |
--------------------------------------------
------------------------------------------
| rollout/                |              |
|    ep_len_mean          | 1.44e+03     |
|    ep_rew_mean          | 1.44e+03     |
| time/                   |              |
|    fps                  | 673          |
|    iterations           | 24           |
|    time_elapsed         | 36           |
|    total_timesteps      | 24576        |
| train/                  |              |
|    approx_kl            | 0.013276106  |
|    clip_fraction        | 0.174        |
|    clip_range           | 0.2          |
|    entropy_loss         | -17.1        |
|    explained_variance   | 0.0002130866 |
|    learning_rate        | 0.0003       |
|    loss                 | 68.5         |
|    n_updates            | 230          |
|    policy_gradient_loss | -0.0151      |
|    std                  | 1            |
|    value_loss           | 147          |
------------------------------------------
------------------------------------------
| rollout/                |              |
|    ep_len_mean          | 1.44e+03     |
|    ep_rew_mean          | 1.44e+03     |
| time/                   |              |
|    fps                  | 673          |
|    iterations           | 25           |
|    time_elapsed         | 38           |
|    total_timesteps      | 25600        |
| train/                  |              |
|    approx_kl            | 0.01555983   |
|    clip_fraction        | 0.187        |
|    clip_range           | 0.2          |
|    entropy_loss         | -17.1        |
|    explained_variance   | 0.0004991293 |
|    learning_rate        | 0.0003       |
|    loss                 | 67.7         |
|    n_updates            | 240          |
|    policy_gradient_loss | -0.0159      |
|    std                  | 1.01         |
|    value_loss           | 144          |
------------------------------------------
------------------------------------------
| rollout/                |              |
|    ep_len_mean          | 1.44e+03     |
|    ep_rew_mean          | 1.44e+03     |
| time/                   |              |
|    fps                  | 673          |
|    iterations           | 26           |
|    time_elapsed         | 39           |
|    total_timesteps      | 26624        |
| train/                  |              |
|    approx_kl            | 0.012819618  |
|    clip_fraction        | 0.139        |
|    clip_range           | 0.2          |
|    entropy_loss         | -17.1        |
|    explained_variance   | -6.16312e-05 |
|    learning_rate        | 0.0003       |
|    loss                 | 67.9         |
|    n_updates            | 250          |
|    policy_gradient_loss | -0.0108      |
|    std                  | 1            |
|    value_loss           | 145          |
------------------------------------------
--------------------------------------------
| rollout/                |                |
|    ep_len_mean          | 1.44e+03       |
|    ep_rew_mean          | 1.44e+03       |
| time/                   |                |
|    fps                  | 673            |
|    iterations           | 27             |
|    time_elapsed         | 41             |
|    total_timesteps      | 27648          |
| train/                  |                |
|    approx_kl            | 0.018228542    |
|    clip_fraction        | 0.166          |
|    clip_range           | 0.2            |
|    entropy_loss         | -17.1          |
|    explained_variance   | -0.00014281273 |
|    learning_rate        | 0.0003         |
|    loss                 | 63.7           |
|    n_updates            | 260            |
|    policy_gradient_loss | -0.0152        |
|    std                  | 1              |
|    value_loss           | 137            |
--------------------------------------------
--------------------------------------------
| rollout/                |                |
|    ep_len_mean          | 1.44e+03       |
|    ep_rew_mean          | 1.44e+03       |
| time/                   |                |
|    fps                  | 673            |
|    iterations           | 28             |
|    time_elapsed         | 42             |
|    total_timesteps      | 28672          |
| train/                  |                |
|    approx_kl            | 0.009026826    |
|    clip_fraction        | 0.117          |
|    clip_range           | 0.2            |
|    entropy_loss         | -17.1          |
|    explained_variance   | -3.8146973e-05 |
|    learning_rate        | 0.0003         |
|    loss                 | 63.5           |
|    n_updates            | 270            |
|    policy_gradient_loss | -0.0138        |
|    std                  | 1              |
|    value_loss           | 135            |
--------------------------------------------
-------------------------------------------
| rollout/                |               |
|    ep_len_mean          | 1.44e+03      |
|    ep_rew_mean          | 1.44e+03      |
| time/                   |               |
|    fps                  | 673           |
|    iterations           | 29            |
|    time_elapsed         | 44            |
|    total_timesteps      | 29696         |
| train/                  |               |
|    approx_kl            | 0.01664724    |
|    clip_fraction        | 0.164         |
|    clip_range           | 0.2           |
|    entropy_loss         | -17.1         |
|    explained_variance   | -9.417534e-06 |
|    learning_rate        | 0.0003        |
|    loss                 | 62.5          |
|    n_updates            | 280           |
|    policy_gradient_loss | -0.0125       |
|    std                  | 1             |
|    value_loss           | 135           |
-------------------------------------------
-------------------------------------------
| rollout/                |               |
|    ep_len_mean          | 1.44e+03      |
|    ep_rew_mean          | 1.44e+03      |
| time/                   |               |
|    fps                  | 673           |
|    iterations           | 30            |
|    time_elapsed         | 45            |
|    total_timesteps      | 30720         |
| train/                  |               |
|    approx_kl            | 0.01526601    |
|    clip_fraction        | 0.194         |
|    clip_range           | 0.2           |
|    entropy_loss         | -17.1         |
|    explained_variance   | 8.7082386e-05 |
|    learning_rate        | 0.0003        |
|    loss                 | 60.3          |
|    n_updates            | 290           |
|    policy_gradient_loss | -0.0153       |
|    std                  | 1             |
|    value_loss           | 128           |
-------------------------------------------
-------------------------------------------
| rollout/                |               |
|    ep_len_mean          | 1.44e+03      |
|    ep_rew_mean          | 1.44e+03      |
| time/                   |               |
|    fps                  | 674           |
|    iterations           | 31            |
|    time_elapsed         | 47            |
|    total_timesteps      | 31744         |
| train/                  |               |
|    approx_kl            | 0.011014877   |
|    clip_fraction        | 0.147         |
|    clip_range           | 0.2           |
|    entropy_loss         | -17.1         |
|    explained_variance   | -7.510185e-05 |
|    learning_rate        | 0.0003        |
|    loss                 | 58.5          |
|    n_updates            | 300           |
|    policy_gradient_loss | -0.0136       |
|    std                  | 1             |
|    value_loss           | 125           |
-------------------------------------------
------------------------------------------
| rollout/                |              |
|    ep_len_mean          | 1.44e+03     |
|    ep_rew_mean          | 1.44e+03     |
| time/                   |              |
|    fps                  | 674          |
|    iterations           | 32           |
|    time_elapsed         | 48           |
|    total_timesteps      | 32768        |
| train/                  |              |
|    approx_kl            | 0.009401463  |
|    clip_fraction        | 0.134        |
|    clip_range           | 0.2          |
|    entropy_loss         | -17.1        |
|    explained_variance   | 9.298325e-06 |
|    learning_rate        | 0.0003       |
|    loss                 | 57           |
|    n_updates            | 310          |
|    policy_gradient_loss | -0.0131      |
|    std                  | 1            |
|    value_loss           | 123          |
------------------------------------------
-------------------------------------------
| rollout/                |               |
|    ep_len_mean          | 1.44e+03      |
|    ep_rew_mean          | 1.44e+03      |
| time/                   |               |
|    fps                  | 674           |
|    iterations           | 33            |
|    time_elapsed         | 50            |
|    total_timesteps      | 33792         |
| train/                  |               |
|    approx_kl            | 0.013797327   |
|    clip_fraction        | 0.142         |
|    clip_range           | 0.2           |
|    entropy_loss         | -17.1         |
|    explained_variance   | -6.508827e-05 |
|    learning_rate        | 0.0003        |
|    loss                 | 57.8          |
|    n_updates            | 320           |
|    policy_gradient_loss | -0.0136       |
|    std                  | 1             |
|    value_loss           | 123           |
-------------------------------------------
-------------------------------------------
| rollout/                |               |
|    ep_len_mean          | 1.44e+03      |
|    ep_rew_mean          | 1.44e+03      |
| time/                   |               |
|    fps                  | 674           |
|    iterations           | 34            |
|    time_elapsed         | 51            |
|    total_timesteps      | 34816         |
| train/                  |               |
|    approx_kl            | 0.011432407   |
|    clip_fraction        | 0.174         |
|    clip_range           | 0.2           |
|    entropy_loss         | -17.1         |
|    explained_variance   | 1.2099743e-05 |
|    learning_rate        | 0.0003        |
|    loss                 | 54.8          |
|    n_updates            | 330           |
|    policy_gradient_loss | -0.0126       |
|    std                  | 1.01          |
|    value_loss           | 117           |
-------------------------------------------
--------------------------------------------
| rollout/                |                |
|    ep_len_mean          | 1.44e+03       |
|    ep_rew_mean          | 1.44e+03       |
| time/                   |                |
|    fps                  | 674            |
|    iterations           | 35             |
|    time_elapsed         | 53             |
|    total_timesteps      | 35840          |
| train/                  |                |
|    approx_kl            | 0.010527145    |
|    clip_fraction        | 0.181          |
|    clip_range           | 0.2            |
|    entropy_loss         | -17.1          |
|    explained_variance   | -6.1035156e-05 |
|    learning_rate        | 0.0003         |
|    loss                 | 53.2           |
|    n_updates            | 340            |
|    policy_gradient_loss | -0.0137        |
|    std                  | 1.01           |
|    value_loss           | 115            |
--------------------------------------------
--------------------------------------------
| rollout/                |                |
|    ep_len_mean          | 1.44e+03       |
|    ep_rew_mean          | 1.44e+03       |
| time/                   |                |
|    fps                  | 674            |
|    iterations           | 36             |
|    time_elapsed         | 54             |
|    total_timesteps      | 36864          |
| train/                  |                |
|    approx_kl            | 0.012662194    |
|    clip_fraction        | 0.158          |
|    clip_range           | 0.2            |
|    entropy_loss         | -17.2          |
|    explained_variance   | -3.2782555e-05 |
|    learning_rate        | 0.0003         |
|    loss                 | 52.6           |
|    n_updates            | 350            |
|    policy_gradient_loss | -0.0129        |
|    std                  | 1.01           |
|    value_loss           | 114            |
--------------------------------------------
--------------------------------------------
| rollout/                |                |
|    ep_len_mean          | 1.44e+03       |
|    ep_rew_mean          | 1.44e+03       |
| time/                   |                |
|    fps                  | 674            |
|    iterations           | 37             |
|    time_elapsed         | 56             |
|    total_timesteps      | 37888          |
| train/                  |                |
|    approx_kl            | 0.016453441    |
|    clip_fraction        | 0.218          |
|    clip_range           | 0.2            |
|    entropy_loss         | -17.2          |
|    explained_variance   | -7.3075294e-05 |
|    learning_rate        | 0.0003         |
|    loss                 | 50.1           |
|    n_updates            | 360            |
|    policy_gradient_loss | -0.0169        |
|    std                  | 1.01           |
|    value_loss           | 109            |
--------------------------------------------
-------------------------------------------
| rollout/                |               |
|    ep_len_mean          | 1.44e+03      |
|    ep_rew_mean          | 1.44e+03      |
| time/                   |               |
|    fps                  | 674           |
|    iterations           | 38            |
|    time_elapsed         | 57            |
|    total_timesteps      | 38912         |
| train/                  |               |
|    approx_kl            | 0.015241566   |
|    clip_fraction        | 0.22          |
|    clip_range           | 0.2           |
|    entropy_loss         | -17.2         |
|    explained_variance   | 1.6093254e-06 |
|    learning_rate        | 0.0003        |
|    loss                 | 48.9          |
|    n_updates            | 370           |
|    policy_gradient_loss | -0.0185       |
|    std                  | 1.02          |
|    value_loss           | 106           |
-------------------------------------------
--------------------------------------------
| rollout/                |                |
|    ep_len_mean          | 1.44e+03       |
|    ep_rew_mean          | 1.44e+03       |
| time/                   |                |
|    fps                  | 674            |
|    iterations           | 39             |
|    time_elapsed         | 59             |
|    total_timesteps      | 39936          |
| train/                  |                |
|    approx_kl            | 0.013128619    |
|    clip_fraction        | 0.134          |
|    clip_range           | 0.2            |
|    entropy_loss         | -17.2          |
|    explained_variance   | -0.00010955334 |
|    learning_rate        | 0.0003         |
|    loss                 | 48.7           |
|    n_updates            | 380            |
|    policy_gradient_loss | -0.0112        |
|    std                  | 1.02           |
|    value_loss           | 105            |
--------------------------------------------
------------------------------------------
| rollout/                |              |
|    ep_len_mean          | 1.44e+03     |
|    ep_rew_mean          | 1.44e+03     |
| time/                   |              |
|    fps                  | 673          |
|    iterations           | 40           |
|    time_elapsed         | 60           |
|    total_timesteps      | 40960        |
| train/                  |              |
|    approx_kl            | 0.011316306  |
|    clip_fraction        | 0.13         |
|    clip_range           | 0.2          |
|    entropy_loss         | -17.2        |
|    explained_variance   | 0.0001013875 |
|    learning_rate        | 0.0003       |
|    loss                 | 47.9         |
|    n_updates            | 390          |
|    policy_gradient_loss | -0.013       |
|    std                  | 1.02         |
|    value_loss           | 104          |
------------------------------------------
------------------------------------------
| rollout/                |              |
|    ep_len_mean          | 1.44e+03     |
|    ep_rew_mean          | 1.44e+03     |
| time/                   |              |
|    fps                  | 673          |
|    iterations           | 41           |
|    time_elapsed         | 62           |
|    total_timesteps      | 41984        |
| train/                  |              |
|    approx_kl            | 0.011661717  |
|    clip_fraction        | 0.137        |
|    clip_range           | 0.2          |
|    entropy_loss         | -17.2        |
|    explained_variance   | -4.87566e-05 |
|    learning_rate        | 0.0003       |
|    loss                 | 45.3         |
|    n_updates            | 400          |
|    policy_gradient_loss | -0.0173      |
|    std                  | 1.02         |
|    value_loss           | 98.6         |
------------------------------------------
-------------------------------------------
| rollout/                |               |
|    ep_len_mean          | 1.44e+03      |
|    ep_rew_mean          | 1.44e+03      |
| time/                   |               |
|    fps                  | 673           |
|    iterations           | 42            |
|    time_elapsed         | 63            |
|    total_timesteps      | 43008         |
| train/                  |               |
|    approx_kl            | 0.012613933   |
|    clip_fraction        | 0.165         |
|    clip_range           | 0.2           |
|    entropy_loss         | -17.2         |
|    explained_variance   | 0.00014728308 |
|    learning_rate        | 0.0003        |
|    loss                 | 43.9          |
|    n_updates            | 410           |
|    policy_gradient_loss | -0.0166       |
|    std                  | 1.02          |
|    value_loss           | 95.8          |
-------------------------------------------
-------------------------------------------
| rollout/                |               |
|    ep_len_mean          | 1.44e+03      |
|    ep_rew_mean          | 1.44e+03      |
| time/                   |               |
|    fps                  | 673           |
|    iterations           | 43            |
|    time_elapsed         | 65            |
|    total_timesteps      | 44032         |
| train/                  |               |
|    approx_kl            | 0.010667304   |
|    clip_fraction        | 0.183         |
|    clip_range           | 0.2           |
|    entropy_loss         | -17.2         |
|    explained_variance   | -4.708767e-05 |
|    learning_rate        | 0.0003        |
|    loss                 | 43.8          |
|    n_updates            | 420           |
|    policy_gradient_loss | -0.014        |
|    std                  | 1.02          |
|    value_loss           | 95.8          |
-------------------------------------------
-------------------------------------------
| rollout/                |               |
|    ep_len_mean          | 1.44e+03      |
|    ep_rew_mean          | 1.44e+03      |
| time/                   |               |
|    fps                  | 673           |
|    iterations           | 44            |
|    time_elapsed         | 66            |
|    total_timesteps      | 45056         |
| train/                  |               |
|    approx_kl            | 0.009966524   |
|    clip_fraction        | 0.138         |
|    clip_range           | 0.2           |
|    entropy_loss         | -17.2         |
|    explained_variance   | 2.4914742e-05 |
|    learning_rate        | 0.0003        |
|    loss                 | 42.4          |
|    n_updates            | 430           |
|    policy_gradient_loss | -0.016        |
|    std                  | 1.02          |
|    value_loss           | 90.9          |
-------------------------------------------
-------------------------------------------
| rollout/                |               |
|    ep_len_mean          | 1.44e+03      |
|    ep_rew_mean          | 1.44e+03      |
| time/                   |               |
|    fps                  | 672           |
|    iterations           | 45            |
|    time_elapsed         | 68            |
|    total_timesteps      | 46080         |
| train/                  |               |
|    approx_kl            | 0.012560909   |
|    clip_fraction        | 0.158         |
|    clip_range           | 0.2           |
|    entropy_loss         | -17.2         |
|    explained_variance   | 3.2782555e-06 |
|    learning_rate        | 0.0003        |
|    loss                 | 41            |
|    n_updates            | 440           |
|    policy_gradient_loss | -0.0164       |
|    std                  | 1.02          |
|    value_loss           | 88.7          |
-------------------------------------------
--------------------------------------------
| rollout/                |                |
|    ep_len_mean          | 1.44e+03       |
|    ep_rew_mean          | 1.44e+03       |
| time/                   |                |
|    fps                  | 672            |
|    iterations           | 46             |
|    time_elapsed         | 70             |
|    total_timesteps      | 47104          |
| train/                  |                |
|    approx_kl            | 0.015787404    |
|    clip_fraction        | 0.239          |
|    clip_range           | 0.2            |
|    entropy_loss         | -17.2          |
|    explained_variance   | -0.00012135506 |
|    learning_rate        | 0.0003         |
|    loss                 | 40.9           |
|    n_updates            | 450            |
|    policy_gradient_loss | -0.0151        |
|    std                  | 1.02           |
|    value_loss           | 88.5           |
--------------------------------------------
-------------------------------------------
| rollout/                |               |
|    ep_len_mean          | 1.44e+03      |
|    ep_rew_mean          | 1.44e+03      |
| time/                   |               |
|    fps                  | 672           |
|    iterations           | 47            |
|    time_elapsed         | 71            |
|    total_timesteps      | 48128         |
| train/                  |               |
|    approx_kl            | 0.010278124   |
|    clip_fraction        | 0.159         |
|    clip_range           | 0.2           |
|    entropy_loss         | -17.2         |
|    explained_variance   | 5.7399273e-05 |
|    learning_rate        | 0.0003        |
|    loss                 | 39.7          |
|    n_updates            | 460           |
|    policy_gradient_loss | -0.0157       |
|    std                  | 1.02          |
|    value_loss           | 86.2          |
-------------------------------------------
-------------------------------------------
| rollout/                |               |
|    ep_len_mean          | 1.44e+03      |
|    ep_rew_mean          | 1.44e+03      |
| time/                   |               |
|    fps                  | 672           |
|    iterations           | 48            |
|    time_elapsed         | 73            |
|    total_timesteps      | 49152         |
| train/                  |               |
|    approx_kl            | 0.011603879   |
|    clip_fraction        | 0.134         |
|    clip_range           | 0.2           |
|    entropy_loss         | -17.2         |
|    explained_variance   | 4.6908855e-05 |
|    learning_rate        | 0.0003        |
|    loss                 | 36.5          |
|    n_updates            | 470           |
|    policy_gradient_loss | -0.0117       |
|    std                  | 1.02          |
|    value_loss           | 81.5          |
-------------------------------------------
--------------------------------------------
| rollout/                |                |
|    ep_len_mean          | 1.44e+03       |
|    ep_rew_mean          | 1.44e+03       |
| time/                   |                |
|    fps                  | 672            |
|    iterations           | 49             |
|    time_elapsed         | 74             |
|    total_timesteps      | 50176          |
| train/                  |                |
|    approx_kl            | 0.009277873    |
|    clip_fraction        | 0.13           |
|    clip_range           | 0.2            |
|    entropy_loss         | -17.2          |
|    explained_variance   | -3.4928322e-05 |
|    learning_rate        | 0.0003         |
|    loss                 | 36.3           |
|    n_updates            | 480            |
|    policy_gradient_loss | -0.0175        |
|    std                  | 1.02           |
|    value_loss           | 78.9           |
--------------------------------------------
--------------------------------------------
| rollout/                |                |
|    ep_len_mean          | 1.44e+03       |
|    ep_rew_mean          | 1.44e+03       |
| time/                   |                |
|    fps                  | 672            |
|    iterations           | 50             |
|    time_elapsed         | 76             |
|    total_timesteps      | 51200          |
| train/                  |                |
|    approx_kl            | 0.016116895    |
|    clip_fraction        | 0.131          |
|    clip_range           | 0.2            |
|    entropy_loss         | -17.2          |
|    explained_variance   | -1.8239021e-05 |
|    learning_rate        | 0.0003         |
|    loss                 | 36.1           |
|    n_updates            | 490            |
|    policy_gradient_loss | -0.0111        |
|    std                  | 1.02           |
|    value_loss           | 79.2           |
--------------------------------------------
-------------------------------------------
| rollout/                |               |
|    ep_len_mean          | 1.44e+03      |
|    ep_rew_mean          | 1.44e+03      |
| time/                   |               |
|    fps                  | 672           |
|    iterations           | 51            |
|    time_elapsed         | 77            |
|    total_timesteps      | 52224         |
| train/                  |               |
|    approx_kl            | 0.013072486   |
|    clip_fraction        | 0.125         |
|    clip_range           | 0.2           |
|    entropy_loss         | -17.2         |
|    explained_variance   | 6.0796738e-06 |
|    learning_rate        | 0.0003        |
|    loss                 | 34.3          |
|    n_updates            | 500           |
|    policy_gradient_loss | -0.014        |
|    std                  | 1.02          |
|    value_loss           | 74.6          |
-------------------------------------------
-------------------------------------------
| rollout/                |               |
|    ep_len_mean          | 1.44e+03      |
|    ep_rew_mean          | 1.44e+03      |
| time/                   |               |
|    fps                  | 671           |
|    iterations           | 52            |
|    time_elapsed         | 79            |
|    total_timesteps      | 53248         |
| train/                  |               |
|    approx_kl            | 0.012291424   |
|    clip_fraction        | 0.13          |
|    clip_range           | 0.2           |
|    entropy_loss         | -17.2         |
|    explained_variance   | 5.0902367e-05 |
|    learning_rate        | 0.0003        |
|    loss                 | 32.8          |
|    n_updates            | 510           |
|    policy_gradient_loss | -0.0161       |
|    std                  | 1.02          |
|    value_loss           | 72.7          |
-------------------------------------------
--------------------------------------------
| rollout/                |                |
|    ep_len_mean          | 1.44e+03       |
|    ep_rew_mean          | 1.44e+03       |
| time/                   |                |
|    fps                  | 671            |
|    iterations           | 53             |
|    time_elapsed         | 80             |
|    total_timesteps      | 54272          |
| train/                  |                |
|    approx_kl            | 0.0128211025   |
|    clip_fraction        | 0.149          |
|    clip_range           | 0.2            |
|    entropy_loss         | -17.2          |
|    explained_variance   | -5.1498413e-05 |
|    learning_rate        | 0.0003         |
|    loss                 | 32.2           |
|    n_updates            | 520            |
|    policy_gradient_loss | -0.0129        |
|    std                  | 1.02           |
|    value_loss           | 72.1           |
--------------------------------------------
-------------------------------------------
| rollout/                |               |
|    ep_len_mean          | 1.44e+03      |
|    ep_rew_mean          | 1.44e+03      |
| time/                   |               |
|    fps                  | 671           |
|    iterations           | 54            |
|    time_elapsed         | 82            |
|    total_timesteps      | 55296         |
| train/                  |               |
|    approx_kl            | 0.01519663    |
|    clip_fraction        | 0.201         |
|    clip_range           | 0.2           |
|    entropy_loss         | -17.3         |
|    explained_variance   | 8.5651875e-05 |
|    learning_rate        | 0.0003        |
|    loss                 | 31            |
|    n_updates            | 530           |
|    policy_gradient_loss | -0.0179       |
|    std                  | 1.02          |
|    value_loss           | 68.2          |
-------------------------------------------
--------------------------------------------
| rollout/                |                |
|    ep_len_mean          | 1.44e+03       |
|    ep_rew_mean          | 1.44e+03       |
| time/                   |                |
|    fps                  | 671            |
|    iterations           | 55             |
|    time_elapsed         | 83             |
|    total_timesteps      | 56320          |
| train/                  |                |
|    approx_kl            | 0.015051094    |
|    clip_fraction        | 0.161          |
|    clip_range           | 0.2            |
|    entropy_loss         | -17.2          |
|    explained_variance   | -4.2319298e-05 |
|    learning_rate        | 0.0003         |
|    loss                 | 29.6           |
|    n_updates            | 540            |
|    policy_gradient_loss | -0.018         |
|    std                  | 1.02           |
|    value_loss           | 66             |
--------------------------------------------
-------------------------------------------
| rollout/                |               |
|    ep_len_mean          | 1.44e+03      |
|    ep_rew_mean          | 1.44e+03      |
| time/                   |               |
|    fps                  | 670           |
|    iterations           | 56            |
|    time_elapsed         | 85            |
|    total_timesteps      | 57344         |
| train/                  |               |
|    approx_kl            | 0.014806401   |
|    clip_fraction        | 0.183         |
|    clip_range           | 0.2           |
|    entropy_loss         | -17.2         |
|    explained_variance   | 1.4424324e-05 |
|    learning_rate        | 0.0003        |
|    loss                 | 28.7          |
|    n_updates            | 550           |
|    policy_gradient_loss | -0.0171       |
|    std                  | 1.02          |
|    value_loss           | 63.9          |
-------------------------------------------
--------------------------------------------
| rollout/                |                |
|    ep_len_mean          | 1.44e+03       |
|    ep_rew_mean          | 1.44e+03       |
| time/                   |                |
|    fps                  | 670            |
|    iterations           | 57             |
|    time_elapsed         | 86             |
|    total_timesteps      | 58368          |
| train/                  |                |
|    approx_kl            | 0.0126838945   |
|    clip_fraction        | 0.162          |
|    clip_range           | 0.2            |
|    entropy_loss         | -17.3          |
|    explained_variance   | -3.7550926e-05 |
|    learning_rate        | 0.0003         |
|    loss                 | 28.9           |
|    n_updates            | 560            |
|    policy_gradient_loss | -0.0103        |
|    std                  | 1.02           |
|    value_loss           | 63.4           |
--------------------------------------------
-------------------------------------------
| rollout/                |               |
|    ep_len_mean          | 1.44e+03      |
|    ep_rew_mean          | 1.44e+03      |
| time/                   |               |
|    fps                  | 671           |
|    iterations           | 58            |
|    time_elapsed         | 88            |
|    total_timesteps      | 59392         |
| train/                  |               |
|    approx_kl            | 0.0120626325  |
|    clip_fraction        | 0.171         |
|    clip_range           | 0.2           |
|    entropy_loss         | -17.3         |
|    explained_variance   | 3.8146973e-06 |
|    learning_rate        | 0.0003        |
|    loss                 | 27            |
|    n_updates            | 570           |
|    policy_gradient_loss | -0.019        |
|    std                  | 1.02          |
|    value_loss           | 59.8          |
-------------------------------------------
------------------------------------------
| rollout/                |              |
|    ep_len_mean          | 1.44e+03     |
|    ep_rew_mean          | 1.44e+03     |
| time/                   |              |
|    fps                  | 671          |
|    iterations           | 59           |
|    time_elapsed         | 89           |
|    total_timesteps      | 60416        |
| train/                  |              |
|    approx_kl            | 0.010796665  |
|    clip_fraction        | 0.134        |
|    clip_range           | 0.2          |
|    entropy_loss         | -17.3        |
|    explained_variance   | -3.33786e-05 |
|    learning_rate        | 0.0003       |
|    loss                 | 26.1         |
|    n_updates            | 580          |
|    policy_gradient_loss | -0.0127      |
|    std                  | 1.02         |
|    value_loss           | 57.5         |
------------------------------------------
------------------------------------------
| rollout/                |              |
|    ep_len_mean          | 1.44e+03     |
|    ep_rew_mean          | 1.44e+03     |
| time/                   |              |
|    fps                  | 671          |
|    iterations           | 60           |
|    time_elapsed         | 91           |
|    total_timesteps      | 61440        |
| train/                  |              |
|    approx_kl            | 0.016556688  |
|    clip_fraction        | 0.165        |
|    clip_range           | 0.2          |
|    entropy_loss         | -17.3        |
|    explained_variance   | 1.770258e-05 |
|    learning_rate        | 0.0003       |
|    loss                 | 25.8         |
|    n_updates            | 590          |
|    policy_gradient_loss | -0.0128      |
|    std                  | 1.02         |
|    value_loss           | 57.5         |
------------------------------------------
------------------------------------------
| rollout/                |              |
|    ep_len_mean          | 1.44e+03     |
|    ep_rew_mean          | 1.44e+03     |
| time/                   |              |
|    fps                  | 671          |
|    iterations           | 61           |
|    time_elapsed         | 93           |
|    total_timesteps      | 62464        |
| train/                  |              |
|    approx_kl            | 0.01691093   |
|    clip_fraction        | 0.152        |
|    clip_range           | 0.2          |
|    entropy_loss         | -17.3        |
|    explained_variance   | 9.953976e-06 |
|    learning_rate        | 0.0003       |
|    loss                 | 24.5         |
|    n_updates            | 600          |
|    policy_gradient_loss | -0.0167      |
|    std                  | 1.03         |
|    value_loss           | 54.2         |
------------------------------------------
-------------------------------------------
| rollout/                |               |
|    ep_len_mean          | 1.44e+03      |
|    ep_rew_mean          | 1.44e+03      |
| time/                   |               |
|    fps                  | 671           |
|    iterations           | 62            |
|    time_elapsed         | 94            |
|    total_timesteps      | 63488         |
| train/                  |               |
|    approx_kl            | 0.012764704   |
|    clip_fraction        | 0.157         |
|    clip_range           | 0.2           |
|    entropy_loss         | -17.4         |
|    explained_variance   | 9.5546246e-05 |
|    learning_rate        | 0.0003        |
|    loss                 | 23.3          |
|    n_updates            | 610           |
|    policy_gradient_loss | -0.017        |
|    std                  | 1.03          |
|    value_loss           | 52            |
-------------------------------------------
--------------------------------------------
| rollout/                |                |
|    ep_len_mean          | 1.44e+03       |
|    ep_rew_mean          | 1.44e+03       |
| time/                   |                |
|    fps                  | 671            |
|    iterations           | 63             |
|    time_elapsed         | 96             |
|    total_timesteps      | 64512          |
| train/                  |                |
|    approx_kl            | 0.022733137    |
|    clip_fraction        | 0.265          |
|    clip_range           | 0.2            |
|    entropy_loss         | -17.4          |
|    explained_variance   | -3.4928322e-05 |
|    learning_rate        | 0.0003         |
|    loss                 | 23             |
|    n_updates            | 620            |
|    policy_gradient_loss | -0.0203        |
|    std                  | 1.03           |
|    value_loss           | 50.6           |
--------------------------------------------
-------------------------------------------
| rollout/                |               |
|    ep_len_mean          | 1.44e+03      |
|    ep_rew_mean          | 1.44e+03      |
| time/                   |               |
|    fps                  | 671           |
|    iterations           | 64            |
|    time_elapsed         | 97            |
|    total_timesteps      | 65536         |
| train/                  |               |
|    approx_kl            | 0.012178028   |
|    clip_fraction        | 0.135         |
|    clip_range           | 0.2           |
|    entropy_loss         | -17.4         |
|    explained_variance   | 1.6629696e-05 |
|    learning_rate        | 0.0003        |
|    loss                 | 22.1          |
|    n_updates            | 630           |
|    policy_gradient_loss | -0.0127       |
|    std                  | 1.03          |
|    value_loss           | 49.7          |
-------------------------------------------
--------------------------------------------
| rollout/                |                |
|    ep_len_mean          | 1.44e+03       |
|    ep_rew_mean          | 1.44e+03       |
| time/                   |                |
|    fps                  | 671            |
|    iterations           | 65             |
|    time_elapsed         | 99             |
|    total_timesteps      | 66560          |
| train/                  |                |
|    approx_kl            | 0.012956943    |
|    clip_fraction        | 0.237          |
|    clip_range           | 0.2            |
|    entropy_loss         | -17.4          |
|    explained_variance   | -1.5735626e-05 |
|    learning_rate        | 0.0003         |
|    loss                 | 21             |
|    n_updates            | 640            |
|    policy_gradient_loss | -0.0175        |
|    std                  | 1.03           |
|    value_loss           | 46.6           |
--------------------------------------------
--------------------------------------------
| rollout/                |                |
|    ep_len_mean          | 1.44e+03       |
|    ep_rew_mean          | 1.44e+03       |
| time/                   |                |
|    fps                  | 672            |
|    iterations           | 66             |
|    time_elapsed         | 100            |
|    total_timesteps      | 67584          |
| train/                  |                |
|    approx_kl            | 0.017702496    |
|    clip_fraction        | 0.204          |
|    clip_range           | 0.2            |
|    entropy_loss         | -17.4          |
|    explained_variance   | -2.5510788e-05 |
|    learning_rate        | 0.0003         |
|    loss                 | 19.6           |
|    n_updates            | 650            |
|    policy_gradient_loss | -0.02          |
|    std                  | 1.03           |
|    value_loss           | 44.9           |
--------------------------------------------
-------------------------------------------
| rollout/                |               |
|    ep_len_mean          | 1.44e+03      |
|    ep_rew_mean          | 1.44e+03      |
| time/                   |               |
|    fps                  | 672           |
|    iterations           | 67            |
|    time_elapsed         | 102           |
|    total_timesteps      | 68608         |
| train/                  |               |
|    approx_kl            | 0.017574282   |
|    clip_fraction        | 0.19          |
|    clip_range           | 0.2           |
|    entropy_loss         | -17.4         |
|    explained_variance   | -6.341934e-05 |
|    learning_rate        | 0.0003        |
|    loss                 | 20            |
|    n_updates            | 660           |
|    policy_gradient_loss | -0.014        |
|    std                  | 1.04          |
|    value_loss           | 44.4          |
-------------------------------------------
-------------------------------------------
| rollout/                |               |
|    ep_len_mean          | 1.44e+03      |
|    ep_rew_mean          | 1.44e+03      |
| time/                   |               |
|    fps                  | 672           |
|    iterations           | 68            |
|    time_elapsed         | 103           |
|    total_timesteps      | 69632         |
| train/                  |               |
|    approx_kl            | 0.015463609   |
|    clip_fraction        | 0.142         |
|    clip_range           | 0.2           |
|    entropy_loss         | -17.5         |
|    explained_variance   | 1.5318394e-05 |
|    learning_rate        | 0.0003        |
|    loss                 | 18.9          |
|    n_updates            | 670           |
|    policy_gradient_loss | -0.0148       |
|    std                  | 1.04          |
|    value_loss           | 42.1          |
-------------------------------------------
--------------------------------------------
| rollout/                |                |
|    ep_len_mean          | 1.44e+03       |
|    ep_rew_mean          | 1.44e+03       |
| time/                   |                |
|    fps                  | 672            |
|    iterations           | 69             |
|    time_elapsed         | 105            |
|    total_timesteps      | 70656          |
| train/                  |                |
|    approx_kl            | 0.0151035655   |
|    clip_fraction        | 0.147          |
|    clip_range           | 0.2            |
|    entropy_loss         | -17.5          |
|    explained_variance   | -2.2053719e-05 |
|    learning_rate        | 0.0003         |
|    loss                 | 17.6           |
|    n_updates            | 680            |
|    policy_gradient_loss | -0.0157        |
|    std                  | 1.04           |
|    value_loss           | 40.5           |
--------------------------------------------
--------------------------------------------
| rollout/                |                |
|    ep_len_mean          | 1.44e+03       |
|    ep_rew_mean          | 1.44e+03       |
| time/                   |                |
|    fps                  | 672            |
|    iterations           | 70             |
|    time_elapsed         | 106            |
|    total_timesteps      | 71680          |
| train/                  |                |
|    approx_kl            | 0.015164495    |
|    clip_fraction        | 0.163          |
|    clip_range           | 0.2            |
|    entropy_loss         | -17.5          |
|    explained_variance   | -5.9604645e-06 |
|    learning_rate        | 0.0003         |
|    loss                 | 16.8           |
|    n_updates            | 690            |
|    policy_gradient_loss | -0.0188        |
|    std                  | 1.04           |
|    value_loss           | 38.6           |
--------------------------------------------
--------------------------------------------
| rollout/                |                |
|    ep_len_mean          | 1.44e+03       |
|    ep_rew_mean          | 1.44e+03       |
| time/                   |                |
|    fps                  | 672            |
|    iterations           | 71             |
|    time_elapsed         | 108            |
|    total_timesteps      | 72704          |
| train/                  |                |
|    approx_kl            | 0.01999969     |
|    clip_fraction        | 0.232          |
|    clip_range           | 0.2            |
|    entropy_loss         | -17.5          |
|    explained_variance   | -3.6239624e-05 |
|    learning_rate        | 0.0003         |
|    loss                 | 16.6           |
|    n_updates            | 700            |
|    policy_gradient_loss | -0.0163        |
|    std                  | 1.04           |
|    value_loss           | 37.8           |
--------------------------------------------
-------------------------------------------
| rollout/                |               |
|    ep_len_mean          | 1.44e+03      |
|    ep_rew_mean          | 1.44e+03      |
| time/                   |               |
|    fps                  | 672           |
|    iterations           | 72            |
|    time_elapsed         | 109           |
|    total_timesteps      | 73728         |
| train/                  |               |
|    approx_kl            | 0.011307345   |
|    clip_fraction        | 0.156         |
|    clip_range           | 0.2           |
|    entropy_loss         | -17.5         |
|    explained_variance   | -1.692772e-05 |
|    learning_rate        | 0.0003        |
|    loss                 | 15.4          |
|    n_updates            | 710           |
|    policy_gradient_loss | -0.0167       |
|    std                  | 1.04          |
|    value_loss           | 35.9          |
-------------------------------------------
--------------------------------------------
| rollout/                |                |
|    ep_len_mean          | 1.44e+03       |
|    ep_rew_mean          | 1.44e+03       |
| time/                   |                |
|    fps                  | 672            |
|    iterations           | 73             |
|    time_elapsed         | 111            |
|    total_timesteps      | 74752          |
| train/                  |                |
|    approx_kl            | 0.010936925    |
|    clip_fraction        | 0.119          |
|    clip_range           | 0.2            |
|    entropy_loss         | -17.5          |
|    explained_variance   | -1.8715858e-05 |
|    learning_rate        | 0.0003         |
|    loss                 | 14.7           |
|    n_updates            | 720            |
|    policy_gradient_loss | -0.015         |
|    std                  | 1.04           |
|    value_loss           | 34.1           |
--------------------------------------------
-------------------------------------------
| rollout/                |               |
|    ep_len_mean          | 1.44e+03      |
|    ep_rew_mean          | 1.44e+03      |
| time/                   |               |
|    fps                  | 672           |
|    iterations           | 74            |
|    time_elapsed         | 112           |
|    total_timesteps      | 75776         |
| train/                  |               |
|    approx_kl            | 0.018718055   |
|    clip_fraction        | 0.167         |
|    clip_range           | 0.2           |
|    entropy_loss         | -17.5         |
|    explained_variance   | -8.893013e-05 |
|    learning_rate        | 0.0003        |
|    loss                 | 14.8          |
|    n_updates            | 730           |
|    policy_gradient_loss | -0.0161       |
|    std                  | 1.03          |
|    value_loss           | 33.7          |
-------------------------------------------
-------------------------------------------
| rollout/                |               |
|    ep_len_mean          | 1.44e+03      |
|    ep_rew_mean          | 1.44e+03      |
| time/                   |               |
|    fps                  | 672           |
|    iterations           | 75            |
|    time_elapsed         | 114           |
|    total_timesteps      | 76800         |
| train/                  |               |
|    approx_kl            | 0.009784564   |
|    clip_fraction        | 0.114         |
|    clip_range           | 0.2           |
|    entropy_loss         | -17.4         |
|    explained_variance   | 3.3795834e-05 |
|    learning_rate        | 0.0003        |
|    loss                 | 13.8          |
|    n_updates            | 740           |
|    policy_gradient_loss | -0.0147       |
|    std                  | 1.03          |
|    value_loss           | 31.4          |
-------------------------------------------
------------------------------------------
| rollout/                |              |
|    ep_len_mean          | 1.44e+03     |
|    ep_rew_mean          | 1.44e+03     |
| time/                   |              |
|    fps                  | 672          |
|    iterations           | 76           |
|    time_elapsed         | 115          |
|    total_timesteps      | 77824        |
| train/                  |              |
|    approx_kl            | 0.016429981  |
|    clip_fraction        | 0.132        |
|    clip_range           | 0.2          |
|    entropy_loss         | -17.4        |
|    explained_variance   | 2.938509e-05 |
|    learning_rate        | 0.0003       |
|    loss                 | 12.9         |
|    n_updates            | 750          |
|    policy_gradient_loss | -0.0163      |
|    std                  | 1.03         |
|    value_loss           | 30.2         |
------------------------------------------
-------------------------------------------
| rollout/                |               |
|    ep_len_mean          | 1.44e+03      |
|    ep_rew_mean          | 1.44e+03      |
| time/                   |               |
|    fps                  | 672           |
|    iterations           | 77            |
|    time_elapsed         | 117           |
|    total_timesteps      | 78848         |
| train/                  |               |
|    approx_kl            | 0.016584655   |
|    clip_fraction        | 0.197         |
|    clip_range           | 0.2           |
|    entropy_loss         | -17.4         |
|    explained_variance   | 5.9604645e-08 |
|    learning_rate        | 0.0003        |
|    loss                 | 12.4          |
|    n_updates            | 760           |
|    policy_gradient_loss | -0.0179       |
|    std                  | 1.04          |
|    value_loss           | 28.7          |
-------------------------------------------
--------------------------------------------
| rollout/                |                |
|    ep_len_mean          | 1.44e+03       |
|    ep_rew_mean          | 1.44e+03       |
| time/                   |                |
|    fps                  | 671            |
|    iterations           | 78             |
|    time_elapsed         | 118            |
|    total_timesteps      | 79872          |
| train/                  |                |
|    approx_kl            | 0.015407518    |
|    clip_fraction        | 0.216          |
|    clip_range           | 0.2            |
|    entropy_loss         | -17.5          |
|    explained_variance   | -5.3167343e-05 |
|    learning_rate        | 0.0003         |
|    loss                 | 12             |
|    n_updates            | 770            |
|    policy_gradient_loss | -0.0172        |
|    std                  | 1.04           |
|    value_loss           | 28             |
--------------------------------------------
--------------------------------------------
| rollout/                |                |
|    ep_len_mean          | 1.44e+03       |
|    ep_rew_mean          | 1.45e+03       |
| time/                   |                |
|    fps                  | 671            |
|    iterations           | 79             |
|    time_elapsed         | 120            |
|    total_timesteps      | 80896          |
| train/                  |                |
|    approx_kl            | 0.017928272    |
|    clip_fraction        | 0.236          |
|    clip_range           | 0.2            |
|    entropy_loss         | -17.5          |
|    explained_variance   | -1.7166138e-05 |
|    learning_rate        | 0.0003         |
|    loss                 | 11.1           |
|    n_updates            | 780            |
|    policy_gradient_loss | -0.0206        |
|    std                  | 1.04           |
|    value_loss           | 26.1           |
--------------------------------------------
------------------------------------------
| rollout/                |              |
|    ep_len_mean          | 1.44e+03     |
|    ep_rew_mean          | 1.45e+03     |
| time/                   |              |
|    fps                  | 671          |
|    iterations           | 80           |
|    time_elapsed         | 122          |
|    total_timesteps      | 81920        |
| train/                  |              |
|    approx_kl            | 0.015243327  |
|    clip_fraction        | 0.263        |
|    clip_range           | 0.2          |
|    entropy_loss         | -17.5        |
|    explained_variance   | 0.0002245307 |
|    learning_rate        | 0.0003       |
|    loss                 | 10.5         |
|    n_updates            | 790          |
|    policy_gradient_loss | -0.0192      |
|    std                  | 1.05         |
|    value_loss           | 24.5         |
------------------------------------------
-------------------------------------------
| rollout/                |               |
|    ep_len_mean          | 1.44e+03      |
|    ep_rew_mean          | 1.45e+03      |
| time/                   |               |
|    fps                  | 670           |
|    iterations           | 81            |
|    time_elapsed         | 123           |
|    total_timesteps      | 82944         |
| train/                  |               |
|    approx_kl            | 0.015510747   |
|    clip_fraction        | 0.172         |
|    clip_range           | 0.2           |
|    entropy_loss         | -17.5         |
|    explained_variance   | 1.8537045e-05 |
|    learning_rate        | 0.0003        |
|    loss                 | 10.3          |
|    n_updates            | 800           |
|    policy_gradient_loss | -0.0192       |
|    std                  | 1.05          |
|    value_loss           | 24            |
-------------------------------------------
------------------------------------------
| rollout/                |              |
|    ep_len_mean          | 1.44e+03     |
|    ep_rew_mean          | 1.45e+03     |
| time/                   |              |
|    fps                  | 670          |
|    iterations           | 82           |
|    time_elapsed         | 125          |
|    total_timesteps      | 83968        |
| train/                  |              |
|    approx_kl            | 0.018633198  |
|    clip_fraction        | 0.192        |
|    clip_range           | 0.2          |
|    entropy_loss         | -17.6        |
|    explained_variance   | 4.851818e-05 |
|    learning_rate        | 0.0003       |
|    loss                 | 9.43         |
|    n_updates            | 810          |
|    policy_gradient_loss | -0.0197      |
|    std                  | 1.05         |
|    value_loss           | 22.2         |
------------------------------------------
-------------------------------------------
| rollout/                |               |
|    ep_len_mean          | 1.44e+03      |
|    ep_rew_mean          | 1.45e+03      |
| time/                   |               |
|    fps                  | 670           |
|    iterations           | 83            |
|    time_elapsed         | 126           |
|    total_timesteps      | 84992         |
| train/                  |               |
|    approx_kl            | 0.013098771   |
|    clip_fraction        | 0.186         |
|    clip_range           | 0.2           |
|    entropy_loss         | -17.6         |
|    explained_variance   | 3.7312508e-05 |
|    learning_rate        | 0.0003        |
|    loss                 | 8.75          |
|    n_updates            | 820           |
|    policy_gradient_loss | -0.0188       |
|    std                  | 1.05          |
|    value_loss           | 20.8          |
-------------------------------------------
--------------------------------------------
| rollout/                |                |
|    ep_len_mean          | 1.44e+03       |
|    ep_rew_mean          | 1.45e+03       |
| time/                   |                |
|    fps                  | 670            |
|    iterations           | 84             |
|    time_elapsed         | 128            |
|    total_timesteps      | 86016          |
| train/                  |                |
|    approx_kl            | 0.016631406    |
|    clip_fraction        | 0.166          |
|    clip_range           | 0.2            |
|    entropy_loss         | -17.6          |
|    explained_variance   | -2.3841858e-06 |
|    learning_rate        | 0.0003         |
|    loss                 | 8.3            |
|    n_updates            | 830            |
|    policy_gradient_loss | -0.0176        |
|    std                  | 1.05           |
|    value_loss           | 19.9           |
--------------------------------------------
-------------------------------------------
| rollout/                |               |
|    ep_len_mean          | 1.44e+03      |
|    ep_rew_mean          | 1.45e+03      |
| time/                   |               |
|    fps                  | 670           |
|    iterations           | 85            |
|    time_elapsed         | 129           |
|    total_timesteps      | 87040         |
| train/                  |               |
|    approx_kl            | 0.014135212   |
|    clip_fraction        | 0.224         |
|    clip_range           | 0.2           |
|    entropy_loss         | -17.6         |
|    explained_variance   | -2.002716e-05 |
|    learning_rate        | 0.0003        |
|    loss                 | 7.96          |
|    n_updates            | 840           |
|    policy_gradient_loss | -0.0182       |
|    std                  | 1.05          |
|    value_loss           | 19.3          |
-------------------------------------------
--------------------------------------------
| rollout/                |                |
|    ep_len_mean          | 1.44e+03       |
|    ep_rew_mean          | 1.45e+03       |
| time/                   |                |
|    fps                  | 670            |
|    iterations           | 86             |
|    time_elapsed         | 131            |
|    total_timesteps      | 88064          |
| train/                  |                |
|    approx_kl            | 0.014677827    |
|    clip_fraction        | 0.163          |
|    clip_range           | 0.2            |
|    entropy_loss         | -17.6          |
|    explained_variance   | -2.9563904e-05 |
|    learning_rate        | 0.0003         |
|    loss                 | 7.31           |
|    n_updates            | 850            |
|    policy_gradient_loss | -0.0184        |
|    std                  | 1.05           |
|    value_loss           | 17.8           |
--------------------------------------------
--------------------------------------------
| rollout/                |                |
|    ep_len_mean          | 1.44e+03       |
|    ep_rew_mean          | 1.45e+03       |
| time/                   |                |
|    fps                  | 670            |
|    iterations           | 87             |
|    time_elapsed         | 132            |
|    total_timesteps      | 89088          |
| train/                  |                |
|    approx_kl            | 0.02145007     |
|    clip_fraction        | 0.174          |
|    clip_range           | 0.2            |
|    entropy_loss         | -17.6          |
|    explained_variance   | -1.1086464e-05 |
|    learning_rate        | 0.0003         |
|    loss                 | 6.78           |
|    n_updates            | 860            |
|    policy_gradient_loss | -0.0209        |
|    std                  | 1.05           |
|    value_loss           | 16.6           |
--------------------------------------------
------------------------------------------
| rollout/                |              |
|    ep_len_mean          | 1.44e+03     |
|    ep_rew_mean          | 1.45e+03     |
| time/                   |              |
|    fps                  | 670          |
|    iterations           | 88           |
|    time_elapsed         | 134          |
|    total_timesteps      | 90112        |
| train/                  |              |
|    approx_kl            | 0.0133708995 |
|    clip_fraction        | 0.13         |
|    clip_range           | 0.2          |
|    entropy_loss         | -17.6        |
|    explained_variance   | 4.440546e-05 |
|    learning_rate        | 0.0003       |
|    loss                 | 6.6          |
|    n_updates            | 870          |
|    policy_gradient_loss | -0.016       |
|    std                  | 1.05         |
|    value_loss           | 16.1         |
------------------------------------------
-------------------------------------------
| rollout/                |               |
|    ep_len_mean          | 1.44e+03      |
|    ep_rew_mean          | 1.45e+03      |
| time/                   |               |
|    fps                  | 670           |
|    iterations           | 89            |
|    time_elapsed         | 135           |
|    total_timesteps      | 91136         |
| train/                  |               |
|    approx_kl            | 0.0143052805  |
|    clip_fraction        | 0.163         |
|    clip_range           | 0.2           |
|    entropy_loss         | -17.6         |
|    explained_variance   | 2.4855137e-05 |
|    learning_rate        | 0.0003        |
|    loss                 | 6.03          |
|    n_updates            | 880           |
|    policy_gradient_loss | -0.0152       |
|    std                  | 1.05          |
|    value_loss           | 14.8          |
-------------------------------------------
-------------------------------------------
| rollout/                |               |
|    ep_len_mean          | 1.44e+03      |
|    ep_rew_mean          | 1.45e+03      |
| time/                   |               |
|    fps                  | 670           |
|    iterations           | 90            |
|    time_elapsed         | 137           |
|    total_timesteps      | 92160         |
| train/                  |               |
|    approx_kl            | 0.015901422   |
|    clip_fraction        | 0.155         |
|    clip_range           | 0.2           |
|    entropy_loss         | -17.6         |
|    explained_variance   | -4.887581e-06 |
|    learning_rate        | 0.0003        |
|    loss                 | 5.44          |
|    n_updates            | 890           |
|    policy_gradient_loss | -0.0161       |
|    std                  | 1.05          |
|    value_loss           | 13.6          |
-------------------------------------------
-------------------------------------------
| rollout/                |               |
|    ep_len_mean          | 1.44e+03      |
|    ep_rew_mean          | 1.45e+03      |
| time/                   |               |
|    fps                  | 670           |
|    iterations           | 91            |
|    time_elapsed         | 138           |
|    total_timesteps      | 93184         |
| train/                  |               |
|    approx_kl            | 0.013946535   |
|    clip_fraction        | 0.199         |
|    clip_range           | 0.2           |
|    entropy_loss         | -17.6         |
|    explained_variance   | 1.7106533e-05 |
|    learning_rate        | 0.0003        |
|    loss                 | 5.18          |
|    n_updates            | 900           |
|    policy_gradient_loss | -0.0172       |
|    std                  | 1.05          |
|    value_loss           | 13            |
-------------------------------------------
---------------------------------------------
| rollout/                |                 |
|    ep_len_mean          | 1.44e+03        |
|    ep_rew_mean          | 1.45e+03        |
| time/                   |                 |
|    fps                  | 670             |
|    iterations           | 92              |
|    time_elapsed         | 140             |
|    total_timesteps      | 94208           |
| train/                  |                 |
|    approx_kl            | 0.018875774     |
|    clip_fraction        | 0.238           |
|    clip_range           | 0.2             |
|    entropy_loss         | -17.6           |
|    explained_variance   | -1.21593475e-05 |
|    learning_rate        | 0.0003          |
|    loss                 | 4.92            |
|    n_updates            | 910             |
|    policy_gradient_loss | -0.019          |
|    std                  | 1.05            |
|    value_loss           | 12.3            |
---------------------------------------------
-------------------------------------------
| rollout/                |               |
|    ep_len_mean          | 1.44e+03      |
|    ep_rew_mean          | 1.45e+03      |
| time/                   |               |
|    fps                  | 670           |
|    iterations           | 93            |
|    time_elapsed         | 142           |
|    total_timesteps      | 95232         |
| train/                  |               |
|    approx_kl            | 0.017202161   |
|    clip_fraction        | 0.196         |
|    clip_range           | 0.2           |
|    entropy_loss         | -17.6         |
|    explained_variance   | -3.671646e-05 |
|    learning_rate        | 0.0003        |
|    loss                 | 4.16          |
|    n_updates            | 920           |
|    policy_gradient_loss | -0.0214       |
|    std                  | 1.05          |
|    value_loss           | 10.8          |
-------------------------------------------
--------------------------------------------
| rollout/                |                |
|    ep_len_mean          | 1.44e+03       |
|    ep_rew_mean          | 1.45e+03       |
| time/                   |                |
|    fps                  | 670            |
|    iterations           | 94             |
|    time_elapsed         | 143            |
|    total_timesteps      | 96256          |
| train/                  |                |
|    approx_kl            | 0.018834108    |
|    clip_fraction        | 0.234          |
|    clip_range           | 0.2            |
|    entropy_loss         | -17.6          |
|    explained_variance   | -2.0861626e-05 |
|    learning_rate        | 0.0003         |
|    loss                 | 3.98           |
|    n_updates            | 930            |
|    policy_gradient_loss | -0.0208        |
|    std                  | 1.05           |
|    value_loss           | 10.2           |
--------------------------------------------
-------------------------------------------
| rollout/                |               |
|    ep_len_mean          | 1.44e+03      |
|    ep_rew_mean          | 1.45e+03      |
| time/                   |               |
|    fps                  | 670           |
|    iterations           | 95            |
|    time_elapsed         | 145           |
|    total_timesteps      | 97280         |
| train/                  |               |
|    approx_kl            | 0.015359197   |
|    clip_fraction        | 0.179         |
|    clip_range           | 0.2           |
|    entropy_loss         | -17.6         |
|    explained_variance   | 6.0498714e-05 |
|    learning_rate        | 0.0003        |
|    loss                 | 3.71          |
|    n_updates            | 940           |
|    policy_gradient_loss | -0.0189       |
|    std                  | 1.05          |
|    value_loss           | 9.74          |
-------------------------------------------
--------------------------------------------
| rollout/                |                |
|    ep_len_mean          | 1.44e+03       |
|    ep_rew_mean          | 1.45e+03       |
| time/                   |                |
|    fps                  | 670            |
|    iterations           | 96             |
|    time_elapsed         | 146            |
|    total_timesteps      | 98304          |
| train/                  |                |
|    approx_kl            | 0.016764188    |
|    clip_fraction        | 0.225          |
|    clip_range           | 0.2            |
|    entropy_loss         | -17.6          |
|    explained_variance   | -1.8835068e-05 |
|    learning_rate        | 0.0003         |
|    loss                 | 3.29           |
|    n_updates            | 950            |
|    policy_gradient_loss | -0.0232        |
|    std                  | 1.05           |
|    value_loss           | 8.73           |
--------------------------------------------
-------------------------------------------
| rollout/                |               |
|    ep_len_mean          | 1.44e+03      |
|    ep_rew_mean          | 1.45e+03      |
| time/                   |               |
|    fps                  | 670           |
|    iterations           | 97            |
|    time_elapsed         | 148           |
|    total_timesteps      | 99328         |
| train/                  |               |
|    approx_kl            | 0.015985765   |
|    clip_fraction        | 0.201         |
|    clip_range           | 0.2           |
|    entropy_loss         | -17.6         |
|    explained_variance   | 2.2053719e-06 |
|    learning_rate        | 0.0003        |
|    loss                 | 2.87          |
|    n_updates            | 960           |
|    policy_gradient_loss | -0.0202       |
|    std                  | 1.05          |
|    value_loss           | 7.86          |
-------------------------------------------
------------------------------------------
| rollout/                |              |
|    ep_len_mean          | 1.44e+03     |
|    ep_rew_mean          | 1.45e+03     |
| time/                   |              |
|    fps                  | 670          |
|    iterations           | 98           |
|    time_elapsed         | 149          |
|    total_timesteps      | 100352       |
| train/                  |              |
|    approx_kl            | 0.014585711  |
|    clip_fraction        | 0.2          |
|    clip_range           | 0.2          |
|    entropy_loss         | -17.6        |
|    explained_variance   | 4.416704e-05 |
|    learning_rate        | 0.0003       |
|    loss                 | 2.75         |
|    n_updates            | 970          |
|    policy_gradient_loss | -0.0171      |
|    std                  | 1.05         |
|    value_loss           | 7.61         |
------------------------------------------
------------------------------------------
| rollout/                |              |
|    ep_len_mean          | 1.44e+03     |
|    ep_rew_mean          | 1.45e+03     |
| time/                   |              |
|    fps                  | 670          |
|    iterations           | 99           |
|    time_elapsed         | 151          |
|    total_timesteps      | 101376       |
| train/                  |              |
|    approx_kl            | 0.01910254   |
|    clip_fraction        | 0.213        |
|    clip_range           | 0.2          |
|    entropy_loss         | -17.6        |
|    explained_variance   | -2.18153e-05 |
|    learning_rate        | 0.0003       |
|    loss                 | 2.36         |
|    n_updates            | 980          |
|    policy_gradient_loss | -0.0187      |
|    std                  | 1.05         |
|    value_loss           | 6.62         |
------------------------------------------
--------------------------------------------
| rollout/                |                |
|    ep_len_mean          | 1.44e+03       |
|    ep_rew_mean          | 1.45e+03       |
| time/                   |                |
|    fps                  | 670            |
|    iterations           | 100            |
|    time_elapsed         | 152            |
|    total_timesteps      | 102400         |
| train/                  |                |
|    approx_kl            | 0.016131839    |
|    clip_fraction        | 0.221          |
|    clip_range           | 0.2            |
|    entropy_loss         | -17.6          |
|    explained_variance   | -1.6212463e-05 |
|    learning_rate        | 0.0003         |
|    loss                 | 2.16           |
|    n_updates            | 990            |
|    policy_gradient_loss | -0.0197        |
|    std                  | 1.05           |
|    value_loss           | 6.07           |
--------------------------------------------
--------------------------------------------
| rollout/                |                |
|    ep_len_mean          | 1.44e+03       |
|    ep_rew_mean          | 1.45e+03       |
| time/                   |                |
|    fps                  | 671            |
|    iterations           | 101            |
|    time_elapsed         | 154            |
|    total_timesteps      | 103424         |
| train/                  |                |
|    approx_kl            | 0.021430165    |
|    clip_fraction        | 0.206          |
|    clip_range           | 0.2            |
|    entropy_loss         | -17.6          |
|    explained_variance   | -1.1563301e-05 |
|    learning_rate        | 0.0003         |
|    loss                 | 1.86           |
|    n_updates            | 1000           |
|    policy_gradient_loss | -0.0195        |
|    std                  | 1.05           |
|    value_loss           | 5.38           |
--------------------------------------------
-------------------------------------------
| rollout/                |               |
|    ep_len_mean          | 1.44e+03      |
|    ep_rew_mean          | 1.45e+03      |
| time/                   |               |
|    fps                  | 670           |
|    iterations           | 102           |
|    time_elapsed         | 155           |
|    total_timesteps      | 104448        |
| train/                  |               |
|    approx_kl            | 0.018317409   |
|    clip_fraction        | 0.194         |
|    clip_range           | 0.2           |
|    entropy_loss         | -17.7         |
|    explained_variance   | -2.026558e-05 |
|    learning_rate        | 0.0003        |
|    loss                 | 1.68          |
|    n_updates            | 1010          |
|    policy_gradient_loss | -0.0188       |
|    std                  | 1.05          |
|    value_loss           | 5.07          |
-------------------------------------------
-------------------------------------------
| rollout/                |               |
|    ep_len_mean          | 1.44e+03      |
|    ep_rew_mean          | 1.45e+03      |
| time/                   |               |
|    fps                  | 670           |
|    iterations           | 103           |
|    time_elapsed         | 157           |
|    total_timesteps      | 105472        |
| train/                  |               |
|    approx_kl            | 0.017302925   |
|    clip_fraction        | 0.205         |
|    clip_range           | 0.2           |
|    entropy_loss         | -17.7         |
|    explained_variance   | 2.0623207e-05 |
|    learning_rate        | 0.0003        |
|    loss                 | 1.36          |
|    n_updates            | 1020          |
|    policy_gradient_loss | -0.0198       |
|    std                  | 1.06          |
|    value_loss           | 4.18          |
-------------------------------------------
--------------------------------------------
| rollout/                |                |
|    ep_len_mean          | 1.44e+03       |
|    ep_rew_mean          | 1.45e+03       |
| time/                   |                |
|    fps                  | 670            |
|    iterations           | 104            |
|    time_elapsed         | 158            |
|    total_timesteps      | 106496         |
| train/                  |                |
|    approx_kl            | 0.017388877    |
|    clip_fraction        | 0.217          |
|    clip_range           | 0.2            |
|    entropy_loss         | -17.7          |
|    explained_variance   | -1.7762184e-05 |
|    learning_rate        | 0.0003         |
|    loss                 | 1.15           |
|    n_updates            | 1030           |
|    policy_gradient_loss | -0.0205        |
|    std                  | 1.06           |
|    value_loss           | 3.76           |
--------------------------------------------
--------------------------------------------
| rollout/                |                |
|    ep_len_mean          | 1.44e+03       |
|    ep_rew_mean          | 1.45e+03       |
| time/                   |                |
|    fps                  | 670            |
|    iterations           | 105            |
|    time_elapsed         | 160            |
|    total_timesteps      | 107520         |
| train/                  |                |
|    approx_kl            | 0.020266116    |
|    clip_fraction        | 0.252          |
|    clip_range           | 0.2            |
|    entropy_loss         | -17.7          |
|    explained_variance   | -2.6226044e-06 |
|    learning_rate        | 0.0003         |
|    loss                 | 1.03           |
|    n_updates            | 1040           |
|    policy_gradient_loss | -0.0225        |
|    std                  | 1.06           |
|    value_loss           | 3.42           |
--------------------------------------------
--------------------------------------------
| rollout/                |                |
|    ep_len_mean          | 1.44e+03       |
|    ep_rew_mean          | 1.45e+03       |
| time/                   |                |
|    fps                  | 669            |
|    iterations           | 106            |
|    time_elapsed         | 162            |
|    total_timesteps      | 108544         |
| train/                  |                |
|    approx_kl            | 0.018520335    |
|    clip_fraction        | 0.223          |
|    clip_range           | 0.2            |
|    entropy_loss         | -17.7          |
|    explained_variance   | -5.4359436e-05 |
|    learning_rate        | 0.0003         |
|    loss                 | 0.858          |
|    n_updates            | 1050           |
|    policy_gradient_loss | -0.0258        |
|    std                  | 1.05           |
|    value_loss           | 2.95           |
--------------------------------------------
------------------------------------------
| rollout/                |              |
|    ep_len_mean          | 1.44e+03     |
|    ep_rew_mean          | 1.45e+03     |
| time/                   |              |
|    fps                  | 669          |
|    iterations           | 107          |
|    time_elapsed         | 163          |
|    total_timesteps      | 109568       |
| train/                  |              |
|    approx_kl            | 0.022600414  |
|    clip_fraction        | 0.267        |
|    clip_range           | 0.2          |
|    entropy_loss         | -17.6        |
|    explained_variance   | 6.556511e-07 |
|    learning_rate        | 0.0003       |
|    loss                 | 0.637        |
|    n_updates            | 1060         |
|    policy_gradient_loss | -0.022       |
|    std                  | 1.06         |
|    value_loss           | 2.44         |
------------------------------------------
------------------------------------------
| rollout/                |              |
|    ep_len_mean          | 1.44e+03     |
|    ep_rew_mean          | 1.45e+03     |
| time/                   |              |
|    fps                  | 669          |
|    iterations           | 108          |
|    time_elapsed         | 165          |
|    total_timesteps      | 110592       |
| train/                  |              |
|    approx_kl            | 0.020845994  |
|    clip_fraction        | 0.247        |
|    clip_range           | 0.2          |
|    entropy_loss         | -17.7        |
|    explained_variance   | 9.119511e-06 |
|    learning_rate        | 0.0003       |
|    loss                 | 0.544        |
|    n_updates            | 1070         |
|    policy_gradient_loss | -0.0262      |
|    std                  | 1.06         |
|    value_loss           | 2.13         |
------------------------------------------
-------------------------------------------
| rollout/                |               |
|    ep_len_mean          | 1.44e+03      |
|    ep_rew_mean          | 1.45e+03      |
| time/                   |               |
|    fps                  | 669           |
|    iterations           | 109           |
|    time_elapsed         | 166           |
|    total_timesteps      | 111616        |
| train/                  |               |
|    approx_kl            | 0.020866025   |
|    clip_fraction        | 0.237         |
|    clip_range           | 0.2           |
|    entropy_loss         | -17.7         |
|    explained_variance   | 1.1026859e-05 |
|    learning_rate        | 0.0003        |
|    loss                 | 0.471         |
|    n_updates            | 1080          |
|    policy_gradient_loss | -0.0251       |
|    std                  | 1.05          |
|    value_loss           | 1.99          |
-------------------------------------------
--------------------------------------------
| rollout/                |                |
|    ep_len_mean          | 1.44e+03       |
|    ep_rew_mean          | 1.45e+03       |
| time/                   |                |
|    fps                  | 669            |
|    iterations           | 110            |
|    time_elapsed         | 168            |
|    total_timesteps      | 112640         |
| train/                  |                |
|    approx_kl            | 0.018234039    |
|    clip_fraction        | 0.206          |
|    clip_range           | 0.2            |
|    entropy_loss         | -17.6          |
|    explained_variance   | -5.4359436e-05 |
|    learning_rate        | 0.0003         |
|    loss                 | 0.366          |
|    n_updates            | 1090           |
|    policy_gradient_loss | -0.022         |
|    std                  | 1.05           |
|    value_loss           | 1.6            |
--------------------------------------------
-------------------------------------------
| rollout/                |               |
|    ep_len_mean          | 1.44e+03      |
|    ep_rew_mean          | 1.45e+03      |
| time/                   |               |
|    fps                  | 669           |
|    iterations           | 111           |
|    time_elapsed         | 169           |
|    total_timesteps      | 113664        |
| train/                  |               |
|    approx_kl            | 0.020530775   |
|    clip_fraction        | 0.25          |
|    clip_range           | 0.2           |
|    entropy_loss         | -17.6         |
|    explained_variance   | 2.8967857e-05 |
|    learning_rate        | 0.0003        |
|    loss                 | 0.282         |
|    n_updates            | 1100          |
|    policy_gradient_loss | -0.0245       |
|    std                  | 1.05          |
|    value_loss           | 1.37          |
-------------------------------------------
-------------------------------------------
| rollout/                |               |
|    ep_len_mean          | 1.44e+03      |
|    ep_rew_mean          | 1.45e+03      |
| time/                   |               |
|    fps                  | 669           |
|    iterations           | 112           |
|    time_elapsed         | 171           |
|    total_timesteps      | 114688        |
| train/                  |               |
|    approx_kl            | 0.02247127    |
|    clip_fraction        | 0.248         |
|    clip_range           | 0.2           |
|    entropy_loss         | -17.6         |
|    explained_variance   | 0.00013428926 |
|    learning_rate        | 0.0003        |
|    loss                 | 0.172         |
|    n_updates            | 1110          |
|    policy_gradient_loss | -0.0268       |
|    std                  | 1.05          |
|    value_loss           | 1.09          |
-------------------------------------------
-------------------------------------------
| rollout/                |               |
|    ep_len_mean          | 1.44e+03      |
|    ep_rew_mean          | 1.45e+03      |
| time/                   |               |
|    fps                  | 669           |
|    iterations           | 113           |
|    time_elapsed         | 172           |
|    total_timesteps      | 115712        |
| train/                  |               |
|    approx_kl            | 0.01787396    |
|    clip_fraction        | 0.192         |
|    clip_range           | 0.2           |
|    entropy_loss         | -17.6         |
|    explained_variance   | 1.0669231e-05 |
|    learning_rate        | 0.0003        |
|    loss                 | 0.124         |
|    n_updates            | 1120          |
|    policy_gradient_loss | -0.0202       |
|    std                  | 1.05          |
|    value_loss           | 0.877         |
-------------------------------------------
-------------------------------------------
| rollout/                |               |
|    ep_len_mean          | 1.44e+03      |
|    ep_rew_mean          | 1.45e+03      |
| time/                   |               |
|    fps                  | 669           |
|    iterations           | 114           |
|    time_elapsed         | 174           |
|    total_timesteps      | 116736        |
| train/                  |               |
|    approx_kl            | 0.019820657   |
|    clip_fraction        | 0.251         |
|    clip_range           | 0.2           |
|    entropy_loss         | -17.6         |
|    explained_variance   | -4.887581e-05 |
|    learning_rate        | 0.0003        |
|    loss                 | 0.0803        |
|    n_updates            | 1130          |
|    policy_gradient_loss | -0.0232       |
|    std                  | 1.05          |
|    value_loss           | 0.746         |
-------------------------------------------
-------------------------------------------
| rollout/                |               |
|    ep_len_mean          | 1.44e+03      |
|    ep_rew_mean          | 1.45e+03      |
| time/                   |               |
|    fps                  | 669           |
|    iterations           | 115           |
|    time_elapsed         | 175           |
|    total_timesteps      | 117760        |
| train/                  |               |
|    approx_kl            | 0.023773568   |
|    clip_fraction        | 0.212         |
|    clip_range           | 0.2           |
|    entropy_loss         | -17.6         |
|    explained_variance   | -9.608269e-05 |
|    learning_rate        | 0.0003        |
|    loss                 | 0.0337        |
|    n_updates            | 1140          |
|    policy_gradient_loss | -0.0225       |
|    std                  | 1.05          |
|    value_loss           | 0.541         |
-------------------------------------------
------------------------------------------
| rollout/                |              |
|    ep_len_mean          | 1.44e+03     |
|    ep_rew_mean          | 1.45e+03     |
| time/                   |              |
|    fps                  | 668          |
|    iterations           | 116          |
|    time_elapsed         | 177          |
|    total_timesteps      | 118784       |
| train/                  |              |
|    approx_kl            | 0.020932687  |
|    clip_fraction        | 0.278        |
|    clip_range           | 0.2          |
|    entropy_loss         | -17.6        |
|    explained_variance   | 4.172325e-05 |
|    learning_rate        | 0.0003       |
|    loss                 | -0.0122      |
|    n_updates            | 1150         |
|    policy_gradient_loss | -0.0262      |
|    std                  | 1.05         |
|    value_loss           | 0.364        |
------------------------------------------
------------------------------------------
| rollout/                |              |
|    ep_len_mean          | 1.44e+03     |
|    ep_rew_mean          | 1.45e+03     |
| time/                   |              |
|    fps                  | 668          |
|    iterations           | 117          |
|    time_elapsed         | 179          |
|    total_timesteps      | 119808       |
| train/                  |              |
|    approx_kl            | 0.018215233  |
|    clip_fraction        | 0.227        |
|    clip_range           | 0.2          |
|    entropy_loss         | -17.5        |
|    explained_variance   | 1.424551e-05 |
|    learning_rate        | 0.0003       |
|    loss                 | -0.0311      |
|    n_updates            | 1160         |
|    policy_gradient_loss | -0.0229      |
|    std                  | 1.04         |
|    value_loss           | 0.242        |
------------------------------------------
-------------------------------------------
| rollout/                |               |
|    ep_len_mean          | 1.44e+03      |
|    ep_rew_mean          | 1.45e+03      |
| time/                   |               |
|    fps                  | 668           |
|    iterations           | 118           |
|    time_elapsed         | 180           |
|    total_timesteps      | 120832        |
| train/                  |               |
|    approx_kl            | 0.02071232    |
|    clip_fraction        | 0.21          |
|    clip_range           | 0.2           |
|    entropy_loss         | -17.5         |
|    explained_variance   | 8.3088875e-05 |
|    learning_rate        | 0.0003        |
|    loss                 | -0.0246       |
|    n_updates            | 1170          |
|    policy_gradient_loss | -0.0181       |
|    std                  | 1.04          |
|    value_loss           | 0.173         |
-------------------------------------------
-------------------------------------------
| rollout/                |               |
|    ep_len_mean          | 1.44e+03      |
|    ep_rew_mean          | 1.45e+03      |
| time/                   |               |
|    fps                  | 668           |
|    iterations           | 119           |
|    time_elapsed         | 182           |
|    total_timesteps      | 121856        |
| train/                  |               |
|    approx_kl            | 0.021068577   |
|    clip_fraction        | 0.222         |
|    clip_range           | 0.2           |
|    entropy_loss         | -17.5         |
|    explained_variance   | -7.748604e-06 |
|    learning_rate        | 0.0003        |
|    loss                 | -0.0415       |
|    n_updates            | 1180          |
|    policy_gradient_loss | -0.0219       |
|    std                  | 1.04          |
|    value_loss           | 0.117         |
-------------------------------------------
--------------------------------------------
| rollout/                |                |
|    ep_len_mean          | 1.44e+03       |
|    ep_rew_mean          | 1.45e+03       |
| time/                   |                |
|    fps                  | 667            |
|    iterations           | 120            |
|    time_elapsed         | 183            |
|    total_timesteps      | 122880         |
| train/                  |                |
|    approx_kl            | 0.018513165    |
|    clip_fraction        | 0.198          |
|    clip_range           | 0.2            |
|    entropy_loss         | -17.4          |
|    explained_variance   | -0.00010383129 |
|    learning_rate        | 0.0003         |
|    loss                 | -0.0355        |
|    n_updates            | 1190           |
|    policy_gradient_loss | -0.0204        |
|    std                  | 1.04           |
|    value_loss           | 0.1            |
--------------------------------------------
--------------------------------------------
| rollout/                |                |
|    ep_len_mean          | 1.44e+03       |
|    ep_rew_mean          | 1.45e+03       |
| time/                   |                |
|    fps                  | 667            |
|    iterations           | 121            |
|    time_elapsed         | 185            |
|    total_timesteps      | 123904         |
| train/                  |                |
|    approx_kl            | 0.023373887    |
|    clip_fraction        | 0.233          |
|    clip_range           | 0.2            |
|    entropy_loss         | -17.4          |
|    explained_variance   | -6.0081482e-05 |
|    learning_rate        | 0.0003         |
|    loss                 | -0.0435        |
|    n_updates            | 1200           |
|    policy_gradient_loss | -0.0263        |
|    std                  | 1.04           |
|    value_loss           | 0.0675         |
--------------------------------------------
-------------------------------------------
| rollout/                |               |
|    ep_len_mean          | 1.44e+03      |
|    ep_rew_mean          | 1.45e+03      |
| time/                   |               |
|    fps                  | 667           |
|    iterations           | 122           |
|    time_elapsed         | 187           |
|    total_timesteps      | 124928        |
| train/                  |               |
|    approx_kl            | 0.017326646   |
|    clip_fraction        | 0.203         |
|    clip_range           | 0.2           |
|    entropy_loss         | -17.4         |
|    explained_variance   | 2.3543835e-05 |
|    learning_rate        | 0.0003        |
|    loss                 | -0.0405       |
|    n_updates            | 1210          |
|    policy_gradient_loss | -0.0267       |
|    std                  | 1.04          |
|    value_loss           | 0.053         |
-------------------------------------------
-------------------------------------------
| rollout/                |               |
|    ep_len_mean          | 1.44e+03      |
|    ep_rew_mean          | 1.45e+03      |
| time/                   |               |
|    fps                  | 667           |
|    iterations           | 123           |
|    time_elapsed         | 188           |
|    total_timesteps      | 125952        |
| train/                  |               |
|    approx_kl            | 0.019215912   |
|    clip_fraction        | 0.249         |
|    clip_range           | 0.2           |
|    entropy_loss         | -17.4         |
|    explained_variance   | 5.0842762e-05 |
|    learning_rate        | 0.0003        |
|    loss                 | -0.0218       |
|    n_updates            | 1220          |
|    policy_gradient_loss | -0.028        |
|    std                  | 1.04          |
|    value_loss           | 0.0383        |
-------------------------------------------
--------------------------------------------
| rollout/                |                |
|    ep_len_mean          | 1.44e+03       |
|    ep_rew_mean          | 1.45e+03       |
| time/                   |                |
|    fps                  | 667            |
|    iterations           | 124            |
|    time_elapsed         | 190            |
|    total_timesteps      | 126976         |
| train/                  |                |
|    approx_kl            | 0.016703324    |
|    clip_fraction        | 0.173          |
|    clip_range           | 0.2            |
|    entropy_loss         | -17.4          |
|    explained_variance   | -4.0650368e-05 |
|    learning_rate        | 0.0003         |
|    loss                 | -0.0196        |
|    n_updates            | 1230           |
|    policy_gradient_loss | -0.0226        |
|    std                  | 1.04           |
|    value_loss           | 0.0249         |
--------------------------------------------
--------------------------------------------
| rollout/                |                |
|    ep_len_mean          | 1.44e+03       |
|    ep_rew_mean          | 1.45e+03       |
| time/                   |                |
|    fps                  | 667            |
|    iterations           | 125            |
|    time_elapsed         | 191            |
|    total_timesteps      | 128000         |
| train/                  |                |
|    approx_kl            | 0.015683949    |
|    clip_fraction        | 0.167          |
|    clip_range           | 0.2            |
|    entropy_loss         | -17.4          |
|    explained_variance   | -1.7166138e-05 |
|    learning_rate        | 0.0003         |
|    loss                 | -0.0388        |
|    n_updates            | 1240           |
|    policy_gradient_loss | -0.0237        |
|    std                  | 1.03           |
|    value_loss           | 0.0202         |
--------------------------------------------
-------------------------------------------
| rollout/                |               |
|    ep_len_mean          | 1.44e+03      |
|    ep_rew_mean          | 1.45e+03      |
| time/                   |               |
|    fps                  | 667           |
|    iterations           | 126           |
|    time_elapsed         | 193           |
|    total_timesteps      | 129024        |
| train/                  |               |
|    approx_kl            | 0.017687261   |
|    clip_fraction        | 0.181         |
|    clip_range           | 0.2           |
|    entropy_loss         | -17.3         |
|    explained_variance   | 0.00015240908 |
|    learning_rate        | 0.0003        |
|    loss                 | -0.0335       |
|    n_updates            | 1250          |
|    policy_gradient_loss | -0.0245       |
|    std                  | 1.03          |
|    value_loss           | 0.0131        |
-------------------------------------------
-------------------------------------------
| rollout/                |               |
|    ep_len_mean          | 1.44e+03      |
|    ep_rew_mean          | 1.45e+03      |
| time/                   |               |
|    fps                  | 667           |
|    iterations           | 127           |
|    time_elapsed         | 194           |
|    total_timesteps      | 130048        |
| train/                  |               |
|    approx_kl            | 0.015514468   |
|    clip_fraction        | 0.185         |
|    clip_range           | 0.2           |
|    entropy_loss         | -17.3         |
|    explained_variance   | 0.00022917986 |
|    learning_rate        | 0.0003        |
|    loss                 | -0.0322       |
|    n_updates            | 1260          |
|    policy_gradient_loss | -0.0251       |
|    std                  | 1.03          |
|    value_loss           | 0.0124        |
-------------------------------------------
-------------------------------------------
| rollout/                |               |
|    ep_len_mean          | 1.44e+03      |
|    ep_rew_mean          | 1.45e+03      |
| time/                   |               |
|    fps                  | 667           |
|    iterations           | 128           |
|    time_elapsed         | 196           |
|    total_timesteps      | 131072        |
| train/                  |               |
|    approx_kl            | 0.015165131   |
|    clip_fraction        | 0.198         |
|    clip_range           | 0.2           |
|    entropy_loss         | -17.3         |
|    explained_variance   | 0.00025087595 |
|    learning_rate        | 0.0003        |
|    loss                 | -0.0503       |
|    n_updates            | 1270          |
|    policy_gradient_loss | -0.0256       |
|    std                  | 1.03          |
|    value_loss           | 0.0115        |
-------------------------------------------
-------------------------------------------
| rollout/                |               |
|    ep_len_mean          | 1.44e+03      |
|    ep_rew_mean          | 1.45e+03      |
| time/                   |               |
|    fps                  | 667           |
|    iterations           | 129           |
|    time_elapsed         | 197           |
|    total_timesteps      | 132096        |
| train/                  |               |
|    approx_kl            | 0.0169792     |
|    clip_fraction        | 0.171         |
|    clip_range           | 0.2           |
|    entropy_loss         | -17.3         |
|    explained_variance   | 0.00015187263 |
|    learning_rate        | 0.0003        |
|    loss                 | -0.0214       |
|    n_updates            | 1280          |
|    policy_gradient_loss | -0.0219       |
|    std                  | 1.03          |
|    value_loss           | 0.0131        |
-------------------------------------------
-------------------------------------------
| rollout/                |               |
|    ep_len_mean          | 1.44e+03      |
|    ep_rew_mean          | 1.45e+03      |
| time/                   |               |
|    fps                  | 667           |
|    iterations           | 130           |
|    time_elapsed         | 199           |
|    total_timesteps      | 133120        |
| train/                  |               |
|    approx_kl            | 0.01854895    |
|    clip_fraction        | 0.218         |
|    clip_range           | 0.2           |
|    entropy_loss         | -17.3         |
|    explained_variance   | 0.00010609627 |
|    learning_rate        | 0.0003        |
|    loss                 | -0.0307       |
|    n_updates            | 1290          |
|    policy_gradient_loss | -0.0276       |
|    std                  | 1.02          |
|    value_loss           | 0.0128        |
-------------------------------------------
-------------------------------------------
| rollout/                |               |
|    ep_len_mean          | 1.44e+03      |
|    ep_rew_mean          | 1.45e+03      |
| time/                   |               |
|    fps                  | 667           |
|    iterations           | 131           |
|    time_elapsed         | 200           |
|    total_timesteps      | 134144        |
| train/                  |               |
|    approx_kl            | 0.016352164   |
|    clip_fraction        | 0.203         |
|    clip_range           | 0.2           |
|    entropy_loss         | -17.3         |
|    explained_variance   | 0.00013571978 |
|    learning_rate        | 0.0003        |
|    loss                 | -0.0294       |
|    n_updates            | 1300          |
|    policy_gradient_loss | -0.0258       |
|    std                  | 1.02          |
|    value_loss           | 0.0168        |
-------------------------------------------
--------------------------------------------
| rollout/                |                |
|    ep_len_mean          | 1.44e+03       |
|    ep_rew_mean          | 1.45e+03       |
| time/                   |                |
|    fps                  | 668            |
|    iterations           | 132            |
|    time_elapsed         | 202            |
|    total_timesteps      | 135168         |
| train/                  |                |
|    approx_kl            | 0.017775876    |
|    clip_fraction        | 0.206          |
|    clip_range           | 0.2            |
|    entropy_loss         | -17.3          |
|    explained_variance   | -4.7683716e-07 |
|    learning_rate        | 0.0003         |
|    loss                 | -0.0439        |
|    n_updates            | 1310           |
|    policy_gradient_loss | -0.028         |
|    std                  | 1.02           |
|    value_loss           | 0.00909        |
--------------------------------------------
-------------------------------------------
| rollout/                |               |
|    ep_len_mean          | 1.44e+03      |
|    ep_rew_mean          | 1.45e+03      |
| time/                   |               |
|    fps                  | 668           |
|    iterations           | 133           |
|    time_elapsed         | 203           |
|    total_timesteps      | 136192        |
| train/                  |               |
|    approx_kl            | 0.020257179   |
|    clip_fraction        | 0.207         |
|    clip_range           | 0.2           |
|    entropy_loss         | -17.3         |
|    explained_variance   | -0.0001513958 |
|    learning_rate        | 0.0003        |
|    loss                 | -0.025        |
|    n_updates            | 1320          |
|    policy_gradient_loss | -0.0308       |
|    std                  | 1.02          |
|    value_loss           | 0.0109        |
-------------------------------------------
-------------------------------------------
| rollout/                |               |
|    ep_len_mean          | 1.44e+03      |
|    ep_rew_mean          | 1.45e+03      |
| time/                   |               |
|    fps                  | 668           |
|    iterations           | 134           |
|    time_elapsed         | 205           |
|    total_timesteps      | 137216        |
| train/                  |               |
|    approx_kl            | 0.017812353   |
|    clip_fraction        | 0.214         |
|    clip_range           | 0.2           |
|    entropy_loss         | -17.2         |
|    explained_variance   | 4.5657158e-05 |
|    learning_rate        | 0.0003        |
|    loss                 | -0.0353       |
|    n_updates            | 1330          |
|    policy_gradient_loss | -0.0274       |
|    std                  | 1.02          |
|    value_loss           | 0.0109        |
-------------------------------------------
-------------------------------------------
| rollout/                |               |
|    ep_len_mean          | 1.44e+03      |
|    ep_rew_mean          | 1.45e+03      |
| time/                   |               |
|    fps                  | 668           |
|    iterations           | 135           |
|    time_elapsed         | 206           |
|    total_timesteps      | 138240        |
| train/                  |               |
|    approx_kl            | 0.01615474    |
|    clip_fraction        | 0.197         |
|    clip_range           | 0.2           |
|    entropy_loss         | -17.2         |
|    explained_variance   | 5.1140785e-05 |
|    learning_rate        | 0.0003        |
|    loss                 | -0.0315       |
|    n_updates            | 1340          |
|    policy_gradient_loss | -0.0226       |
|    std                  | 1.02          |
|    value_loss           | 0.00747       |
-------------------------------------------
--------------------------------------------
| rollout/                |                |
|    ep_len_mean          | 1.44e+03       |
|    ep_rew_mean          | 1.45e+03       |
| time/                   |                |
|    fps                  | 669            |
|    iterations           | 136            |
|    time_elapsed         | 208            |
|    total_timesteps      | 139264         |
| train/                  |                |
|    approx_kl            | 0.01589029     |
|    clip_fraction        | 0.176          |
|    clip_range           | 0.2            |
|    entropy_loss         | -17.2          |
|    explained_variance   | -2.1457672e-05 |
|    learning_rate        | 0.0003         |
|    loss                 | -0.0321        |
|    n_updates            | 1350           |
|    policy_gradient_loss | -0.0241        |
|    std                  | 1.02           |
|    value_loss           | 0.00665        |
--------------------------------------------
-------------------------------------------
| rollout/                |               |
|    ep_len_mean          | 1.44e+03      |
|    ep_rew_mean          | 1.45e+03      |
| time/                   |               |
|    fps                  | 668           |
|    iterations           | 137           |
|    time_elapsed         | 209           |
|    total_timesteps      | 140288        |
| train/                  |               |
|    approx_kl            | 0.01378197    |
|    clip_fraction        | 0.125         |
|    clip_range           | 0.2           |
|    entropy_loss         | -17.2         |
|    explained_variance   | 0.00027304888 |
|    learning_rate        | 0.0003        |
|    loss                 | -0.0332       |
|    n_updates            | 1360          |
|    policy_gradient_loss | -0.0193       |
|    std                  | 1.01          |
|    value_loss           | 0.0078        |
-------------------------------------------
-------------------------------------------
| rollout/                |               |
|    ep_len_mean          | 1.44e+03      |
|    ep_rew_mean          | 1.45e+03      |
| time/                   |               |
|    fps                  | 668           |
|    iterations           | 138           |
|    time_elapsed         | 211           |
|    total_timesteps      | 141312        |
| train/                  |               |
|    approx_kl            | 0.017419668   |
|    clip_fraction        | 0.187         |
|    clip_range           | 0.2           |
|    entropy_loss         | -17.2         |
|    explained_variance   | 0.00022131205 |
|    learning_rate        | 0.0003        |
|    loss                 | -0.026        |
|    n_updates            | 1370          |
|    policy_gradient_loss | -0.0221       |
|    std                  | 1.01          |
|    value_loss           | 0.00738       |
-------------------------------------------
------------------------------------------
| rollout/                |              |
|    ep_len_mean          | 1.44e+03     |
|    ep_rew_mean          | 1.45e+03     |
| time/                   |              |
|    fps                  | 668          |
|    iterations           | 139          |
|    time_elapsed         | 212          |
|    total_timesteps      | 142336       |
| train/                  |              |
|    approx_kl            | 0.015041089  |
|    clip_fraction        | 0.195        |
|    clip_range           | 0.2          |
|    entropy_loss         | -17.2        |
|    explained_variance   | 9.953976e-06 |
|    learning_rate        | 0.0003       |
|    loss                 | -0.0302      |
|    n_updates            | 1380         |
|    policy_gradient_loss | -0.0268      |
|    std                  | 1.01         |
|    value_loss           | 0.00599      |
------------------------------------------
--------------------------------------------
| rollout/                |                |
|    ep_len_mean          | 1.44e+03       |
|    ep_rew_mean          | 1.45e+03       |
| time/                   |                |
|    fps                  | 668            |
|    iterations           | 140            |
|    time_elapsed         | 214            |
|    total_timesteps      | 143360         |
| train/                  |                |
|    approx_kl            | 0.017555311    |
|    clip_fraction        | 0.193          |
|    clip_range           | 0.2            |
|    entropy_loss         | -17.1          |
|    explained_variance   | -2.6583672e-05 |
|    learning_rate        | 0.0003         |
|    loss                 | -0.038         |
|    n_updates            | 1390           |
|    policy_gradient_loss | -0.0258        |
|    std                  | 1.01           |
|    value_loss           | 0.00971        |
--------------------------------------------
-------------------------------------------
| rollout/                |               |
|    ep_len_mean          | 1.44e+03      |
|    ep_rew_mean          | 1.45e+03      |
| time/                   |               |
|    fps                  | 668           |
|    iterations           | 141           |
|    time_elapsed         | 215           |
|    total_timesteps      | 144384        |
| train/                  |               |
|    approx_kl            | 0.015593243   |
|    clip_fraction        | 0.188         |
|    clip_range           | 0.2           |
|    entropy_loss         | -17.1         |
|    explained_variance   | 0.00019860268 |
|    learning_rate        | 0.0003        |
|    loss                 | -0.0418       |
|    n_updates            | 1400          |
|    policy_gradient_loss | -0.0243       |
|    std                  | 1             |
|    value_loss           | 0.00935       |
-------------------------------------------
------------------------------------------
| rollout/                |              |
|    ep_len_mean          | 1.44e+03     |
|    ep_rew_mean          | 1.45e+03     |
| time/                   |              |
|    fps                  | 669          |
|    iterations           | 142          |
|    time_elapsed         | 217          |
|    total_timesteps      | 145408       |
| train/                  |              |
|    approx_kl            | 0.015450158  |
|    clip_fraction        | 0.165        |
|    clip_range           | 0.2          |
|    entropy_loss         | -17          |
|    explained_variance   | 8.326769e-05 |
|    learning_rate        | 0.0003       |
|    loss                 | -0.0285      |
|    n_updates            | 1410         |
|    policy_gradient_loss | -0.0217      |
|    std                  | 1            |
|    value_loss           | 0.00715      |
------------------------------------------
-------------------------------------------
| rollout/                |               |
|    ep_len_mean          | 1.44e+03      |
|    ep_rew_mean          | 1.45e+03      |
| time/                   |               |
|    fps                  | 669           |
|    iterations           | 143           |
|    time_elapsed         | 218           |
|    total_timesteps      | 146432        |
| train/                  |               |
|    approx_kl            | 0.018515786   |
|    clip_fraction        | 0.18          |
|    clip_range           | 0.2           |
|    entropy_loss         | -17           |
|    explained_variance   | 9.3340874e-05 |
|    learning_rate        | 0.0003        |
|    loss                 | -0.0342       |
|    n_updates            | 1420          |
|    policy_gradient_loss | -0.0266       |
|    std                  | 0.999         |
|    value_loss           | 0.00788       |
-------------------------------------------
-------------------------------------------
| rollout/                |               |
|    ep_len_mean          | 1.44e+03      |
|    ep_rew_mean          | 1.45e+03      |
| time/                   |               |
|    fps                  | 669           |
|    iterations           | 144           |
|    time_elapsed         | 220           |
|    total_timesteps      | 147456        |
| train/                  |               |
|    approx_kl            | 0.014152148   |
|    clip_fraction        | 0.134         |
|    clip_range           | 0.2           |
|    entropy_loss         | -17           |
|    explained_variance   | 0.00039374828 |
|    learning_rate        | 0.0003        |
|    loss                 | -0.0267       |
|    n_updates            | 1430          |
|    policy_gradient_loss | -0.0211       |
|    std                  | 0.997         |
|    value_loss           | 0.00818       |
-------------------------------------------
-----------------------------------------
| rollout/                |             |
|    ep_len_mean          | 1.44e+03    |
|    ep_rew_mean          | 1.45e+03    |
| time/                   |             |
|    fps                  | 669         |
|    iterations           | 145         |
|    time_elapsed         | 221         |
|    total_timesteps      | 148480      |
| train/                  |             |
|    approx_kl            | 0.017685326 |
|    clip_fraction        | 0.2         |
|    clip_range           | 0.2         |
|    entropy_loss         | -16.9       |
|    explained_variance   | 0.000184834 |
|    learning_rate        | 0.0003      |
|    loss                 | -0.0214     |
|    n_updates            | 1440        |
|    policy_gradient_loss | -0.0261     |
|    std                  | 0.996       |
|    value_loss           | 0.00914     |
-----------------------------------------
-------------------------------------------
| rollout/                |               |
|    ep_len_mean          | 1.44e+03      |
|    ep_rew_mean          | 1.45e+03      |
| time/                   |               |
|    fps                  | 669           |
|    iterations           | 146           |
|    time_elapsed         | 223           |
|    total_timesteps      | 149504        |
| train/                  |               |
|    approx_kl            | 0.015646629   |
|    clip_fraction        | 0.183         |
|    clip_range           | 0.2           |
|    entropy_loss         | -16.9         |
|    explained_variance   | 0.00021702051 |
|    learning_rate        | 0.0003        |
|    loss                 | -0.0176       |
|    n_updates            | 1450          |
|    policy_gradient_loss | -0.0222       |
|    std                  | 0.996         |
|    value_loss           | 0.01          |
-------------------------------------------
------------------------------------------
| rollout/                |              |
|    ep_len_mean          | 1.44e+03     |
|    ep_rew_mean          | 1.45e+03     |
| time/                   |              |
|    fps                  | 669          |
|    iterations           | 147          |
|    time_elapsed         | 224          |
|    total_timesteps      | 150528       |
| train/                  |              |
|    approx_kl            | 0.017471503  |
|    clip_fraction        | 0.205        |
|    clip_range           | 0.2          |
|    entropy_loss         | -16.9        |
|    explained_variance   | 7.754564e-05 |
|    learning_rate        | 0.0003       |
|    loss                 | -0.0391      |
|    n_updates            | 1460         |
|    policy_gradient_loss | -0.0294      |
|    std                  | 0.994        |
|    value_loss           | 0.00809      |
------------------------------------------
-------------------------------------------
| rollout/                |               |
|    ep_len_mean          | 1.44e+03      |
|    ep_rew_mean          | 1.45e+03      |
| time/                   |               |
|    fps                  | 669           |
|    iterations           | 148           |
|    time_elapsed         | 226           |
|    total_timesteps      | 151552        |
| train/                  |               |
|    approx_kl            | 0.015522896   |
|    clip_fraction        | 0.202         |
|    clip_range           | 0.2           |
|    entropy_loss         | -16.9         |
|    explained_variance   | 5.6028366e-05 |
|    learning_rate        | 0.0003        |
|    loss                 | -0.0229       |
|    n_updates            | 1470          |
|    policy_gradient_loss | -0.0246       |
|    std                  | 0.991         |
|    value_loss           | 0.00892       |
-------------------------------------------
------------------------------------------
| rollout/                |              |
|    ep_len_mean          | 1.44e+03     |
|    ep_rew_mean          | 1.45e+03     |
| time/                   |              |
|    fps                  | 669          |
|    iterations           | 149          |
|    time_elapsed         | 227          |
|    total_timesteps      | 152576       |
| train/                  |              |
|    approx_kl            | 0.011793772  |
|    clip_fraction        | 0.132        |
|    clip_range           | 0.2          |
|    entropy_loss         | -16.9        |
|    explained_variance   | -8.34465e-06 |
|    learning_rate        | 0.0003       |
|    loss                 | -0.0279      |
|    n_updates            | 1480         |
|    policy_gradient_loss | -0.0196      |
|    std                  | 0.988        |
|    value_loss           | 0.0219       |
------------------------------------------
------------------------------------------
| rollout/                |              |
|    ep_len_mean          | 1.44e+03     |
|    ep_rew_mean          | 1.45e+03     |
| time/                   |              |
|    fps                  | 669          |
|    iterations           | 150          |
|    time_elapsed         | 229          |
|    total_timesteps      | 153600       |
| train/                  |              |
|    approx_kl            | 0.016342575  |
|    clip_fraction        | 0.176        |
|    clip_range           | 0.2          |
|    entropy_loss         | -16.8        |
|    explained_variance   | 8.702278e-05 |
|    learning_rate        | 0.0003       |
|    loss                 | -0.0351      |
|    n_updates            | 1490         |
|    policy_gradient_loss | -0.028       |
|    std                  | 0.985        |
|    value_loss           | 0.0102       |
------------------------------------------
-------------------------------------------
| rollout/                |               |
|    ep_len_mean          | 1.44e+03      |
|    ep_rew_mean          | 1.45e+03      |
| time/                   |               |
|    fps                  | 669           |
|    iterations           | 151           |
|    time_elapsed         | 230           |
|    total_timesteps      | 154624        |
| train/                  |               |
|    approx_kl            | 0.019583965   |
|    clip_fraction        | 0.233         |
|    clip_range           | 0.2           |
|    entropy_loss         | -16.8         |
|    explained_variance   | 0.00013637543 |
|    learning_rate        | 0.0003        |
|    loss                 | -0.0407       |
|    n_updates            | 1500          |
|    policy_gradient_loss | -0.0316       |
|    std                  | 0.984         |
|    value_loss           | 0.0105        |
-------------------------------------------
-------------------------------------------
| rollout/                |               |
|    ep_len_mean          | 1.44e+03      |
|    ep_rew_mean          | 1.45e+03      |
| time/                   |               |
|    fps                  | 669           |
|    iterations           | 152           |
|    time_elapsed         | 232           |
|    total_timesteps      | 155648        |
| train/                  |               |
|    approx_kl            | 0.014692263   |
|    clip_fraction        | 0.181         |
|    clip_range           | 0.2           |
|    entropy_loss         | -16.8         |
|    explained_variance   | 6.2048435e-05 |
|    learning_rate        | 0.0003        |
|    loss                 | -0.0344       |
|    n_updates            | 1510          |
|    policy_gradient_loss | -0.0258       |
|    std                  | 0.983         |
|    value_loss           | 0.011         |
-------------------------------------------
-------------------------------------------
| rollout/                |               |
|    ep_len_mean          | 1.44e+03      |
|    ep_rew_mean          | 1.45e+03      |
| time/                   |               |
|    fps                  | 669           |
|    iterations           | 153           |
|    time_elapsed         | 233           |
|    total_timesteps      | 156672        |
| train/                  |               |
|    approx_kl            | 0.014993807   |
|    clip_fraction        | 0.188         |
|    clip_range           | 0.2           |
|    entropy_loss         | -16.8         |
|    explained_variance   | 0.00037312508 |
|    learning_rate        | 0.0003        |
|    loss                 | -0.0301       |
|    n_updates            | 1520          |
|    policy_gradient_loss | -0.0253       |
|    std                  | 0.983         |
|    value_loss           | 0.00804       |
-------------------------------------------
-------------------------------------------
| rollout/                |               |
|    ep_len_mean          | 1.44e+03      |
|    ep_rew_mean          | 1.46e+03      |
| time/                   |               |
|    fps                  | 670           |
|    iterations           | 154           |
|    time_elapsed         | 235           |
|    total_timesteps      | 157696        |
| train/                  |               |
|    approx_kl            | 0.016344275   |
|    clip_fraction        | 0.19          |
|    clip_range           | 0.2           |
|    entropy_loss         | -16.8         |
|    explained_variance   | 0.00012856722 |
|    learning_rate        | 0.0003        |
|    loss                 | -0.034        |
|    n_updates            | 1530          |
|    policy_gradient_loss | -0.0263       |
|    std                  | 0.982         |
|    value_loss           | 0.0063        |
-------------------------------------------
-----------------------------------------
| rollout/                |             |
|    ep_len_mean          | 1.44e+03    |
|    ep_rew_mean          | 1.46e+03    |
| time/                   |             |
|    fps                  | 670         |
|    iterations           | 155         |
|    time_elapsed         | 236         |
|    total_timesteps      | 158720      |
| train/                  |             |
|    approx_kl            | 0.013554856 |
|    clip_fraction        | 0.15        |
|    clip_range           | 0.2         |
|    entropy_loss         | -16.8       |
|    explained_variance   | 0.000307858 |
|    learning_rate        | 0.0003      |
|    loss                 | -0.0294     |
|    n_updates            | 1540        |
|    policy_gradient_loss | -0.0214     |
|    std                  | 0.982       |
|    value_loss           | 0.00877     |
-----------------------------------------
-------------------------------------------
| rollout/                |               |
|    ep_len_mean          | 1.44e+03      |
|    ep_rew_mean          | 1.46e+03      |
| time/                   |               |
|    fps                  | 670           |
|    iterations           | 156           |
|    time_elapsed         | 238           |
|    total_timesteps      | 159744        |
| train/                  |               |
|    approx_kl            | 0.01102999    |
|    clip_fraction        | 0.136         |
|    clip_range           | 0.2           |
|    entropy_loss         | -16.8         |
|    explained_variance   | 0.00010663271 |
|    learning_rate        | 0.0003        |
|    loss                 | -0.0258       |
|    n_updates            | 1550          |
|    policy_gradient_loss | -0.0211       |
|    std                  | 0.98          |
|    value_loss           | 0.0168        |
-------------------------------------------
------------------------------------------
| rollout/                |              |
|    ep_len_mean          | 1.44e+03     |
|    ep_rew_mean          | 1.46e+03     |
| time/                   |              |
|    fps                  | 670          |
|    iterations           | 157          |
|    time_elapsed         | 239          |
|    total_timesteps      | 160768       |
| train/                  |              |
|    approx_kl            | 0.013870964  |
|    clip_fraction        | 0.171        |
|    clip_range           | 0.2          |
|    entropy_loss         | -16.7        |
|    explained_variance   | 8.916855e-05 |
|    learning_rate        | 0.0003       |
|    loss                 | -0.0286      |
|    n_updates            | 1560         |
|    policy_gradient_loss | -0.0242      |
|    std                  | 0.979        |
|    value_loss           | 0.00672      |
------------------------------------------
-------------------------------------------
| rollout/                |               |
|    ep_len_mean          | 1.44e+03      |
|    ep_rew_mean          | 1.46e+03      |
| time/                   |               |
|    fps                  | 670           |
|    iterations           | 158           |
|    time_elapsed         | 241           |
|    total_timesteps      | 161792        |
| train/                  |               |
|    approx_kl            | 0.017408833   |
|    clip_fraction        | 0.196         |
|    clip_range           | 0.2           |
|    entropy_loss         | -16.7         |
|    explained_variance   | 0.00030958652 |
|    learning_rate        | 0.0003        |
|    loss                 | -0.0336       |
|    n_updates            | 1570          |
|    policy_gradient_loss | -0.0229       |
|    std                  | 0.979         |
|    value_loss           | 0.00591       |
-------------------------------------------
-------------------------------------------
| rollout/                |               |
|    ep_len_mean          | 1.44e+03      |
|    ep_rew_mean          | 1.46e+03      |
| time/                   |               |
|    fps                  | 670           |
|    iterations           | 159           |
|    time_elapsed         | 242           |
|    total_timesteps      | 162816        |
| train/                  |               |
|    approx_kl            | 0.017051827   |
|    clip_fraction        | 0.194         |
|    clip_range           | 0.2           |
|    entropy_loss         | -16.7         |
|    explained_variance   | 0.00035834312 |
|    learning_rate        | 0.0003        |
|    loss                 | -0.0466       |
|    n_updates            | 1580          |
|    policy_gradient_loss | -0.0268       |
|    std                  | 0.978         |
|    value_loss           | 0.00636       |
-------------------------------------------
-------------------------------------------
| rollout/                |               |
|    ep_len_mean          | 1.44e+03      |
|    ep_rew_mean          | 1.46e+03      |
| time/                   |               |
|    fps                  | 670           |
|    iterations           | 160           |
|    time_elapsed         | 244           |
|    total_timesteps      | 163840        |
| train/                  |               |
|    approx_kl            | 0.013436909   |
|    clip_fraction        | 0.149         |
|    clip_range           | 0.2           |
|    entropy_loss         | -16.7         |
|    explained_variance   | 0.00040978193 |
|    learning_rate        | 0.0003        |
|    loss                 | -0.0401       |
|    n_updates            | 1590          |
|    policy_gradient_loss | -0.0215       |
|    std                  | 0.978         |
|    value_loss           | 0.00459       |
-------------------------------------------
------------------------------------------
| rollout/                |              |
|    ep_len_mean          | 1.44e+03     |
|    ep_rew_mean          | 1.46e+03     |
| time/                   |              |
|    fps                  | 670          |
|    iterations           | 161          |
|    time_elapsed         | 245          |
|    total_timesteps      | 164864       |
| train/                  |              |
|    approx_kl            | 0.015756758  |
|    clip_fraction        | 0.179        |
|    clip_range           | 0.2          |
|    entropy_loss         | -16.7        |
|    explained_variance   | 0.0006418824 |
|    learning_rate        | 0.0003       |
|    loss                 | -0.0327      |
|    n_updates            | 1600         |
|    policy_gradient_loss | -0.0223      |
|    std                  | 0.978        |
|    value_loss           | 0.00491      |
------------------------------------------
------------------------------------------
| rollout/                |              |
|    ep_len_mean          | 1.44e+03     |
|    ep_rew_mean          | 1.46e+03     |
| time/                   |              |
|    fps                  | 670          |
|    iterations           | 162          |
|    time_elapsed         | 247          |
|    total_timesteps      | 165888       |
| train/                  |              |
|    approx_kl            | 0.013709229  |
|    clip_fraction        | 0.182        |
|    clip_range           | 0.2          |
|    entropy_loss         | -16.7        |
|    explained_variance   | 6.997585e-05 |
|    learning_rate        | 0.0003       |
|    loss                 | -0.034       |
|    n_updates            | 1610         |
|    policy_gradient_loss | -0.0228      |
|    std                  | 0.977        |
|    value_loss           | 0.00622      |
------------------------------------------
-------------------------------------------
| rollout/                |               |
|    ep_len_mean          | 1.44e+03      |
|    ep_rew_mean          | 1.46e+03      |
| time/                   |               |
|    fps                  | 670           |
|    iterations           | 163           |
|    time_elapsed         | 248           |
|    total_timesteps      | 166912        |
| train/                  |               |
|    approx_kl            | 0.018936206   |
|    clip_fraction        | 0.223         |
|    clip_range           | 0.2           |
|    entropy_loss         | -16.7         |
|    explained_variance   | 0.00016522408 |
|    learning_rate        | 0.0003        |
|    loss                 | -0.0422       |
|    n_updates            | 1620          |
|    policy_gradient_loss | -0.0305       |
|    std                  | 0.975         |
|    value_loss           | 0.00787       |
-------------------------------------------
-------------------------------------------
| rollout/                |               |
|    ep_len_mean          | 1.44e+03      |
|    ep_rew_mean          | 1.46e+03      |
| time/                   |               |
|    fps                  | 670           |
|    iterations           | 164           |
|    time_elapsed         | 250           |
|    total_timesteps      | 167936        |
| train/                  |               |
|    approx_kl            | 0.016212296   |
|    clip_fraction        | 0.179         |
|    clip_range           | 0.2           |
|    entropy_loss         | -16.7         |
|    explained_variance   | 6.7949295e-05 |
|    learning_rate        | 0.0003        |
|    loss                 | -0.0524       |
|    n_updates            | 1630          |
|    policy_gradient_loss | -0.0265       |
|    std                  | 0.97          |
|    value_loss           | 0.0055        |
-------------------------------------------
-------------------------------------------
| rollout/                |               |
|    ep_len_mean          | 1.44e+03      |
|    ep_rew_mean          | 1.46e+03      |
| time/                   |               |
|    fps                  | 670           |
|    iterations           | 165           |
|    time_elapsed         | 251           |
|    total_timesteps      | 168960        |
| train/                  |               |
|    approx_kl            | 0.012653522   |
|    clip_fraction        | 0.165         |
|    clip_range           | 0.2           |
|    entropy_loss         | -16.6         |
|    explained_variance   | 0.00017529726 |
|    learning_rate        | 0.0003        |
|    loss                 | -0.0463       |
|    n_updates            | 1640          |
|    policy_gradient_loss | -0.0227       |
|    std                  | 0.97          |
|    value_loss           | 0.00475       |
-------------------------------------------
-------------------------------------------
| rollout/                |               |
|    ep_len_mean          | 1.44e+03      |
|    ep_rew_mean          | 1.46e+03      |
| time/                   |               |
|    fps                  | 670           |
|    iterations           | 166           |
|    time_elapsed         | 253           |
|    total_timesteps      | 169984        |
| train/                  |               |
|    approx_kl            | 0.0129288845  |
|    clip_fraction        | 0.149         |
|    clip_range           | 0.2           |
|    entropy_loss         | -16.6         |
|    explained_variance   | 0.00016146898 |
|    learning_rate        | 0.0003        |
|    loss                 | -0.0372       |
|    n_updates            | 1650          |
|    policy_gradient_loss | -0.0222       |
|    std                  | 0.967         |
|    value_loss           | 0.00985       |
-------------------------------------------
-------------------------------------------
| rollout/                |               |
|    ep_len_mean          | 1.44e+03      |
|    ep_rew_mean          | 1.46e+03      |
| time/                   |               |
|    fps                  | 670           |
|    iterations           | 167           |
|    time_elapsed         | 254           |
|    total_timesteps      | 171008        |
| train/                  |               |
|    approx_kl            | 0.011694203   |
|    clip_fraction        | 0.14          |
|    clip_range           | 0.2           |
|    entropy_loss         | -16.6         |
|    explained_variance   | 0.00021219254 |
|    learning_rate        | 0.0003        |
|    loss                 | -0.0281       |
|    n_updates            | 1660          |
|    policy_gradient_loss | -0.021        |
|    std                  | 0.967         |
|    value_loss           | 0.0071        |
-------------------------------------------
-------------------------------------------
| rollout/                |               |
|    ep_len_mean          | 1.44e+03      |
|    ep_rew_mean          | 1.46e+03      |
| time/                   |               |
|    fps                  | 670           |
|    iterations           | 168           |
|    time_elapsed         | 256           |
|    total_timesteps      | 172032        |
| train/                  |               |
|    approx_kl            | 0.014772717   |
|    clip_fraction        | 0.182         |
|    clip_range           | 0.2           |
|    entropy_loss         | -16.6         |
|    explained_variance   | 0.00024676323 |
|    learning_rate        | 0.0003        |
|    loss                 | -0.0533       |
|    n_updates            | 1670          |
|    policy_gradient_loss | -0.0271       |
|    std                  | 0.966         |
|    value_loss           | 0.00498       |
-------------------------------------------
-------------------------------------------
| rollout/                |               |
|    ep_len_mean          | 1.44e+03      |
|    ep_rew_mean          | 1.46e+03      |
| time/                   |               |
|    fps                  | 670           |
|    iterations           | 169           |
|    time_elapsed         | 258           |
|    total_timesteps      | 173056        |
| train/                  |               |
|    approx_kl            | 0.015717179   |
|    clip_fraction        | 0.194         |
|    clip_range           | 0.2           |
|    entropy_loss         | -16.6         |
|    explained_variance   | 0.00021833181 |
|    learning_rate        | 0.0003        |
|    loss                 | -0.0416       |
|    n_updates            | 1680          |
|    policy_gradient_loss | -0.0272       |
|    std                  | 0.965         |
|    value_loss           | 0.00532       |
-------------------------------------------
-------------------------------------------
| rollout/                |               |
|    ep_len_mean          | 1.44e+03      |
|    ep_rew_mean          | 1.46e+03      |
| time/                   |               |
|    fps                  | 670           |
|    iterations           | 170           |
|    time_elapsed         | 259           |
|    total_timesteps      | 174080        |
| train/                  |               |
|    approx_kl            | 0.017828532   |
|    clip_fraction        | 0.19          |
|    clip_range           | 0.2           |
|    entropy_loss         | -16.6         |
|    explained_variance   | 0.00020945072 |
|    learning_rate        | 0.0003        |
|    loss                 | -0.0335       |
|    n_updates            | 1690          |
|    policy_gradient_loss | -0.026        |
|    std                  | 0.964         |
|    value_loss           | 0.00482       |
-------------------------------------------
------------------------------------------
| rollout/                |              |
|    ep_len_mean          | 1.44e+03     |
|    ep_rew_mean          | 1.46e+03     |
| time/                   |              |
|    fps                  | 670          |
|    iterations           | 171          |
|    time_elapsed         | 261          |
|    total_timesteps      | 175104       |
| train/                  |              |
|    approx_kl            | 0.012412131  |
|    clip_fraction        | 0.168        |
|    clip_range           | 0.2          |
|    entropy_loss         | -16.5        |
|    explained_variance   | 0.0003297329 |
|    learning_rate        | 0.0003       |
|    loss                 | -0.0152      |
|    n_updates            | 1700         |
|    policy_gradient_loss | -0.0241      |
|    std                  | 0.961        |
|    value_loss           | 0.00579      |
------------------------------------------
-------------------------------------------
| rollout/                |               |
|    ep_len_mean          | 1.44e+03      |
|    ep_rew_mean          | 1.46e+03      |
| time/                   |               |
|    fps                  | 670           |
|    iterations           | 172           |
|    time_elapsed         | 262           |
|    total_timesteps      | 176128        |
| train/                  |               |
|    approx_kl            | 0.012468581   |
|    clip_fraction        | 0.151         |
|    clip_range           | 0.2           |
|    entropy_loss         | -16.5         |
|    explained_variance   | 0.00042515993 |
|    learning_rate        | 0.0003        |
|    loss                 | -0.0422       |
|    n_updates            | 1710          |
|    policy_gradient_loss | -0.024        |
|    std                  | 0.958         |
|    value_loss           | 0.00674       |
-------------------------------------------
-------------------------------------------
| rollout/                |               |
|    ep_len_mean          | 1.44e+03      |
|    ep_rew_mean          | 1.46e+03      |
| time/                   |               |
|    fps                  | 670           |
|    iterations           | 173           |
|    time_elapsed         | 264           |
|    total_timesteps      | 177152        |
| train/                  |               |
|    approx_kl            | 0.01698305    |
|    clip_fraction        | 0.172         |
|    clip_range           | 0.2           |
|    entropy_loss         | -16.5         |
|    explained_variance   | 0.00014686584 |
|    learning_rate        | 0.0003        |
|    loss                 | -0.0332       |
|    n_updates            | 1720          |
|    policy_gradient_loss | -0.0228       |
|    std                  | 0.957         |
|    value_loss           | 0.00561       |
-------------------------------------------
-------------------------------------------
| rollout/                |               |
|    ep_len_mean          | 1.44e+03      |
|    ep_rew_mean          | 1.46e+03      |
| time/                   |               |
|    fps                  | 670           |
|    iterations           | 174           |
|    time_elapsed         | 265           |
|    total_timesteps      | 178176        |
| train/                  |               |
|    approx_kl            | 0.013865847   |
|    clip_fraction        | 0.184         |
|    clip_range           | 0.2           |
|    entropy_loss         | -16.5         |
|    explained_variance   | 0.00019901991 |
|    learning_rate        | 0.0003        |
|    loss                 | -0.0412       |
|    n_updates            | 1730          |
|    policy_gradient_loss | -0.0225       |
|    std                  | 0.954         |
|    value_loss           | 0.00585       |
-------------------------------------------
-------------------------------------------
| rollout/                |               |
|    ep_len_mean          | 1.44e+03      |
|    ep_rew_mean          | 1.46e+03      |
| time/                   |               |
|    fps                  | 670           |
|    iterations           | 175           |
|    time_elapsed         | 267           |
|    total_timesteps      | 179200        |
| train/                  |               |
|    approx_kl            | 0.013511149   |
|    clip_fraction        | 0.169         |
|    clip_range           | 0.2           |
|    entropy_loss         | -16.4         |
|    explained_variance   | 0.00026088953 |
|    learning_rate        | 0.0003        |
|    loss                 | -0.0249       |
|    n_updates            | 1740          |
|    policy_gradient_loss | -0.0239       |
|    std                  | 0.951         |
|    value_loss           | 0.00549       |
-------------------------------------------
------------------------------------------
| rollout/                |              |
|    ep_len_mean          | 1.44e+03     |
|    ep_rew_mean          | 1.46e+03     |
| time/                   |              |
|    fps                  | 670          |
|    iterations           | 176          |
|    time_elapsed         | 268          |
|    total_timesteps      | 180224       |
| train/                  |              |
|    approx_kl            | 0.015137194  |
|    clip_fraction        | 0.19         |
|    clip_range           | 0.2          |
|    entropy_loss         | -16.4        |
|    explained_variance   | 0.0002680421 |
|    learning_rate        | 0.0003       |
|    loss                 | -0.0344      |
|    n_updates            | 1750         |
|    policy_gradient_loss | -0.025       |
|    std                  | 0.949        |
|    value_loss           | 0.00514      |
------------------------------------------
-------------------------------------------
| rollout/                |               |
|    ep_len_mean          | 1.44e+03      |
|    ep_rew_mean          | 1.46e+03      |
| time/                   |               |
|    fps                  | 670           |
|    iterations           | 177           |
|    time_elapsed         | 270           |
|    total_timesteps      | 181248        |
| train/                  |               |
|    approx_kl            | 0.011578311   |
|    clip_fraction        | 0.132         |
|    clip_range           | 0.2           |
|    entropy_loss         | -16.3         |
|    explained_variance   | 0.00046509504 |
|    learning_rate        | 0.0003        |
|    loss                 | -0.0399       |
|    n_updates            | 1760          |
|    policy_gradient_loss | -0.0196       |
|    std                  | 0.945         |
|    value_loss           | 0.00512       |
-------------------------------------------
-------------------------------------------
| rollout/                |               |
|    ep_len_mean          | 1.44e+03      |
|    ep_rew_mean          | 1.46e+03      |
| time/                   |               |
|    fps                  | 670           |
|    iterations           | 178           |
|    time_elapsed         | 271           |
|    total_timesteps      | 182272        |
| train/                  |               |
|    approx_kl            | 0.011032661   |
|    clip_fraction        | 0.138         |
|    clip_range           | 0.2           |
|    entropy_loss         | -16.3         |
|    explained_variance   | 0.00014567375 |
|    learning_rate        | 0.0003        |
|    loss                 | -0.0255       |
|    n_updates            | 1770          |
|    policy_gradient_loss | -0.0184       |
|    std                  | 0.944         |
|    value_loss           | 0.0122        |
-------------------------------------------
-------------------------------------------
| rollout/                |               |
|    ep_len_mean          | 1.44e+03      |
|    ep_rew_mean          | 1.46e+03      |
| time/                   |               |
|    fps                  | 670           |
|    iterations           | 179           |
|    time_elapsed         | 273           |
|    total_timesteps      | 183296        |
| train/                  |               |
|    approx_kl            | 0.012383002   |
|    clip_fraction        | 0.177         |
|    clip_range           | 0.2           |
|    entropy_loss         | -16.3         |
|    explained_variance   | 0.00040209293 |
|    learning_rate        | 0.0003        |
|    loss                 | -0.0281       |
|    n_updates            | 1780          |
|    policy_gradient_loss | -0.0219       |
|    std                  | 0.943         |
|    value_loss           | 0.00462       |
-------------------------------------------
-------------------------------------------
| rollout/                |               |
|    ep_len_mean          | 1.44e+03      |
|    ep_rew_mean          | 1.46e+03      |
| time/                   |               |
|    fps                  | 670           |
|    iterations           | 180           |
|    time_elapsed         | 274           |
|    total_timesteps      | 184320        |
| train/                  |               |
|    approx_kl            | 0.013564361   |
|    clip_fraction        | 0.152         |
|    clip_range           | 0.2           |
|    entropy_loss         | -16.3         |
|    explained_variance   | 0.00017517805 |
|    learning_rate        | 0.0003        |
|    loss                 | -0.0402       |
|    n_updates            | 1790          |
|    policy_gradient_loss | -0.0221       |
|    std                  | 0.942         |
|    value_loss           | 0.00689       |
-------------------------------------------
------------------------------------------
| rollout/                |              |
|    ep_len_mean          | 1.44e+03     |
|    ep_rew_mean          | 1.46e+03     |
| time/                   |              |
|    fps                  | 670          |
|    iterations           | 181          |
|    time_elapsed         | 276          |
|    total_timesteps      | 185344       |
| train/                  |              |
|    approx_kl            | 0.014363907  |
|    clip_fraction        | 0.163        |
|    clip_range           | 0.2          |
|    entropy_loss         | -16.3        |
|    explained_variance   | 0.0004772544 |
|    learning_rate        | 0.0003       |
|    loss                 | -0.0289      |
|    n_updates            | 1800         |
|    policy_gradient_loss | -0.0233      |
|    std                  | 0.939        |
|    value_loss           | 0.00696      |
------------------------------------------
-------------------------------------------
| rollout/                |               |
|    ep_len_mean          | 1.44e+03      |
|    ep_rew_mean          | 1.46e+03      |
| time/                   |               |
|    fps                  | 670           |
|    iterations           | 182           |
|    time_elapsed         | 277           |
|    total_timesteps      | 186368        |
| train/                  |               |
|    approx_kl            | 0.012417326   |
|    clip_fraction        | 0.139         |
|    clip_range           | 0.2           |
|    entropy_loss         | -16.2         |
|    explained_variance   | 0.00024479628 |
|    learning_rate        | 0.0003        |
|    loss                 | -0.0326       |
|    n_updates            | 1810          |
|    policy_gradient_loss | -0.0221       |
|    std                  | 0.937         |
|    value_loss           | 0.00536       |
-------------------------------------------
-------------------------------------------
| rollout/                |               |
|    ep_len_mean          | 1.44e+03      |
|    ep_rew_mean          | 1.46e+03      |
| time/                   |               |
|    fps                  | 670           |
|    iterations           | 183           |
|    time_elapsed         | 279           |
|    total_timesteps      | 187392        |
| train/                  |               |
|    approx_kl            | 0.015664333   |
|    clip_fraction        | 0.19          |
|    clip_range           | 0.2           |
|    entropy_loss         | -16.2         |
|    explained_variance   | 0.00040638447 |
|    learning_rate        | 0.0003        |
|    loss                 | -0.0382       |
|    n_updates            | 1820          |
|    policy_gradient_loss | -0.0235       |
|    std                  | 0.937         |
|    value_loss           | 0.00342       |
-------------------------------------------
-------------------------------------------
| rollout/                |               |
|    ep_len_mean          | 1.44e+03      |
|    ep_rew_mean          | 1.46e+03      |
| time/                   |               |
|    fps                  | 670           |
|    iterations           | 184           |
|    time_elapsed         | 280           |
|    total_timesteps      | 188416        |
| train/                  |               |
|    approx_kl            | 0.014239883   |
|    clip_fraction        | 0.166         |
|    clip_range           | 0.2           |
|    entropy_loss         | -16.2         |
|    explained_variance   | 0.00038921833 |
|    learning_rate        | 0.0003        |
|    loss                 | -0.0334       |
|    n_updates            | 1830          |
|    policy_gradient_loss | -0.0219       |
|    std                  | 0.936         |
|    value_loss           | 0.00583       |
-------------------------------------------
-------------------------------------------
| rollout/                |               |
|    ep_len_mean          | 1.44e+03      |
|    ep_rew_mean          | 1.46e+03      |
| time/                   |               |
|    fps                  | 670           |
|    iterations           | 185           |
|    time_elapsed         | 282           |
|    total_timesteps      | 189440        |
| train/                  |               |
|    approx_kl            | 0.013152123   |
|    clip_fraction        | 0.136         |
|    clip_range           | 0.2           |
|    entropy_loss         | -16.2         |
|    explained_variance   | 0.00042289495 |
|    learning_rate        | 0.0003        |
|    loss                 | -0.0386       |
|    n_updates            | 1840          |
|    policy_gradient_loss | -0.0219       |
|    std                  | 0.936         |
|    value_loss           | 0.00517       |
-------------------------------------------
-------------------------------------------
| rollout/                |               |
|    ep_len_mean          | 1.44e+03      |
|    ep_rew_mean          | 1.46e+03      |
| time/                   |               |
|    fps                  | 670           |
|    iterations           | 186           |
|    time_elapsed         | 283           |
|    total_timesteps      | 190464        |
| train/                  |               |
|    approx_kl            | 0.014887735   |
|    clip_fraction        | 0.192         |
|    clip_range           | 0.2           |
|    entropy_loss         | -16.2         |
|    explained_variance   | 0.00042408705 |
|    learning_rate        | 0.0003        |
|    loss                 | -0.0276       |
|    n_updates            | 1850          |
|    policy_gradient_loss | -0.0228       |
|    std                  | 0.934         |
|    value_loss           | 0.00504       |
-------------------------------------------
------------------------------------------
| rollout/                |              |
|    ep_len_mean          | 1.44e+03     |
|    ep_rew_mean          | 1.46e+03     |
| time/                   |              |
|    fps                  | 670          |
|    iterations           | 187          |
|    time_elapsed         | 285          |
|    total_timesteps      | 191488       |
| train/                  |              |
|    approx_kl            | 0.014771085  |
|    clip_fraction        | 0.16         |
|    clip_range           | 0.2          |
|    entropy_loss         | -16.2        |
|    explained_variance   | 0.0002193451 |
|    learning_rate        | 0.0003       |
|    loss                 | -0.0312      |
|    n_updates            | 1860         |
|    policy_gradient_loss | -0.0219      |
|    std                  | 0.932        |
|    value_loss           | 0.00369      |
------------------------------------------
-------------------------------------------
| rollout/                |               |
|    ep_len_mean          | 1.44e+03      |
|    ep_rew_mean          | 1.47e+03      |
| time/                   |               |
|    fps                  | 670           |
|    iterations           | 188           |
|    time_elapsed         | 286           |
|    total_timesteps      | 192512        |
| train/                  |               |
|    approx_kl            | 0.013995697   |
|    clip_fraction        | 0.177         |
|    clip_range           | 0.2           |
|    entropy_loss         | -16.1         |
|    explained_variance   | 0.00037640333 |
|    learning_rate        | 0.0003        |
|    loss                 | -0.0315       |
|    n_updates            | 1870          |
|    policy_gradient_loss | -0.0216       |
|    std                  | 0.931         |
|    value_loss           | 0.00788       |
-------------------------------------------
-------------------------------------------
| rollout/                |               |
|    ep_len_mean          | 1.44e+03      |
|    ep_rew_mean          | 1.47e+03      |
| time/                   |               |
|    fps                  | 671           |
|    iterations           | 189           |
|    time_elapsed         | 288           |
|    total_timesteps      | 193536        |
| train/                  |               |
|    approx_kl            | 0.013149934   |
|    clip_fraction        | 0.164         |
|    clip_range           | 0.2           |
|    entropy_loss         | -16.1         |
|    explained_variance   | 5.7160854e-05 |
|    learning_rate        | 0.0003        |
|    loss                 | -0.048        |
|    n_updates            | 1880          |
|    policy_gradient_loss | -0.0259       |
|    std                  | 0.931         |
|    value_loss           | 0.00578       |
-------------------------------------------
-------------------------------------------
| rollout/                |               |
|    ep_len_mean          | 1.44e+03      |
|    ep_rew_mean          | 1.47e+03      |
| time/                   |               |
|    fps                  | 671           |
|    iterations           | 190           |
|    time_elapsed         | 289           |
|    total_timesteps      | 194560        |
| train/                  |               |
|    approx_kl            | 0.0124158515  |
|    clip_fraction        | 0.18          |
|    clip_range           | 0.2           |
|    entropy_loss         | -16.1         |
|    explained_variance   | 4.8041344e-05 |
|    learning_rate        | 0.0003        |
|    loss                 | -0.0303       |
|    n_updates            | 1890          |
|    policy_gradient_loss | -0.0219       |
|    std                  | 0.93          |
|    value_loss           | 0.00445       |
-------------------------------------------
-------------------------------------------
| rollout/                |               |
|    ep_len_mean          | 1.44e+03      |
|    ep_rew_mean          | 1.47e+03      |
| time/                   |               |
|    fps                  | 671           |
|    iterations           | 191           |
|    time_elapsed         | 291           |
|    total_timesteps      | 195584        |
| train/                  |               |
|    approx_kl            | 0.012013691   |
|    clip_fraction        | 0.141         |
|    clip_range           | 0.2           |
|    entropy_loss         | -16.1         |
|    explained_variance   | 0.00048404932 |
|    learning_rate        | 0.0003        |
|    loss                 | -0.0378       |
|    n_updates            | 1900          |
|    policy_gradient_loss | -0.022        |
|    std                  | 0.929         |
|    value_loss           | 0.00481       |
-------------------------------------------
------------------------------------------
| rollout/                |              |
|    ep_len_mean          | 1.44e+03     |
|    ep_rew_mean          | 1.47e+03     |
| time/                   |              |
|    fps                  | 671          |
|    iterations           | 192          |
|    time_elapsed         | 292          |
|    total_timesteps      | 196608       |
| train/                  |              |
|    approx_kl            | 0.013532784  |
|    clip_fraction        | 0.195        |
|    clip_range           | 0.2          |
|    entropy_loss         | -16.1        |
|    explained_variance   | 0.0004298091 |
|    learning_rate        | 0.0003       |
|    loss                 | -0.0427      |
|    n_updates            | 1910         |
|    policy_gradient_loss | -0.0235      |
|    std                  | 0.927        |
|    value_loss           | 0.00402      |
------------------------------------------
-------------------------------------------
| rollout/                |               |
|    ep_len_mean          | 1.44e+03      |
|    ep_rew_mean          | 1.47e+03      |
| time/                   |               |
|    fps                  | 671           |
|    iterations           | 193           |
|    time_elapsed         | 294           |
|    total_timesteps      | 197632        |
| train/                  |               |
|    approx_kl            | 0.016020264   |
|    clip_fraction        | 0.19          |
|    clip_range           | 0.2           |
|    entropy_loss         | -16.1         |
|    explained_variance   | 0.00033545494 |
|    learning_rate        | 0.0003        |
|    loss                 | -0.0491       |
|    n_updates            | 1920          |
|    policy_gradient_loss | -0.0279       |
|    std                  | 0.927         |
|    value_loss           | 0.00444       |
-------------------------------------------
-------------------------------------------
| rollout/                |               |
|    ep_len_mean          | 1.44e+03      |
|    ep_rew_mean          | 1.47e+03      |
| time/                   |               |
|    fps                  | 671           |
|    iterations           | 194           |
|    time_elapsed         | 295           |
|    total_timesteps      | 198656        |
| train/                  |               |
|    approx_kl            | 0.014650179   |
|    clip_fraction        | 0.166         |
|    clip_range           | 0.2           |
|    entropy_loss         | -16.1         |
|    explained_variance   | 0.00026112795 |
|    learning_rate        | 0.0003        |
|    loss                 | -0.0269       |
|    n_updates            | 1930          |
|    policy_gradient_loss | -0.0199       |
|    std                  | 0.928         |
|    value_loss           | 0.00502       |
-------------------------------------------
-------------------------------------------
| rollout/                |               |
|    ep_len_mean          | 1.44e+03      |
|    ep_rew_mean          | 1.47e+03      |
| time/                   |               |
|    fps                  | 670           |
|    iterations           | 195           |
|    time_elapsed         | 297           |
|    total_timesteps      | 199680        |
| train/                  |               |
|    approx_kl            | 0.011371618   |
|    clip_fraction        | 0.134         |
|    clip_range           | 0.2           |
|    entropy_loss         | -16.1         |
|    explained_variance   | -0.0013391972 |
|    learning_rate        | 0.0003        |
|    loss                 | -0.0358       |
|    n_updates            | 1940          |
|    policy_gradient_loss | -0.0215       |
|    std                  | 0.927         |
|    value_loss           | 0.00464       |
-------------------------------------------
-------------------------------------------
| rollout/                |               |
|    ep_len_mean          | 1.44e+03      |
|    ep_rew_mean          | 1.47e+03      |
| time/                   |               |
|    fps                  | 670           |
|    iterations           | 196           |
|    time_elapsed         | 299           |
|    total_timesteps      | 200704        |
| train/                  |               |
|    approx_kl            | 0.011985693   |
|    clip_fraction        | 0.151         |
|    clip_range           | 0.2           |
|    entropy_loss         | -16.1         |
|    explained_variance   | 0.00065618753 |
|    learning_rate        | 0.0003        |
|    loss                 | -0.0324       |
|    n_updates            | 1950          |
|    policy_gradient_loss | -0.0222       |
|    std                  | 0.927         |
|    value_loss           | 0.00483       |
-------------------------------------------
Política MuJoCo guardada en /home/juli/unitree_ros2/nova-spot-micro-tesis/Experimentos/campana_distribuida_step_s23_20260928/mujoco/step_semilla_1018/policy.zip
