Using cuda device
Wrapping the env with a `Monitor` wrapper
Wrapping the env in a DummyVecEnv.
-----------------------------
| time/              |      |
|    fps             | 667  |
|    iterations      | 1    |
|    time_elapsed    | 1    |
|    total_timesteps | 1024 |
-----------------------------
------------------------------------------
| rollout/                |              |
|    ep_len_mean          | 1.44e+03     |
|    ep_rew_mean          | 1.44e+03     |
| time/                   |              |
|    fps                  | 606          |
|    iterations           | 2            |
|    time_elapsed         | 3            |
|    total_timesteps      | 2048         |
| train/                  |              |
|    approx_kl            | 0.016068678  |
|    clip_fraction        | 0.245        |
|    clip_range           | 0.2          |
|    entropy_loss         | -17          |
|    explained_variance   | -0.022873878 |
|    learning_rate        | 0.0003       |
|    loss                 | 99.1         |
|    n_updates            | 10           |
|    policy_gradient_loss | -0.0162      |
|    std                  | 1            |
|    value_loss           | 237          |
------------------------------------------
------------------------------------------
| rollout/                |              |
|    ep_len_mean          | 1.44e+03     |
|    ep_rew_mean          | 1.44e+03     |
| time/                   |              |
|    fps                  | 615          |
|    iterations           | 3            |
|    time_elapsed         | 4            |
|    total_timesteps      | 3072         |
| train/                  |              |
|    approx_kl            | 0.015030231  |
|    clip_fraction        | 0.163        |
|    clip_range           | 0.2          |
|    entropy_loss         | -17          |
|    explained_variance   | -0.030207396 |
|    learning_rate        | 0.0003       |
|    loss                 | 91.7         |
|    n_updates            | 20           |
|    policy_gradient_loss | -0.00936     |
|    std                  | 1            |
|    value_loss           | 220          |
------------------------------------------
-----------------------------------------
| rollout/                |             |
|    ep_len_mean          | 1.44e+03    |
|    ep_rew_mean          | 1.44e+03    |
| time/                   |             |
|    fps                  | 617         |
|    iterations           | 4           |
|    time_elapsed         | 6           |
|    total_timesteps      | 4096        |
| train/                  |             |
|    approx_kl            | 0.008114541 |
|    clip_fraction        | 0.0835      |
|    clip_range           | 0.2         |
|    entropy_loss         | -17         |
|    explained_variance   | -0.01519978 |
|    learning_rate        | 0.0003      |
|    loss                 | 92.2        |
|    n_updates            | 30          |
|    policy_gradient_loss | -0.00872    |
|    std                  | 1           |
|    value_loss           | 213         |
-----------------------------------------
-----------------------------------------
| rollout/                |             |
|    ep_len_mean          | 1.44e+03    |
|    ep_rew_mean          | 1.44e+03    |
| time/                   |             |
|    fps                  | 622         |
|    iterations           | 5           |
|    time_elapsed         | 8           |
|    total_timesteps      | 5120        |
| train/                  |             |
|    approx_kl            | 0.017061315 |
|    clip_fraction        | 0.207       |
|    clip_range           | 0.2         |
|    entropy_loss         | -17.1       |
|    explained_variance   | -0.01413846 |
|    learning_rate        | 0.0003      |
|    loss                 | 99.7        |
|    n_updates            | 40          |
|    policy_gradient_loss | -0.0131     |
|    std                  | 1           |
|    value_loss           | 218         |
-----------------------------------------
------------------------------------------
| rollout/                |              |
|    ep_len_mean          | 1.44e+03     |
|    ep_rew_mean          | 1.44e+03     |
| time/                   |              |
|    fps                  | 624          |
|    iterations           | 6            |
|    time_elapsed         | 9            |
|    total_timesteps      | 6144         |
| train/                  |              |
|    approx_kl            | 0.01194298   |
|    clip_fraction        | 0.147        |
|    clip_range           | 0.2          |
|    entropy_loss         | -17.1        |
|    explained_variance   | -0.002661109 |
|    learning_rate        | 0.0003       |
|    loss                 | 97.8         |
|    n_updates            | 50           |
|    policy_gradient_loss | -0.0114      |
|    std                  | 1            |
|    value_loss           | 211          |
------------------------------------------
-------------------------------------------
| rollout/                |               |
|    ep_len_mean          | 1.44e+03      |
|    ep_rew_mean          | 1.44e+03      |
| time/                   |               |
|    fps                  | 626           |
|    iterations           | 7             |
|    time_elapsed         | 11            |
|    total_timesteps      | 7168          |
| train/                  |               |
|    approx_kl            | 0.009114578   |
|    clip_fraction        | 0.0903        |
|    clip_range           | 0.2           |
|    entropy_loss         | -17.1         |
|    explained_variance   | -0.0025874376 |
|    learning_rate        | 0.0003        |
|    loss                 | 98.2          |
|    n_updates            | 60            |
|    policy_gradient_loss | -0.00885      |
|    std                  | 1             |
|    value_loss           | 208           |
-------------------------------------------
-------------------------------------------
| rollout/                |               |
|    ep_len_mean          | 1.44e+03      |
|    ep_rew_mean          | 1.44e+03      |
| time/                   |               |
|    fps                  | 626           |
|    iterations           | 8             |
|    time_elapsed         | 13            |
|    total_timesteps      | 8192          |
| train/                  |               |
|    approx_kl            | 0.017630404   |
|    clip_fraction        | 0.181         |
|    clip_range           | 0.2           |
|    entropy_loss         | -17.1         |
|    explained_variance   | -0.0024818182 |
|    learning_rate        | 0.0003        |
|    loss                 | 97.6          |
|    n_updates            | 70            |
|    policy_gradient_loss | -0.011        |
|    std                  | 1             |
|    value_loss           | 209           |
-------------------------------------------
------------------------------------------
| rollout/                |              |
|    ep_len_mean          | 1.44e+03     |
|    ep_rew_mean          | 1.44e+03     |
| time/                   |              |
|    fps                  | 626          |
|    iterations           | 9            |
|    time_elapsed         | 14           |
|    total_timesteps      | 9216         |
| train/                  |              |
|    approx_kl            | 0.014166262  |
|    clip_fraction        | 0.155        |
|    clip_range           | 0.2          |
|    entropy_loss         | -17.1        |
|    explained_variance   | -0.001891017 |
|    learning_rate        | 0.0003       |
|    loss                 | 95           |
|    n_updates            | 80           |
|    policy_gradient_loss | -0.0102      |
|    std                  | 1.01         |
|    value_loss           | 201          |
------------------------------------------
-------------------------------------------
| rollout/                |               |
|    ep_len_mean          | 1.44e+03      |
|    ep_rew_mean          | 1.44e+03      |
| time/                   |               |
|    fps                  | 627           |
|    iterations           | 10            |
|    time_elapsed         | 16            |
|    total_timesteps      | 10240         |
| train/                  |               |
|    approx_kl            | 0.009759773   |
|    clip_fraction        | 0.135         |
|    clip_range           | 0.2           |
|    entropy_loss         | -17.1         |
|    explained_variance   | -0.0007350445 |
|    learning_rate        | 0.0003        |
|    loss                 | 91.8          |
|    n_updates            | 90            |
|    policy_gradient_loss | -0.0124       |
|    std                  | 1             |
|    value_loss           | 196           |
-------------------------------------------
-------------------------------------------
| rollout/                |               |
|    ep_len_mean          | 1.44e+03      |
|    ep_rew_mean          | 1.44e+03      |
| time/                   |               |
|    fps                  | 628           |
|    iterations           | 11            |
|    time_elapsed         | 17            |
|    total_timesteps      | 11264         |
| train/                  |               |
|    approx_kl            | 0.013066582   |
|    clip_fraction        | 0.162         |
|    clip_range           | 0.2           |
|    entropy_loss         | -17.1         |
|    explained_variance   | -0.0009447336 |
|    learning_rate        | 0.0003        |
|    loss                 | 90.9          |
|    n_updates            | 100           |
|    policy_gradient_loss | -0.0129       |
|    std                  | 1.01          |
|    value_loss           | 192           |
-------------------------------------------
-------------------------------------------
| rollout/                |               |
|    ep_len_mean          | 1.44e+03      |
|    ep_rew_mean          | 1.44e+03      |
| time/                   |               |
|    fps                  | 630           |
|    iterations           | 12            |
|    time_elapsed         | 19            |
|    total_timesteps      | 12288         |
| train/                  |               |
|    approx_kl            | 0.01854878    |
|    clip_fraction        | 0.147         |
|    clip_range           | 0.2           |
|    entropy_loss         | -17.1         |
|    explained_variance   | 0.00012844801 |
|    learning_rate        | 0.0003        |
|    loss                 | 91.8          |
|    n_updates            | 110           |
|    policy_gradient_loss | -0.0111       |
|    std                  | 1             |
|    value_loss           | 194           |
-------------------------------------------
------------------------------------------
| rollout/                |              |
|    ep_len_mean          | 1.44e+03     |
|    ep_rew_mean          | 1.44e+03     |
| time/                   |              |
|    fps                  | 627          |
|    iterations           | 13           |
|    time_elapsed         | 21           |
|    total_timesteps      | 13312        |
| train/                  |              |
|    approx_kl            | 0.013125988  |
|    clip_fraction        | 0.193        |
|    clip_range           | 0.2          |
|    entropy_loss         | -17.1        |
|    explained_variance   | 0.0004467368 |
|    learning_rate        | 0.0003       |
|    loss                 | 87.1         |
|    n_updates            | 120          |
|    policy_gradient_loss | -0.0138      |
|    std                  | 1            |
|    value_loss           | 185          |
------------------------------------------
-------------------------------------------
| rollout/                |               |
|    ep_len_mean          | 1.44e+03      |
|    ep_rew_mean          | 1.44e+03      |
| time/                   |               |
|    fps                  | 626           |
|    iterations           | 14            |
|    time_elapsed         | 22            |
|    total_timesteps      | 14336         |
| train/                  |               |
|    approx_kl            | 0.013323597   |
|    clip_fraction        | 0.195         |
|    clip_range           | 0.2           |
|    entropy_loss         | -17.1         |
|    explained_variance   | -0.0006327629 |
|    learning_rate        | 0.0003        |
|    loss                 | 85.2          |
|    n_updates            | 130           |
|    policy_gradient_loss | -0.0147       |
|    std                  | 1             |
|    value_loss           | 181           |
-------------------------------------------
--------------------------------------------
| rollout/                |                |
|    ep_len_mean          | 1.44e+03       |
|    ep_rew_mean          | 1.44e+03       |
| time/                   |                |
|    fps                  | 625            |
|    iterations           | 15             |
|    time_elapsed         | 24             |
|    total_timesteps      | 15360          |
| train/                  |                |
|    approx_kl            | 0.010702938    |
|    clip_fraction        | 0.106          |
|    clip_range           | 0.2            |
|    entropy_loss         | -17.1          |
|    explained_variance   | -0.00046360493 |
|    learning_rate        | 0.0003         |
|    loss                 | 86             |
|    n_updates            | 140            |
|    policy_gradient_loss | -0.00875       |
|    std                  | 1.01           |
|    value_loss           | 182            |
--------------------------------------------
--------------------------------------------
| rollout/                |                |
|    ep_len_mean          | 1.44e+03       |
|    ep_rew_mean          | 1.44e+03       |
| time/                   |                |
|    fps                  | 624            |
|    iterations           | 16             |
|    time_elapsed         | 26             |
|    total_timesteps      | 16384          |
| train/                  |                |
|    approx_kl            | 0.016965762    |
|    clip_fraction        | 0.18           |
|    clip_range           | 0.2            |
|    entropy_loss         | -17.1          |
|    explained_variance   | -0.00068569183 |
|    learning_rate        | 0.0003         |
|    loss                 | 82.9           |
|    n_updates            | 150            |
|    policy_gradient_loss | -0.0119        |
|    std                  | 1.01           |
|    value_loss           | 174            |
--------------------------------------------
--------------------------------------------
| rollout/                |                |
|    ep_len_mean          | 1.44e+03       |
|    ep_rew_mean          | 1.44e+03       |
| time/                   |                |
|    fps                  | 625            |
|    iterations           | 17             |
|    time_elapsed         | 27             |
|    total_timesteps      | 17408          |
| train/                  |                |
|    approx_kl            | 0.0141874      |
|    clip_fraction        | 0.177          |
|    clip_range           | 0.2            |
|    entropy_loss         | -17.1          |
|    explained_variance   | -0.00028276443 |
|    learning_rate        | 0.0003         |
|    loss                 | 80.9           |
|    n_updates            | 160            |
|    policy_gradient_loss | -0.0139        |
|    std                  | 1.01           |
|    value_loss           | 171            |
--------------------------------------------
--------------------------------------------
| rollout/                |                |
|    ep_len_mean          | 1.44e+03       |
|    ep_rew_mean          | 1.44e+03       |
| time/                   |                |
|    fps                  | 627            |
|    iterations           | 18             |
|    time_elapsed         | 29             |
|    total_timesteps      | 18432          |
| train/                  |                |
|    approx_kl            | 0.008744355    |
|    clip_fraction        | 0.145          |
|    clip_range           | 0.2            |
|    entropy_loss         | -17.1          |
|    explained_variance   | -0.00037574768 |
|    learning_rate        | 0.0003         |
|    loss                 | 79             |
|    n_updates            | 170            |
|    policy_gradient_loss | -0.0158        |
|    std                  | 1.01           |
|    value_loss           | 168            |
--------------------------------------------
--------------------------------------------
| rollout/                |                |
|    ep_len_mean          | 1.44e+03       |
|    ep_rew_mean          | 1.44e+03       |
| time/                   |                |
|    fps                  | 629            |
|    iterations           | 19             |
|    time_elapsed         | 30             |
|    total_timesteps      | 19456          |
| train/                  |                |
|    approx_kl            | 0.015440399    |
|    clip_fraction        | 0.173          |
|    clip_range           | 0.2            |
|    entropy_loss         | -17.1          |
|    explained_variance   | -0.00022292137 |
|    learning_rate        | 0.0003         |
|    loss                 | 79             |
|    n_updates            | 180            |
|    policy_gradient_loss | -0.0129        |
|    std                  | 1.01           |
|    value_loss           | 169            |
--------------------------------------------
--------------------------------------------
| rollout/                |                |
|    ep_len_mean          | 1.44e+03       |
|    ep_rew_mean          | 1.44e+03       |
| time/                   |                |
|    fps                  | 629            |
|    iterations           | 20             |
|    time_elapsed         | 32             |
|    total_timesteps      | 20480          |
| train/                  |                |
|    approx_kl            | 0.012991559    |
|    clip_fraction        | 0.121          |
|    clip_range           | 0.2            |
|    entropy_loss         | -17.1          |
|    explained_variance   | -1.3113022e-05 |
|    learning_rate        | 0.0003         |
|    loss                 | 75.4           |
|    n_updates            | 190            |
|    policy_gradient_loss | -0.00974       |
|    std                  | 1.01           |
|    value_loss           | 161            |
--------------------------------------------
--------------------------------------------
| rollout/                |                |
|    ep_len_mean          | 1.44e+03       |
|    ep_rew_mean          | 1.44e+03       |
| time/                   |                |
|    fps                  | 629            |
|    iterations           | 21             |
|    time_elapsed         | 34             |
|    total_timesteps      | 21504          |
| train/                  |                |
|    approx_kl            | 0.0109528415   |
|    clip_fraction        | 0.116          |
|    clip_range           | 0.2            |
|    entropy_loss         | -17.1          |
|    explained_variance   | -0.00014615059 |
|    learning_rate        | 0.0003         |
|    loss                 | 73.5           |
|    n_updates            | 200            |
|    policy_gradient_loss | -0.00941       |
|    std                  | 1.01           |
|    value_loss           | 157            |
--------------------------------------------
--------------------------------------------
| rollout/                |                |
|    ep_len_mean          | 1.44e+03       |
|    ep_rew_mean          | 1.44e+03       |
| time/                   |                |
|    fps                  | 629            |
|    iterations           | 22             |
|    time_elapsed         | 35             |
|    total_timesteps      | 22528          |
| train/                  |                |
|    approx_kl            | 0.016566072    |
|    clip_fraction        | 0.15           |
|    clip_range           | 0.2            |
|    entropy_loss         | -17.2          |
|    explained_variance   | -0.00033783913 |
|    learning_rate        | 0.0003         |
|    loss                 | 74.9           |
|    n_updates            | 210            |
|    policy_gradient_loss | -0.00915       |
|    std                  | 1.01           |
|    value_loss           | 158            |
--------------------------------------------
-------------------------------------------
| rollout/                |               |
|    ep_len_mean          | 1.44e+03      |
|    ep_rew_mean          | 1.44e+03      |
| time/                   |               |
|    fps                  | 630           |
|    iterations           | 23            |
|    time_elapsed         | 37            |
|    total_timesteps      | 23552         |
| train/                  |               |
|    approx_kl            | 0.010304064   |
|    clip_fraction        | 0.116         |
|    clip_range           | 0.2           |
|    entropy_loss         | -17.2         |
|    explained_variance   | -0.0002001524 |
|    learning_rate        | 0.0003        |
|    loss                 | 71.3          |
|    n_updates            | 220           |
|    policy_gradient_loss | -0.00955      |
|    std                  | 1.01          |
|    value_loss           | 151           |
-------------------------------------------
--------------------------------------------
| rollout/                |                |
|    ep_len_mean          | 1.44e+03       |
|    ep_rew_mean          | 1.44e+03       |
| time/                   |                |
|    fps                  | 630            |
|    iterations           | 24             |
|    time_elapsed         | 38             |
|    total_timesteps      | 24576          |
| train/                  |                |
|    approx_kl            | 0.012204385    |
|    clip_fraction        | 0.239          |
|    clip_range           | 0.2            |
|    entropy_loss         | -17.2          |
|    explained_variance   | -7.1525574e-06 |
|    learning_rate        | 0.0003         |
|    loss                 | 69.7           |
|    n_updates            | 230            |
|    policy_gradient_loss | -0.0195        |
|    std                  | 1.01           |
|    value_loss           | 148            |
--------------------------------------------
-------------------------------------------
| rollout/                |               |
|    ep_len_mean          | 1.44e+03      |
|    ep_rew_mean          | 1.44e+03      |
| time/                   |               |
|    fps                  | 631           |
|    iterations           | 25            |
|    time_elapsed         | 40            |
|    total_timesteps      | 25600         |
| train/                  |               |
|    approx_kl            | 0.014356862   |
|    clip_fraction        | 0.146         |
|    clip_range           | 0.2           |
|    entropy_loss         | -17.2         |
|    explained_variance   | 0.00016570091 |
|    learning_rate        | 0.0003        |
|    loss                 | 66.9          |
|    n_updates            | 240           |
|    policy_gradient_loss | -0.0116       |
|    std                  | 1.01          |
|    value_loss           | 144           |
-------------------------------------------
--------------------------------------------
| rollout/                |                |
|    ep_len_mean          | 1.44e+03       |
|    ep_rew_mean          | 1.44e+03       |
| time/                   |                |
|    fps                  | 632            |
|    iterations           | 26             |
|    time_elapsed         | 42             |
|    total_timesteps      | 26624          |
| train/                  |                |
|    approx_kl            | 0.014935667    |
|    clip_fraction        | 0.146          |
|    clip_range           | 0.2            |
|    entropy_loss         | -17.2          |
|    explained_variance   | -0.00043797493 |
|    learning_rate        | 0.0003         |
|    loss                 | 68.1           |
|    n_updates            | 250            |
|    policy_gradient_loss | -0.011         |
|    std                  | 1.01           |
|    value_loss           | 145            |
--------------------------------------------
--------------------------------------------
| rollout/                |                |
|    ep_len_mean          | 1.44e+03       |
|    ep_rew_mean          | 1.44e+03       |
| time/                   |                |
|    fps                  | 633            |
|    iterations           | 27             |
|    time_elapsed         | 43             |
|    total_timesteps      | 27648          |
| train/                  |                |
|    approx_kl            | 0.01459672     |
|    clip_fraction        | 0.14           |
|    clip_range           | 0.2            |
|    entropy_loss         | -17.2          |
|    explained_variance   | -0.00018763542 |
|    learning_rate        | 0.0003         |
|    loss                 | 64.2           |
|    n_updates            | 260            |
|    policy_gradient_loss | -0.0116        |
|    std                  | 1.01           |
|    value_loss           | 138            |
--------------------------------------------
--------------------------------------------
| rollout/                |                |
|    ep_len_mean          | 1.44e+03       |
|    ep_rew_mean          | 1.44e+03       |
| time/                   |                |
|    fps                  | 635            |
|    iterations           | 28             |
|    time_elapsed         | 45             |
|    total_timesteps      | 28672          |
| train/                  |                |
|    approx_kl            | 0.0115072485   |
|    clip_fraction        | 0.176          |
|    clip_range           | 0.2            |
|    entropy_loss         | -17.2          |
|    explained_variance   | -0.00018680096 |
|    learning_rate        | 0.0003         |
|    loss                 | 63.2           |
|    n_updates            | 270            |
|    policy_gradient_loss | -0.0159        |
|    std                  | 1.01           |
|    value_loss           | 136            |
--------------------------------------------
--------------------------------------------
| rollout/                |                |
|    ep_len_mean          | 1.44e+03       |
|    ep_rew_mean          | 1.44e+03       |
| time/                   |                |
|    fps                  | 636            |
|    iterations           | 29             |
|    time_elapsed         | 46             |
|    total_timesteps      | 29696          |
| train/                  |                |
|    approx_kl            | 0.024512084    |
|    clip_fraction        | 0.241          |
|    clip_range           | 0.2            |
|    entropy_loss         | -17.2          |
|    explained_variance   | -0.00016820431 |
|    learning_rate        | 0.0003         |
|    loss                 | 63.1           |
|    n_updates            | 280            |
|    policy_gradient_loss | -0.0148        |
|    std                  | 1.01           |
|    value_loss           | 136            |
--------------------------------------------
-------------------------------------------
| rollout/                |               |
|    ep_len_mean          | 1.44e+03      |
|    ep_rew_mean          | 1.44e+03      |
| time/                   |               |
|    fps                  | 637           |
|    iterations           | 30            |
|    time_elapsed         | 48            |
|    total_timesteps      | 30720         |
| train/                  |               |
|    approx_kl            | 0.0079244925  |
|    clip_fraction        | 0.14          |
|    clip_range           | 0.2           |
|    entropy_loss         | -17.2         |
|    explained_variance   | 0.00014978647 |
|    learning_rate        | 0.0003        |
|    loss                 | 59.6          |
|    n_updates            | 290           |
|    policy_gradient_loss | -0.0159       |
|    std                  | 1.01          |
|    value_loss           | 129           |
-------------------------------------------
-------------------------------------------
| rollout/                |               |
|    ep_len_mean          | 1.44e+03      |
|    ep_rew_mean          | 1.44e+03      |
| time/                   |               |
|    fps                  | 638           |
|    iterations           | 31            |
|    time_elapsed         | 49            |
|    total_timesteps      | 31744         |
| train/                  |               |
|    approx_kl            | 0.013995262   |
|    clip_fraction        | 0.187         |
|    clip_range           | 0.2           |
|    entropy_loss         | -17.2         |
|    explained_variance   | -0.0001001358 |
|    learning_rate        | 0.0003        |
|    loss                 | 59.6          |
|    n_updates            | 300           |
|    policy_gradient_loss | -0.015        |
|    std                  | 1.01          |
|    value_loss           | 127           |
-------------------------------------------
--------------------------------------------
| rollout/                |                |
|    ep_len_mean          | 1.44e+03       |
|    ep_rew_mean          | 1.44e+03       |
| time/                   |                |
|    fps                  | 639            |
|    iterations           | 32             |
|    time_elapsed         | 51             |
|    total_timesteps      | 32768          |
| train/                  |                |
|    approx_kl            | 0.009784761    |
|    clip_fraction        | 0.132          |
|    clip_range           | 0.2            |
|    entropy_loss         | -17.2          |
|    explained_variance   | -0.00013780594 |
|    learning_rate        | 0.0003         |
|    loss                 | 57.9           |
|    n_updates            | 310            |
|    policy_gradient_loss | -0.012         |
|    std                  | 1.02           |
|    value_loss           | 124            |
--------------------------------------------
--------------------------------------------
| rollout/                |                |
|    ep_len_mean          | 1.44e+03       |
|    ep_rew_mean          | 1.44e+03       |
| time/                   |                |
|    fps                  | 640            |
|    iterations           | 33             |
|    time_elapsed         | 52             |
|    total_timesteps      | 33792          |
| train/                  |                |
|    approx_kl            | 0.011153266    |
|    clip_fraction        | 0.0957         |
|    clip_range           | 0.2            |
|    entropy_loss         | -17.2          |
|    explained_variance   | -0.00013303757 |
|    learning_rate        | 0.0003         |
|    loss                 | 56.9           |
|    n_updates            | 320            |
|    policy_gradient_loss | -0.0104        |
|    std                  | 1.02           |
|    value_loss           | 123            |
--------------------------------------------
--------------------------------------------
| rollout/                |                |
|    ep_len_mean          | 1.44e+03       |
|    ep_rew_mean          | 1.44e+03       |
| time/                   |                |
|    fps                  | 641            |
|    iterations           | 34             |
|    time_elapsed         | 54             |
|    total_timesteps      | 34816          |
| train/                  |                |
|    approx_kl            | 0.014508546    |
|    clip_fraction        | 0.194          |
|    clip_range           | 0.2            |
|    entropy_loss         | -17.2          |
|    explained_variance   | -0.00018942356 |
|    learning_rate        | 0.0003         |
|    loss                 | 54.3           |
|    n_updates            | 330            |
|    policy_gradient_loss | -0.0174        |
|    std                  | 1.01           |
|    value_loss           | 118            |
--------------------------------------------
--------------------------------------------
| rollout/                |                |
|    ep_len_mean          | 1.44e+03       |
|    ep_rew_mean          | 1.44e+03       |
| time/                   |                |
|    fps                  | 641            |
|    iterations           | 35             |
|    time_elapsed         | 55             |
|    total_timesteps      | 35840          |
| train/                  |                |
|    approx_kl            | 0.009751001    |
|    clip_fraction        | 0.127          |
|    clip_range           | 0.2            |
|    entropy_loss         | -17.2          |
|    explained_variance   | -0.00013840199 |
|    learning_rate        | 0.0003         |
|    loss                 | 53.1           |
|    n_updates            | 340            |
|    policy_gradient_loss | -0.0122        |
|    std                  | 1.01           |
|    value_loss           | 115            |
--------------------------------------------
------------------------------------------
| rollout/                |              |
|    ep_len_mean          | 1.44e+03     |
|    ep_rew_mean          | 1.44e+03     |
| time/                   |              |
|    fps                  | 641          |
|    iterations           | 36           |
|    time_elapsed         | 57           |
|    total_timesteps      | 36864        |
| train/                  |              |
|    approx_kl            | 0.01174354   |
|    clip_fraction        | 0.124        |
|    clip_range           | 0.2          |
|    entropy_loss         | -17.2        |
|    explained_variance   | 0.0002644658 |
|    learning_rate        | 0.0003       |
|    loss                 | 53.2         |
|    n_updates            | 350          |
|    policy_gradient_loss | -0.0129      |
|    std                  | 1.01         |
|    value_loss           | 115          |
------------------------------------------
-------------------------------------------
| rollout/                |               |
|    ep_len_mean          | 1.44e+03      |
|    ep_rew_mean          | 1.44e+03      |
| time/                   |               |
|    fps                  | 641           |
|    iterations           | 37            |
|    time_elapsed         | 59            |
|    total_timesteps      | 37888         |
| train/                  |               |
|    approx_kl            | 0.011278672   |
|    clip_fraction        | 0.151         |
|    clip_range           | 0.2           |
|    entropy_loss         | -17.2         |
|    explained_variance   | -9.226799e-05 |
|    learning_rate        | 0.0003        |
|    loss                 | 51.5          |
|    n_updates            | 360           |
|    policy_gradient_loss | -0.0134       |
|    std                  | 1.02          |
|    value_loss           | 110           |
-------------------------------------------
-------------------------------------------
| rollout/                |               |
|    ep_len_mean          | 1.44e+03      |
|    ep_rew_mean          | 1.44e+03      |
| time/                   |               |
|    fps                  | 641           |
|    iterations           | 38            |
|    time_elapsed         | 60            |
|    total_timesteps      | 38912         |
| train/                  |               |
|    approx_kl            | 0.014767634   |
|    clip_fraction        | 0.207         |
|    clip_range           | 0.2           |
|    entropy_loss         | -17.2         |
|    explained_variance   | -0.0001244545 |
|    learning_rate        | 0.0003        |
|    loss                 | 50.1          |
|    n_updates            | 370           |
|    policy_gradient_loss | -0.0156       |
|    std                  | 1.02          |
|    value_loss           | 107           |
-------------------------------------------
--------------------------------------------
| rollout/                |                |
|    ep_len_mean          | 1.44e+03       |
|    ep_rew_mean          | 1.44e+03       |
| time/                   |                |
|    fps                  | 640            |
|    iterations           | 39             |
|    time_elapsed         | 62             |
|    total_timesteps      | 39936          |
| train/                  |                |
|    approx_kl            | 0.013352296    |
|    clip_fraction        | 0.158          |
|    clip_range           | 0.2            |
|    entropy_loss         | -17.2          |
|    explained_variance   | -0.00012350082 |
|    learning_rate        | 0.0003         |
|    loss                 | 48.5           |
|    n_updates            | 380            |
|    policy_gradient_loss | -0.0138        |
|    std                  | 1.02           |
|    value_loss           | 105            |
--------------------------------------------
------------------------------------------
| rollout/                |              |
|    ep_len_mean          | 1.44e+03     |
|    ep_rew_mean          | 1.44e+03     |
| time/                   |              |
|    fps                  | 640          |
|    iterations           | 40           |
|    time_elapsed         | 63           |
|    total_timesteps      | 40960        |
| train/                  |              |
|    approx_kl            | 0.009859016  |
|    clip_fraction        | 0.126        |
|    clip_range           | 0.2          |
|    entropy_loss         | -17.2        |
|    explained_variance   | 3.260374e-05 |
|    learning_rate        | 0.0003       |
|    loss                 | 49           |
|    n_updates            | 390          |
|    policy_gradient_loss | -0.0118      |
|    std                  | 1.02         |
|    value_loss           | 104          |
------------------------------------------
-------------------------------------------
| rollout/                |               |
|    ep_len_mean          | 1.44e+03      |
|    ep_rew_mean          | 1.44e+03      |
| time/                   |               |
|    fps                  | 640           |
|    iterations           | 41            |
|    time_elapsed         | 65            |
|    total_timesteps      | 41984         |
| train/                  |               |
|    approx_kl            | 0.010830592   |
|    clip_fraction        | 0.104         |
|    clip_range           | 0.2           |
|    entropy_loss         | -17.3         |
|    explained_variance   | -0.0001180172 |
|    learning_rate        | 0.0003        |
|    loss                 | 44.9          |
|    n_updates            | 400           |
|    policy_gradient_loss | -0.0111       |
|    std                  | 1.02          |
|    value_loss           | 98.9          |
-------------------------------------------
-------------------------------------------
| rollout/                |               |
|    ep_len_mean          | 1.44e+03      |
|    ep_rew_mean          | 1.44e+03      |
| time/                   |               |
|    fps                  | 640           |
|    iterations           | 42            |
|    time_elapsed         | 67            |
|    total_timesteps      | 43008         |
| train/                  |               |
|    approx_kl            | 0.01133053    |
|    clip_fraction        | 0.204         |
|    clip_range           | 0.2           |
|    entropy_loss         | -17.3         |
|    explained_variance   | -0.0001449585 |
|    learning_rate        | 0.0003        |
|    loss                 | 44.3          |
|    n_updates            | 410           |
|    policy_gradient_loss | -0.0145       |
|    std                  | 1.02          |
|    value_loss           | 96.4          |
-------------------------------------------
-------------------------------------------
| rollout/                |               |
|    ep_len_mean          | 1.44e+03      |
|    ep_rew_mean          | 1.44e+03      |
| time/                   |               |
|    fps                  | 641           |
|    iterations           | 43            |
|    time_elapsed         | 68            |
|    total_timesteps      | 44032         |
| train/                  |               |
|    approx_kl            | 0.015060346   |
|    clip_fraction        | 0.175         |
|    clip_range           | 0.2           |
|    entropy_loss         | -17.3         |
|    explained_variance   | -8.511543e-05 |
|    learning_rate        | 0.0003        |
|    loss                 | 44.3          |
|    n_updates            | 420           |
|    policy_gradient_loss | -0.0118       |
|    std                  | 1.02          |
|    value_loss           | 96.5          |
-------------------------------------------
--------------------------------------------
| rollout/                |                |
|    ep_len_mean          | 1.44e+03       |
|    ep_rew_mean          | 1.44e+03       |
| time/                   |                |
|    fps                  | 641            |
|    iterations           | 44             |
|    time_elapsed         | 70             |
|    total_timesteps      | 45056          |
| train/                  |                |
|    approx_kl            | 0.013165046    |
|    clip_fraction        | 0.145          |
|    clip_range           | 0.2            |
|    entropy_loss         | -17.3          |
|    explained_variance   | -0.00013101101 |
|    learning_rate        | 0.0003         |
|    loss                 | 41.6           |
|    n_updates            | 430            |
|    policy_gradient_loss | -0.0146        |
|    std                  | 1.02           |
|    value_loss           | 91.4           |
--------------------------------------------
--------------------------------------------
| rollout/                |                |
|    ep_len_mean          | 1.44e+03       |
|    ep_rew_mean          | 1.44e+03       |
| time/                   |                |
|    fps                  | 641            |
|    iterations           | 45             |
|    time_elapsed         | 71             |
|    total_timesteps      | 46080          |
| train/                  |                |
|    approx_kl            | 0.01593539     |
|    clip_fraction        | 0.214          |
|    clip_range           | 0.2            |
|    entropy_loss         | -17.3          |
|    explained_variance   | -0.00018632412 |
|    learning_rate        | 0.0003         |
|    loss                 | 40.4           |
|    n_updates            | 440            |
|    policy_gradient_loss | -0.0152        |
|    std                  | 1.02           |
|    value_loss           | 88.3           |
--------------------------------------------
--------------------------------------------
| rollout/                |                |
|    ep_len_mean          | 1.44e+03       |
|    ep_rew_mean          | 1.44e+03       |
| time/                   |                |
|    fps                  | 641            |
|    iterations           | 46             |
|    time_elapsed         | 73             |
|    total_timesteps      | 47104          |
| train/                  |                |
|    approx_kl            | 0.019992393    |
|    clip_fraction        | 0.248          |
|    clip_range           | 0.2            |
|    entropy_loss         | -17.3          |
|    explained_variance   | -4.1604042e-05 |
|    learning_rate        | 0.0003         |
|    loss                 | 41.5           |
|    n_updates            | 450            |
|    policy_gradient_loss | -0.0144        |
|    std                  | 1.02           |
|    value_loss           | 89             |
--------------------------------------------
--------------------------------------------
| rollout/                |                |
|    ep_len_mean          | 1.44e+03       |
|    ep_rew_mean          | 1.44e+03       |
| time/                   |                |
|    fps                  | 642            |
|    iterations           | 47             |
|    time_elapsed         | 74             |
|    total_timesteps      | 48128          |
| train/                  |                |
|    approx_kl            | 0.013992054    |
|    clip_fraction        | 0.107          |
|    clip_range           | 0.2            |
|    entropy_loss         | -17.3          |
|    explained_variance   | -5.6266785e-05 |
|    learning_rate        | 0.0003         |
|    loss                 | 40.3           |
|    n_updates            | 460            |
|    policy_gradient_loss | -0.0121        |
|    std                  | 1.02           |
|    value_loss           | 86.5           |
--------------------------------------------
--------------------------------------------
| rollout/                |                |
|    ep_len_mean          | 1.44e+03       |
|    ep_rew_mean          | 1.44e+03       |
| time/                   |                |
|    fps                  | 642            |
|    iterations           | 48             |
|    time_elapsed         | 76             |
|    total_timesteps      | 49152          |
| train/                  |                |
|    approx_kl            | 0.019554697    |
|    clip_fraction        | 0.221          |
|    clip_range           | 0.2            |
|    entropy_loss         | -17.2          |
|    explained_variance   | -5.1259995e-05 |
|    learning_rate        | 0.0003         |
|    loss                 | 37.9           |
|    n_updates            | 470            |
|    policy_gradient_loss | -0.0159        |
|    std                  | 1.02           |
|    value_loss           | 82.2           |
--------------------------------------------
--------------------------------------------
| rollout/                |                |
|    ep_len_mean          | 1.44e+03       |
|    ep_rew_mean          | 1.44e+03       |
| time/                   |                |
|    fps                  | 642            |
|    iterations           | 49             |
|    time_elapsed         | 78             |
|    total_timesteps      | 50176          |
| train/                  |                |
|    approx_kl            | 0.012690391    |
|    clip_fraction        | 0.198          |
|    clip_range           | 0.2            |
|    entropy_loss         | -17.2          |
|    explained_variance   | -6.8068504e-05 |
|    learning_rate        | 0.0003         |
|    loss                 | 36.3           |
|    n_updates            | 480            |
|    policy_gradient_loss | -0.0162        |
|    std                  | 1.02           |
|    value_loss           | 79.6           |
--------------------------------------------
-------------------------------------------
| rollout/                |               |
|    ep_len_mean          | 1.44e+03      |
|    ep_rew_mean          | 1.44e+03      |
| time/                   |               |
|    fps                  | 643           |
|    iterations           | 50            |
|    time_elapsed         | 79            |
|    total_timesteps      | 51200         |
| train/                  |               |
|    approx_kl            | 0.010260276   |
|    clip_fraction        | 0.15          |
|    clip_range           | 0.2           |
|    entropy_loss         | -17.3         |
|    explained_variance   | -8.583069e-06 |
|    learning_rate        | 0.0003        |
|    loss                 | 36.4          |
|    n_updates            | 490           |
|    policy_gradient_loss | -0.0145       |
|    std                  | 1.02          |
|    value_loss           | 79.7          |
-------------------------------------------
-------------------------------------------
| rollout/                |               |
|    ep_len_mean          | 1.44e+03      |
|    ep_rew_mean          | 1.44e+03      |
| time/                   |               |
|    fps                  | 643           |
|    iterations           | 51            |
|    time_elapsed         | 81            |
|    total_timesteps      | 52224         |
| train/                  |               |
|    approx_kl            | 0.01253985    |
|    clip_fraction        | 0.119         |
|    clip_range           | 0.2           |
|    entropy_loss         | -17.3         |
|    explained_variance   | -7.736683e-05 |
|    learning_rate        | 0.0003        |
|    loss                 | 34            |
|    n_updates            | 500           |
|    policy_gradient_loss | -0.0127       |
|    std                  | 1.02          |
|    value_loss           | 75.5          |
-------------------------------------------
--------------------------------------------
| rollout/                |                |
|    ep_len_mean          | 1.44e+03       |
|    ep_rew_mean          | 1.44e+03       |
| time/                   |                |
|    fps                  | 643            |
|    iterations           | 52             |
|    time_elapsed         | 82             |
|    total_timesteps      | 53248          |
| train/                  |                |
|    approx_kl            | 0.015292693    |
|    clip_fraction        | 0.216          |
|    clip_range           | 0.2            |
|    entropy_loss         | -17.3          |
|    explained_variance   | -6.9499016e-05 |
|    learning_rate        | 0.0003         |
|    loss                 | 33.3           |
|    n_updates            | 510            |
|    policy_gradient_loss | -0.0162        |
|    std                  | 1.02           |
|    value_loss           | 72.9           |
--------------------------------------------
--------------------------------------------
| rollout/                |                |
|    ep_len_mean          | 1.44e+03       |
|    ep_rew_mean          | 1.44e+03       |
| time/                   |                |
|    fps                  | 643            |
|    iterations           | 53             |
|    time_elapsed         | 84             |
|    total_timesteps      | 54272          |
| train/                  |                |
|    approx_kl            | 0.014985847    |
|    clip_fraction        | 0.167          |
|    clip_range           | 0.2            |
|    entropy_loss         | -17.3          |
|    explained_variance   | -2.3841858e-06 |
|    learning_rate        | 0.0003         |
|    loss                 | 33.2           |
|    n_updates            | 520            |
|    policy_gradient_loss | -0.0168        |
|    std                  | 1.02           |
|    value_loss           | 72.8           |
--------------------------------------------
--------------------------------------------
| rollout/                |                |
|    ep_len_mean          | 1.44e+03       |
|    ep_rew_mean          | 1.44e+03       |
| time/                   |                |
|    fps                  | 644            |
|    iterations           | 54             |
|    time_elapsed         | 85             |
|    total_timesteps      | 55296          |
| train/                  |                |
|    approx_kl            | 0.011456193    |
|    clip_fraction        | 0.169          |
|    clip_range           | 0.2            |
|    entropy_loss         | -17.3          |
|    explained_variance   | -2.5987625e-05 |
|    learning_rate        | 0.0003         |
|    loss                 | 31.5           |
|    n_updates            | 530            |
|    policy_gradient_loss | -0.0163        |
|    std                  | 1.02           |
|    value_loss           | 69.4           |
--------------------------------------------
--------------------------------------------
| rollout/                |                |
|    ep_len_mean          | 1.44e+03       |
|    ep_rew_mean          | 1.44e+03       |
| time/                   |                |
|    fps                  | 643            |
|    iterations           | 55             |
|    time_elapsed         | 87             |
|    total_timesteps      | 56320          |
| train/                  |                |
|    approx_kl            | 0.018260248    |
|    clip_fraction        | 0.224          |
|    clip_range           | 0.2            |
|    entropy_loss         | -17.3          |
|    explained_variance   | -6.4611435e-05 |
|    learning_rate        | 0.0003         |
|    loss                 | 30.1           |
|    n_updates            | 540            |
|    policy_gradient_loss | -0.0167        |
|    std                  | 1.03           |
|    value_loss           | 66.2           |
--------------------------------------------
-------------------------------------------
| rollout/                |               |
|    ep_len_mean          | 1.44e+03      |
|    ep_rew_mean          | 1.44e+03      |
| time/                   |               |
|    fps                  | 643           |
|    iterations           | 56            |
|    time_elapsed         | 89            |
|    total_timesteps      | 57344         |
| train/                  |               |
|    approx_kl            | 0.010902224   |
|    clip_fraction        | 0.126         |
|    clip_range           | 0.2           |
|    entropy_loss         | -17.4         |
|    explained_variance   | -4.684925e-05 |
|    learning_rate        | 0.0003        |
|    loss                 | 29.3          |
|    n_updates            | 550           |
|    policy_gradient_loss | -0.0127       |
|    std                  | 1.03          |
|    value_loss           | 64.4          |
-------------------------------------------
-------------------------------------------
| rollout/                |               |
|    ep_len_mean          | 1.44e+03      |
|    ep_rew_mean          | 1.44e+03      |
| time/                   |               |
|    fps                  | 643           |
|    iterations           | 57            |
|    time_elapsed         | 90            |
|    total_timesteps      | 58368         |
| train/                  |               |
|    approx_kl            | 0.009509845   |
|    clip_fraction        | 0.115         |
|    clip_range           | 0.2           |
|    entropy_loss         | -17.4         |
|    explained_variance   | -3.015995e-05 |
|    learning_rate        | 0.0003        |
|    loss                 | 29            |
|    n_updates            | 560           |
|    policy_gradient_loss | -0.0113       |
|    std                  | 1.03          |
|    value_loss           | 64.1          |
-------------------------------------------
--------------------------------------------
| rollout/                |                |
|    ep_len_mean          | 1.44e+03       |
|    ep_rew_mean          | 1.44e+03       |
| time/                   |                |
|    fps                  | 643            |
|    iterations           | 58             |
|    time_elapsed         | 92             |
|    total_timesteps      | 59392          |
| train/                  |                |
|    approx_kl            | 0.015903145    |
|    clip_fraction        | 0.185          |
|    clip_range           | 0.2            |
|    entropy_loss         | -17.4          |
|    explained_variance   | -1.2636185e-05 |
|    learning_rate        | 0.0003         |
|    loss                 | 27.5           |
|    n_updates            | 570            |
|    policy_gradient_loss | -0.0178        |
|    std                  | 1.03           |
|    value_loss           | 60.5           |
--------------------------------------------
-------------------------------------------
| rollout/                |               |
|    ep_len_mean          | 1.44e+03      |
|    ep_rew_mean          | 1.44e+03      |
| time/                   |               |
|    fps                  | 644           |
|    iterations           | 59            |
|    time_elapsed         | 93            |
|    total_timesteps      | 60416         |
| train/                  |               |
|    approx_kl            | 0.015591769   |
|    clip_fraction        | 0.176         |
|    clip_range           | 0.2           |
|    entropy_loss         | -17.4         |
|    explained_variance   | -8.952618e-05 |
|    learning_rate        | 0.0003        |
|    loss                 | 26.1          |
|    n_updates            | 580           |
|    policy_gradient_loss | -0.0162       |
|    std                  | 1.03          |
|    value_loss           | 58.4          |
-------------------------------------------
--------------------------------------------
| rollout/                |                |
|    ep_len_mean          | 1.44e+03       |
|    ep_rew_mean          | 1.44e+03       |
| time/                   |                |
|    fps                  | 644            |
|    iterations           | 60             |
|    time_elapsed         | 95             |
|    total_timesteps      | 61440          |
| train/                  |                |
|    approx_kl            | 0.016913153    |
|    clip_fraction        | 0.24           |
|    clip_range           | 0.2            |
|    entropy_loss         | -17.4          |
|    explained_variance   | -5.3048134e-05 |
|    learning_rate        | 0.0003         |
|    loss                 | 26.3           |
|    n_updates            | 590            |
|    policy_gradient_loss | -0.0169        |
|    std                  | 1.04           |
|    value_loss           | 58             |
--------------------------------------------
--------------------------------------------
| rollout/                |                |
|    ep_len_mean          | 1.44e+03       |
|    ep_rew_mean          | 1.44e+03       |
| time/                   |                |
|    fps                  | 643            |
|    iterations           | 61             |
|    time_elapsed         | 97             |
|    total_timesteps      | 62464          |
| train/                  |                |
|    approx_kl            | 0.013583372    |
|    clip_fraction        | 0.195          |
|    clip_range           | 0.2            |
|    entropy_loss         | -17.5          |
|    explained_variance   | -2.7298927e-05 |
|    learning_rate        | 0.0003         |
|    loss                 | 24.5           |
|    n_updates            | 600            |
|    policy_gradient_loss | -0.0174        |
|    std                  | 1.04           |
|    value_loss           | 54.7           |
--------------------------------------------
-------------------------------------------
| rollout/                |               |
|    ep_len_mean          | 1.44e+03      |
|    ep_rew_mean          | 1.44e+03      |
| time/                   |               |
|    fps                  | 643           |
|    iterations           | 62            |
|    time_elapsed         | 98            |
|    total_timesteps      | 63488         |
| train/                  |               |
|    approx_kl            | 0.01405026    |
|    clip_fraction        | 0.175         |
|    clip_range           | 0.2           |
|    entropy_loss         | -17.5         |
|    explained_variance   | -7.593632e-05 |
|    learning_rate        | 0.0003        |
|    loss                 | 23.8          |
|    n_updates            | 610           |
|    policy_gradient_loss | -0.0141       |
|    std                  | 1.04          |
|    value_loss           | 52.6          |
-------------------------------------------
------------------------------------------
| rollout/                |              |
|    ep_len_mean          | 1.44e+03     |
|    ep_rew_mean          | 1.44e+03     |
| time/                   |              |
|    fps                  | 643          |
|    iterations           | 63           |
|    time_elapsed         | 100          |
|    total_timesteps      | 64512        |
| train/                  |              |
|    approx_kl            | 0.015613502  |
|    clip_fraction        | 0.218        |
|    clip_range           | 0.2          |
|    entropy_loss         | -17.5        |
|    explained_variance   | -9.23872e-05 |
|    learning_rate        | 0.0003       |
|    loss                 | 22.9         |
|    n_updates            | 620          |
|    policy_gradient_loss | -0.0206      |
|    std                  | 1.04         |
|    value_loss           | 50.7         |
------------------------------------------
--------------------------------------------
| rollout/                |                |
|    ep_len_mean          | 1.44e+03       |
|    ep_rew_mean          | 1.44e+03       |
| time/                   |                |
|    fps                  | 643            |
|    iterations           | 64             |
|    time_elapsed         | 101            |
|    total_timesteps      | 65536          |
| train/                  |                |
|    approx_kl            | 0.016658222    |
|    clip_fraction        | 0.194          |
|    clip_range           | 0.2            |
|    entropy_loss         | -17.5          |
|    explained_variance   | -5.1140785e-05 |
|    learning_rate        | 0.0003         |
|    loss                 | 22.4           |
|    n_updates            | 630            |
|    policy_gradient_loss | -0.0121        |
|    std                  | 1.04           |
|    value_loss           | 50.4           |
--------------------------------------------
-------------------------------------------
| rollout/                |               |
|    ep_len_mean          | 1.44e+03      |
|    ep_rew_mean          | 1.44e+03      |
| time/                   |               |
|    fps                  | 643           |
|    iterations           | 65            |
|    time_elapsed         | 103           |
|    total_timesteps      | 66560         |
| train/                  |               |
|    approx_kl            | 0.012526145   |
|    clip_fraction        | 0.223         |
|    clip_range           | 0.2           |
|    entropy_loss         | -17.5         |
|    explained_variance   | 1.3113022e-05 |
|    learning_rate        | 0.0003        |
|    loss                 | 20.6          |
|    n_updates            | 640           |
|    policy_gradient_loss | -0.0164       |
|    std                  | 1.04          |
|    value_loss           | 46.9          |
-------------------------------------------
--------------------------------------------
| rollout/                |                |
|    ep_len_mean          | 1.44e+03       |
|    ep_rew_mean          | 1.44e+03       |
| time/                   |                |
|    fps                  | 642            |
|    iterations           | 66             |
|    time_elapsed         | 105            |
|    total_timesteps      | 67584          |
| train/                  |                |
|    approx_kl            | 0.012321208    |
|    clip_fraction        | 0.199          |
|    clip_range           | 0.2            |
|    entropy_loss         | -17.5          |
|    explained_variance   | -5.8293343e-05 |
|    learning_rate        | 0.0003         |
|    loss                 | 19.9           |
|    n_updates            | 650            |
|    policy_gradient_loss | -0.0133        |
|    std                  | 1.04           |
|    value_loss           | 45.2           |
--------------------------------------------
-------------------------------------------
| rollout/                |               |
|    ep_len_mean          | 1.44e+03      |
|    ep_rew_mean          | 1.44e+03      |
| time/                   |               |
|    fps                  | 643           |
|    iterations           | 67            |
|    time_elapsed         | 106           |
|    total_timesteps      | 68608         |
| train/                  |               |
|    approx_kl            | 0.017401561   |
|    clip_fraction        | 0.16          |
|    clip_range           | 0.2           |
|    entropy_loss         | -17.5         |
|    explained_variance   | 5.9962273e-05 |
|    learning_rate        | 0.0003        |
|    loss                 | 20            |
|    n_updates            | 660           |
|    policy_gradient_loss | -0.0128       |
|    std                  | 1.04          |
|    value_loss           | 44.9          |
-------------------------------------------
--------------------------------------------
| rollout/                |                |
|    ep_len_mean          | 1.44e+03       |
|    ep_rew_mean          | 1.44e+03       |
| time/                   |                |
|    fps                  | 643            |
|    iterations           | 68             |
|    time_elapsed         | 108            |
|    total_timesteps      | 69632          |
| train/                  |                |
|    approx_kl            | 0.021160424    |
|    clip_fraction        | 0.278          |
|    clip_range           | 0.2            |
|    entropy_loss         | -17.5          |
|    explained_variance   | -7.4505806e-05 |
|    learning_rate        | 0.0003         |
|    loss                 | 18.1           |
|    n_updates            | 670            |
|    policy_gradient_loss | -0.0192        |
|    std                  | 1.04           |
|    value_loss           | 42.1           |
--------------------------------------------
--------------------------------------------
| rollout/                |                |
|    ep_len_mean          | 1.44e+03       |
|    ep_rew_mean          | 1.44e+03       |
| time/                   |                |
|    fps                  | 643            |
|    iterations           | 69             |
|    time_elapsed         | 109            |
|    total_timesteps      | 70656          |
| train/                  |                |
|    approx_kl            | 0.011192468    |
|    clip_fraction        | 0.161          |
|    clip_range           | 0.2            |
|    entropy_loss         | -17.5          |
|    explained_variance   | -3.2782555e-05 |
|    learning_rate        | 0.0003         |
|    loss                 | 17.9           |
|    n_updates            | 680            |
|    policy_gradient_loss | -0.0142        |
|    std                  | 1.04           |
|    value_loss           | 40.3           |
--------------------------------------------
--------------------------------------------
| rollout/                |                |
|    ep_len_mean          | 1.44e+03       |
|    ep_rew_mean          | 1.44e+03       |
| time/                   |                |
|    fps                  | 643            |
|    iterations           | 70             |
|    time_elapsed         | 111            |
|    total_timesteps      | 71680          |
| train/                  |                |
|    approx_kl            | 0.0152414525   |
|    clip_fraction        | 0.212          |
|    clip_range           | 0.2            |
|    entropy_loss         | -17.6          |
|    explained_variance   | -3.4451485e-05 |
|    learning_rate        | 0.0003         |
|    loss                 | 16.9           |
|    n_updates            | 690            |
|    policy_gradient_loss | -0.0176        |
|    std                  | 1.05           |
|    value_loss           | 38.6           |
--------------------------------------------
-------------------------------------------
| rollout/                |               |
|    ep_len_mean          | 1.44e+03      |
|    ep_rew_mean          | 1.44e+03      |
| time/                   |               |
|    fps                  | 643           |
|    iterations           | 71            |
|    time_elapsed         | 113           |
|    total_timesteps      | 72704         |
| train/                  |               |
|    approx_kl            | 0.010153934   |
|    clip_fraction        | 0.131         |
|    clip_range           | 0.2           |
|    entropy_loss         | -17.6         |
|    explained_variance   | -6.365776e-05 |
|    learning_rate        | 0.0003        |
|    loss                 | 16.7          |
|    n_updates            | 700           |
|    policy_gradient_loss | -0.0112       |
|    std                  | 1.05          |
|    value_loss           | 38.2          |
-------------------------------------------
--------------------------------------------
| rollout/                |                |
|    ep_len_mean          | 1.44e+03       |
|    ep_rew_mean          | 1.44e+03       |
| time/                   |                |
|    fps                  | 643            |
|    iterations           | 72             |
|    time_elapsed         | 114            |
|    total_timesteps      | 73728          |
| train/                  |                |
|    approx_kl            | 0.017805086    |
|    clip_fraction        | 0.256          |
|    clip_range           | 0.2            |
|    entropy_loss         | -17.6          |
|    explained_variance   | -2.0742416e-05 |
|    learning_rate        | 0.0003         |
|    loss                 | 15.6           |
|    n_updates            | 710            |
|    policy_gradient_loss | -0.0174        |
|    std                  | 1.05           |
|    value_loss           | 35.7           |
--------------------------------------------
--------------------------------------------
| rollout/                |                |
|    ep_len_mean          | 1.44e+03       |
|    ep_rew_mean          | 1.44e+03       |
| time/                   |                |
|    fps                  | 643            |
|    iterations           | 73             |
|    time_elapsed         | 116            |
|    total_timesteps      | 74752          |
| train/                  |                |
|    approx_kl            | 0.018551478    |
|    clip_fraction        | 0.224          |
|    clip_range           | 0.2            |
|    entropy_loss         | -17.6          |
|    explained_variance   | -3.9935112e-05 |
|    learning_rate        | 0.0003         |
|    loss                 | 14.9           |
|    n_updates            | 720            |
|    policy_gradient_loss | -0.0179        |
|    std                  | 1.05           |
|    value_loss           | 34.3           |
--------------------------------------------
-------------------------------------------
| rollout/                |               |
|    ep_len_mean          | 1.44e+03      |
|    ep_rew_mean          | 1.44e+03      |
| time/                   |               |
|    fps                  | 643           |
|    iterations           | 74            |
|    time_elapsed         | 117           |
|    total_timesteps      | 75776         |
| train/                  |               |
|    approx_kl            | 0.0121237775  |
|    clip_fraction        | 0.163         |
|    clip_range           | 0.2           |
|    entropy_loss         | -17.7         |
|    explained_variance   | 5.6624413e-06 |
|    learning_rate        | 0.0003        |
|    loss                 | 14.7          |
|    n_updates            | 730           |
|    policy_gradient_loss | -0.0148       |
|    std                  | 1.05          |
|    value_loss           | 33.6          |
-------------------------------------------
------------------------------------------
| rollout/                |              |
|    ep_len_mean          | 1.44e+03     |
|    ep_rew_mean          | 1.44e+03     |
| time/                   |              |
|    fps                  | 644          |
|    iterations           | 75           |
|    time_elapsed         | 119          |
|    total_timesteps      | 76800        |
| train/                  |              |
|    approx_kl            | 0.012639568  |
|    clip_fraction        | 0.197        |
|    clip_range           | 0.2          |
|    entropy_loss         | -17.7        |
|    explained_variance   | 9.953976e-06 |
|    learning_rate        | 0.0003       |
|    loss                 | 13.4         |
|    n_updates            | 740          |
|    policy_gradient_loss | -0.0174      |
|    std                  | 1.06         |
|    value_loss           | 31           |
------------------------------------------
--------------------------------------------
| rollout/                |                |
|    ep_len_mean          | 1.44e+03       |
|    ep_rew_mean          | 1.44e+03       |
| time/                   |                |
|    fps                  | 644            |
|    iterations           | 76             |
|    time_elapsed         | 120            |
|    total_timesteps      | 77824          |
| train/                  |                |
|    approx_kl            | 0.014382883    |
|    clip_fraction        | 0.204          |
|    clip_range           | 0.2            |
|    entropy_loss         | -17.7          |
|    explained_variance   | -2.3841858e-06 |
|    learning_rate        | 0.0003         |
|    loss                 | 12.9           |
|    n_updates            | 750            |
|    policy_gradient_loss | -0.0168        |
|    std                  | 1.05           |
|    value_loss           | 29.7           |
--------------------------------------------
--------------------------------------------
| rollout/                |                |
|    ep_len_mean          | 1.44e+03       |
|    ep_rew_mean          | 1.44e+03       |
| time/                   |                |
|    fps                  | 644            |
|    iterations           | 77             |
|    time_elapsed         | 122            |
|    total_timesteps      | 78848          |
| train/                  |                |
|    approx_kl            | 0.012463447    |
|    clip_fraction        | 0.124          |
|    clip_range           | 0.2            |
|    entropy_loss         | -17.6          |
|    explained_variance   | -5.1021576e-05 |
|    learning_rate        | 0.0003         |
|    loss                 | 12.1           |
|    n_updates            | 760            |
|    policy_gradient_loss | -0.0162        |
|    std                  | 1.05           |
|    value_loss           | 28.4           |
--------------------------------------------
--------------------------------------------
| rollout/                |                |
|    ep_len_mean          | 1.44e+03       |
|    ep_rew_mean          | 1.44e+03       |
| time/                   |                |
|    fps                  | 644            |
|    iterations           | 78             |
|    time_elapsed         | 123            |
|    total_timesteps      | 79872          |
| train/                  |                |
|    approx_kl            | 0.011314806    |
|    clip_fraction        | 0.208          |
|    clip_range           | 0.2            |
|    entropy_loss         | -17.7          |
|    explained_variance   | -1.0728836e-05 |
|    learning_rate        | 0.0003         |
|    loss                 | 11.8           |
|    n_updates            | 770            |
|    policy_gradient_loss | -0.0153        |
|    std                  | 1.06           |
|    value_loss           | 27.9           |
--------------------------------------------
-------------------------------------------
| rollout/                |               |
|    ep_len_mean          | 1.44e+03      |
|    ep_rew_mean          | 1.44e+03      |
| time/                   |               |
|    fps                  | 644           |
|    iterations           | 79            |
|    time_elapsed         | 125           |
|    total_timesteps      | 80896         |
| train/                  |               |
|    approx_kl            | 0.012415783   |
|    clip_fraction        | 0.182         |
|    clip_range           | 0.2           |
|    entropy_loss         | -17.7         |
|    explained_variance   | -6.377697e-05 |
|    learning_rate        | 0.0003        |
|    loss                 | 11            |
|    n_updates            | 780           |
|    policy_gradient_loss | -0.017        |
|    std                  | 1.06          |
|    value_loss           | 25.8          |
-------------------------------------------
-------------------------------------------
| rollout/                |               |
|    ep_len_mean          | 1.44e+03      |
|    ep_rew_mean          | 1.44e+03      |
| time/                   |               |
|    fps                  | 644           |
|    iterations           | 80            |
|    time_elapsed         | 127           |
|    total_timesteps      | 81920         |
| train/                  |               |
|    approx_kl            | 0.017571047   |
|    clip_fraction        | 0.184         |
|    clip_range           | 0.2           |
|    entropy_loss         | -17.7         |
|    explained_variance   | -3.695488e-05 |
|    learning_rate        | 0.0003        |
|    loss                 | 10.5          |
|    n_updates            | 790           |
|    policy_gradient_loss | -0.0186       |
|    std                  | 1.06          |
|    value_loss           | 24.7          |
-------------------------------------------
-------------------------------------------
| rollout/                |               |
|    ep_len_mean          | 1.44e+03      |
|    ep_rew_mean          | 1.44e+03      |
| time/                   |               |
|    fps                  | 644           |
|    iterations           | 81            |
|    time_elapsed         | 128           |
|    total_timesteps      | 82944         |
| train/                  |               |
|    approx_kl            | 0.012871245   |
|    clip_fraction        | 0.157         |
|    clip_range           | 0.2           |
|    entropy_loss         | -17.7         |
|    explained_variance   | -6.556511e-06 |
|    learning_rate        | 0.0003        |
|    loss                 | 10            |
|    n_updates            | 800           |
|    policy_gradient_loss | -0.0125       |
|    std                  | 1.06          |
|    value_loss           | 23.7          |
-------------------------------------------
-------------------------------------------
| rollout/                |               |
|    ep_len_mean          | 1.44e+03      |
|    ep_rew_mean          | 1.44e+03      |
| time/                   |               |
|    fps                  | 644           |
|    iterations           | 82            |
|    time_elapsed         | 130           |
|    total_timesteps      | 83968         |
| train/                  |               |
|    approx_kl            | 0.012280318   |
|    clip_fraction        | 0.189         |
|    clip_range           | 0.2           |
|    entropy_loss         | -17.7         |
|    explained_variance   | 2.1874905e-05 |
|    learning_rate        | 0.0003        |
|    loss                 | 9.27          |
|    n_updates            | 810           |
|    policy_gradient_loss | -0.0183       |
|    std                  | 1.05          |
|    value_loss           | 22.2          |
-------------------------------------------
------------------------------------------
| rollout/                |              |
|    ep_len_mean          | 1.44e+03     |
|    ep_rew_mean          | 1.44e+03     |
| time/                   |              |
|    fps                  | 643          |
|    iterations           | 83           |
|    time_elapsed         | 131          |
|    total_timesteps      | 84992        |
| train/                  |              |
|    approx_kl            | 0.01667304   |
|    clip_fraction        | 0.201        |
|    clip_range           | 0.2          |
|    entropy_loss         | -17.6        |
|    explained_variance   | 6.633997e-05 |
|    learning_rate        | 0.0003       |
|    loss                 | 8.83         |
|    n_updates            | 820          |
|    policy_gradient_loss | -0.0188      |
|    std                  | 1.05         |
|    value_loss           | 20.8         |
------------------------------------------
--------------------------------------------
| rollout/                |                |
|    ep_len_mean          | 1.44e+03       |
|    ep_rew_mean          | 1.44e+03       |
| time/                   |                |
|    fps                  | 643            |
|    iterations           | 84             |
|    time_elapsed         | 133            |
|    total_timesteps      | 86016          |
| train/                  |                |
|    approx_kl            | 0.013081305    |
|    clip_fraction        | 0.156          |
|    clip_range           | 0.2            |
|    entropy_loss         | -17.6          |
|    explained_variance   | -2.4676323e-05 |
|    learning_rate        | 0.0003         |
|    loss                 | 8.4            |
|    n_updates            | 830            |
|    policy_gradient_loss | -0.0138        |
|    std                  | 1.05           |
|    value_loss           | 19.9           |
--------------------------------------------
--------------------------------------------
| rollout/                |                |
|    ep_len_mean          | 1.44e+03       |
|    ep_rew_mean          | 1.44e+03       |
| time/                   |                |
|    fps                  | 644            |
|    iterations           | 85             |
|    time_elapsed         | 135            |
|    total_timesteps      | 87040          |
| train/                  |                |
|    approx_kl            | 0.009920179    |
|    clip_fraction        | 0.134          |
|    clip_range           | 0.2            |
|    entropy_loss         | -17.6          |
|    explained_variance   | -3.4689903e-05 |
|    learning_rate        | 0.0003         |
|    loss                 | 7.97           |
|    n_updates            | 840            |
|    policy_gradient_loss | -0.0135        |
|    std                  | 1.05           |
|    value_loss           | 19.1           |
--------------------------------------------
-------------------------------------------
| rollout/                |               |
|    ep_len_mean          | 1.44e+03      |
|    ep_rew_mean          | 1.44e+03      |
| time/                   |               |
|    fps                  | 644           |
|    iterations           | 86            |
|    time_elapsed         | 136           |
|    total_timesteps      | 88064         |
| train/                  |               |
|    approx_kl            | 0.015664024   |
|    clip_fraction        | 0.268         |
|    clip_range           | 0.2           |
|    entropy_loss         | -17.6         |
|    explained_variance   | -4.887581e-06 |
|    learning_rate        | 0.0003        |
|    loss                 | 7.29          |
|    n_updates            | 850           |
|    policy_gradient_loss | -0.0206       |
|    std                  | 1.05          |
|    value_loss           | 17.6          |
-------------------------------------------
-------------------------------------------
| rollout/                |               |
|    ep_len_mean          | 1.44e+03      |
|    ep_rew_mean          | 1.44e+03      |
| time/                   |               |
|    fps                  | 644           |
|    iterations           | 87            |
|    time_elapsed         | 138           |
|    total_timesteps      | 89088         |
| train/                  |               |
|    approx_kl            | 0.015014543   |
|    clip_fraction        | 0.191         |
|    clip_range           | 0.2           |
|    entropy_loss         | -17.6         |
|    explained_variance   | 2.2530556e-05 |
|    learning_rate        | 0.0003        |
|    loss                 | 6.8           |
|    n_updates            | 860           |
|    policy_gradient_loss | -0.0164       |
|    std                  | 1.06          |
|    value_loss           | 16.7          |
-------------------------------------------
-------------------------------------------
| rollout/                |               |
|    ep_len_mean          | 1.44e+03      |
|    ep_rew_mean          | 1.44e+03      |
| time/                   |               |
|    fps                  | 644           |
|    iterations           | 88            |
|    time_elapsed         | 139           |
|    total_timesteps      | 90112         |
| train/                  |               |
|    approx_kl            | 0.010993149   |
|    clip_fraction        | 0.142         |
|    clip_range           | 0.2           |
|    entropy_loss         | -17.7         |
|    explained_variance   | -2.336502e-05 |
|    learning_rate        | 0.0003        |
|    loss                 | 6.46          |
|    n_updates            | 870           |
|    policy_gradient_loss | -0.0127       |
|    std                  | 1.06          |
|    value_loss           | 15.8          |
-------------------------------------------
-------------------------------------------
| rollout/                |               |
|    ep_len_mean          | 1.44e+03      |
|    ep_rew_mean          | 1.44e+03      |
| time/                   |               |
|    fps                  | 644           |
|    iterations           | 89            |
|    time_elapsed         | 141           |
|    total_timesteps      | 91136         |
| train/                  |               |
|    approx_kl            | 0.017433468   |
|    clip_fraction        | 0.151         |
|    clip_range           | 0.2           |
|    entropy_loss         | -17.6         |
|    explained_variance   | 6.2286854e-05 |
|    learning_rate        | 0.0003        |
|    loss                 | 6             |
|    n_updates            | 880           |
|    policy_gradient_loss | -0.0178       |
|    std                  | 1.05          |
|    value_loss           | 14.8          |
-------------------------------------------
-------------------------------------------
| rollout/                |               |
|    ep_len_mean          | 1.44e+03      |
|    ep_rew_mean          | 1.44e+03      |
| time/                   |               |
|    fps                  | 644           |
|    iterations           | 90            |
|    time_elapsed         | 142           |
|    total_timesteps      | 92160         |
| train/                  |               |
|    approx_kl            | 0.016079068   |
|    clip_fraction        | 0.208         |
|    clip_range           | 0.2           |
|    entropy_loss         | -17.6         |
|    explained_variance   | -5.376339e-05 |
|    learning_rate        | 0.0003        |
|    loss                 | 5.44          |
|    n_updates            | 890           |
|    policy_gradient_loss | -0.0199       |
|    std                  | 1.05          |
|    value_loss           | 13.8          |
-------------------------------------------
--------------------------------------------
| rollout/                |                |
|    ep_len_mean          | 1.44e+03       |
|    ep_rew_mean          | 1.44e+03       |
| time/                   |                |
|    fps                  | 644            |
|    iterations           | 91             |
|    time_elapsed         | 144            |
|    total_timesteps      | 93184          |
| train/                  |                |
|    approx_kl            | 0.014174776    |
|    clip_fraction        | 0.181          |
|    clip_range           | 0.2            |
|    entropy_loss         | -17.6          |
|    explained_variance   | -2.8729439e-05 |
|    learning_rate        | 0.0003         |
|    loss                 | 5.16           |
|    n_updates            | 900            |
|    policy_gradient_loss | -0.0159        |
|    std                  | 1.05           |
|    value_loss           | 13.1           |
--------------------------------------------
-------------------------------------------
| rollout/                |               |
|    ep_len_mean          | 1.44e+03      |
|    ep_rew_mean          | 1.44e+03      |
| time/                   |               |
|    fps                  | 644           |
|    iterations           | 92            |
|    time_elapsed         | 146           |
|    total_timesteps      | 94208         |
| train/                  |               |
|    approx_kl            | 0.015988564   |
|    clip_fraction        | 0.176         |
|    clip_range           | 0.2           |
|    entropy_loss         | -17.6         |
|    explained_variance   | -7.355213e-05 |
|    learning_rate        | 0.0003        |
|    loss                 | 4.8           |
|    n_updates            | 910           |
|    policy_gradient_loss | -0.0149       |
|    std                  | 1.05          |
|    value_loss           | 12.3          |
-------------------------------------------
--------------------------------------------
| rollout/                |                |
|    ep_len_mean          | 1.44e+03       |
|    ep_rew_mean          | 1.44e+03       |
| time/                   |                |
|    fps                  | 643            |
|    iterations           | 93             |
|    time_elapsed         | 147            |
|    total_timesteps      | 95232          |
| train/                  |                |
|    approx_kl            | 0.016089156    |
|    clip_fraction        | 0.177          |
|    clip_range           | 0.2            |
|    entropy_loss         | -17.6          |
|    explained_variance   | -4.4345856e-05 |
|    learning_rate        | 0.0003         |
|    loss                 | 4.23           |
|    n_updates            | 920            |
|    policy_gradient_loss | -0.0163        |
|    std                  | 1.05           |
|    value_loss           | 11.1           |
--------------------------------------------
-------------------------------------------
| rollout/                |               |
|    ep_len_mean          | 1.44e+03      |
|    ep_rew_mean          | 1.44e+03      |
| time/                   |               |
|    fps                  | 643           |
|    iterations           | 94            |
|    time_elapsed         | 149           |
|    total_timesteps      | 96256         |
| train/                  |               |
|    approx_kl            | 0.016727177   |
|    clip_fraction        | 0.189         |
|    clip_range           | 0.2           |
|    entropy_loss         | -17.6         |
|    explained_variance   | 6.6161156e-05 |
|    learning_rate        | 0.0003        |
|    loss                 | 3.98          |
|    n_updates            | 930           |
|    policy_gradient_loss | -0.0188       |
|    std                  | 1.06          |
|    value_loss           | 10.3          |
-------------------------------------------
-------------------------------------------
| rollout/                |               |
|    ep_len_mean          | 1.44e+03      |
|    ep_rew_mean          | 1.44e+03      |
| time/                   |               |
|    fps                  | 643           |
|    iterations           | 95            |
|    time_elapsed         | 151           |
|    total_timesteps      | 97280         |
| train/                  |               |
|    approx_kl            | 0.015783852   |
|    clip_fraction        | 0.198         |
|    clip_range           | 0.2           |
|    entropy_loss         | -17.7         |
|    explained_variance   | -2.360344e-05 |
|    learning_rate        | 0.0003        |
|    loss                 | 3.68          |
|    n_updates            | 940           |
|    policy_gradient_loss | -0.0179       |
|    std                  | 1.06          |
|    value_loss           | 9.77          |
-------------------------------------------
--------------------------------------------
| rollout/                |                |
|    ep_len_mean          | 1.44e+03       |
|    ep_rew_mean          | 1.44e+03       |
| time/                   |                |
|    fps                  | 643            |
|    iterations           | 96             |
|    time_elapsed         | 152            |
|    total_timesteps      | 98304          |
| train/                  |                |
|    approx_kl            | 0.019979998    |
|    clip_fraction        | 0.281          |
|    clip_range           | 0.2            |
|    entropy_loss         | -17.7          |
|    explained_variance   | -2.4437904e-05 |
|    learning_rate        | 0.0003         |
|    loss                 | 3.22           |
|    n_updates            | 950            |
|    policy_gradient_loss | -0.0225        |
|    std                  | 1.06           |
|    value_loss           | 8.63           |
--------------------------------------------
--------------------------------------------
| rollout/                |                |
|    ep_len_mean          | 1.44e+03       |
|    ep_rew_mean          | 1.44e+03       |
| time/                   |                |
|    fps                  | 644            |
|    iterations           | 97             |
|    time_elapsed         | 154            |
|    total_timesteps      | 99328          |
| train/                  |                |
|    approx_kl            | 0.015920922    |
|    clip_fraction        | 0.219          |
|    clip_range           | 0.2            |
|    entropy_loss         | -17.7          |
|    explained_variance   | -4.7445297e-05 |
|    learning_rate        | 0.0003         |
|    loss                 | 2.99           |
|    n_updates            | 960            |
|    policy_gradient_loss | -0.0184        |
|    std                  | 1.06           |
|    value_loss           | 8.08           |
--------------------------------------------
-------------------------------------------
| rollout/                |               |
|    ep_len_mean          | 1.44e+03      |
|    ep_rew_mean          | 1.44e+03      |
| time/                   |               |
|    fps                  | 644           |
|    iterations           | 98            |
|    time_elapsed         | 155           |
|    total_timesteps      | 100352        |
| train/                  |               |
|    approx_kl            | 0.014730326   |
|    clip_fraction        | 0.188         |
|    clip_range           | 0.2           |
|    entropy_loss         | -17.7         |
|    explained_variance   | -9.918213e-05 |
|    learning_rate        | 0.0003        |
|    loss                 | 2.67          |
|    n_updates            | 970           |
|    policy_gradient_loss | -0.0161       |
|    std                  | 1.06          |
|    value_loss           | 7.44          |
-------------------------------------------
-------------------------------------------
| rollout/                |               |
|    ep_len_mean          | 1.44e+03      |
|    ep_rew_mean          | 1.44e+03      |
| time/                   |               |
|    fps                  | 644           |
|    iterations           | 99            |
|    time_elapsed         | 157           |
|    total_timesteps      | 101376        |
| train/                  |               |
|    approx_kl            | 0.013048678   |
|    clip_fraction        | 0.202         |
|    clip_range           | 0.2           |
|    entropy_loss         | -17.7         |
|    explained_variance   | -7.843971e-05 |
|    learning_rate        | 0.0003        |
|    loss                 | 2.47          |
|    n_updates            | 980           |
|    policy_gradient_loss | -0.0164       |
|    std                  | 1.06          |
|    value_loss           | 6.68          |
-------------------------------------------
------------------------------------------
| rollout/                |              |
|    ep_len_mean          | 1.44e+03     |
|    ep_rew_mean          | 1.44e+03     |
| time/                   |              |
|    fps                  | 644          |
|    iterations           | 100          |
|    time_elapsed         | 158          |
|    total_timesteps      | 102400       |
| train/                  |              |
|    approx_kl            | 0.011131942  |
|    clip_fraction        | 0.193        |
|    clip_range           | 0.2          |
|    entropy_loss         | -17.7        |
|    explained_variance   | 1.758337e-05 |
|    learning_rate        | 0.0003       |
|    loss                 | 2.11         |
|    n_updates            | 990          |
|    policy_gradient_loss | -0.0176      |
|    std                  | 1.06         |
|    value_loss           | 5.96         |
------------------------------------------
-------------------------------------------
| rollout/                |               |
|    ep_len_mean          | 1.44e+03      |
|    ep_rew_mean          | 1.44e+03      |
| time/                   |               |
|    fps                  | 645           |
|    iterations           | 101           |
|    time_elapsed         | 160           |
|    total_timesteps      | 103424        |
| train/                  |               |
|    approx_kl            | 0.016812824   |
|    clip_fraction        | 0.24          |
|    clip_range           | 0.2           |
|    entropy_loss         | -17.7         |
|    explained_variance   | 3.6358833e-06 |
|    learning_rate        | 0.0003        |
|    loss                 | 1.89          |
|    n_updates            | 1000          |
|    policy_gradient_loss | -0.0216       |
|    std                  | 1.06          |
|    value_loss           | 5.46          |
-------------------------------------------
-------------------------------------------
| rollout/                |               |
|    ep_len_mean          | 1.44e+03      |
|    ep_rew_mean          | 1.44e+03      |
| time/                   |               |
|    fps                  | 645           |
|    iterations           | 102           |
|    time_elapsed         | 161           |
|    total_timesteps      | 104448        |
| train/                  |               |
|    approx_kl            | 0.014686135   |
|    clip_fraction        | 0.183         |
|    clip_range           | 0.2           |
|    entropy_loss         | -17.7         |
|    explained_variance   | 1.7762184e-05 |
|    learning_rate        | 0.0003        |
|    loss                 | 1.59          |
|    n_updates            | 1010          |
|    policy_gradient_loss | -0.0145       |
|    std                  | 1.06          |
|    value_loss           | 4.79          |
-------------------------------------------
--------------------------------------------
| rollout/                |                |
|    ep_len_mean          | 1.44e+03       |
|    ep_rew_mean          | 1.44e+03       |
| time/                   |                |
|    fps                  | 645            |
|    iterations           | 103            |
|    time_elapsed         | 163            |
|    total_timesteps      | 105472         |
| train/                  |                |
|    approx_kl            | 0.014614339    |
|    clip_fraction        | 0.143          |
|    clip_range           | 0.2            |
|    entropy_loss         | -17.7          |
|    explained_variance   | -4.8041344e-05 |
|    learning_rate        | 0.0003         |
|    loss                 | 1.33           |
|    n_updates            | 1020           |
|    policy_gradient_loss | -0.0153        |
|    std                  | 1.06           |
|    value_loss           | 4.15           |
--------------------------------------------
--------------------------------------------
| rollout/                |                |
|    ep_len_mean          | 1.44e+03       |
|    ep_rew_mean          | 1.44e+03       |
| time/                   |                |
|    fps                  | 645            |
|    iterations           | 104            |
|    time_elapsed         | 164            |
|    total_timesteps      | 106496         |
| train/                  |                |
|    approx_kl            | 0.019545887    |
|    clip_fraction        | 0.217          |
|    clip_range           | 0.2            |
|    entropy_loss         | -17.7          |
|    explained_variance   | -1.1920929e-06 |
|    learning_rate        | 0.0003         |
|    loss                 | 1.14           |
|    n_updates            | 1030           |
|    policy_gradient_loss | -0.0208        |
|    std                  | 1.06           |
|    value_loss           | 3.74           |
--------------------------------------------
--------------------------------------------
| rollout/                |                |
|    ep_len_mean          | 1.44e+03       |
|    ep_rew_mean          | 1.44e+03       |
| time/                   |                |
|    fps                  | 645            |
|    iterations           | 105            |
|    time_elapsed         | 166            |
|    total_timesteps      | 107520         |
| train/                  |                |
|    approx_kl            | 0.014493381    |
|    clip_fraction        | 0.196          |
|    clip_range           | 0.2            |
|    entropy_loss         | -17.7          |
|    explained_variance   | -3.9815903e-05 |
|    learning_rate        | 0.0003         |
|    loss                 | 0.96           |
|    n_updates            | 1040           |
|    policy_gradient_loss | -0.0168        |
|    std                  | 1.06           |
|    value_loss           | 3.29           |
--------------------------------------------
--------------------------------------------
| rollout/                |                |
|    ep_len_mean          | 1.44e+03       |
|    ep_rew_mean          | 1.44e+03       |
| time/                   |                |
|    fps                  | 646            |
|    iterations           | 106            |
|    time_elapsed         | 167            |
|    total_timesteps      | 108544         |
| train/                  |                |
|    approx_kl            | 0.016270341    |
|    clip_fraction        | 0.177          |
|    clip_range           | 0.2            |
|    entropy_loss         | -17.7          |
|    explained_variance   | -1.4543533e-05 |
|    learning_rate        | 0.0003         |
|    loss                 | 0.786          |
|    n_updates            | 1050           |
|    policy_gradient_loss | -0.0175        |
|    std                  | 1.06           |
|    value_loss           | 2.79           |
--------------------------------------------
--------------------------------------------
| rollout/                |                |
|    ep_len_mean          | 1.44e+03       |
|    ep_rew_mean          | 1.44e+03       |
| time/                   |                |
|    fps                  | 645            |
|    iterations           | 107            |
|    time_elapsed         | 169            |
|    total_timesteps      | 109568         |
| train/                  |                |
|    approx_kl            | 0.014778821    |
|    clip_fraction        | 0.204          |
|    clip_range           | 0.2            |
|    entropy_loss         | -17.7          |
|    explained_variance   | -9.3221664e-05 |
|    learning_rate        | 0.0003         |
|    loss                 | 0.597          |
|    n_updates            | 1060           |
|    policy_gradient_loss | -0.0196        |
|    std                  | 1.06           |
|    value_loss           | 2.31           |
--------------------------------------------
-------------------------------------------
| rollout/                |               |
|    ep_len_mean          | 1.44e+03      |
|    ep_rew_mean          | 1.44e+03      |
| time/                   |               |
|    fps                  | 645           |
|    iterations           | 108           |
|    time_elapsed         | 171           |
|    total_timesteps      | 110592        |
| train/                  |               |
|    approx_kl            | 0.018245671   |
|    clip_fraction        | 0.203         |
|    clip_range           | 0.2           |
|    entropy_loss         | -17.7         |
|    explained_variance   | -7.390976e-06 |
|    learning_rate        | 0.0003        |
|    loss                 | 0.496         |
|    n_updates            | 1070          |
|    policy_gradient_loss | -0.0205       |
|    std                  | 1.06          |
|    value_loss           | 2.01          |
-------------------------------------------
--------------------------------------------
| rollout/                |                |
|    ep_len_mean          | 1.44e+03       |
|    ep_rew_mean          | 1.44e+03       |
| time/                   |                |
|    fps                  | 645            |
|    iterations           | 109            |
|    time_elapsed         | 172            |
|    total_timesteps      | 111616         |
| train/                  |                |
|    approx_kl            | 0.012260665    |
|    clip_fraction        | 0.167          |
|    clip_range           | 0.2            |
|    entropy_loss         | -17.7          |
|    explained_variance   | -0.00014650822 |
|    learning_rate        | 0.0003         |
|    loss                 | 0.396          |
|    n_updates            | 1080           |
|    policy_gradient_loss | -0.0172        |
|    std                  | 1.06           |
|    value_loss           | 1.77           |
--------------------------------------------
--------------------------------------------
| rollout/                |                |
|    ep_len_mean          | 1.44e+03       |
|    ep_rew_mean          | 1.44e+03       |
| time/                   |                |
|    fps                  | 645            |
|    iterations           | 110            |
|    time_elapsed         | 174            |
|    total_timesteps      | 112640         |
| train/                  |                |
|    approx_kl            | 0.02190192     |
|    clip_fraction        | 0.231          |
|    clip_range           | 0.2            |
|    entropy_loss         | -17.7          |
|    explained_variance   | -0.00038349628 |
|    learning_rate        | 0.0003         |
|    loss                 | 0.283          |
|    n_updates            | 1090           |
|    policy_gradient_loss | -0.0238        |
|    std                  | 1.06           |
|    value_loss           | 1.42           |
--------------------------------------------
-------------------------------------------
| rollout/                |               |
|    ep_len_mean          | 1.44e+03      |
|    ep_rew_mean          | 1.44e+03      |
| time/                   |               |
|    fps                  | 645           |
|    iterations           | 111           |
|    time_elapsed         | 175           |
|    total_timesteps      | 113664        |
| train/                  |               |
|    approx_kl            | 0.014716772   |
|    clip_fraction        | 0.159         |
|    clip_range           | 0.2           |
|    entropy_loss         | -17.7         |
|    explained_variance   | -5.841255e-06 |
|    learning_rate        | 0.0003        |
|    loss                 | 0.221         |
|    n_updates            | 1100          |
|    policy_gradient_loss | -0.0159       |
|    std                  | 1.06          |
|    value_loss           | 1.18          |
-------------------------------------------
-------------------------------------------
| rollout/                |               |
|    ep_len_mean          | 1.44e+03      |
|    ep_rew_mean          | 1.44e+03      |
| time/                   |               |
|    fps                  | 646           |
|    iterations           | 112           |
|    time_elapsed         | 177           |
|    total_timesteps      | 114688        |
| train/                  |               |
|    approx_kl            | 0.016506696   |
|    clip_fraction        | 0.198         |
|    clip_range           | 0.2           |
|    entropy_loss         | -17.7         |
|    explained_variance   | -9.036064e-05 |
|    learning_rate        | 0.0003        |
|    loss                 | 0.164         |
|    n_updates            | 1110          |
|    policy_gradient_loss | -0.0198       |
|    std                  | 1.05          |
|    value_loss           | 0.998         |
-------------------------------------------
---------------------------------------------
| rollout/                |                 |
|    ep_len_mean          | 1.44e+03        |
|    ep_rew_mean          | 1.44e+03        |
| time/                   |                 |
|    fps                  | 646             |
|    iterations           | 113             |
|    time_elapsed         | 179             |
|    total_timesteps      | 115712          |
| train/                  |                 |
|    approx_kl            | 0.017746732     |
|    clip_fraction        | 0.2             |
|    clip_range           | 0.2             |
|    entropy_loss         | -17.6           |
|    explained_variance   | -1.04904175e-05 |
|    learning_rate        | 0.0003          |
|    loss                 | 0.076           |
|    n_updates            | 1120            |
|    policy_gradient_loss | -0.0176         |
|    std                  | 1.05            |
|    value_loss           | 0.771           |
---------------------------------------------
--------------------------------------------
| rollout/                |                |
|    ep_len_mean          | 1.44e+03       |
|    ep_rew_mean          | 1.44e+03       |
| time/                   |                |
|    fps                  | 646            |
|    iterations           | 114            |
|    time_elapsed         | 180            |
|    total_timesteps      | 116736         |
| train/                  |                |
|    approx_kl            | 0.017575191    |
|    clip_fraction        | 0.192          |
|    clip_range           | 0.2            |
|    entropy_loss         | -17.6          |
|    explained_variance   | -2.0384789e-05 |
|    learning_rate        | 0.0003         |
|    loss                 | 0.0214         |
|    n_updates            | 1130           |
|    policy_gradient_loss | -0.0188        |
|    std                  | 1.05           |
|    value_loss           | 0.517          |
--------------------------------------------
--------------------------------------------
| rollout/                |                |
|    ep_len_mean          | 1.44e+03       |
|    ep_rew_mean          | 1.44e+03       |
| time/                   |                |
|    fps                  | 646            |
|    iterations           | 115            |
|    time_elapsed         | 182            |
|    total_timesteps      | 117760         |
| train/                  |                |
|    approx_kl            | 0.017788656    |
|    clip_fraction        | 0.221          |
|    clip_range           | 0.2            |
|    entropy_loss         | -17.6          |
|    explained_variance   | -7.6413155e-05 |
|    learning_rate        | 0.0003         |
|    loss                 | -0.00869       |
|    n_updates            | 1140           |
|    policy_gradient_loss | -0.0197        |
|    std                  | 1.04           |
|    value_loss           | 0.372          |
--------------------------------------------
--------------------------------------------
| rollout/                |                |
|    ep_len_mean          | 1.44e+03       |
|    ep_rew_mean          | 1.44e+03       |
| time/                   |                |
|    fps                  | 646            |
|    iterations           | 116            |
|    time_elapsed         | 183            |
|    total_timesteps      | 118784         |
| train/                  |                |
|    approx_kl            | 0.021635653    |
|    clip_fraction        | 0.243          |
|    clip_range           | 0.2            |
|    entropy_loss         | -17.5          |
|    explained_variance   | -0.00013399124 |
|    learning_rate        | 0.0003         |
|    loss                 | -0.0225        |
|    n_updates            | 1150           |
|    policy_gradient_loss | -0.0229        |
|    std                  | 1.04           |
|    value_loss           | 0.294          |
--------------------------------------------
--------------------------------------------
| rollout/                |                |
|    ep_len_mean          | 1.44e+03       |
|    ep_rew_mean          | 1.44e+03       |
| time/                   |                |
|    fps                  | 646            |
|    iterations           | 117            |
|    time_elapsed         | 185            |
|    total_timesteps      | 119808         |
| train/                  |                |
|    approx_kl            | 0.023498094    |
|    clip_fraction        | 0.242          |
|    clip_range           | 0.2            |
|    entropy_loss         | -17.5          |
|    explained_variance   | -1.8239021e-05 |
|    learning_rate        | 0.0003         |
|    loss                 | -0.0347        |
|    n_updates            | 1160           |
|    policy_gradient_loss | -0.0265        |
|    std                  | 1.04           |
|    value_loss           | 0.179          |
--------------------------------------------
--------------------------------------------
| rollout/                |                |
|    ep_len_mean          | 1.44e+03       |
|    ep_rew_mean          | 1.44e+03       |
| time/                   |                |
|    fps                  | 646            |
|    iterations           | 118            |
|    time_elapsed         | 186            |
|    total_timesteps      | 120832         |
| train/                  |                |
|    approx_kl            | 0.016574446    |
|    clip_fraction        | 0.218          |
|    clip_range           | 0.2            |
|    entropy_loss         | -17.5          |
|    explained_variance   | -0.00010919571 |
|    learning_rate        | 0.0003         |
|    loss                 | -0.03          |
|    n_updates            | 1170           |
|    policy_gradient_loss | -0.0215        |
|    std                  | 1.04           |
|    value_loss           | 0.152          |
--------------------------------------------
-------------------------------------------
| rollout/                |               |
|    ep_len_mean          | 1.44e+03      |
|    ep_rew_mean          | 1.44e+03      |
| time/                   |               |
|    fps                  | 646           |
|    iterations           | 119           |
|    time_elapsed         | 188           |
|    total_timesteps      | 121856        |
| train/                  |               |
|    approx_kl            | 0.020338247   |
|    clip_fraction        | 0.214         |
|    clip_range           | 0.2           |
|    entropy_loss         | -17.5         |
|    explained_variance   | -5.054474e-05 |
|    learning_rate        | 0.0003        |
|    loss                 | -0.0215       |
|    n_updates            | 1180          |
|    policy_gradient_loss | -0.0246       |
|    std                  | 1.04          |
|    value_loss           | 0.0985        |
-------------------------------------------
--------------------------------------------
| rollout/                |                |
|    ep_len_mean          | 1.44e+03       |
|    ep_rew_mean          | 1.44e+03       |
| time/                   |                |
|    fps                  | 646            |
|    iterations           | 120            |
|    time_elapsed         | 190            |
|    total_timesteps      | 122880         |
| train/                  |                |
|    approx_kl            | 0.02182809     |
|    clip_fraction        | 0.207          |
|    clip_range           | 0.2            |
|    entropy_loss         | -17.4          |
|    explained_variance   | -0.00014030933 |
|    learning_rate        | 0.0003         |
|    loss                 | -0.0253        |
|    n_updates            | 1190           |
|    policy_gradient_loss | -0.0204        |
|    std                  | 1.04           |
|    value_loss           | 0.0666         |
--------------------------------------------
--------------------------------------------
| rollout/                |                |
|    ep_len_mean          | 1.44e+03       |
|    ep_rew_mean          | 1.44e+03       |
| time/                   |                |
|    fps                  | 646            |
|    iterations           | 121            |
|    time_elapsed         | 191            |
|    total_timesteps      | 123904         |
| train/                  |                |
|    approx_kl            | 0.018726729    |
|    clip_fraction        | 0.198          |
|    clip_range           | 0.2            |
|    entropy_loss         | -17.4          |
|    explained_variance   | -0.00011622906 |
|    learning_rate        | 0.0003         |
|    loss                 | -0.0327        |
|    n_updates            | 1200           |
|    policy_gradient_loss | -0.0243        |
|    std                  | 1.03           |
|    value_loss           | 0.0436         |
--------------------------------------------
-------------------------------------------
| rollout/                |               |
|    ep_len_mean          | 1.44e+03      |
|    ep_rew_mean          | 1.44e+03      |
| time/                   |               |
|    fps                  | 646           |
|    iterations           | 122           |
|    time_elapsed         | 193           |
|    total_timesteps      | 124928        |
| train/                  |               |
|    approx_kl            | 0.0213162     |
|    clip_fraction        | 0.258         |
|    clip_range           | 0.2           |
|    entropy_loss         | -17.4         |
|    explained_variance   | -4.720688e-05 |
|    learning_rate        | 0.0003        |
|    loss                 | -0.0318       |
|    n_updates            | 1210          |
|    policy_gradient_loss | -0.0292       |
|    std                  | 1.03          |
|    value_loss           | 0.0236        |
-------------------------------------------
--------------------------------------------
| rollout/                |                |
|    ep_len_mean          | 1.44e+03       |
|    ep_rew_mean          | 1.44e+03       |
| time/                   |                |
|    fps                  | 646            |
|    iterations           | 123            |
|    time_elapsed         | 194            |
|    total_timesteps      | 125952         |
| train/                  |                |
|    approx_kl            | 0.018401334    |
|    clip_fraction        | 0.185          |
|    clip_range           | 0.2            |
|    entropy_loss         | -17.3          |
|    explained_variance   | -0.00013804436 |
|    learning_rate        | 0.0003         |
|    loss                 | -0.0455        |
|    n_updates            | 1220           |
|    policy_gradient_loss | -0.0259        |
|    std                  | 1.03           |
|    value_loss           | 0.0285         |
--------------------------------------------
-------------------------------------------
| rollout/                |               |
|    ep_len_mean          | 1.44e+03      |
|    ep_rew_mean          | 1.44e+03      |
| time/                   |               |
|    fps                  | 646           |
|    iterations           | 124           |
|    time_elapsed         | 196           |
|    total_timesteps      | 126976        |
| train/                  |               |
|    approx_kl            | 0.016046405   |
|    clip_fraction        | 0.194         |
|    clip_range           | 0.2           |
|    entropy_loss         | -17.3         |
|    explained_variance   | 6.6161156e-06 |
|    learning_rate        | 0.0003        |
|    loss                 | -0.031        |
|    n_updates            | 1230          |
|    policy_gradient_loss | -0.025        |
|    std                  | 1.02          |
|    value_loss           | 0.0232        |
-------------------------------------------
-------------------------------------------
| rollout/                |               |
|    ep_len_mean          | 1.44e+03      |
|    ep_rew_mean          | 1.44e+03      |
| time/                   |               |
|    fps                  | 646           |
|    iterations           | 125           |
|    time_elapsed         | 197           |
|    total_timesteps      | 128000        |
| train/                  |               |
|    approx_kl            | 0.017984997   |
|    clip_fraction        | 0.239         |
|    clip_range           | 0.2           |
|    entropy_loss         | -17.3         |
|    explained_variance   | 5.8293343e-05 |
|    learning_rate        | 0.0003        |
|    loss                 | -0.035        |
|    n_updates            | 1240          |
|    policy_gradient_loss | -0.0291       |
|    std                  | 1.02          |
|    value_loss           | 0.0181        |
-------------------------------------------
------------------------------------------
| rollout/                |              |
|    ep_len_mean          | 1.44e+03     |
|    ep_rew_mean          | 1.44e+03     |
| time/                   |              |
|    fps                  | 646          |
|    iterations           | 126          |
|    time_elapsed         | 199          |
|    total_timesteps      | 129024       |
| train/                  |              |
|    approx_kl            | 0.01576669   |
|    clip_fraction        | 0.191        |
|    clip_range           | 0.2          |
|    entropy_loss         | -17.3        |
|    explained_variance   | 8.440018e-05 |
|    learning_rate        | 0.0003       |
|    loss                 | -0.0319      |
|    n_updates            | 1250         |
|    policy_gradient_loss | -0.023       |
|    std                  | 1.02         |
|    value_loss           | 0.0185       |
------------------------------------------
--------------------------------------------
| rollout/                |                |
|    ep_len_mean          | 1.44e+03       |
|    ep_rew_mean          | 1.44e+03       |
| time/                   |                |
|    fps                  | 646            |
|    iterations           | 127            |
|    time_elapsed         | 201            |
|    total_timesteps      | 130048         |
| train/                  |                |
|    approx_kl            | 0.01246342     |
|    clip_fraction        | 0.187          |
|    clip_range           | 0.2            |
|    entropy_loss         | -17.2          |
|    explained_variance   | -3.2305717e-05 |
|    learning_rate        | 0.0003         |
|    loss                 | -0.0123        |
|    n_updates            | 1260           |
|    policy_gradient_loss | -0.0208        |
|    std                  | 1.02           |
|    value_loss           | 0.0358         |
--------------------------------------------
-------------------------------------------
| rollout/                |               |
|    ep_len_mean          | 1.44e+03      |
|    ep_rew_mean          | 1.45e+03      |
| time/                   |               |
|    fps                  | 647           |
|    iterations           | 128           |
|    time_elapsed         | 202           |
|    total_timesteps      | 131072        |
| train/                  |               |
|    approx_kl            | 0.017207902   |
|    clip_fraction        | 0.187         |
|    clip_range           | 0.2           |
|    entropy_loss         | -17.2         |
|    explained_variance   | 6.2286854e-05 |
|    learning_rate        | 0.0003        |
|    loss                 | -0.0262       |
|    n_updates            | 1270          |
|    policy_gradient_loss | -0.0247       |
|    std                  | 1.02          |
|    value_loss           | 0.0225        |
-------------------------------------------
--------------------------------------------
| rollout/                |                |
|    ep_len_mean          | 1.44e+03       |
|    ep_rew_mean          | 1.45e+03       |
| time/                   |                |
|    fps                  | 647            |
|    iterations           | 129            |
|    time_elapsed         | 204            |
|    total_timesteps      | 132096         |
| train/                  |                |
|    approx_kl            | 0.014929603    |
|    clip_fraction        | 0.166          |
|    clip_range           | 0.2            |
|    entropy_loss         | -17.2          |
|    explained_variance   | -0.00015449524 |
|    learning_rate        | 0.0003         |
|    loss                 | -0.0432        |
|    n_updates            | 1280           |
|    policy_gradient_loss | -0.0257        |
|    std                  | 1.01           |
|    value_loss           | 0.0116         |
--------------------------------------------
------------------------------------------
| rollout/                |              |
|    ep_len_mean          | 1.44e+03     |
|    ep_rew_mean          | 1.45e+03     |
| time/                   |              |
|    fps                  | 647          |
|    iterations           | 130          |
|    time_elapsed         | 205          |
|    total_timesteps      | 133120       |
| train/                  |              |
|    approx_kl            | 0.015844025  |
|    clip_fraction        | 0.166        |
|    clip_range           | 0.2          |
|    entropy_loss         | -17.1        |
|    explained_variance   | 5.197525e-05 |
|    learning_rate        | 0.0003       |
|    loss                 | -0.0304      |
|    n_updates            | 1290         |
|    policy_gradient_loss | -0.0229      |
|    std                  | 1.01         |
|    value_loss           | 0.0148       |
------------------------------------------
-------------------------------------------
| rollout/                |               |
|    ep_len_mean          | 1.44e+03      |
|    ep_rew_mean          | 1.45e+03      |
| time/                   |               |
|    fps                  | 646           |
|    iterations           | 131           |
|    time_elapsed         | 207           |
|    total_timesteps      | 134144        |
| train/                  |               |
|    approx_kl            | 0.016668234   |
|    clip_fraction        | 0.221         |
|    clip_range           | 0.2           |
|    entropy_loss         | -17.1         |
|    explained_variance   | 0.00018024445 |
|    learning_rate        | 0.0003        |
|    loss                 | -0.0326       |
|    n_updates            | 1300          |
|    policy_gradient_loss | -0.026        |
|    std                  | 1.01          |
|    value_loss           | 0.00759       |
-------------------------------------------
-------------------------------------------
| rollout/                |               |
|    ep_len_mean          | 1.44e+03      |
|    ep_rew_mean          | 1.45e+03      |
| time/                   |               |
|    fps                  | 646           |
|    iterations           | 132           |
|    time_elapsed         | 208           |
|    total_timesteps      | 135168        |
| train/                  |               |
|    approx_kl            | 0.014926198   |
|    clip_fraction        | 0.174         |
|    clip_range           | 0.2           |
|    entropy_loss         | -17.1         |
|    explained_variance   | 0.00011873245 |
|    learning_rate        | 0.0003        |
|    loss                 | -0.0167       |
|    n_updates            | 1310          |
|    policy_gradient_loss | -0.0211       |
|    std                  | 1.01          |
|    value_loss           | 0.0109        |
-------------------------------------------
------------------------------------------
| rollout/                |              |
|    ep_len_mean          | 1.44e+03     |
|    ep_rew_mean          | 1.45e+03     |
| time/                   |              |
|    fps                  | 647          |
|    iterations           | 133          |
|    time_elapsed         | 210          |
|    total_timesteps      | 136192       |
| train/                  |              |
|    approx_kl            | 0.018922107  |
|    clip_fraction        | 0.231        |
|    clip_range           | 0.2          |
|    entropy_loss         | -17.1        |
|    explained_variance   | 0.0001193881 |
|    learning_rate        | 0.0003       |
|    loss                 | -0.0216      |
|    n_updates            | 1320         |
|    policy_gradient_loss | -0.0266      |
|    std                  | 1.01         |
|    value_loss           | 0.0139       |
------------------------------------------
--------------------------------------------
| rollout/                |                |
|    ep_len_mean          | 1.44e+03       |
|    ep_rew_mean          | 1.45e+03       |
| time/                   |                |
|    fps                  | 647            |
|    iterations           | 134            |
|    time_elapsed         | 212            |
|    total_timesteps      | 137216         |
| train/                  |                |
|    approx_kl            | 0.015374001    |
|    clip_fraction        | 0.189          |
|    clip_range           | 0.2            |
|    entropy_loss         | -17.1          |
|    explained_variance   | -2.1457672e-06 |
|    learning_rate        | 0.0003         |
|    loss                 | -0.0299        |
|    n_updates            | 1330           |
|    policy_gradient_loss | -0.0226        |
|    std                  | 1.01           |
|    value_loss           | 0.0257         |
--------------------------------------------
--------------------------------------------
| rollout/                |                |
|    ep_len_mean          | 1.44e+03       |
|    ep_rew_mean          | 1.45e+03       |
| time/                   |                |
|    fps                  | 647            |
|    iterations           | 135            |
|    time_elapsed         | 213            |
|    total_timesteps      | 138240         |
| train/                  |                |
|    approx_kl            | 0.014253985    |
|    clip_fraction        | 0.149          |
|    clip_range           | 0.2            |
|    entropy_loss         | -17.1          |
|    explained_variance   | -0.00032675266 |
|    learning_rate        | 0.0003         |
|    loss                 | -0.0354        |
|    n_updates            | 1340           |
|    policy_gradient_loss | -0.0205        |
|    std                  | 1.01           |
|    value_loss           | 0.0115         |
--------------------------------------------
-------------------------------------------
| rollout/                |               |
|    ep_len_mean          | 1.44e+03      |
|    ep_rew_mean          | 1.45e+03      |
| time/                   |               |
|    fps                  | 647           |
|    iterations           | 136           |
|    time_elapsed         | 215           |
|    total_timesteps      | 139264        |
| train/                  |               |
|    approx_kl            | 0.01638489    |
|    clip_fraction        | 0.18          |
|    clip_range           | 0.2           |
|    entropy_loss         | -17.1         |
|    explained_variance   | 5.9604645e-08 |
|    learning_rate        | 0.0003        |
|    loss                 | -0.0356       |
|    n_updates            | 1350          |
|    policy_gradient_loss | -0.0259       |
|    std                  | 1.01          |
|    value_loss           | 0.0161        |
-------------------------------------------
--------------------------------------------
| rollout/                |                |
|    ep_len_mean          | 1.44e+03       |
|    ep_rew_mean          | 1.45e+03       |
| time/                   |                |
|    fps                  | 647            |
|    iterations           | 137            |
|    time_elapsed         | 216            |
|    total_timesteps      | 140288         |
| train/                  |                |
|    approx_kl            | 0.014947649    |
|    clip_fraction        | 0.176          |
|    clip_range           | 0.2            |
|    entropy_loss         | -17.1          |
|    explained_variance   | -4.4107437e-05 |
|    learning_rate        | 0.0003         |
|    loss                 | -0.0219        |
|    n_updates            | 1360           |
|    policy_gradient_loss | -0.0233        |
|    std                  | 1.01           |
|    value_loss           | 0.00902        |
--------------------------------------------
--------------------------------------------
| rollout/                |                |
|    ep_len_mean          | 1.44e+03       |
|    ep_rew_mean          | 1.45e+03       |
| time/                   |                |
|    fps                  | 647            |
|    iterations           | 138            |
|    time_elapsed         | 218            |
|    total_timesteps      | 141312         |
| train/                  |                |
|    approx_kl            | 0.012107075    |
|    clip_fraction        | 0.121          |
|    clip_range           | 0.2            |
|    entropy_loss         | -17.1          |
|    explained_variance   | -4.7802925e-05 |
|    learning_rate        | 0.0003         |
|    loss                 | -0.0236        |
|    n_updates            | 1370           |
|    policy_gradient_loss | -0.0194        |
|    std                  | 1.01           |
|    value_loss           | 0.0196         |
--------------------------------------------
-------------------------------------------
| rollout/                |               |
|    ep_len_mean          | 1.44e+03      |
|    ep_rew_mean          | 1.45e+03      |
| time/                   |               |
|    fps                  | 647           |
|    iterations           | 139           |
|    time_elapsed         | 219           |
|    total_timesteps      | 142336        |
| train/                  |               |
|    approx_kl            | 0.019487454   |
|    clip_fraction        | 0.212         |
|    clip_range           | 0.2           |
|    entropy_loss         | -17.1         |
|    explained_variance   | 0.00033974648 |
|    learning_rate        | 0.0003        |
|    loss                 | -0.0307       |
|    n_updates            | 1380          |
|    policy_gradient_loss | -0.0282       |
|    std                  | 1.01          |
|    value_loss           | 0.0116        |
-------------------------------------------
-----------------------------------------
| rollout/                |             |
|    ep_len_mean          | 1.44e+03    |
|    ep_rew_mean          | 1.45e+03    |
| time/                   |             |
|    fps                  | 647         |
|    iterations           | 140         |
|    time_elapsed         | 221         |
|    total_timesteps      | 143360      |
| train/                  |             |
|    approx_kl            | 0.01737163  |
|    clip_fraction        | 0.165       |
|    clip_range           | 0.2         |
|    entropy_loss         | -17.1       |
|    explained_variance   | 1.92523e-05 |
|    learning_rate        | 0.0003      |
|    loss                 | -0.0431     |
|    n_updates            | 1390        |
|    policy_gradient_loss | -0.0202     |
|    std                  | 1.01        |
|    value_loss           | 0.0073      |
-----------------------------------------
------------------------------------------
| rollout/                |              |
|    ep_len_mean          | 1.44e+03     |
|    ep_rew_mean          | 1.45e+03     |
| time/                   |              |
|    fps                  | 647          |
|    iterations           | 141          |
|    time_elapsed         | 222          |
|    total_timesteps      | 144384       |
| train/                  |              |
|    approx_kl            | 0.013939101  |
|    clip_fraction        | 0.168        |
|    clip_range           | 0.2          |
|    entropy_loss         | -17.1        |
|    explained_variance   | 5.930662e-05 |
|    learning_rate        | 0.0003       |
|    loss                 | -0.0183      |
|    n_updates            | 1400         |
|    policy_gradient_loss | -0.0214      |
|    std                  | 1.01         |
|    value_loss           | 0.0131       |
------------------------------------------
-------------------------------------------
| rollout/                |               |
|    ep_len_mean          | 1.44e+03      |
|    ep_rew_mean          | 1.45e+03      |
| time/                   |               |
|    fps                  | 647           |
|    iterations           | 142           |
|    time_elapsed         | 224           |
|    total_timesteps      | 145408        |
| train/                  |               |
|    approx_kl            | 0.011370652   |
|    clip_fraction        | 0.143         |
|    clip_range           | 0.2           |
|    entropy_loss         | -17           |
|    explained_variance   | 0.00013321638 |
|    learning_rate        | 0.0003        |
|    loss                 | -0.028        |
|    n_updates            | 1410          |
|    policy_gradient_loss | -0.0212       |
|    std                  | 1             |
|    value_loss           | 0.00783       |
-------------------------------------------
------------------------------------------
| rollout/                |              |
|    ep_len_mean          | 1.44e+03     |
|    ep_rew_mean          | 1.45e+03     |
| time/                   |              |
|    fps                  | 647          |
|    iterations           | 143          |
|    time_elapsed         | 226          |
|    total_timesteps      | 146432       |
| train/                  |              |
|    approx_kl            | 0.013382143  |
|    clip_fraction        | 0.178        |
|    clip_range           | 0.2          |
|    entropy_loss         | -17          |
|    explained_variance   | 0.0001218915 |
|    learning_rate        | 0.0003       |
|    loss                 | -0.027       |
|    n_updates            | 1420         |
|    policy_gradient_loss | -0.0255      |
|    std                  | 1.01         |
|    value_loss           | 0.0226       |
------------------------------------------
-------------------------------------------
| rollout/                |               |
|    ep_len_mean          | 1.44e+03      |
|    ep_rew_mean          | 1.45e+03      |
| time/                   |               |
|    fps                  | 647           |
|    iterations           | 144           |
|    time_elapsed         | 227           |
|    total_timesteps      | 147456        |
| train/                  |               |
|    approx_kl            | 0.015568594   |
|    clip_fraction        | 0.197         |
|    clip_range           | 0.2           |
|    entropy_loss         | -17           |
|    explained_variance   | 0.00019431114 |
|    learning_rate        | 0.0003        |
|    loss                 | -0.0241       |
|    n_updates            | 1430          |
|    policy_gradient_loss | -0.0243       |
|    std                  | 1.01          |
|    value_loss           | 0.012         |
-------------------------------------------
-----------------------------------------
| rollout/                |             |
|    ep_len_mean          | 1.44e+03    |
|    ep_rew_mean          | 1.45e+03    |
| time/                   |             |
|    fps                  | 648         |
|    iterations           | 145         |
|    time_elapsed         | 229         |
|    total_timesteps      | 148480      |
| train/                  |             |
|    approx_kl            | 0.012484195 |
|    clip_fraction        | 0.135       |
|    clip_range           | 0.2         |
|    entropy_loss         | -17         |
|    explained_variance   | 3.33786e-06 |
|    learning_rate        | 0.0003      |
|    loss                 | -0.0185     |
|    n_updates            | 1440        |
|    policy_gradient_loss | -0.0187     |
|    std                  | 1           |
|    value_loss           | 0.0288      |
-----------------------------------------
--------------------------------------------
| rollout/                |                |
|    ep_len_mean          | 1.44e+03       |
|    ep_rew_mean          | 1.45e+03       |
| time/                   |                |
|    fps                  | 648            |
|    iterations           | 146            |
|    time_elapsed         | 230            |
|    total_timesteps      | 149504         |
| train/                  |                |
|    approx_kl            | 0.014497347    |
|    clip_fraction        | 0.161          |
|    clip_range           | 0.2            |
|    entropy_loss         | -17            |
|    explained_variance   | -7.8082085e-05 |
|    learning_rate        | 0.0003         |
|    loss                 | -0.0363        |
|    n_updates            | 1450           |
|    policy_gradient_loss | -0.0206        |
|    std                  | 1              |
|    value_loss           | 0.00682        |
--------------------------------------------
-------------------------------------------
| rollout/                |               |
|    ep_len_mean          | 1.44e+03      |
|    ep_rew_mean          | 1.45e+03      |
| time/                   |               |
|    fps                  | 648           |
|    iterations           | 147           |
|    time_elapsed         | 232           |
|    total_timesteps      | 150528        |
| train/                  |               |
|    approx_kl            | 0.010771642   |
|    clip_fraction        | 0.134         |
|    clip_range           | 0.2           |
|    entropy_loss         | -17           |
|    explained_variance   | 0.00013309717 |
|    learning_rate        | 0.0003        |
|    loss                 | -0.0336       |
|    n_updates            | 1460          |
|    policy_gradient_loss | -0.0182       |
|    std                  | 1             |
|    value_loss           | 0.00799       |
-------------------------------------------
------------------------------------------
| rollout/                |              |
|    ep_len_mean          | 1.44e+03     |
|    ep_rew_mean          | 1.45e+03     |
| time/                   |              |
|    fps                  | 648          |
|    iterations           | 148          |
|    time_elapsed         | 233          |
|    total_timesteps      | 151552       |
| train/                  |              |
|    approx_kl            | 0.014060951  |
|    clip_fraction        | 0.145        |
|    clip_range           | 0.2          |
|    entropy_loss         | -17          |
|    explained_variance   | 0.0001308322 |
|    learning_rate        | 0.0003       |
|    loss                 | -0.0152      |
|    n_updates            | 1470         |
|    policy_gradient_loss | -0.02        |
|    std                  | 1            |
|    value_loss           | 0.0099       |
------------------------------------------
-------------------------------------------
| rollout/                |               |
|    ep_len_mean          | 1.44e+03      |
|    ep_rew_mean          | 1.45e+03      |
| time/                   |               |
|    fps                  | 648           |
|    iterations           | 149           |
|    time_elapsed         | 235           |
|    total_timesteps      | 152576        |
| train/                  |               |
|    approx_kl            | 0.011292778   |
|    clip_fraction        | 0.132         |
|    clip_range           | 0.2           |
|    entropy_loss         | -17           |
|    explained_variance   | 0.00011909008 |
|    learning_rate        | 0.0003        |
|    loss                 | -0.0214       |
|    n_updates            | 1480          |
|    policy_gradient_loss | -0.0184       |
|    std                  | 0.999         |
|    value_loss           | 0.00732       |
-------------------------------------------
-------------------------------------------
| rollout/                |               |
|    ep_len_mean          | 1.44e+03      |
|    ep_rew_mean          | 1.45e+03      |
| time/                   |               |
|    fps                  | 648           |
|    iterations           | 150           |
|    time_elapsed         | 236           |
|    total_timesteps      | 153600        |
| train/                  |               |
|    approx_kl            | 0.013225757   |
|    clip_fraction        | 0.142         |
|    clip_range           | 0.2           |
|    entropy_loss         | -16.9         |
|    explained_variance   | 0.00031095743 |
|    learning_rate        | 0.0003        |
|    loss                 | -0.0189       |
|    n_updates            | 1490          |
|    policy_gradient_loss | -0.0207       |
|    std                  | 0.996         |
|    value_loss           | 0.00752       |
-------------------------------------------
-----------------------------------------
| rollout/                |             |
|    ep_len_mean          | 1.44e+03    |
|    ep_rew_mean          | 1.45e+03    |
| time/                   |             |
|    fps                  | 648         |
|    iterations           | 151         |
|    time_elapsed         | 238         |
|    total_timesteps      | 154624      |
| train/                  |             |
|    approx_kl            | 0.018920757 |
|    clip_fraction        | 0.206       |
|    clip_range           | 0.2         |
|    entropy_loss         | -16.9       |
|    explained_variance   | 0.000187397 |
|    learning_rate        | 0.0003      |
|    loss                 | -0.0383     |
|    n_updates            | 1500        |
|    policy_gradient_loss | -0.026      |
|    std                  | 0.997       |
|    value_loss           | 0.00862     |
-----------------------------------------
--------------------------------------------
| rollout/                |                |
|    ep_len_mean          | 1.44e+03       |
|    ep_rew_mean          | 1.45e+03       |
| time/                   |                |
|    fps                  | 648            |
|    iterations           | 152            |
|    time_elapsed         | 239            |
|    total_timesteps      | 155648         |
| train/                  |                |
|    approx_kl            | 0.012554118    |
|    clip_fraction        | 0.151          |
|    clip_range           | 0.2            |
|    entropy_loss         | -16.9          |
|    explained_variance   | -0.00020551682 |
|    learning_rate        | 0.0003         |
|    loss                 | -0.0248        |
|    n_updates            | 1510           |
|    policy_gradient_loss | -0.0211        |
|    std                  | 0.997          |
|    value_loss           | 0.00942        |
--------------------------------------------
-------------------------------------------
| rollout/                |               |
|    ep_len_mean          | 1.44e+03      |
|    ep_rew_mean          | 1.45e+03      |
| time/                   |               |
|    fps                  | 649           |
|    iterations           | 153           |
|    time_elapsed         | 241           |
|    total_timesteps      | 156672        |
| train/                  |               |
|    approx_kl            | 0.013377477   |
|    clip_fraction        | 0.171         |
|    clip_range           | 0.2           |
|    entropy_loss         | -16.9         |
|    explained_variance   | 0.00024425983 |
|    learning_rate        | 0.0003        |
|    loss                 | -0.0231       |
|    n_updates            | 1520          |
|    policy_gradient_loss | -0.0189       |
|    std                  | 0.995         |
|    value_loss           | 0.00797       |
-------------------------------------------
-------------------------------------------
| rollout/                |               |
|    ep_len_mean          | 1.44e+03      |
|    ep_rew_mean          | 1.45e+03      |
| time/                   |               |
|    fps                  | 648           |
|    iterations           | 154           |
|    time_elapsed         | 243           |
|    total_timesteps      | 157696        |
| train/                  |               |
|    approx_kl            | 0.017238004   |
|    clip_fraction        | 0.201         |
|    clip_range           | 0.2           |
|    entropy_loss         | -16.9         |
|    explained_variance   | 0.00013309717 |
|    learning_rate        | 0.0003        |
|    loss                 | -0.0366       |
|    n_updates            | 1530          |
|    policy_gradient_loss | -0.0249       |
|    std                  | 0.992         |
|    value_loss           | 0.0102        |
-------------------------------------------
-------------------------------------------
| rollout/                |               |
|    ep_len_mean          | 1.44e+03      |
|    ep_rew_mean          | 1.45e+03      |
| time/                   |               |
|    fps                  | 648           |
|    iterations           | 155           |
|    time_elapsed         | 244           |
|    total_timesteps      | 158720        |
| train/                  |               |
|    approx_kl            | 0.014179065   |
|    clip_fraction        | 0.172         |
|    clip_range           | 0.2           |
|    entropy_loss         | -16.9         |
|    explained_variance   | 0.00021535158 |
|    learning_rate        | 0.0003        |
|    loss                 | -0.0352       |
|    n_updates            | 1540          |
|    policy_gradient_loss | -0.0229       |
|    std                  | 0.99          |
|    value_loss           | 0.00859       |
-------------------------------------------
-------------------------------------------
| rollout/                |               |
|    ep_len_mean          | 1.44e+03      |
|    ep_rew_mean          | 1.45e+03      |
| time/                   |               |
|    fps                  | 648           |
|    iterations           | 156           |
|    time_elapsed         | 246           |
|    total_timesteps      | 159744        |
| train/                  |               |
|    approx_kl            | 0.01759388    |
|    clip_fraction        | 0.188         |
|    clip_range           | 0.2           |
|    entropy_loss         | -16.8         |
|    explained_variance   | 0.00018620491 |
|    learning_rate        | 0.0003        |
|    loss                 | -0.0437       |
|    n_updates            | 1550          |
|    policy_gradient_loss | -0.0237       |
|    std                  | 0.989         |
|    value_loss           | 0.00792       |
-------------------------------------------
-------------------------------------------
| rollout/                |               |
|    ep_len_mean          | 1.44e+03      |
|    ep_rew_mean          | 1.45e+03      |
| time/                   |               |
|    fps                  | 648           |
|    iterations           | 157           |
|    time_elapsed         | 247           |
|    total_timesteps      | 160768        |
| train/                  |               |
|    approx_kl            | 0.013117229   |
|    clip_fraction        | 0.129         |
|    clip_range           | 0.2           |
|    entropy_loss         | -16.8         |
|    explained_variance   | 0.00030732155 |
|    learning_rate        | 0.0003        |
|    loss                 | -0.0174       |
|    n_updates            | 1560          |
|    policy_gradient_loss | -0.0214       |
|    std                  | 0.991         |
|    value_loss           | 0.00621       |
-------------------------------------------
--------------------------------------------
| rollout/                |                |
|    ep_len_mean          | 1.44e+03       |
|    ep_rew_mean          | 1.45e+03       |
| time/                   |                |
|    fps                  | 648            |
|    iterations           | 158            |
|    time_elapsed         | 249            |
|    total_timesteps      | 161792         |
| train/                  |                |
|    approx_kl            | 0.015958684    |
|    clip_fraction        | 0.192          |
|    clip_range           | 0.2            |
|    entropy_loss         | -16.8          |
|    explained_variance   | 0.000113248825 |
|    learning_rate        | 0.0003         |
|    loss                 | -0.0394        |
|    n_updates            | 1570           |
|    policy_gradient_loss | -0.0265        |
|    std                  | 0.99           |
|    value_loss           | 0.00931        |
--------------------------------------------
-------------------------------------------
| rollout/                |               |
|    ep_len_mean          | 1.44e+03      |
|    ep_rew_mean          | 1.45e+03      |
| time/                   |               |
|    fps                  | 648           |
|    iterations           | 159           |
|    time_elapsed         | 250           |
|    total_timesteps      | 162816        |
| train/                  |               |
|    approx_kl            | 0.013845358   |
|    clip_fraction        | 0.16          |
|    clip_range           | 0.2           |
|    entropy_loss         | -16.8         |
|    explained_variance   | 0.00014007092 |
|    learning_rate        | 0.0003        |
|    loss                 | -0.0406       |
|    n_updates            | 1580          |
|    policy_gradient_loss | -0.0236       |
|    std                  | 0.989         |
|    value_loss           | 0.00843       |
-------------------------------------------
-------------------------------------------
| rollout/                |               |
|    ep_len_mean          | 1.44e+03      |
|    ep_rew_mean          | 1.45e+03      |
| time/                   |               |
|    fps                  | 648           |
|    iterations           | 160           |
|    time_elapsed         | 252           |
|    total_timesteps      | 163840        |
| train/                  |               |
|    approx_kl            | 0.009775499   |
|    clip_fraction        | 0.138         |
|    clip_range           | 0.2           |
|    entropy_loss         | -16.8         |
|    explained_variance   | 3.1471252e-05 |
|    learning_rate        | 0.0003        |
|    loss                 | -0.0309       |
|    n_updates            | 1590          |
|    policy_gradient_loss | -0.0196       |
|    std                  | 0.986         |
|    value_loss           | 0.00973       |
-------------------------------------------
--------------------------------------------
| rollout/                |                |
|    ep_len_mean          | 1.44e+03       |
|    ep_rew_mean          | 1.45e+03       |
| time/                   |                |
|    fps                  | 649            |
|    iterations           | 161            |
|    time_elapsed         | 254            |
|    total_timesteps      | 164864         |
| train/                  |                |
|    approx_kl            | 0.014472626    |
|    clip_fraction        | 0.179          |
|    clip_range           | 0.2            |
|    entropy_loss         | -16.8          |
|    explained_variance   | -4.1246414e-05 |
|    learning_rate        | 0.0003         |
|    loss                 | -0.0317        |
|    n_updates            | 1600           |
|    policy_gradient_loss | -0.024         |
|    std                  | 0.985          |
|    value_loss           | 0.0069         |
--------------------------------------------
-------------------------------------------
| rollout/                |               |
|    ep_len_mean          | 1.44e+03      |
|    ep_rew_mean          | 1.45e+03      |
| time/                   |               |
|    fps                  | 649           |
|    iterations           | 162           |
|    time_elapsed         | 255           |
|    total_timesteps      | 165888        |
| train/                  |               |
|    approx_kl            | 0.016695518   |
|    clip_fraction        | 0.235         |
|    clip_range           | 0.2           |
|    entropy_loss         | -16.8         |
|    explained_variance   | -2.503395e-05 |
|    learning_rate        | 0.0003        |
|    loss                 | -0.0425       |
|    n_updates            | 1610          |
|    policy_gradient_loss | -0.0285       |
|    std                  | 0.984         |
|    value_loss           | 0.00894       |
-------------------------------------------
--------------------------------------------
| rollout/                |                |
|    ep_len_mean          | 1.44e+03       |
|    ep_rew_mean          | 1.45e+03       |
| time/                   |                |
|    fps                  | 649            |
|    iterations           | 163            |
|    time_elapsed         | 256            |
|    total_timesteps      | 166912         |
| train/                  |                |
|    approx_kl            | 0.011769963    |
|    clip_fraction        | 0.157          |
|    clip_range           | 0.2            |
|    entropy_loss         | -16.8          |
|    explained_variance   | -1.7404556e-05 |
|    learning_rate        | 0.0003         |
|    loss                 | -0.0248        |
|    n_updates            | 1620           |
|    policy_gradient_loss | -0.0198        |
|    std                  | 0.982          |
|    value_loss           | 0.00874        |
--------------------------------------------
--------------------------------------------
| rollout/                |                |
|    ep_len_mean          | 1.44e+03       |
|    ep_rew_mean          | 1.45e+03       |
| time/                   |                |
|    fps                  | 649            |
|    iterations           | 164            |
|    time_elapsed         | 258            |
|    total_timesteps      | 167936         |
| train/                  |                |
|    approx_kl            | 0.011351687    |
|    clip_fraction        | 0.134          |
|    clip_range           | 0.2            |
|    entropy_loss         | -16.7          |
|    explained_variance   | -2.9206276e-05 |
|    learning_rate        | 0.0003         |
|    loss                 | -0.0256        |
|    n_updates            | 1630           |
|    policy_gradient_loss | -0.0186        |
|    std                  | 0.982          |
|    value_loss           | 0.0111         |
--------------------------------------------
------------------------------------------
| rollout/                |              |
|    ep_len_mean          | 1.44e+03     |
|    ep_rew_mean          | 1.45e+03     |
| time/                   |              |
|    fps                  | 650          |
|    iterations           | 165          |
|    time_elapsed         | 259          |
|    total_timesteps      | 168960       |
| train/                  |              |
|    approx_kl            | 0.019994147  |
|    clip_fraction        | 0.205        |
|    clip_range           | 0.2          |
|    entropy_loss         | -16.7        |
|    explained_variance   | 4.631281e-05 |
|    learning_rate        | 0.0003       |
|    loss                 | -0.0372      |
|    n_updates            | 1640         |
|    policy_gradient_loss | -0.027       |
|    std                  | 0.979        |
|    value_loss           | 0.013        |
------------------------------------------
-------------------------------------------
| rollout/                |               |
|    ep_len_mean          | 1.44e+03      |
|    ep_rew_mean          | 1.45e+03      |
| time/                   |               |
|    fps                  | 650           |
|    iterations           | 166           |
|    time_elapsed         | 261           |
|    total_timesteps      | 169984        |
| train/                  |               |
|    approx_kl            | 0.013041061   |
|    clip_fraction        | 0.13          |
|    clip_range           | 0.2           |
|    entropy_loss         | -16.7         |
|    explained_variance   | -9.775162e-06 |
|    learning_rate        | 0.0003        |
|    loss                 | -0.0235       |
|    n_updates            | 1650          |
|    policy_gradient_loss | -0.0174       |
|    std                  | 0.98          |
|    value_loss           | 0.00923       |
-------------------------------------------
--------------------------------------------
| rollout/                |                |
|    ep_len_mean          | 1.44e+03       |
|    ep_rew_mean          | 1.45e+03       |
| time/                   |                |
|    fps                  | 650            |
|    iterations           | 167            |
|    time_elapsed         | 262            |
|    total_timesteps      | 171008         |
| train/                  |                |
|    approx_kl            | 0.012299758    |
|    clip_fraction        | 0.147          |
|    clip_range           | 0.2            |
|    entropy_loss         | -16.7          |
|    explained_variance   | 0.000118911266 |
|    learning_rate        | 0.0003         |
|    loss                 | -0.0299        |
|    n_updates            | 1660           |
|    policy_gradient_loss | -0.0215        |
|    std                  | 0.979          |
|    value_loss           | 0.0113         |
--------------------------------------------
------------------------------------------
| rollout/                |              |
|    ep_len_mean          | 1.44e+03     |
|    ep_rew_mean          | 1.45e+03     |
| time/                   |              |
|    fps                  | 650          |
|    iterations           | 168          |
|    time_elapsed         | 264          |
|    total_timesteps      | 172032       |
| train/                  |              |
|    approx_kl            | 0.013246853  |
|    clip_fraction        | 0.145        |
|    clip_range           | 0.2          |
|    entropy_loss         | -16.7        |
|    explained_variance   | 7.277727e-05 |
|    learning_rate        | 0.0003       |
|    loss                 | -0.0383      |
|    n_updates            | 1670         |
|    policy_gradient_loss | -0.019       |
|    std                  | 0.979        |
|    value_loss           | 0.00837      |
------------------------------------------
-------------------------------------------
| rollout/                |               |
|    ep_len_mean          | 1.44e+03      |
|    ep_rew_mean          | 1.45e+03      |
| time/                   |               |
|    fps                  | 650           |
|    iterations           | 169           |
|    time_elapsed         | 265           |
|    total_timesteps      | 173056        |
| train/                  |               |
|    approx_kl            | 0.014686855   |
|    clip_fraction        | 0.188         |
|    clip_range           | 0.2           |
|    entropy_loss         | -16.7         |
|    explained_variance   | 0.00012218952 |
|    learning_rate        | 0.0003        |
|    loss                 | -0.0279       |
|    n_updates            | 1680          |
|    policy_gradient_loss | -0.0214       |
|    std                  | 0.978         |
|    value_loss           | 0.00746       |
-------------------------------------------
-------------------------------------------
| rollout/                |               |
|    ep_len_mean          | 1.44e+03      |
|    ep_rew_mean          | 1.45e+03      |
| time/                   |               |
|    fps                  | 650           |
|    iterations           | 170           |
|    time_elapsed         | 267           |
|    total_timesteps      | 174080        |
| train/                  |               |
|    approx_kl            | 0.011463379   |
|    clip_fraction        | 0.147         |
|    clip_range           | 0.2           |
|    entropy_loss         | -16.7         |
|    explained_variance   | -7.855892e-05 |
|    learning_rate        | 0.0003        |
|    loss                 | -0.029        |
|    n_updates            | 1690          |
|    policy_gradient_loss | -0.0214       |
|    std                  | 0.977         |
|    value_loss           | 0.00511       |
-------------------------------------------
--------------------------------------------
| rollout/                |                |
|    ep_len_mean          | 1.44e+03       |
|    ep_rew_mean          | 1.45e+03       |
| time/                   |                |
|    fps                  | 651            |
|    iterations           | 171            |
|    time_elapsed         | 268            |
|    total_timesteps      | 175104         |
| train/                  |                |
|    approx_kl            | 0.015190461    |
|    clip_fraction        | 0.179          |
|    clip_range           | 0.2            |
|    entropy_loss         | -16.7          |
|    explained_variance   | -4.2438507e-05 |
|    learning_rate        | 0.0003         |
|    loss                 | -0.0217        |
|    n_updates            | 1700           |
|    policy_gradient_loss | -0.0237        |
|    std                  | 0.976          |
|    value_loss           | 0.00867        |
--------------------------------------------
-------------------------------------------
| rollout/                |               |
|    ep_len_mean          | 1.44e+03      |
|    ep_rew_mean          | 1.45e+03      |
| time/                   |               |
|    fps                  | 651           |
|    iterations           | 172           |
|    time_elapsed         | 270           |
|    total_timesteps      | 176128        |
| train/                  |               |
|    approx_kl            | 0.015601212   |
|    clip_fraction        | 0.191         |
|    clip_range           | 0.2           |
|    entropy_loss         | -16.7         |
|    explained_variance   | -0.0001988411 |
|    learning_rate        | 0.0003        |
|    loss                 | -0.0349       |
|    n_updates            | 1710          |
|    policy_gradient_loss | -0.0268       |
|    std                  | 0.977         |
|    value_loss           | 0.00844       |
-------------------------------------------
--------------------------------------------
| rollout/                |                |
|    ep_len_mean          | 1.44e+03       |
|    ep_rew_mean          | 1.45e+03       |
| time/                   |                |
|    fps                  | 651            |
|    iterations           | 173            |
|    time_elapsed         | 271            |
|    total_timesteps      | 177152         |
| train/                  |                |
|    approx_kl            | 0.014533497    |
|    clip_fraction        | 0.171          |
|    clip_range           | 0.2            |
|    entropy_loss         | -16.7          |
|    explained_variance   | 0.000116467476 |
|    learning_rate        | 0.0003         |
|    loss                 | -0.0243        |
|    n_updates            | 1720           |
|    policy_gradient_loss | -0.0215        |
|    std                  | 0.974          |
|    value_loss           | 0.00823        |
--------------------------------------------
-------------------------------------------
| rollout/                |               |
|    ep_len_mean          | 1.44e+03      |
|    ep_rew_mean          | 1.45e+03      |
| time/                   |               |
|    fps                  | 651           |
|    iterations           | 174           |
|    time_elapsed         | 273           |
|    total_timesteps      | 178176        |
| train/                  |               |
|    approx_kl            | 0.011228978   |
|    clip_fraction        | 0.133         |
|    clip_range           | 0.2           |
|    entropy_loss         | -16.6         |
|    explained_variance   | 0.00012505054 |
|    learning_rate        | 0.0003        |
|    loss                 | -0.0384       |
|    n_updates            | 1730          |
|    policy_gradient_loss | -0.0206       |
|    std                  | 0.972         |
|    value_loss           | 0.00816       |
-------------------------------------------
--------------------------------------------
| rollout/                |                |
|    ep_len_mean          | 1.44e+03       |
|    ep_rew_mean          | 1.45e+03       |
| time/                   |                |
|    fps                  | 651            |
|    iterations           | 175            |
|    time_elapsed         | 275            |
|    total_timesteps      | 179200         |
| train/                  |                |
|    approx_kl            | 0.0142323      |
|    clip_fraction        | 0.193          |
|    clip_range           | 0.2            |
|    entropy_loss         | -16.6          |
|    explained_variance   | -6.9856644e-05 |
|    learning_rate        | 0.0003         |
|    loss                 | -0.0361        |
|    n_updates            | 1740           |
|    policy_gradient_loss | -0.0246        |
|    std                  | 0.971          |
|    value_loss           | 0.00702        |
--------------------------------------------
--------------------------------------------
| rollout/                |                |
|    ep_len_mean          | 1.44e+03       |
|    ep_rew_mean          | 1.45e+03       |
| time/                   |                |
|    fps                  | 651            |
|    iterations           | 176            |
|    time_elapsed         | 276            |
|    total_timesteps      | 180224         |
| train/                  |                |
|    approx_kl            | 0.012213062    |
|    clip_fraction        | 0.128          |
|    clip_range           | 0.2            |
|    entropy_loss         | -16.6          |
|    explained_variance   | -5.9843063e-05 |
|    learning_rate        | 0.0003         |
|    loss                 | -0.0382        |
|    n_updates            | 1750           |
|    policy_gradient_loss | -0.0218        |
|    std                  | 0.97           |
|    value_loss           | 0.00992        |
--------------------------------------------
--------------------------------------------
| rollout/                |                |
|    ep_len_mean          | 1.44e+03       |
|    ep_rew_mean          | 1.45e+03       |
| time/                   |                |
|    fps                  | 651            |
|    iterations           | 177            |
|    time_elapsed         | 278            |
|    total_timesteps      | 181248         |
| train/                  |                |
|    approx_kl            | 0.016796764    |
|    clip_fraction        | 0.183          |
|    clip_range           | 0.2            |
|    entropy_loss         | -16.6          |
|    explained_variance   | -0.00011718273 |
|    learning_rate        | 0.0003         |
|    loss                 | -0.0404        |
|    n_updates            | 1760           |
|    policy_gradient_loss | -0.0232        |
|    std                  | 0.967          |
|    value_loss           | 0.0128         |
--------------------------------------------
------------------------------------------
| rollout/                |              |
|    ep_len_mean          | 1.44e+03     |
|    ep_rew_mean          | 1.45e+03     |
| time/                   |              |
|    fps                  | 651          |
|    iterations           | 178          |
|    time_elapsed         | 279          |
|    total_timesteps      | 182272       |
| train/                  |              |
|    approx_kl            | 0.01243248   |
|    clip_fraction        | 0.152        |
|    clip_range           | 0.2          |
|    entropy_loss         | -16.6        |
|    explained_variance   | 5.275011e-05 |
|    learning_rate        | 0.0003       |
|    loss                 | -0.0312      |
|    n_updates            | 1770         |
|    policy_gradient_loss | -0.0227      |
|    std                  | 0.966        |
|    value_loss           | 0.00739      |
------------------------------------------
-------------------------------------------
| rollout/                |               |
|    ep_len_mean          | 1.44e+03      |
|    ep_rew_mean          | 1.45e+03      |
| time/                   |               |
|    fps                  | 651           |
|    iterations           | 179           |
|    time_elapsed         | 281           |
|    total_timesteps      | 183296        |
| train/                  |               |
|    approx_kl            | 0.014689224   |
|    clip_fraction        | 0.171         |
|    clip_range           | 0.2           |
|    entropy_loss         | -16.5         |
|    explained_variance   | -2.503395e-06 |
|    learning_rate        | 0.0003        |
|    loss                 | -0.0203       |
|    n_updates            | 1780          |
|    policy_gradient_loss | -0.0205       |
|    std                  | 0.965         |
|    value_loss           | 0.0164        |
-------------------------------------------
------------------------------------------
| rollout/                |              |
|    ep_len_mean          | 1.44e+03     |
|    ep_rew_mean          | 1.45e+03     |
| time/                   |              |
|    fps                  | 651          |
|    iterations           | 180          |
|    time_elapsed         | 283          |
|    total_timesteps      | 184320       |
| train/                  |              |
|    approx_kl            | 0.016494557  |
|    clip_fraction        | 0.206        |
|    clip_range           | 0.2          |
|    entropy_loss         | -16.5        |
|    explained_variance   | -6.92606e-05 |
|    learning_rate        | 0.0003       |
|    loss                 | -0.0244      |
|    n_updates            | 1790         |
|    policy_gradient_loss | -0.0259      |
|    std                  | 0.963        |
|    value_loss           | 0.00512      |
------------------------------------------
-------------------------------------------
| rollout/                |               |
|    ep_len_mean          | 1.44e+03      |
|    ep_rew_mean          | 1.45e+03      |
| time/                   |               |
|    fps                  | 650           |
|    iterations           | 181           |
|    time_elapsed         | 284           |
|    total_timesteps      | 185344        |
| train/                  |               |
|    approx_kl            | 0.012572272   |
|    clip_fraction        | 0.135         |
|    clip_range           | 0.2           |
|    entropy_loss         | -16.5         |
|    explained_variance   | 1.3589859e-05 |
|    learning_rate        | 0.0003        |
|    loss                 | -0.0295       |
|    n_updates            | 1800          |
|    policy_gradient_loss | -0.0199       |
|    std                  | 0.959         |
|    value_loss           | 0.0083        |
-------------------------------------------
--------------------------------------------
| rollout/                |                |
|    ep_len_mean          | 1.44e+03       |
|    ep_rew_mean          | 1.45e+03       |
| time/                   |                |
|    fps                  | 650            |
|    iterations           | 182            |
|    time_elapsed         | 286            |
|    total_timesteps      | 186368         |
| train/                  |                |
|    approx_kl            | 0.015383301    |
|    clip_fraction        | 0.181          |
|    clip_range           | 0.2            |
|    entropy_loss         | -16.5          |
|    explained_variance   | -0.00030696392 |
|    learning_rate        | 0.0003         |
|    loss                 | -0.0417        |
|    n_updates            | 1810           |
|    policy_gradient_loss | -0.0272        |
|    std                  | 0.959          |
|    value_loss           | 0.00563        |
--------------------------------------------
--------------------------------------------
| rollout/                |                |
|    ep_len_mean          | 1.44e+03       |
|    ep_rew_mean          | 1.45e+03       |
| time/                   |                |
|    fps                  | 650            |
|    iterations           | 183            |
|    time_elapsed         | 287            |
|    total_timesteps      | 187392         |
| train/                  |                |
|    approx_kl            | 0.017895933    |
|    clip_fraction        | 0.199          |
|    clip_range           | 0.2            |
|    entropy_loss         | -16.5          |
|    explained_variance   | -1.4066696e-05 |
|    learning_rate        | 0.0003         |
|    loss                 | -0.0349        |
|    n_updates            | 1820           |
|    policy_gradient_loss | -0.0222        |
|    std                  | 0.958          |
|    value_loss           | 0.0065         |
--------------------------------------------
--------------------------------------------
| rollout/                |                |
|    ep_len_mean          | 1.44e+03       |
|    ep_rew_mean          | 1.45e+03       |
| time/                   |                |
|    fps                  | 651            |
|    iterations           | 184            |
|    time_elapsed         | 289            |
|    total_timesteps      | 188416         |
| train/                  |                |
|    approx_kl            | 0.010823812    |
|    clip_fraction        | 0.114          |
|    clip_range           | 0.2            |
|    entropy_loss         | -16.4          |
|    explained_variance   | -8.1300735e-05 |
|    learning_rate        | 0.0003         |
|    loss                 | -0.0321        |
|    n_updates            | 1830           |
|    policy_gradient_loss | -0.0177        |
|    std                  | 0.958          |
|    value_loss           | 0.00776        |
--------------------------------------------
-------------------------------------------
| rollout/                |               |
|    ep_len_mean          | 1.44e+03      |
|    ep_rew_mean          | 1.46e+03      |
| time/                   |               |
|    fps                  | 651           |
|    iterations           | 185           |
|    time_elapsed         | 290           |
|    total_timesteps      | 189440        |
| train/                  |               |
|    approx_kl            | 0.012768788   |
|    clip_fraction        | 0.153         |
|    clip_range           | 0.2           |
|    entropy_loss         | -16.4         |
|    explained_variance   | 0.00017434359 |
|    learning_rate        | 0.0003        |
|    loss                 | -0.0311       |
|    n_updates            | 1840          |
|    policy_gradient_loss | -0.02         |
|    std                  | 0.957         |
|    value_loss           | 0.00454       |
-------------------------------------------
-------------------------------------------
| rollout/                |               |
|    ep_len_mean          | 1.44e+03      |
|    ep_rew_mean          | 1.46e+03      |
| time/                   |               |
|    fps                  | 651           |
|    iterations           | 186           |
|    time_elapsed         | 292           |
|    total_timesteps      | 190464        |
| train/                  |               |
|    approx_kl            | 0.013346788   |
|    clip_fraction        | 0.159         |
|    clip_range           | 0.2           |
|    entropy_loss         | -16.4         |
|    explained_variance   | -5.567074e-05 |
|    learning_rate        | 0.0003        |
|    loss                 | -0.0334       |
|    n_updates            | 1850          |
|    policy_gradient_loss | -0.0209       |
|    std                  | 0.954         |
|    value_loss           | 0.00627       |
-------------------------------------------
-------------------------------------------
| rollout/                |               |
|    ep_len_mean          | 1.44e+03      |
|    ep_rew_mean          | 1.46e+03      |
| time/                   |               |
|    fps                  | 651           |
|    iterations           | 187           |
|    time_elapsed         | 293           |
|    total_timesteps      | 191488        |
| train/                  |               |
|    approx_kl            | 0.010932399   |
|    clip_fraction        | 0.128         |
|    clip_range           | 0.2           |
|    entropy_loss         | -16.4         |
|    explained_variance   | -5.054474e-05 |
|    learning_rate        | 0.0003        |
|    loss                 | -0.0321       |
|    n_updates            | 1860          |
|    policy_gradient_loss | -0.0204       |
|    std                  | 0.952         |
|    value_loss           | 0.00648       |
-------------------------------------------
-------------------------------------------
| rollout/                |               |
|    ep_len_mean          | 1.44e+03      |
|    ep_rew_mean          | 1.46e+03      |
| time/                   |               |
|    fps                  | 651           |
|    iterations           | 188           |
|    time_elapsed         | 295           |
|    total_timesteps      | 192512        |
| train/                  |               |
|    approx_kl            | 0.011433823   |
|    clip_fraction        | 0.146         |
|    clip_range           | 0.2           |
|    entropy_loss         | -16.4         |
|    explained_variance   | 1.7464161e-05 |
|    learning_rate        | 0.0003        |
|    loss                 | -0.0335       |
|    n_updates            | 1870          |
|    policy_gradient_loss | -0.0213       |
|    std                  | 0.951         |
|    value_loss           | 0.00848       |
-------------------------------------------
-------------------------------------------
| rollout/                |               |
|    ep_len_mean          | 1.44e+03      |
|    ep_rew_mean          | 1.46e+03      |
| time/                   |               |
|    fps                  | 651           |
|    iterations           | 189           |
|    time_elapsed         | 296           |
|    total_timesteps      | 193536        |
| train/                  |               |
|    approx_kl            | 0.014114652   |
|    clip_fraction        | 0.174         |
|    clip_range           | 0.2           |
|    entropy_loss         | -16.4         |
|    explained_variance   | -8.058548e-05 |
|    learning_rate        | 0.0003        |
|    loss                 | -0.0258       |
|    n_updates            | 1880          |
|    policy_gradient_loss | -0.0223       |
|    std                  | 0.949         |
|    value_loss           | 0.0126        |
-------------------------------------------
-------------------------------------------
| rollout/                |               |
|    ep_len_mean          | 1.44e+03      |
|    ep_rew_mean          | 1.46e+03      |
| time/                   |               |
|    fps                  | 651           |
|    iterations           | 190           |
|    time_elapsed         | 298           |
|    total_timesteps      | 194560        |
| train/                  |               |
|    approx_kl            | 0.012995373   |
|    clip_fraction        | 0.14          |
|    clip_range           | 0.2           |
|    entropy_loss         | -16.3         |
|    explained_variance   | -7.236004e-05 |
|    learning_rate        | 0.0003        |
|    loss                 | -0.0307       |
|    n_updates            | 1890          |
|    policy_gradient_loss | -0.0233       |
|    std                  | 0.949         |
|    value_loss           | 0.0128        |
-------------------------------------------
--------------------------------------------
| rollout/                |                |
|    ep_len_mean          | 1.44e+03       |
|    ep_rew_mean          | 1.46e+03       |
| time/                   |                |
|    fps                  | 652            |
|    iterations           | 191            |
|    time_elapsed         | 299            |
|    total_timesteps      | 195584         |
| train/                  |                |
|    approx_kl            | 0.012880603    |
|    clip_fraction        | 0.151          |
|    clip_range           | 0.2            |
|    entropy_loss         | -16.3          |
|    explained_variance   | -0.00016021729 |
|    learning_rate        | 0.0003         |
|    loss                 | -0.0172        |
|    n_updates            | 1900           |
|    policy_gradient_loss | -0.0223        |
|    std                  | 0.948          |
|    value_loss           | 0.00561        |
--------------------------------------------
--------------------------------------------
| rollout/                |                |
|    ep_len_mean          | 1.44e+03       |
|    ep_rew_mean          | 1.46e+03       |
| time/                   |                |
|    fps                  | 652            |
|    iterations           | 192            |
|    time_elapsed         | 301            |
|    total_timesteps      | 196608         |
| train/                  |                |
|    approx_kl            | 0.013062185    |
|    clip_fraction        | 0.182          |
|    clip_range           | 0.2            |
|    entropy_loss         | -16.3          |
|    explained_variance   | -0.00026381016 |
|    learning_rate        | 0.0003         |
|    loss                 | -0.0267        |
|    n_updates            | 1910           |
|    policy_gradient_loss | -0.0259        |
|    std                  | 0.946          |
|    value_loss           | 0.00904        |
--------------------------------------------
--------------------------------------------
| rollout/                |                |
|    ep_len_mean          | 1.44e+03       |
|    ep_rew_mean          | 1.46e+03       |
| time/                   |                |
|    fps                  | 652            |
|    iterations           | 193            |
|    time_elapsed         | 302            |
|    total_timesteps      | 197632         |
| train/                  |                |
|    approx_kl            | 0.013510983    |
|    clip_fraction        | 0.145          |
|    clip_range           | 0.2            |
|    entropy_loss         | -16.3          |
|    explained_variance   | -5.2452087e-06 |
|    learning_rate        | 0.0003         |
|    loss                 | -0.0288        |
|    n_updates            | 1920           |
|    policy_gradient_loss | -0.019         |
|    std                  | 0.946          |
|    value_loss           | 0.00572        |
--------------------------------------------
--------------------------------------------
| rollout/                |                |
|    ep_len_mean          | 1.44e+03       |
|    ep_rew_mean          | 1.46e+03       |
| time/                   |                |
|    fps                  | 652            |
|    iterations           | 194            |
|    time_elapsed         | 304            |
|    total_timesteps      | 198656         |
| train/                  |                |
|    approx_kl            | 0.013903902    |
|    clip_fraction        | 0.171          |
|    clip_range           | 0.2            |
|    entropy_loss         | -16.3          |
|    explained_variance   | -2.7656555e-05 |
|    learning_rate        | 0.0003         |
|    loss                 | -0.0292        |
|    n_updates            | 1930           |
|    policy_gradient_loss | -0.0212        |
|    std                  | 0.946          |
|    value_loss           | 0.00591        |
--------------------------------------------
--------------------------------------------
| rollout/                |                |
|    ep_len_mean          | 1.44e+03       |
|    ep_rew_mean          | 1.46e+03       |
| time/                   |                |
|    fps                  | 652            |
|    iterations           | 195            |
|    time_elapsed         | 306            |
|    total_timesteps      | 199680         |
| train/                  |                |
|    approx_kl            | 0.013021794    |
|    clip_fraction        | 0.142          |
|    clip_range           | 0.2            |
|    entropy_loss         | -16.3          |
|    explained_variance   | -0.00016486645 |
|    learning_rate        | 0.0003         |
|    loss                 | -0.021         |
|    n_updates            | 1940           |
|    policy_gradient_loss | -0.0208        |
|    std                  | 0.945          |
|    value_loss           | 0.00665        |
--------------------------------------------
--------------------------------------------
| rollout/                |                |
|    ep_len_mean          | 1.44e+03       |
|    ep_rew_mean          | 1.46e+03       |
| time/                   |                |
|    fps                  | 652            |
|    iterations           | 196            |
|    time_elapsed         | 307            |
|    total_timesteps      | 200704         |
| train/                  |                |
|    approx_kl            | 0.0116647165   |
|    clip_fraction        | 0.148          |
|    clip_range           | 0.2            |
|    entropy_loss         | -16.3          |
|    explained_variance   | -0.00023174286 |
|    learning_rate        | 0.0003         |
|    loss                 | -0.0219        |
|    n_updates            | 1950           |
|    policy_gradient_loss | -0.0205        |
|    std                  | 0.944          |
|    value_loss           | 0.00835        |
--------------------------------------------
Política MuJoCo guardada en /home/juli/unitree_ros2/nova-spot-micro-tesis/Experimentos/campana_distribuida_step_s23_20260928/mujoco/step_semilla_1005/policy.zip
