Using cuda device
Wrapping the env with a `Monitor` wrapper
Wrapping the env in a DummyVecEnv.
-----------------------------
| time/              |      |
|    fps             | 691  |
|    iterations      | 1    |
|    time_elapsed    | 1    |
|    total_timesteps | 1024 |
-----------------------------
-----------------------------------------
| rollout/                |             |
|    ep_len_mean          | 1.44e+03    |
|    ep_rew_mean          | 1.44e+03    |
| time/                   |             |
|    fps                  | 620         |
|    iterations           | 2           |
|    time_elapsed         | 3           |
|    total_timesteps      | 2048        |
| train/                  |             |
|    approx_kl            | 0.014950025 |
|    clip_fraction        | 0.256       |
|    clip_range           | 0.2         |
|    entropy_loss         | -17         |
|    explained_variance   | -0.02290225 |
|    learning_rate        | 0.0003      |
|    loss                 | 94.1        |
|    n_updates            | 10          |
|    policy_gradient_loss | -0.0166     |
|    std                  | 1           |
|    value_loss           | 231         |
-----------------------------------------
------------------------------------------
| rollout/                |              |
|    ep_len_mean          | 1.44e+03     |
|    ep_rew_mean          | 1.44e+03     |
| time/                   |              |
|    fps                  | 631          |
|    iterations           | 3            |
|    time_elapsed         | 4            |
|    total_timesteps      | 3072         |
| train/                  |              |
|    approx_kl            | 0.010068088  |
|    clip_fraction        | 0.157        |
|    clip_range           | 0.2          |
|    entropy_loss         | -17.1        |
|    explained_variance   | -0.003119707 |
|    learning_rate        | 0.0003       |
|    loss                 | 91.8         |
|    n_updates            | 20           |
|    policy_gradient_loss | -0.0106      |
|    std                  | 1            |
|    value_loss           | 216          |
------------------------------------------
------------------------------------------
| rollout/                |              |
|    ep_len_mean          | 1.44e+03     |
|    ep_rew_mean          | 1.44e+03     |
| time/                   |              |
|    fps                  | 634          |
|    iterations           | 4            |
|    time_elapsed         | 6            |
|    total_timesteps      | 4096         |
| train/                  |              |
|    approx_kl            | 0.014622007  |
|    clip_fraction        | 0.173        |
|    clip_range           | 0.2          |
|    entropy_loss         | -17.1        |
|    explained_variance   | -0.006487131 |
|    learning_rate        | 0.0003       |
|    loss                 | 93.6         |
|    n_updates            | 30           |
|    policy_gradient_loss | -0.0112      |
|    std                  | 1            |
|    value_loss           | 213          |
------------------------------------------
-------------------------------------------
| rollout/                |               |
|    ep_len_mean          | 1.44e+03      |
|    ep_rew_mean          | 1.44e+03      |
| time/                   |               |
|    fps                  | 640           |
|    iterations           | 5             |
|    time_elapsed         | 7             |
|    total_timesteps      | 5120          |
| train/                  |               |
|    approx_kl            | 0.0177743     |
|    clip_fraction        | 0.179         |
|    clip_range           | 0.2           |
|    entropy_loss         | -17.1         |
|    explained_variance   | -0.0020183325 |
|    learning_rate        | 0.0003        |
|    loss                 | 101           |
|    n_updates            | 40            |
|    policy_gradient_loss | -0.00957      |
|    std                  | 1.01          |
|    value_loss           | 218           |
-------------------------------------------
--------------------------------------------
| rollout/                |                |
|    ep_len_mean          | 1.44e+03       |
|    ep_rew_mean          | 1.44e+03       |
| time/                   |                |
|    fps                  | 643            |
|    iterations           | 6              |
|    time_elapsed         | 9              |
|    total_timesteps      | 6144           |
| train/                  |                |
|    approx_kl            | 0.0108306175   |
|    clip_fraction        | 0.145          |
|    clip_range           | 0.2            |
|    entropy_loss         | -17.1          |
|    explained_variance   | -0.00043463707 |
|    learning_rate        | 0.0003         |
|    loss                 | 98.3           |
|    n_updates            | 50             |
|    policy_gradient_loss | -0.00982       |
|    std                  | 1.01           |
|    value_loss           | 210            |
--------------------------------------------
------------------------------------------
| rollout/                |              |
|    ep_len_mean          | 1.44e+03     |
|    ep_rew_mean          | 1.44e+03     |
| time/                   |              |
|    fps                  | 646          |
|    iterations           | 7            |
|    time_elapsed         | 11           |
|    total_timesteps      | 7168         |
| train/                  |              |
|    approx_kl            | 0.012980011  |
|    clip_fraction        | 0.191        |
|    clip_range           | 0.2          |
|    entropy_loss         | -17.1        |
|    explained_variance   | 0.0028816462 |
|    learning_rate        | 0.0003       |
|    loss                 | 96.7         |
|    n_updates            | 60           |
|    policy_gradient_loss | -0.014       |
|    std                  | 1.01         |
|    value_loss           | 206          |
------------------------------------------
-------------------------------------------
| rollout/                |               |
|    ep_len_mean          | 1.44e+03      |
|    ep_rew_mean          | 1.44e+03      |
| time/                   |               |
|    fps                  | 649           |
|    iterations           | 8             |
|    time_elapsed         | 12            |
|    total_timesteps      | 8192          |
| train/                  |               |
|    approx_kl            | 0.017237596   |
|    clip_fraction        | 0.21          |
|    clip_range           | 0.2           |
|    entropy_loss         | -17.1         |
|    explained_variance   | 0.00016957521 |
|    learning_rate        | 0.0003        |
|    loss                 | 98.6          |
|    n_updates            | 70            |
|    policy_gradient_loss | -0.0115       |
|    std                  | 1.01          |
|    value_loss           | 208           |
-------------------------------------------
-------------------------------------------
| rollout/                |               |
|    ep_len_mean          | 1.44e+03      |
|    ep_rew_mean          | 1.44e+03      |
| time/                   |               |
|    fps                  | 650           |
|    iterations           | 9             |
|    time_elapsed         | 14            |
|    total_timesteps      | 9216          |
| train/                  |               |
|    approx_kl            | 0.025450537   |
|    clip_fraction        | 0.238         |
|    clip_range           | 0.2           |
|    entropy_loss         | -17.1         |
|    explained_variance   | 0.00031256676 |
|    learning_rate        | 0.0003        |
|    loss                 | 92.9          |
|    n_updates            | 80            |
|    policy_gradient_loss | -0.013        |
|    std                  | 1.01          |
|    value_loss           | 200           |
-------------------------------------------
-------------------------------------------
| rollout/                |               |
|    ep_len_mean          | 1.44e+03      |
|    ep_rew_mean          | 1.44e+03      |
| time/                   |               |
|    fps                  | 652           |
|    iterations           | 10            |
|    time_elapsed         | 15            |
|    total_timesteps      | 10240         |
| train/                  |               |
|    approx_kl            | 0.011865201   |
|    clip_fraction        | 0.16          |
|    clip_range           | 0.2           |
|    entropy_loss         | -17.1         |
|    explained_variance   | 0.00066524744 |
|    learning_rate        | 0.0003        |
|    loss                 | 92.2          |
|    n_updates            | 90            |
|    policy_gradient_loss | -0.0105       |
|    std                  | 1.01          |
|    value_loss           | 196           |
-------------------------------------------
------------------------------------------
| rollout/                |              |
|    ep_len_mean          | 1.44e+03     |
|    ep_rew_mean          | 1.44e+03     |
| time/                   |              |
|    fps                  | 654          |
|    iterations           | 11           |
|    time_elapsed         | 17           |
|    total_timesteps      | 11264        |
| train/                  |              |
|    approx_kl            | 0.013176691  |
|    clip_fraction        | 0.191        |
|    clip_range           | 0.2          |
|    entropy_loss         | -17.1        |
|    explained_variance   | 0.0021088123 |
|    learning_rate        | 0.0003       |
|    loss                 | 89.6         |
|    n_updates            | 100          |
|    policy_gradient_loss | -0.0146      |
|    std                  | 1.01         |
|    value_loss           | 191          |
------------------------------------------
--------------------------------------------
| rollout/                |                |
|    ep_len_mean          | 1.44e+03       |
|    ep_rew_mean          | 1.44e+03       |
| time/                   |                |
|    fps                  | 656            |
|    iterations           | 12             |
|    time_elapsed         | 18             |
|    total_timesteps      | 12288          |
| train/                  |                |
|    approx_kl            | 0.01344786     |
|    clip_fraction        | 0.162          |
|    clip_range           | 0.2            |
|    entropy_loss         | -17.2          |
|    explained_variance   | -0.00045609474 |
|    learning_rate        | 0.0003         |
|    loss                 | 91.2           |
|    n_updates            | 110            |
|    policy_gradient_loss | -0.011         |
|    std                  | 1.01           |
|    value_loss           | 193            |
--------------------------------------------
------------------------------------------
| rollout/                |              |
|    ep_len_mean          | 1.44e+03     |
|    ep_rew_mean          | 1.44e+03     |
| time/                   |              |
|    fps                  | 657          |
|    iterations           | 13           |
|    time_elapsed         | 20           |
|    total_timesteps      | 13312        |
| train/                  |              |
|    approx_kl            | 0.019082122  |
|    clip_fraction        | 0.191        |
|    clip_range           | 0.2          |
|    entropy_loss         | -17.2        |
|    explained_variance   | 0.0004917383 |
|    learning_rate        | 0.0003       |
|    loss                 | 87.3         |
|    n_updates            | 120          |
|    policy_gradient_loss | -0.0128      |
|    std                  | 1.01         |
|    value_loss           | 185          |
------------------------------------------
------------------------------------------
| rollout/                |              |
|    ep_len_mean          | 1.44e+03     |
|    ep_rew_mean          | 1.44e+03     |
| time/                   |              |
|    fps                  | 658          |
|    iterations           | 14           |
|    time_elapsed         | 21           |
|    total_timesteps      | 14336        |
| train/                  |              |
|    approx_kl            | 0.017378446  |
|    clip_fraction        | 0.199        |
|    clip_range           | 0.2          |
|    entropy_loss         | -17.2        |
|    explained_variance   | 8.845329e-05 |
|    learning_rate        | 0.0003       |
|    loss                 | 85.2         |
|    n_updates            | 130          |
|    policy_gradient_loss | -0.0139      |
|    std                  | 1.01         |
|    value_loss           | 180          |
------------------------------------------
-------------------------------------------
| rollout/                |               |
|    ep_len_mean          | 1.44e+03      |
|    ep_rew_mean          | 1.44e+03      |
| time/                   |               |
|    fps                  | 659           |
|    iterations           | 15            |
|    time_elapsed         | 23            |
|    total_timesteps      | 15360         |
| train/                  |               |
|    approx_kl            | 0.018229056   |
|    clip_fraction        | 0.181         |
|    clip_range           | 0.2           |
|    entropy_loss         | -17.2         |
|    explained_variance   | 0.00056129694 |
|    learning_rate        | 0.0003        |
|    loss                 | 85.8          |
|    n_updates            | 140           |
|    policy_gradient_loss | -0.01         |
|    std                  | 1.01          |
|    value_loss           | 182           |
-------------------------------------------
---------------------------------------------
| rollout/                |                 |
|    ep_len_mean          | 1.44e+03        |
|    ep_rew_mean          | 1.44e+03        |
| time/                   |                 |
|    fps                  | 659             |
|    iterations           | 16              |
|    time_elapsed         | 24              |
|    total_timesteps      | 16384           |
| train/                  |                 |
|    approx_kl            | 0.014584808     |
|    clip_fraction        | 0.2             |
|    clip_range           | 0.2             |
|    entropy_loss         | -17.2           |
|    explained_variance   | -0.000109791756 |
|    learning_rate        | 0.0003          |
|    loss                 | 81.1            |
|    n_updates            | 150             |
|    policy_gradient_loss | -0.013          |
|    std                  | 1.01            |
|    value_loss           | 174             |
---------------------------------------------
------------------------------------------
| rollout/                |              |
|    ep_len_mean          | 1.44e+03     |
|    ep_rew_mean          | 1.44e+03     |
| time/                   |              |
|    fps                  | 660          |
|    iterations           | 17           |
|    time_elapsed         | 26           |
|    total_timesteps      | 17408        |
| train/                  |              |
|    approx_kl            | 0.011423441  |
|    clip_fraction        | 0.142        |
|    clip_range           | 0.2          |
|    entropy_loss         | -17.1        |
|    explained_variance   | 0.0007619262 |
|    learning_rate        | 0.0003       |
|    loss                 | 79.7         |
|    n_updates            | 160          |
|    policy_gradient_loss | -0.0114      |
|    std                  | 1.01         |
|    value_loss           | 170          |
------------------------------------------
------------------------------------------
| rollout/                |              |
|    ep_len_mean          | 1.44e+03     |
|    ep_rew_mean          | 1.44e+03     |
| time/                   |              |
|    fps                  | 660          |
|    iterations           | 18           |
|    time_elapsed         | 27           |
|    total_timesteps      | 18432        |
| train/                  |              |
|    approx_kl            | 0.006816012  |
|    clip_fraction        | 0.0985       |
|    clip_range           | 0.2          |
|    entropy_loss         | -17.1        |
|    explained_variance   | -0.000182271 |
|    learning_rate        | 0.0003       |
|    loss                 | 80.1         |
|    n_updates            | 170          |
|    policy_gradient_loss | -0.00948     |
|    std                  | 1.01         |
|    value_loss           | 167          |
------------------------------------------
-------------------------------------------
| rollout/                |               |
|    ep_len_mean          | 1.44e+03      |
|    ep_rew_mean          | 1.44e+03      |
| time/                   |               |
|    fps                  | 659           |
|    iterations           | 19            |
|    time_elapsed         | 29            |
|    total_timesteps      | 19456         |
| train/                  |               |
|    approx_kl            | 0.015022728   |
|    clip_fraction        | 0.157         |
|    clip_range           | 0.2           |
|    entropy_loss         | -17.1         |
|    explained_variance   | 0.00014024973 |
|    learning_rate        | 0.0003        |
|    loss                 | 79            |
|    n_updates            | 180           |
|    policy_gradient_loss | -0.0113       |
|    std                  | 1.01          |
|    value_loss           | 167           |
-------------------------------------------
-------------------------------------------
| rollout/                |               |
|    ep_len_mean          | 1.44e+03      |
|    ep_rew_mean          | 1.44e+03      |
| time/                   |               |
|    fps                  | 657           |
|    iterations           | 20            |
|    time_elapsed         | 31            |
|    total_timesteps      | 20480         |
| train/                  |               |
|    approx_kl            | 0.013758305   |
|    clip_fraction        | 0.15          |
|    clip_range           | 0.2           |
|    entropy_loss         | -17.1         |
|    explained_variance   | 0.00040614605 |
|    learning_rate        | 0.0003        |
|    loss                 | 75.1          |
|    n_updates            | 190           |
|    policy_gradient_loss | -0.0113       |
|    std                  | 1             |
|    value_loss           | 161           |
-------------------------------------------
-------------------------------------------
| rollout/                |               |
|    ep_len_mean          | 1.44e+03      |
|    ep_rew_mean          | 1.44e+03      |
| time/                   |               |
|    fps                  | 656           |
|    iterations           | 21            |
|    time_elapsed         | 32            |
|    total_timesteps      | 21504         |
| train/                  |               |
|    approx_kl            | 0.00861395    |
|    clip_fraction        | 0.0791        |
|    clip_range           | 0.2           |
|    entropy_loss         | -17.1         |
|    explained_variance   | 0.00071686506 |
|    learning_rate        | 0.0003        |
|    loss                 | 74.5          |
|    n_updates            | 200           |
|    policy_gradient_loss | -0.00978      |
|    std                  | 1             |
|    value_loss           | 157           |
-------------------------------------------
--------------------------------------------
| rollout/                |                |
|    ep_len_mean          | 1.44e+03       |
|    ep_rew_mean          | 1.44e+03       |
| time/                   |                |
|    fps                  | 655            |
|    iterations           | 22             |
|    time_elapsed         | 34             |
|    total_timesteps      | 22528          |
| train/                  |                |
|    approx_kl            | 0.011936169    |
|    clip_fraction        | 0.142          |
|    clip_range           | 0.2            |
|    entropy_loss         | -17            |
|    explained_variance   | -0.00018334389 |
|    learning_rate        | 0.0003         |
|    loss                 | 73.9           |
|    n_updates            | 210            |
|    policy_gradient_loss | -0.00959       |
|    std                  | 1              |
|    value_loss           | 158            |
--------------------------------------------
-------------------------------------------
| rollout/                |               |
|    ep_len_mean          | 1.44e+03      |
|    ep_rew_mean          | 1.44e+03      |
| time/                   |               |
|    fps                  | 655           |
|    iterations           | 23            |
|    time_elapsed         | 35            |
|    total_timesteps      | 23552         |
| train/                  |               |
|    approx_kl            | 0.011850806   |
|    clip_fraction        | 0.11          |
|    clip_range           | 0.2           |
|    entropy_loss         | -17           |
|    explained_variance   | 0.00045973063 |
|    learning_rate        | 0.0003        |
|    loss                 | 69.9          |
|    n_updates            | 220           |
|    policy_gradient_loss | -0.00986      |
|    std                  | 1             |
|    value_loss           | 151           |
-------------------------------------------
-------------------------------------------
| rollout/                |               |
|    ep_len_mean          | 1.44e+03      |
|    ep_rew_mean          | 1.44e+03      |
| time/                   |               |
|    fps                  | 653           |
|    iterations           | 24            |
|    time_elapsed         | 37            |
|    total_timesteps      | 24576         |
| train/                  |               |
|    approx_kl            | 0.013064266   |
|    clip_fraction        | 0.147         |
|    clip_range           | 0.2           |
|    entropy_loss         | -17.1         |
|    explained_variance   | 2.8133392e-05 |
|    learning_rate        | 0.0003        |
|    loss                 | 69.3          |
|    n_updates            | 230           |
|    policy_gradient_loss | -0.0132       |
|    std                  | 1             |
|    value_loss           | 147           |
-------------------------------------------
-------------------------------------------
| rollout/                |               |
|    ep_len_mean          | 1.44e+03      |
|    ep_rew_mean          | 1.44e+03      |
| time/                   |               |
|    fps                  | 653           |
|    iterations           | 25            |
|    time_elapsed         | 39            |
|    total_timesteps      | 25600         |
| train/                  |               |
|    approx_kl            | 0.010042888   |
|    clip_fraction        | 0.134         |
|    clip_range           | 0.2           |
|    entropy_loss         | -17           |
|    explained_variance   | 0.00017505884 |
|    learning_rate        | 0.0003        |
|    loss                 | 67            |
|    n_updates            | 240           |
|    policy_gradient_loss | -0.013        |
|    std                  | 1             |
|    value_loss           | 144           |
-------------------------------------------
-------------------------------------------
| rollout/                |               |
|    ep_len_mean          | 1.44e+03      |
|    ep_rew_mean          | 1.44e+03      |
| time/                   |               |
|    fps                  | 652           |
|    iterations           | 26            |
|    time_elapsed         | 40            |
|    total_timesteps      | 26624         |
| train/                  |               |
|    approx_kl            | 0.017668448   |
|    clip_fraction        | 0.183         |
|    clip_range           | 0.2           |
|    entropy_loss         | -17           |
|    explained_variance   | 0.00021290779 |
|    learning_rate        | 0.0003        |
|    loss                 | 67.9          |
|    n_updates            | 250           |
|    policy_gradient_loss | -0.0129       |
|    std                  | 1             |
|    value_loss           | 144           |
-------------------------------------------
-------------------------------------------
| rollout/                |               |
|    ep_len_mean          | 1.44e+03      |
|    ep_rew_mean          | 1.44e+03      |
| time/                   |               |
|    fps                  | 651           |
|    iterations           | 27            |
|    time_elapsed         | 42            |
|    total_timesteps      | 27648         |
| train/                  |               |
|    approx_kl            | 0.010445528   |
|    clip_fraction        | 0.165         |
|    clip_range           | 0.2           |
|    entropy_loss         | -17           |
|    explained_variance   | 0.00011408329 |
|    learning_rate        | 0.0003        |
|    loss                 | 64.4          |
|    n_updates            | 260           |
|    policy_gradient_loss | -0.0144       |
|    std                  | 1             |
|    value_loss           | 138           |
-------------------------------------------
---------------------------------------------
| rollout/                |                 |
|    ep_len_mean          | 1.44e+03        |
|    ep_rew_mean          | 1.44e+03        |
| time/                   |                 |
|    fps                  | 650             |
|    iterations           | 28              |
|    time_elapsed         | 44              |
|    total_timesteps      | 28672           |
| train/                  |                 |
|    approx_kl            | 0.009667702     |
|    clip_fraction        | 0.105           |
|    clip_range           | 0.2             |
|    entropy_loss         | -17.1           |
|    explained_variance   | -0.000103354454 |
|    learning_rate        | 0.0003          |
|    loss                 | 63.6            |
|    n_updates            | 270             |
|    policy_gradient_loss | -0.0111         |
|    std                  | 1               |
|    value_loss           | 135             |
---------------------------------------------
-------------------------------------------
| rollout/                |               |
|    ep_len_mean          | 1.44e+03      |
|    ep_rew_mean          | 1.44e+03      |
| time/                   |               |
|    fps                  | 650           |
|    iterations           | 29            |
|    time_elapsed         | 45            |
|    total_timesteps      | 29696         |
| train/                  |               |
|    approx_kl            | 0.019598      |
|    clip_fraction        | 0.184         |
|    clip_range           | 0.2           |
|    entropy_loss         | -17.1         |
|    explained_variance   | 0.00015103817 |
|    learning_rate        | 0.0003        |
|    loss                 | 63.5          |
|    n_updates            | 280           |
|    policy_gradient_loss | -0.0127       |
|    std                  | 1.01          |
|    value_loss           | 135           |
-------------------------------------------
--------------------------------------------
| rollout/                |                |
|    ep_len_mean          | 1.44e+03       |
|    ep_rew_mean          | 1.44e+03       |
| time/                   |                |
|    fps                  | 649            |
|    iterations           | 30             |
|    time_elapsed         | 47             |
|    total_timesteps      | 30720          |
| train/                  |                |
|    approx_kl            | 0.017297683    |
|    clip_fraction        | 0.218          |
|    clip_range           | 0.2            |
|    entropy_loss         | -17.1          |
|    explained_variance   | -4.9352646e-05 |
|    learning_rate        | 0.0003         |
|    loss                 | 60.4           |
|    n_updates            | 290            |
|    policy_gradient_loss | -0.0164        |
|    std                  | 1.01           |
|    value_loss           | 129            |
--------------------------------------------
-------------------------------------------
| rollout/                |               |
|    ep_len_mean          | 1.44e+03      |
|    ep_rew_mean          | 1.44e+03      |
| time/                   |               |
|    fps                  | 649           |
|    iterations           | 31            |
|    time_elapsed         | 48            |
|    total_timesteps      | 31744         |
| train/                  |               |
|    approx_kl            | 0.018375756   |
|    clip_fraction        | 0.223         |
|    clip_range           | 0.2           |
|    entropy_loss         | -17.1         |
|    explained_variance   | 2.3841858e-06 |
|    learning_rate        | 0.0003        |
|    loss                 | 58.6          |
|    n_updates            | 300           |
|    policy_gradient_loss | -0.0186       |
|    std                  | 1.01          |
|    value_loss           | 126           |
-------------------------------------------
-------------------------------------------
| rollout/                |               |
|    ep_len_mean          | 1.44e+03      |
|    ep_rew_mean          | 1.44e+03      |
| time/                   |               |
|    fps                  | 648           |
|    iterations           | 32            |
|    time_elapsed         | 50            |
|    total_timesteps      | 32768         |
| train/                  |               |
|    approx_kl            | 0.010133652   |
|    clip_fraction        | 0.167         |
|    clip_range           | 0.2           |
|    entropy_loss         | -17.1         |
|    explained_variance   | 0.00041109324 |
|    learning_rate        | 0.0003        |
|    loss                 | 57.6          |
|    n_updates            | 310           |
|    policy_gradient_loss | -0.0173       |
|    std                  | 1.01          |
|    value_loss           | 124           |
-------------------------------------------
--------------------------------------------
| rollout/                |                |
|    ep_len_mean          | 1.44e+03       |
|    ep_rew_mean          | 1.44e+03       |
| time/                   |                |
|    fps                  | 648            |
|    iterations           | 33             |
|    time_elapsed         | 52             |
|    total_timesteps      | 33792          |
| train/                  |                |
|    approx_kl            | 0.020350104    |
|    clip_fraction        | 0.245          |
|    clip_range           | 0.2            |
|    entropy_loss         | -17.1          |
|    explained_variance   | 0.000113904476 |
|    learning_rate        | 0.0003         |
|    loss                 | 57.7           |
|    n_updates            | 320            |
|    policy_gradient_loss | -0.0149        |
|    std                  | 1.01           |
|    value_loss           | 123            |
--------------------------------------------
-------------------------------------------
| rollout/                |               |
|    ep_len_mean          | 1.44e+03      |
|    ep_rew_mean          | 1.44e+03      |
| time/                   |               |
|    fps                  | 648           |
|    iterations           | 34            |
|    time_elapsed         | 53            |
|    total_timesteps      | 34816         |
| train/                  |               |
|    approx_kl            | 0.013107416   |
|    clip_fraction        | 0.144         |
|    clip_range           | 0.2           |
|    entropy_loss         | -17.1         |
|    explained_variance   | 0.00011622906 |
|    learning_rate        | 0.0003        |
|    loss                 | 54.7          |
|    n_updates            | 330           |
|    policy_gradient_loss | -0.0142       |
|    std                  | 1.01          |
|    value_loss           | 117           |
-------------------------------------------
-------------------------------------------
| rollout/                |               |
|    ep_len_mean          | 1.44e+03      |
|    ep_rew_mean          | 1.44e+03      |
| time/                   |               |
|    fps                  | 649           |
|    iterations           | 35            |
|    time_elapsed         | 55            |
|    total_timesteps      | 35840         |
| train/                  |               |
|    approx_kl            | 0.008197561   |
|    clip_fraction        | 0.113         |
|    clip_range           | 0.2           |
|    entropy_loss         | -17.1         |
|    explained_variance   | 4.2438507e-05 |
|    learning_rate        | 0.0003        |
|    loss                 | 54.2          |
|    n_updates            | 340           |
|    policy_gradient_loss | -0.0119       |
|    std                  | 1.01          |
|    value_loss           | 115           |
-------------------------------------------
-------------------------------------------
| rollout/                |               |
|    ep_len_mean          | 1.44e+03      |
|    ep_rew_mean          | 1.44e+03      |
| time/                   |               |
|    fps                  | 649           |
|    iterations           | 36            |
|    time_elapsed         | 56            |
|    total_timesteps      | 36864         |
| train/                  |               |
|    approx_kl            | 0.01620779    |
|    clip_fraction        | 0.165         |
|    clip_range           | 0.2           |
|    entropy_loss         | -17.1         |
|    explained_variance   | -5.531311e-05 |
|    learning_rate        | 0.0003        |
|    loss                 | 53            |
|    n_updates            | 350           |
|    policy_gradient_loss | -0.012        |
|    std                  | 1.01          |
|    value_loss           | 115           |
-------------------------------------------
-------------------------------------------
| rollout/                |               |
|    ep_len_mean          | 1.44e+03      |
|    ep_rew_mean          | 1.44e+03      |
| time/                   |               |
|    fps                  | 649           |
|    iterations           | 37            |
|    time_elapsed         | 58            |
|    total_timesteps      | 37888         |
| train/                  |               |
|    approx_kl            | 0.018702809   |
|    clip_fraction        | 0.259         |
|    clip_range           | 0.2           |
|    entropy_loss         | -17.1         |
|    explained_variance   | -4.351139e-05 |
|    learning_rate        | 0.0003        |
|    loss                 | 50            |
|    n_updates            | 360           |
|    policy_gradient_loss | -0.0181       |
|    std                  | 1.01          |
|    value_loss           | 109           |
-------------------------------------------
-------------------------------------------
| rollout/                |               |
|    ep_len_mean          | 1.44e+03      |
|    ep_rew_mean          | 1.44e+03      |
| time/                   |               |
|    fps                  | 650           |
|    iterations           | 38            |
|    time_elapsed         | 59            |
|    total_timesteps      | 38912         |
| train/                  |               |
|    approx_kl            | 0.012682337   |
|    clip_fraction        | 0.168         |
|    clip_range           | 0.2           |
|    entropy_loss         | -17.1         |
|    explained_variance   | 0.00019025803 |
|    learning_rate        | 0.0003        |
|    loss                 | 49.2          |
|    n_updates            | 370           |
|    policy_gradient_loss | -0.0155       |
|    std                  | 1.01          |
|    value_loss           | 107           |
-------------------------------------------
-------------------------------------------
| rollout/                |               |
|    ep_len_mean          | 1.44e+03      |
|    ep_rew_mean          | 1.44e+03      |
| time/                   |               |
|    fps                  | 650           |
|    iterations           | 39            |
|    time_elapsed         | 61            |
|    total_timesteps      | 39936         |
| train/                  |               |
|    approx_kl            | 0.01264345    |
|    clip_fraction        | 0.143         |
|    clip_range           | 0.2           |
|    entropy_loss         | -17.1         |
|    explained_variance   | 0.00050985813 |
|    learning_rate        | 0.0003        |
|    loss                 | 48.6          |
|    n_updates            | 380           |
|    policy_gradient_loss | -0.0149       |
|    std                  | 1.01          |
|    value_loss           | 105           |
-------------------------------------------
-------------------------------------------
| rollout/                |               |
|    ep_len_mean          | 1.44e+03      |
|    ep_rew_mean          | 1.44e+03      |
| time/                   |               |
|    fps                  | 650           |
|    iterations           | 40            |
|    time_elapsed         | 62            |
|    total_timesteps      | 40960         |
| train/                  |               |
|    approx_kl            | 0.020609727   |
|    clip_fraction        | 0.27          |
|    clip_range           | 0.2           |
|    entropy_loss         | -17.1         |
|    explained_variance   | -4.053116e-06 |
|    learning_rate        | 0.0003        |
|    loss                 | 48            |
|    n_updates            | 390           |
|    policy_gradient_loss | -0.0159       |
|    std                  | 1.01          |
|    value_loss           | 104           |
-------------------------------------------
------------------------------------------
| rollout/                |              |
|    ep_len_mean          | 1.44e+03     |
|    ep_rew_mean          | 1.44e+03     |
| time/                   |              |
|    fps                  | 651          |
|    iterations           | 41           |
|    time_elapsed         | 64           |
|    total_timesteps      | 41984        |
| train/                  |              |
|    approx_kl            | 0.016466781  |
|    clip_fraction        | 0.227        |
|    clip_range           | 0.2          |
|    entropy_loss         | -17.1        |
|    explained_variance   | 5.841255e-06 |
|    learning_rate        | 0.0003       |
|    loss                 | 45.5         |
|    n_updates            | 400          |
|    policy_gradient_loss | -0.0173      |
|    std                  | 1.01         |
|    value_loss           | 98.9         |
------------------------------------------
--------------------------------------------
| rollout/                |                |
|    ep_len_mean          | 1.44e+03       |
|    ep_rew_mean          | 1.44e+03       |
| time/                   |                |
|    fps                  | 651            |
|    iterations           | 42             |
|    time_elapsed         | 65             |
|    total_timesteps      | 43008          |
| train/                  |                |
|    approx_kl            | 0.01313591     |
|    clip_fraction        | 0.193          |
|    clip_range           | 0.2            |
|    entropy_loss         | -17.1          |
|    explained_variance   | -1.1205673e-05 |
|    learning_rate        | 0.0003         |
|    loss                 | 44.3           |
|    n_updates            | 410            |
|    policy_gradient_loss | -0.0142        |
|    std                  | 1.01           |
|    value_loss           | 96.2           |
--------------------------------------------
-------------------------------------------
| rollout/                |               |
|    ep_len_mean          | 1.44e+03      |
|    ep_rew_mean          | 1.44e+03      |
| time/                   |               |
|    fps                  | 652           |
|    iterations           | 43            |
|    time_elapsed         | 67            |
|    total_timesteps      | 44032         |
| train/                  |               |
|    approx_kl            | 0.010613883   |
|    clip_fraction        | 0.179         |
|    clip_range           | 0.2           |
|    entropy_loss         | -17.1         |
|    explained_variance   | -6.043911e-05 |
|    learning_rate        | 0.0003        |
|    loss                 | 44.6          |
|    n_updates            | 420           |
|    policy_gradient_loss | -0.0152       |
|    std                  | 1.01          |
|    value_loss           | 96.3          |
-------------------------------------------
-------------------------------------------
| rollout/                |               |
|    ep_len_mean          | 1.44e+03      |
|    ep_rew_mean          | 1.44e+03      |
| time/                   |               |
|    fps                  | 652           |
|    iterations           | 44            |
|    time_elapsed         | 69            |
|    total_timesteps      | 45056         |
| train/                  |               |
|    approx_kl            | 0.012420875   |
|    clip_fraction        | 0.17          |
|    clip_range           | 0.2           |
|    entropy_loss         | -17.1         |
|    explained_variance   | 1.1265278e-05 |
|    learning_rate        | 0.0003        |
|    loss                 | 42.4          |
|    n_updates            | 430           |
|    policy_gradient_loss | -0.0159       |
|    std                  | 1.01          |
|    value_loss           | 91.3          |
-------------------------------------------
-------------------------------------------
| rollout/                |               |
|    ep_len_mean          | 1.44e+03      |
|    ep_rew_mean          | 1.44e+03      |
| time/                   |               |
|    fps                  | 653           |
|    iterations           | 45            |
|    time_elapsed         | 70            |
|    total_timesteps      | 46080         |
| train/                  |               |
|    approx_kl            | 0.0098198475  |
|    clip_fraction        | 0.113         |
|    clip_range           | 0.2           |
|    entropy_loss         | -17.1         |
|    explained_variance   | 4.7683716e-07 |
|    learning_rate        | 0.0003        |
|    loss                 | 41            |
|    n_updates            | 440           |
|    policy_gradient_loss | -0.0131       |
|    std                  | 1.01          |
|    value_loss           | 88.5          |
-------------------------------------------
-------------------------------------------
| rollout/                |               |
|    ep_len_mean          | 1.44e+03      |
|    ep_rew_mean          | 1.44e+03      |
| time/                   |               |
|    fps                  | 654           |
|    iterations           | 46            |
|    time_elapsed         | 72            |
|    total_timesteps      | 47104         |
| train/                  |               |
|    approx_kl            | 0.0147309555  |
|    clip_fraction        | 0.186         |
|    clip_range           | 0.2           |
|    entropy_loss         | -17.1         |
|    explained_variance   | -4.041195e-05 |
|    learning_rate        | 0.0003        |
|    loss                 | 40.9          |
|    n_updates            | 450           |
|    policy_gradient_loss | -0.0151       |
|    std                  | 1.01          |
|    value_loss           | 88.7          |
-------------------------------------------
------------------------------------------
| rollout/                |              |
|    ep_len_mean          | 1.44e+03     |
|    ep_rew_mean          | 1.44e+03     |
| time/                   |              |
|    fps                  | 654          |
|    iterations           | 47           |
|    time_elapsed         | 73           |
|    total_timesteps      | 48128        |
| train/                  |              |
|    approx_kl            | 0.020099126  |
|    clip_fraction        | 0.21         |
|    clip_range           | 0.2          |
|    entropy_loss         | -17.2        |
|    explained_variance   | 3.272295e-05 |
|    learning_rate        | 0.0003       |
|    loss                 | 39.5         |
|    n_updates            | 460          |
|    policy_gradient_loss | -0.0131      |
|    std                  | 1.01         |
|    value_loss           | 86           |
------------------------------------------
-------------------------------------------
| rollout/                |               |
|    ep_len_mean          | 1.44e+03      |
|    ep_rew_mean          | 1.44e+03      |
| time/                   |               |
|    fps                  | 655           |
|    iterations           | 48            |
|    time_elapsed         | 74            |
|    total_timesteps      | 49152         |
| train/                  |               |
|    approx_kl            | 0.009967519   |
|    clip_fraction        | 0.163         |
|    clip_range           | 0.2           |
|    entropy_loss         | -17.2         |
|    explained_variance   | -7.259846e-05 |
|    learning_rate        | 0.0003        |
|    loss                 | 38            |
|    n_updates            | 470           |
|    policy_gradient_loss | -0.0141       |
|    std                  | 1.02          |
|    value_loss           | 81.8          |
-------------------------------------------
------------------------------------------
| rollout/                |              |
|    ep_len_mean          | 1.44e+03     |
|    ep_rew_mean          | 1.44e+03     |
| time/                   |              |
|    fps                  | 656          |
|    iterations           | 49           |
|    time_elapsed         | 76           |
|    total_timesteps      | 50176        |
| train/                  |              |
|    approx_kl            | 0.015805729  |
|    clip_fraction        | 0.194        |
|    clip_range           | 0.2          |
|    entropy_loss         | -17.2        |
|    explained_variance   | 1.937151e-05 |
|    learning_rate        | 0.0003       |
|    loss                 | 36.5         |
|    n_updates            | 480          |
|    policy_gradient_loss | -0.0156      |
|    std                  | 1.01         |
|    value_loss           | 79.2         |
------------------------------------------
-------------------------------------------
| rollout/                |               |
|    ep_len_mean          | 1.44e+03      |
|    ep_rew_mean          | 1.44e+03      |
| time/                   |               |
|    fps                  | 657           |
|    iterations           | 50            |
|    time_elapsed         | 77            |
|    total_timesteps      | 51200         |
| train/                  |               |
|    approx_kl            | 0.012562828   |
|    clip_fraction        | 0.2           |
|    clip_range           | 0.2           |
|    entropy_loss         | -17.2         |
|    explained_variance   | 2.2172928e-05 |
|    learning_rate        | 0.0003        |
|    loss                 | 35.9          |
|    n_updates            | 490           |
|    policy_gradient_loss | -0.0128       |
|    std                  | 1.01          |
|    value_loss           | 79.1          |
-------------------------------------------
-------------------------------------------
| rollout/                |               |
|    ep_len_mean          | 1.44e+03      |
|    ep_rew_mean          | 1.44e+03      |
| time/                   |               |
|    fps                  | 658           |
|    iterations           | 51            |
|    time_elapsed         | 79            |
|    total_timesteps      | 52224         |
| train/                  |               |
|    approx_kl            | 0.013688381   |
|    clip_fraction        | 0.126         |
|    clip_range           | 0.2           |
|    entropy_loss         | -17.2         |
|    explained_variance   | 2.7894974e-05 |
|    learning_rate        | 0.0003        |
|    loss                 | 33.8          |
|    n_updates            | 500           |
|    policy_gradient_loss | -0.0115       |
|    std                  | 1.02          |
|    value_loss           | 74.9          |
-------------------------------------------
--------------------------------------------
| rollout/                |                |
|    ep_len_mean          | 1.44e+03       |
|    ep_rew_mean          | 1.44e+03       |
| time/                   |                |
|    fps                  | 658            |
|    iterations           | 52             |
|    time_elapsed         | 80             |
|    total_timesteps      | 53248          |
| train/                  |                |
|    approx_kl            | 0.016300615    |
|    clip_fraction        | 0.19           |
|    clip_range           | 0.2            |
|    entropy_loss         | -17.2          |
|    explained_variance   | -3.5762787e-07 |
|    learning_rate        | 0.0003         |
|    loss                 | 33.1           |
|    n_updates            | 510            |
|    policy_gradient_loss | -0.0139        |
|    std                  | 1.02           |
|    value_loss           | 72.7           |
--------------------------------------------
------------------------------------------
| rollout/                |              |
|    ep_len_mean          | 1.44e+03     |
|    ep_rew_mean          | 1.44e+03     |
| time/                   |              |
|    fps                  | 659          |
|    iterations           | 53           |
|    time_elapsed         | 82           |
|    total_timesteps      | 54272        |
| train/                  |              |
|    approx_kl            | 0.014898039  |
|    clip_fraction        | 0.17         |
|    clip_range           | 0.2          |
|    entropy_loss         | -17.2        |
|    explained_variance   | 3.606081e-05 |
|    learning_rate        | 0.0003       |
|    loss                 | 32.9         |
|    n_updates            | 520          |
|    policy_gradient_loss | -0.013       |
|    std                  | 1.02         |
|    value_loss           | 71.7         |
------------------------------------------
--------------------------------------------
| rollout/                |                |
|    ep_len_mean          | 1.44e+03       |
|    ep_rew_mean          | 1.44e+03       |
| time/                   |                |
|    fps                  | 659            |
|    iterations           | 54             |
|    time_elapsed         | 83             |
|    total_timesteps      | 55296          |
| train/                  |                |
|    approx_kl            | 0.020018388    |
|    clip_fraction        | 0.202          |
|    clip_range           | 0.2            |
|    entropy_loss         | -17.2          |
|    explained_variance   | -1.5497208e-06 |
|    learning_rate        | 0.0003         |
|    loss                 | 31             |
|    n_updates            | 530            |
|    policy_gradient_loss | -0.0157        |
|    std                  | 1.02           |
|    value_loss           | 68.5           |
--------------------------------------------
------------------------------------------
| rollout/                |              |
|    ep_len_mean          | 1.44e+03     |
|    ep_rew_mean          | 1.44e+03     |
| time/                   |              |
|    fps                  | 660          |
|    iterations           | 55           |
|    time_elapsed         | 85           |
|    total_timesteps      | 56320        |
| train/                  |              |
|    approx_kl            | 0.0117051955 |
|    clip_fraction        | 0.169        |
|    clip_range           | 0.2          |
|    entropy_loss         | -17.2        |
|    explained_variance   | 8.821487e-06 |
|    learning_rate        | 0.0003       |
|    loss                 | 30.2         |
|    n_updates            | 540          |
|    policy_gradient_loss | -0.0148      |
|    std                  | 1.02         |
|    value_loss           | 66.1         |
------------------------------------------
------------------------------------------
| rollout/                |              |
|    ep_len_mean          | 1.44e+03     |
|    ep_rew_mean          | 1.44e+03     |
| time/                   |              |
|    fps                  | 660          |
|    iterations           | 56           |
|    time_elapsed         | 86           |
|    total_timesteps      | 57344        |
| train/                  |              |
|    approx_kl            | 0.01597739   |
|    clip_fraction        | 0.18         |
|    clip_range           | 0.2          |
|    entropy_loss         | -17.2        |
|    explained_variance   | 4.184246e-05 |
|    learning_rate        | 0.0003       |
|    loss                 | 29.3         |
|    n_updates            | 550          |
|    policy_gradient_loss | -0.0151      |
|    std                  | 1.02         |
|    value_loss           | 63.7         |
------------------------------------------
-------------------------------------------
| rollout/                |               |
|    ep_len_mean          | 1.44e+03      |
|    ep_rew_mean          | 1.44e+03      |
| time/                   |               |
|    fps                  | 660           |
|    iterations           | 57            |
|    time_elapsed         | 88            |
|    total_timesteps      | 58368         |
| train/                  |               |
|    approx_kl            | 0.013006629   |
|    clip_fraction        | 0.16          |
|    clip_range           | 0.2           |
|    entropy_loss         | -17.2         |
|    explained_variance   | 0.00014638901 |
|    learning_rate        | 0.0003        |
|    loss                 | 28.9          |
|    n_updates            | 560           |
|    policy_gradient_loss | -0.0172       |
|    std                  | 1.02          |
|    value_loss           | 63.5          |
-------------------------------------------
--------------------------------------------
| rollout/                |                |
|    ep_len_mean          | 1.44e+03       |
|    ep_rew_mean          | 1.44e+03       |
| time/                   |                |
|    fps                  | 661            |
|    iterations           | 58             |
|    time_elapsed         | 89             |
|    total_timesteps      | 59392          |
| train/                  |                |
|    approx_kl            | 0.015874466    |
|    clip_fraction        | 0.174          |
|    clip_range           | 0.2            |
|    entropy_loss         | -17.2          |
|    explained_variance   | -2.7418137e-05 |
|    learning_rate        | 0.0003         |
|    loss                 | 27             |
|    n_updates            | 570            |
|    policy_gradient_loss | -0.0157        |
|    std                  | 1.02           |
|    value_loss           | 59.7           |
--------------------------------------------
--------------------------------------------
| rollout/                |                |
|    ep_len_mean          | 1.44e+03       |
|    ep_rew_mean          | 1.44e+03       |
| time/                   |                |
|    fps                  | 661            |
|    iterations           | 59             |
|    time_elapsed         | 91             |
|    total_timesteps      | 60416          |
| train/                  |                |
|    approx_kl            | 0.012789652    |
|    clip_fraction        | 0.159          |
|    clip_range           | 0.2            |
|    entropy_loss         | -17.2          |
|    explained_variance   | -1.7404556e-05 |
|    learning_rate        | 0.0003         |
|    loss                 | 26.3           |
|    n_updates            | 580            |
|    policy_gradient_loss | -0.0151        |
|    std                  | 1.02           |
|    value_loss           | 58.2           |
--------------------------------------------
-------------------------------------------
| rollout/                |               |
|    ep_len_mean          | 1.44e+03      |
|    ep_rew_mean          | 1.44e+03      |
| time/                   |               |
|    fps                  | 661           |
|    iterations           | 60            |
|    time_elapsed         | 92            |
|    total_timesteps      | 61440         |
| train/                  |               |
|    approx_kl            | 0.014778485   |
|    clip_fraction        | 0.21          |
|    clip_range           | 0.2           |
|    entropy_loss         | -17.2         |
|    explained_variance   | 1.2874603e-05 |
|    learning_rate        | 0.0003        |
|    loss                 | 26.2          |
|    n_updates            | 590           |
|    policy_gradient_loss | -0.016        |
|    std                  | 1.02          |
|    value_loss           | 57.5          |
-------------------------------------------
------------------------------------------
| rollout/                |              |
|    ep_len_mean          | 1.44e+03     |
|    ep_rew_mean          | 1.44e+03     |
| time/                   |              |
|    fps                  | 662          |
|    iterations           | 61           |
|    time_elapsed         | 94           |
|    total_timesteps      | 62464        |
| train/                  |              |
|    approx_kl            | 0.01046537   |
|    clip_fraction        | 0.121        |
|    clip_range           | 0.2          |
|    entropy_loss         | -17.2        |
|    explained_variance   | 6.431341e-05 |
|    learning_rate        | 0.0003       |
|    loss                 | 24.4         |
|    n_updates            | 600          |
|    policy_gradient_loss | -0.0129      |
|    std                  | 1.02         |
|    value_loss           | 53.9         |
------------------------------------------
--------------------------------------------
| rollout/                |                |
|    ep_len_mean          | 1.44e+03       |
|    ep_rew_mean          | 1.44e+03       |
| time/                   |                |
|    fps                  | 663            |
|    iterations           | 62             |
|    time_elapsed         | 95             |
|    total_timesteps      | 63488          |
| train/                  |                |
|    approx_kl            | 0.014090305    |
|    clip_fraction        | 0.185          |
|    clip_range           | 0.2            |
|    entropy_loss         | -17.2          |
|    explained_variance   | -3.0517578e-05 |
|    learning_rate        | 0.0003         |
|    loss                 | 22.8           |
|    n_updates            | 610            |
|    policy_gradient_loss | -0.0169        |
|    std                  | 1.02           |
|    value_loss           | 52             |
--------------------------------------------
------------------------------------------
| rollout/                |              |
|    ep_len_mean          | 1.44e+03     |
|    ep_rew_mean          | 1.44e+03     |
| time/                   |              |
|    fps                  | 663          |
|    iterations           | 63           |
|    time_elapsed         | 97           |
|    total_timesteps      | 64512        |
| train/                  |              |
|    approx_kl            | 0.0122550465 |
|    clip_fraction        | 0.182        |
|    clip_range           | 0.2          |
|    entropy_loss         | -17.2        |
|    explained_variance   | 5.364418e-07 |
|    learning_rate        | 0.0003       |
|    loss                 | 22.5         |
|    n_updates            | 620          |
|    policy_gradient_loss | -0.0161      |
|    std                  | 1.02         |
|    value_loss           | 50.2         |
------------------------------------------
-------------------------------------------
| rollout/                |               |
|    ep_len_mean          | 1.44e+03      |
|    ep_rew_mean          | 1.44e+03      |
| time/                   |               |
|    fps                  | 664           |
|    iterations           | 64            |
|    time_elapsed         | 98            |
|    total_timesteps      | 65536         |
| train/                  |               |
|    approx_kl            | 0.015164191   |
|    clip_fraction        | 0.18          |
|    clip_range           | 0.2           |
|    entropy_loss         | -17.2         |
|    explained_variance   | 4.6670437e-05 |
|    learning_rate        | 0.0003        |
|    loss                 | 22.4          |
|    n_updates            | 630           |
|    policy_gradient_loss | -0.0156       |
|    std                  | 1.02          |
|    value_loss           | 49.7          |
-------------------------------------------
-------------------------------------------
| rollout/                |               |
|    ep_len_mean          | 1.44e+03      |
|    ep_rew_mean          | 1.44e+03      |
| time/                   |               |
|    fps                  | 664           |
|    iterations           | 65            |
|    time_elapsed         | 100           |
|    total_timesteps      | 66560         |
| train/                  |               |
|    approx_kl            | 0.01682179    |
|    clip_fraction        | 0.196         |
|    clip_range           | 0.2           |
|    entropy_loss         | -17.2         |
|    explained_variance   | -7.200241e-05 |
|    learning_rate        | 0.0003        |
|    loss                 | 20.8          |
|    n_updates            | 640           |
|    policy_gradient_loss | -0.018        |
|    std                  | 1.02          |
|    value_loss           | 46.8          |
-------------------------------------------
-------------------------------------------
| rollout/                |               |
|    ep_len_mean          | 1.44e+03      |
|    ep_rew_mean          | 1.44e+03      |
| time/                   |               |
|    fps                  | 665           |
|    iterations           | 66            |
|    time_elapsed         | 101           |
|    total_timesteps      | 67584         |
| train/                  |               |
|    approx_kl            | 0.017089112   |
|    clip_fraction        | 0.223         |
|    clip_range           | 0.2           |
|    entropy_loss         | -17.2         |
|    explained_variance   | 0.00015103817 |
|    learning_rate        | 0.0003        |
|    loss                 | 20.2          |
|    n_updates            | 650           |
|    policy_gradient_loss | -0.0188       |
|    std                  | 1.02          |
|    value_loss           | 45.3          |
-------------------------------------------
-------------------------------------------
| rollout/                |               |
|    ep_len_mean          | 1.44e+03      |
|    ep_rew_mean          | 1.44e+03      |
| time/                   |               |
|    fps                  | 665           |
|    iterations           | 67            |
|    time_elapsed         | 103           |
|    total_timesteps      | 68608         |
| train/                  |               |
|    approx_kl            | 0.013693966   |
|    clip_fraction        | 0.168         |
|    clip_range           | 0.2           |
|    entropy_loss         | -17.2         |
|    explained_variance   | 2.1874905e-05 |
|    learning_rate        | 0.0003        |
|    loss                 | 19.8          |
|    n_updates            | 660           |
|    policy_gradient_loss | -0.0158       |
|    std                  | 1.02          |
|    value_loss           | 44.5          |
-------------------------------------------
------------------------------------------
| rollout/                |              |
|    ep_len_mean          | 1.44e+03     |
|    ep_rew_mean          | 1.44e+03     |
| time/                   |              |
|    fps                  | 666          |
|    iterations           | 68           |
|    time_elapsed         | 104          |
|    total_timesteps      | 69632        |
| train/                  |              |
|    approx_kl            | 0.014366378  |
|    clip_fraction        | 0.147        |
|    clip_range           | 0.2          |
|    entropy_loss         | -17.2        |
|    explained_variance   | 4.261732e-05 |
|    learning_rate        | 0.0003       |
|    loss                 | 18.6         |
|    n_updates            | 670          |
|    policy_gradient_loss | -0.0172      |
|    std                  | 1.02         |
|    value_loss           | 42           |
------------------------------------------
-------------------------------------------
| rollout/                |               |
|    ep_len_mean          | 1.44e+03      |
|    ep_rew_mean          | 1.44e+03      |
| time/                   |               |
|    fps                  | 665           |
|    iterations           | 69            |
|    time_elapsed         | 106           |
|    total_timesteps      | 70656         |
| train/                  |               |
|    approx_kl            | 0.012720007   |
|    clip_fraction        | 0.208         |
|    clip_range           | 0.2           |
|    entropy_loss         | -17.2         |
|    explained_variance   | -5.364418e-05 |
|    learning_rate        | 0.0003        |
|    loss                 | 17.5          |
|    n_updates            | 680           |
|    policy_gradient_loss | -0.019        |
|    std                  | 1.01          |
|    value_loss           | 39.9          |
-------------------------------------------
------------------------------------------
| rollout/                |              |
|    ep_len_mean          | 1.44e+03     |
|    ep_rew_mean          | 1.44e+03     |
| time/                   |              |
|    fps                  | 665          |
|    iterations           | 70           |
|    time_elapsed         | 107          |
|    total_timesteps      | 71680        |
| train/                  |              |
|    approx_kl            | 0.017644823  |
|    clip_fraction        | 0.193        |
|    clip_range           | 0.2          |
|    entropy_loss         | -17.2        |
|    explained_variance   | 3.784895e-05 |
|    learning_rate        | 0.0003       |
|    loss                 | 17.3         |
|    n_updates            | 690          |
|    policy_gradient_loss | -0.0166      |
|    std                  | 1.02         |
|    value_loss           | 38.7         |
------------------------------------------
--------------------------------------------
| rollout/                |                |
|    ep_len_mean          | 1.44e+03       |
|    ep_rew_mean          | 1.44e+03       |
| time/                   |                |
|    fps                  | 665            |
|    iterations           | 71             |
|    time_elapsed         | 109            |
|    total_timesteps      | 72704          |
| train/                  |                |
|    approx_kl            | 0.012091788    |
|    clip_fraction        | 0.201          |
|    clip_range           | 0.2            |
|    entropy_loss         | -17.2          |
|    explained_variance   | -1.6331673e-05 |
|    learning_rate        | 0.0003         |
|    loss                 | 16.6           |
|    n_updates            | 700            |
|    policy_gradient_loss | -0.0178        |
|    std                  | 1.01           |
|    value_loss           | 38.1           |
--------------------------------------------
-----------------------------------------
| rollout/                |             |
|    ep_len_mean          | 1.44e+03    |
|    ep_rew_mean          | 1.44e+03    |
| time/                   |             |
|    fps                  | 665         |
|    iterations           | 72          |
|    time_elapsed         | 110         |
|    total_timesteps      | 73728       |
| train/                  |             |
|    approx_kl            | 0.016310014 |
|    clip_fraction        | 0.189       |
|    clip_range           | 0.2         |
|    entropy_loss         | -17.2       |
|    explained_variance   | 3.46303e-05 |
|    learning_rate        | 0.0003      |
|    loss                 | 15.6        |
|    n_updates            | 710         |
|    policy_gradient_loss | -0.0202     |
|    std                  | 1.01        |
|    value_loss           | 35.6        |
-----------------------------------------
-------------------------------------------
| rollout/                |               |
|    ep_len_mean          | 1.44e+03      |
|    ep_rew_mean          | 1.44e+03      |
| time/                   |               |
|    fps                  | 665           |
|    iterations           | 73            |
|    time_elapsed         | 112           |
|    total_timesteps      | 74752         |
| train/                  |               |
|    approx_kl            | 0.014874978   |
|    clip_fraction        | 0.193         |
|    clip_range           | 0.2           |
|    entropy_loss         | -17.2         |
|    explained_variance   | -2.527237e-05 |
|    learning_rate        | 0.0003        |
|    loss                 | 14.8          |
|    n_updates            | 720           |
|    policy_gradient_loss | -0.0161       |
|    std                  | 1.02          |
|    value_loss           | 34            |
-------------------------------------------
-------------------------------------------
| rollout/                |               |
|    ep_len_mean          | 1.44e+03      |
|    ep_rew_mean          | 1.44e+03      |
| time/                   |               |
|    fps                  | 665           |
|    iterations           | 74            |
|    time_elapsed         | 113           |
|    total_timesteps      | 75776         |
| train/                  |               |
|    approx_kl            | 0.017223377   |
|    clip_fraction        | 0.261         |
|    clip_range           | 0.2           |
|    entropy_loss         | -17.2         |
|    explained_variance   | 3.7252903e-05 |
|    learning_rate        | 0.0003        |
|    loss                 | 14.5          |
|    n_updates            | 730           |
|    policy_gradient_loss | -0.0206       |
|    std                  | 1.01          |
|    value_loss           | 33.3          |
-------------------------------------------
-------------------------------------------
| rollout/                |               |
|    ep_len_mean          | 1.44e+03      |
|    ep_rew_mean          | 1.44e+03      |
| time/                   |               |
|    fps                  | 665           |
|    iterations           | 75            |
|    time_elapsed         | 115           |
|    total_timesteps      | 76800         |
| train/                  |               |
|    approx_kl            | 0.016686916   |
|    clip_fraction        | 0.218         |
|    clip_range           | 0.2           |
|    entropy_loss         | -17.2         |
|    explained_variance   | -5.340576e-05 |
|    learning_rate        | 0.0003        |
|    loss                 | 13.5          |
|    n_updates            | 740           |
|    policy_gradient_loss | -0.0162       |
|    std                  | 1.01          |
|    value_loss           | 31.3          |
-------------------------------------------
-------------------------------------------
| rollout/                |               |
|    ep_len_mean          | 1.44e+03      |
|    ep_rew_mean          | 1.44e+03      |
| time/                   |               |
|    fps                  | 666           |
|    iterations           | 76            |
|    time_elapsed         | 116           |
|    total_timesteps      | 77824         |
| train/                  |               |
|    approx_kl            | 0.0152788665  |
|    clip_fraction        | 0.202         |
|    clip_range           | 0.2           |
|    entropy_loss         | -17.2         |
|    explained_variance   | -2.169609e-05 |
|    learning_rate        | 0.0003        |
|    loss                 | 13.1          |
|    n_updates            | 750           |
|    policy_gradient_loss | -0.0195       |
|    std                  | 1.01          |
|    value_loss           | 29.8          |
-------------------------------------------
-------------------------------------------
| rollout/                |               |
|    ep_len_mean          | 1.44e+03      |
|    ep_rew_mean          | 1.44e+03      |
| time/                   |               |
|    fps                  | 666           |
|    iterations           | 77            |
|    time_elapsed         | 118           |
|    total_timesteps      | 78848         |
| train/                  |               |
|    approx_kl            | 0.016441647   |
|    clip_fraction        | 0.154         |
|    clip_range           | 0.2           |
|    entropy_loss         | -17.2         |
|    explained_variance   | 3.3318996e-05 |
|    learning_rate        | 0.0003        |
|    loss                 | 12.4          |
|    n_updates            | 760           |
|    policy_gradient_loss | -0.0148       |
|    std                  | 1.01          |
|    value_loss           | 28.6          |
-------------------------------------------
------------------------------------------
| rollout/                |              |
|    ep_len_mean          | 1.44e+03     |
|    ep_rew_mean          | 1.44e+03     |
| time/                   |              |
|    fps                  | 665          |
|    iterations           | 78           |
|    time_elapsed         | 119          |
|    total_timesteps      | 79872        |
| train/                  |              |
|    approx_kl            | 0.016582057  |
|    clip_fraction        | 0.25         |
|    clip_range           | 0.2          |
|    entropy_loss         | -17.2        |
|    explained_variance   | 7.390976e-06 |
|    learning_rate        | 0.0003       |
|    loss                 | 12           |
|    n_updates            | 770          |
|    policy_gradient_loss | -0.018       |
|    std                  | 1.02         |
|    value_loss           | 27.9         |
------------------------------------------
------------------------------------------
| rollout/                |              |
|    ep_len_mean          | 1.44e+03     |
|    ep_rew_mean          | 1.44e+03     |
| time/                   |              |
|    fps                  | 665          |
|    iterations           | 79           |
|    time_elapsed         | 121          |
|    total_timesteps      | 80896        |
| train/                  |              |
|    approx_kl            | 0.01346482   |
|    clip_fraction        | 0.169        |
|    clip_range           | 0.2          |
|    entropy_loss         | -17.2        |
|    explained_variance   | 5.966425e-05 |
|    learning_rate        | 0.0003       |
|    loss                 | 10.9         |
|    n_updates            | 780          |
|    policy_gradient_loss | -0.0168      |
|    std                  | 1.02         |
|    value_loss           | 25.9         |
------------------------------------------
-------------------------------------------
| rollout/                |               |
|    ep_len_mean          | 1.44e+03      |
|    ep_rew_mean          | 1.44e+03      |
| time/                   |               |
|    fps                  | 665           |
|    iterations           | 80            |
|    time_elapsed         | 123           |
|    total_timesteps      | 81920         |
| train/                  |               |
|    approx_kl            | 0.014945744   |
|    clip_fraction        | 0.198         |
|    clip_range           | 0.2           |
|    entropy_loss         | -17.2         |
|    explained_variance   | 1.4781952e-05 |
|    learning_rate        | 0.0003        |
|    loss                 | 10.4          |
|    n_updates            | 790           |
|    policy_gradient_loss | -0.0163       |
|    std                  | 1.02          |
|    value_loss           | 24.4          |
-------------------------------------------
--------------------------------------------
| rollout/                |                |
|    ep_len_mean          | 1.44e+03       |
|    ep_rew_mean          | 1.44e+03       |
| time/                   |                |
|    fps                  | 665            |
|    iterations           | 81             |
|    time_elapsed         | 124            |
|    total_timesteps      | 82944          |
| train/                  |                |
|    approx_kl            | 0.016705371    |
|    clip_fraction        | 0.181          |
|    clip_range           | 0.2            |
|    entropy_loss         | -17.2          |
|    explained_variance   | -6.3180923e-06 |
|    learning_rate        | 0.0003         |
|    loss                 | 10.1           |
|    n_updates            | 800            |
|    policy_gradient_loss | -0.0142        |
|    std                  | 1.02           |
|    value_loss           | 23.9           |
--------------------------------------------
-------------------------------------------
| rollout/                |               |
|    ep_len_mean          | 1.44e+03      |
|    ep_rew_mean          | 1.44e+03      |
| time/                   |               |
|    fps                  | 665           |
|    iterations           | 82            |
|    time_elapsed         | 126           |
|    total_timesteps      | 83968         |
| train/                  |               |
|    approx_kl            | 0.010839214   |
|    clip_fraction        | 0.111         |
|    clip_range           | 0.2           |
|    entropy_loss         | -17.3         |
|    explained_variance   | 5.0723553e-05 |
|    learning_rate        | 0.0003        |
|    loss                 | 9.26          |
|    n_updates            | 810           |
|    policy_gradient_loss | -0.014        |
|    std                  | 1.02          |
|    value_loss           | 22.1          |
-------------------------------------------
-------------------------------------------
| rollout/                |               |
|    ep_len_mean          | 1.44e+03      |
|    ep_rew_mean          | 1.44e+03      |
| time/                   |               |
|    fps                  | 665           |
|    iterations           | 83            |
|    time_elapsed         | 127           |
|    total_timesteps      | 84992         |
| train/                  |               |
|    approx_kl            | 0.015228553   |
|    clip_fraction        | 0.189         |
|    clip_range           | 0.2           |
|    entropy_loss         | -17.3         |
|    explained_variance   | 1.4483929e-05 |
|    learning_rate        | 0.0003        |
|    loss                 | 8.74          |
|    n_updates            | 820           |
|    policy_gradient_loss | -0.0177       |
|    std                  | 1.02          |
|    value_loss           | 20.9          |
-------------------------------------------
-------------------------------------------
| rollout/                |               |
|    ep_len_mean          | 1.44e+03      |
|    ep_rew_mean          | 1.44e+03      |
| time/                   |               |
|    fps                  | 665           |
|    iterations           | 84            |
|    time_elapsed         | 129           |
|    total_timesteps      | 86016         |
| train/                  |               |
|    approx_kl            | 0.015137558   |
|    clip_fraction        | 0.149         |
|    clip_range           | 0.2           |
|    entropy_loss         | -17.3         |
|    explained_variance   | 1.3411045e-05 |
|    learning_rate        | 0.0003        |
|    loss                 | 8.3           |
|    n_updates            | 830           |
|    policy_gradient_loss | -0.0175       |
|    std                  | 1.03          |
|    value_loss           | 20            |
-------------------------------------------
-------------------------------------------
| rollout/                |               |
|    ep_len_mean          | 1.44e+03      |
|    ep_rew_mean          | 1.44e+03      |
| time/                   |               |
|    fps                  | 665           |
|    iterations           | 85            |
|    time_elapsed         | 130           |
|    total_timesteps      | 87040         |
| train/                  |               |
|    approx_kl            | 0.020938024   |
|    clip_fraction        | 0.246         |
|    clip_range           | 0.2           |
|    entropy_loss         | -17.4         |
|    explained_variance   | -5.173683e-05 |
|    learning_rate        | 0.0003        |
|    loss                 | 7.91          |
|    n_updates            | 840           |
|    policy_gradient_loss | -0.016        |
|    std                  | 1.03          |
|    value_loss           | 19            |
-------------------------------------------
------------------------------------------
| rollout/                |              |
|    ep_len_mean          | 1.44e+03     |
|    ep_rew_mean          | 1.44e+03     |
| time/                   |              |
|    fps                  | 665          |
|    iterations           | 86           |
|    time_elapsed         | 132          |
|    total_timesteps      | 88064        |
| train/                  |              |
|    approx_kl            | 0.016923053  |
|    clip_fraction        | 0.162        |
|    clip_range           | 0.2          |
|    entropy_loss         | -17.4        |
|    explained_variance   | 6.020069e-05 |
|    learning_rate        | 0.0003       |
|    loss                 | 7.17         |
|    n_updates            | 850          |
|    policy_gradient_loss | -0.0178      |
|    std                  | 1.03         |
|    value_loss           | 17.6         |
------------------------------------------
--------------------------------------------
| rollout/                |                |
|    ep_len_mean          | 1.44e+03       |
|    ep_rew_mean          | 1.44e+03       |
| time/                   |                |
|    fps                  | 665            |
|    iterations           | 87             |
|    time_elapsed         | 133            |
|    total_timesteps      | 89088          |
| train/                  |                |
|    approx_kl            | 0.016886268    |
|    clip_fraction        | 0.181          |
|    clip_range           | 0.2            |
|    entropy_loss         | -17.4          |
|    explained_variance   | -4.2557716e-05 |
|    learning_rate        | 0.0003         |
|    loss                 | 6.94           |
|    n_updates            | 860            |
|    policy_gradient_loss | -0.0179        |
|    std                  | 1.03           |
|    value_loss           | 16.5           |
--------------------------------------------
-------------------------------------------
| rollout/                |               |
|    ep_len_mean          | 1.44e+03      |
|    ep_rew_mean          | 1.44e+03      |
| time/                   |               |
|    fps                  | 664           |
|    iterations           | 88            |
|    time_elapsed         | 135           |
|    total_timesteps      | 90112         |
| train/                  |               |
|    approx_kl            | 0.018542066   |
|    clip_fraction        | 0.241         |
|    clip_range           | 0.2           |
|    entropy_loss         | -17.4         |
|    explained_variance   | 2.4616718e-05 |
|    learning_rate        | 0.0003        |
|    loss                 | 6.45          |
|    n_updates            | 870           |
|    policy_gradient_loss | -0.0168       |
|    std                  | 1.03          |
|    value_loss           | 15.9          |
-------------------------------------------
-------------------------------------------
| rollout/                |               |
|    ep_len_mean          | 1.44e+03      |
|    ep_rew_mean          | 1.44e+03      |
| time/                   |               |
|    fps                  | 664           |
|    iterations           | 89            |
|    time_elapsed         | 137           |
|    total_timesteps      | 91136         |
| train/                  |               |
|    approx_kl            | 0.017599309   |
|    clip_fraction        | 0.212         |
|    clip_range           | 0.2           |
|    entropy_loss         | -17.4         |
|    explained_variance   | 8.6426735e-06 |
|    learning_rate        | 0.0003        |
|    loss                 | 6.07          |
|    n_updates            | 880           |
|    policy_gradient_loss | -0.0183       |
|    std                  | 1.03          |
|    value_loss           | 14.6          |
-------------------------------------------
-------------------------------------------
| rollout/                |               |
|    ep_len_mean          | 1.44e+03      |
|    ep_rew_mean          | 1.44e+03      |
| time/                   |               |
|    fps                  | 664           |
|    iterations           | 90            |
|    time_elapsed         | 138           |
|    total_timesteps      | 92160         |
| train/                  |               |
|    approx_kl            | 0.015298726   |
|    clip_fraction        | 0.163         |
|    clip_range           | 0.2           |
|    entropy_loss         | -17.4         |
|    explained_variance   | -9.179115e-06 |
|    learning_rate        | 0.0003        |
|    loss                 | 5.46          |
|    n_updates            | 890           |
|    policy_gradient_loss | -0.0171       |
|    std                  | 1.03          |
|    value_loss           | 13.5          |
-------------------------------------------
-------------------------------------------
| rollout/                |               |
|    ep_len_mean          | 1.44e+03      |
|    ep_rew_mean          | 1.44e+03      |
| time/                   |               |
|    fps                  | 664           |
|    iterations           | 91            |
|    time_elapsed         | 140           |
|    total_timesteps      | 93184         |
| train/                  |               |
|    approx_kl            | 0.014172833   |
|    clip_fraction        | 0.218         |
|    clip_range           | 0.2           |
|    entropy_loss         | -17.3         |
|    explained_variance   | 4.2557716e-05 |
|    learning_rate        | 0.0003        |
|    loss                 | 4.99          |
|    n_updates            | 900           |
|    policy_gradient_loss | -0.0175       |
|    std                  | 1.03          |
|    value_loss           | 12.7          |
-------------------------------------------
-------------------------------------------
| rollout/                |               |
|    ep_len_mean          | 1.44e+03      |
|    ep_rew_mean          | 1.44e+03      |
| time/                   |               |
|    fps                  | 664           |
|    iterations           | 92            |
|    time_elapsed         | 141           |
|    total_timesteps      | 94208         |
| train/                  |               |
|    approx_kl            | 0.016338512   |
|    clip_fraction        | 0.207         |
|    clip_range           | 0.2           |
|    entropy_loss         | -17.3         |
|    explained_variance   | -4.684925e-05 |
|    learning_rate        | 0.0003        |
|    loss                 | 4.72          |
|    n_updates            | 910           |
|    policy_gradient_loss | -0.0195       |
|    std                  | 1.03          |
|    value_loss           | 12            |
-------------------------------------------
--------------------------------------------
| rollout/                |                |
|    ep_len_mean          | 1.44e+03       |
|    ep_rew_mean          | 1.44e+03       |
| time/                   |                |
|    fps                  | 664            |
|    iterations           | 93             |
|    time_elapsed         | 143            |
|    total_timesteps      | 95232          |
| train/                  |                |
|    approx_kl            | 0.014104127    |
|    clip_fraction        | 0.184          |
|    clip_range           | 0.2            |
|    entropy_loss         | -17.3          |
|    explained_variance   | -1.0609627e-05 |
|    learning_rate        | 0.0003         |
|    loss                 | 4.26           |
|    n_updates            | 920            |
|    policy_gradient_loss | -0.0165        |
|    std                  | 1.03           |
|    value_loss           | 11             |
--------------------------------------------
--------------------------------------------
| rollout/                |                |
|    ep_len_mean          | 1.44e+03       |
|    ep_rew_mean          | 1.44e+03       |
| time/                   |                |
|    fps                  | 664            |
|    iterations           | 94             |
|    time_elapsed         | 144            |
|    total_timesteps      | 96256          |
| train/                  |                |
|    approx_kl            | 0.01591217     |
|    clip_fraction        | 0.182          |
|    clip_range           | 0.2            |
|    entropy_loss         | -17.4          |
|    explained_variance   | -1.5854836e-05 |
|    learning_rate        | 0.0003         |
|    loss                 | 3.83           |
|    n_updates            | 930            |
|    policy_gradient_loss | -0.0171        |
|    std                  | 1.03           |
|    value_loss           | 10.1           |
--------------------------------------------
--------------------------------------------
| rollout/                |                |
|    ep_len_mean          | 1.44e+03       |
|    ep_rew_mean          | 1.44e+03       |
| time/                   |                |
|    fps                  | 664            |
|    iterations           | 95             |
|    time_elapsed         | 146            |
|    total_timesteps      | 97280          |
| train/                  |                |
|    approx_kl            | 0.01424809     |
|    clip_fraction        | 0.22           |
|    clip_range           | 0.2            |
|    entropy_loss         | -17.4          |
|    explained_variance   | -0.00016522408 |
|    learning_rate        | 0.0003         |
|    loss                 | 3.58           |
|    n_updates            | 940            |
|    policy_gradient_loss | -0.0196        |
|    std                  | 1.03           |
|    value_loss           | 9.55           |
--------------------------------------------
-------------------------------------------
| rollout/                |               |
|    ep_len_mean          | 1.44e+03      |
|    ep_rew_mean          | 1.44e+03      |
| time/                   |               |
|    fps                  | 664           |
|    iterations           | 96            |
|    time_elapsed         | 147           |
|    total_timesteps      | 98304         |
| train/                  |               |
|    approx_kl            | 0.021684125   |
|    clip_fraction        | 0.201         |
|    clip_range           | 0.2           |
|    entropy_loss         | -17.4         |
|    explained_variance   | 0.00012928247 |
|    learning_rate        | 0.0003        |
|    loss                 | 3.15          |
|    n_updates            | 950           |
|    policy_gradient_loss | -0.02         |
|    std                  | 1.03          |
|    value_loss           | 8.5           |
-------------------------------------------
--------------------------------------------
| rollout/                |                |
|    ep_len_mean          | 1.44e+03       |
|    ep_rew_mean          | 1.44e+03       |
| time/                   |                |
|    fps                  | 664            |
|    iterations           | 97             |
|    time_elapsed         | 149            |
|    total_timesteps      | 99328          |
| train/                  |                |
|    approx_kl            | 0.014691369    |
|    clip_fraction        | 0.18           |
|    clip_range           | 0.2            |
|    entropy_loss         | -17.4          |
|    explained_variance   | -2.2649765e-06 |
|    learning_rate        | 0.0003         |
|    loss                 | 2.88           |
|    n_updates            | 960            |
|    policy_gradient_loss | -0.0188        |
|    std                  | 1.03           |
|    value_loss           | 7.76           |
--------------------------------------------
-------------------------------------------
| rollout/                |               |
|    ep_len_mean          | 1.44e+03      |
|    ep_rew_mean          | 1.44e+03      |
| time/                   |               |
|    fps                  | 664           |
|    iterations           | 98            |
|    time_elapsed         | 150           |
|    total_timesteps      | 100352        |
| train/                  |               |
|    approx_kl            | 0.024480611   |
|    clip_fraction        | 0.234         |
|    clip_range           | 0.2           |
|    entropy_loss         | -17.4         |
|    explained_variance   | 7.5101852e-06 |
|    learning_rate        | 0.0003        |
|    loss                 | 2.69          |
|    n_updates            | 970           |
|    policy_gradient_loss | -0.0171       |
|    std                  | 1.03          |
|    value_loss           | 7.32          |
-------------------------------------------
-------------------------------------------
| rollout/                |               |
|    ep_len_mean          | 1.44e+03      |
|    ep_rew_mean          | 1.44e+03      |
| time/                   |               |
|    fps                  | 664           |
|    iterations           | 99            |
|    time_elapsed         | 152           |
|    total_timesteps      | 101376        |
| train/                  |               |
|    approx_kl            | 0.018969636   |
|    clip_fraction        | 0.191         |
|    clip_range           | 0.2           |
|    entropy_loss         | -17.4         |
|    explained_variance   | -2.014637e-05 |
|    learning_rate        | 0.0003        |
|    loss                 | 2.39          |
|    n_updates            | 980           |
|    policy_gradient_loss | -0.0199       |
|    std                  | 1.04          |
|    value_loss           | 6.62          |
-------------------------------------------
-------------------------------------------
| rollout/                |               |
|    ep_len_mean          | 1.44e+03      |
|    ep_rew_mean          | 1.45e+03      |
| time/                   |               |
|    fps                  | 664           |
|    iterations           | 100           |
|    time_elapsed         | 154           |
|    total_timesteps      | 102400        |
| train/                  |               |
|    approx_kl            | 0.01528063    |
|    clip_fraction        | 0.211         |
|    clip_range           | 0.2           |
|    entropy_loss         | -17.5         |
|    explained_variance   | 8.0764294e-05 |
|    learning_rate        | 0.0003        |
|    loss                 | 2.06          |
|    n_updates            | 990           |
|    policy_gradient_loss | -0.0193       |
|    std                  | 1.04          |
|    value_loss           | 5.87          |
-------------------------------------------
--------------------------------------------
| rollout/                |                |
|    ep_len_mean          | 1.44e+03       |
|    ep_rew_mean          | 1.45e+03       |
| time/                   |                |
|    fps                  | 664            |
|    iterations           | 101            |
|    time_elapsed         | 155            |
|    total_timesteps      | 103424         |
| train/                  |                |
|    approx_kl            | 0.016974684    |
|    clip_fraction        | 0.204          |
|    clip_range           | 0.2            |
|    entropy_loss         | -17.5          |
|    explained_variance   | -3.1352043e-05 |
|    learning_rate        | 0.0003         |
|    loss                 | 1.75           |
|    n_updates            | 1000           |
|    policy_gradient_loss | -0.0192        |
|    std                  | 1.04           |
|    value_loss           | 5.25           |
--------------------------------------------
-------------------------------------------
| rollout/                |               |
|    ep_len_mean          | 1.44e+03      |
|    ep_rew_mean          | 1.45e+03      |
| time/                   |               |
|    fps                  | 664           |
|    iterations           | 102           |
|    time_elapsed         | 157           |
|    total_timesteps      | 104448        |
| train/                  |               |
|    approx_kl            | 0.019263513   |
|    clip_fraction        | 0.251         |
|    clip_range           | 0.2           |
|    entropy_loss         | -17.5         |
|    explained_variance   | -7.867813e-06 |
|    learning_rate        | 0.0003        |
|    loss                 | 1.6           |
|    n_updates            | 1010          |
|    policy_gradient_loss | -0.0198       |
|    std                  | 1.04          |
|    value_loss           | 4.81          |
-------------------------------------------
--------------------------------------------
| rollout/                |                |
|    ep_len_mean          | 1.44e+03       |
|    ep_rew_mean          | 1.45e+03       |
| time/                   |                |
|    fps                  | 664            |
|    iterations           | 103            |
|    time_elapsed         | 158            |
|    total_timesteps      | 105472         |
| train/                  |                |
|    approx_kl            | 0.014310199    |
|    clip_fraction        | 0.158          |
|    clip_range           | 0.2            |
|    entropy_loss         | -17.4          |
|    explained_variance   | -3.5881996e-05 |
|    learning_rate        | 0.0003         |
|    loss                 | 1.32           |
|    n_updates            | 1020           |
|    policy_gradient_loss | -0.0157        |
|    std                  | 1.04           |
|    value_loss           | 4.19           |
--------------------------------------------
-------------------------------------------
| rollout/                |               |
|    ep_len_mean          | 1.44e+03      |
|    ep_rew_mean          | 1.45e+03      |
| time/                   |               |
|    fps                  | 664           |
|    iterations           | 104           |
|    time_elapsed         | 160           |
|    total_timesteps      | 106496        |
| train/                  |               |
|    approx_kl            | 0.021813259   |
|    clip_fraction        | 0.235         |
|    clip_range           | 0.2           |
|    entropy_loss         | -17.4         |
|    explained_variance   | 3.0100346e-05 |
|    learning_rate        | 0.0003        |
|    loss                 | 1.14          |
|    n_updates            | 1030          |
|    policy_gradient_loss | -0.0204       |
|    std                  | 1.04          |
|    value_loss           | 3.65          |
-------------------------------------------
--------------------------------------------
| rollout/                |                |
|    ep_len_mean          | 1.44e+03       |
|    ep_rew_mean          | 1.45e+03       |
| time/                   |                |
|    fps                  | 664            |
|    iterations           | 105            |
|    time_elapsed         | 161            |
|    total_timesteps      | 107520         |
| train/                  |                |
|    approx_kl            | 0.0127926525   |
|    clip_fraction        | 0.172          |
|    clip_range           | 0.2            |
|    entropy_loss         | -17.4          |
|    explained_variance   | -0.00018298626 |
|    learning_rate        | 0.0003         |
|    loss                 | 1.04           |
|    n_updates            | 1040           |
|    policy_gradient_loss | -0.0187        |
|    std                  | 1.04           |
|    value_loss           | 3.38           |
--------------------------------------------
-------------------------------------------
| rollout/                |               |
|    ep_len_mean          | 1.44e+03      |
|    ep_rew_mean          | 1.45e+03      |
| time/                   |               |
|    fps                  | 664           |
|    iterations           | 106           |
|    time_elapsed         | 163           |
|    total_timesteps      | 108544        |
| train/                  |               |
|    approx_kl            | 0.01341942    |
|    clip_fraction        | 0.181         |
|    clip_range           | 0.2           |
|    entropy_loss         | -17.4         |
|    explained_variance   | 1.4781952e-05 |
|    learning_rate        | 0.0003        |
|    loss                 | 0.844         |
|    n_updates            | 1050          |
|    policy_gradient_loss | -0.0162       |
|    std                  | 1.04          |
|    value_loss           | 2.9           |
-------------------------------------------
-------------------------------------------
| rollout/                |               |
|    ep_len_mean          | 1.44e+03      |
|    ep_rew_mean          | 1.45e+03      |
| time/                   |               |
|    fps                  | 664           |
|    iterations           | 107           |
|    time_elapsed         | 164           |
|    total_timesteps      | 109568        |
| train/                  |               |
|    approx_kl            | 0.019420188   |
|    clip_fraction        | 0.244         |
|    clip_range           | 0.2           |
|    entropy_loss         | -17.4         |
|    explained_variance   | -3.683567e-05 |
|    learning_rate        | 0.0003        |
|    loss                 | 0.665         |
|    n_updates            | 1060          |
|    policy_gradient_loss | -0.0225       |
|    std                  | 1.04          |
|    value_loss           | 2.41          |
-------------------------------------------
-------------------------------------------
| rollout/                |               |
|    ep_len_mean          | 1.44e+03      |
|    ep_rew_mean          | 1.45e+03      |
| time/                   |               |
|    fps                  | 664           |
|    iterations           | 108           |
|    time_elapsed         | 166           |
|    total_timesteps      | 110592        |
| train/                  |               |
|    approx_kl            | 0.018741064   |
|    clip_fraction        | 0.224         |
|    clip_range           | 0.2           |
|    entropy_loss         | -17.4         |
|    explained_variance   | -5.686283e-05 |
|    learning_rate        | 0.0003        |
|    loss                 | 0.527         |
|    n_updates            | 1070          |
|    policy_gradient_loss | -0.0223       |
|    std                  | 1.04          |
|    value_loss           | 2.08          |
-------------------------------------------
------------------------------------------
| rollout/                |              |
|    ep_len_mean          | 1.44e+03     |
|    ep_rew_mean          | 1.45e+03     |
| time/                   |              |
|    fps                  | 664          |
|    iterations           | 109          |
|    time_elapsed         | 167          |
|    total_timesteps      | 111616       |
| train/                  |              |
|    approx_kl            | 0.015010879  |
|    clip_fraction        | 0.201        |
|    clip_range           | 0.2          |
|    entropy_loss         | -17.5        |
|    explained_variance   | 2.026558e-06 |
|    learning_rate        | 0.0003       |
|    loss                 | 0.386        |
|    n_updates            | 1080         |
|    policy_gradient_loss | -0.0219      |
|    std                  | 1.04         |
|    value_loss           | 1.75         |
------------------------------------------
-------------------------------------------
| rollout/                |               |
|    ep_len_mean          | 1.44e+03      |
|    ep_rew_mean          | 1.45e+03      |
| time/                   |               |
|    fps                  | 664           |
|    iterations           | 110           |
|    time_elapsed         | 169           |
|    total_timesteps      | 112640        |
| train/                  |               |
|    approx_kl            | 0.022186683   |
|    clip_fraction        | 0.289         |
|    clip_range           | 0.2           |
|    entropy_loss         | -17.5         |
|    explained_variance   | -3.349781e-05 |
|    learning_rate        | 0.0003        |
|    loss                 | 0.283         |
|    n_updates            | 1090          |
|    policy_gradient_loss | -0.0247       |
|    std                  | 1.04          |
|    value_loss           | 1.43          |
-------------------------------------------
-------------------------------------------
| rollout/                |               |
|    ep_len_mean          | 1.44e+03      |
|    ep_rew_mean          | 1.45e+03      |
| time/                   |               |
|    fps                  | 664           |
|    iterations           | 111           |
|    time_elapsed         | 170           |
|    total_timesteps      | 113664        |
| train/                  |               |
|    approx_kl            | 0.020204527   |
|    clip_fraction        | 0.226         |
|    clip_range           | 0.2           |
|    entropy_loss         | -17.4         |
|    explained_variance   | -8.189678e-05 |
|    learning_rate        | 0.0003        |
|    loss                 | 0.199         |
|    n_updates            | 1100          |
|    policy_gradient_loss | -0.0232       |
|    std                  | 1.04          |
|    value_loss           | 1.13          |
-------------------------------------------
--------------------------------------------
| rollout/                |                |
|    ep_len_mean          | 1.44e+03       |
|    ep_rew_mean          | 1.45e+03       |
| time/                   |                |
|    fps                  | 664            |
|    iterations           | 112            |
|    time_elapsed         | 172            |
|    total_timesteps      | 114688         |
| train/                  |                |
|    approx_kl            | 0.020186815    |
|    clip_fraction        | 0.212          |
|    clip_range           | 0.2            |
|    entropy_loss         | -17.4          |
|    explained_variance   | -3.7431717e-05 |
|    learning_rate        | 0.0003         |
|    loss                 | 0.139          |
|    n_updates            | 1110           |
|    policy_gradient_loss | -0.0214        |
|    std                  | 1.03           |
|    value_loss           | 0.928          |
--------------------------------------------
------------------------------------------
| rollout/                |              |
|    ep_len_mean          | 1.44e+03     |
|    ep_rew_mean          | 1.45e+03     |
| time/                   |              |
|    fps                  | 664          |
|    iterations           | 113          |
|    time_elapsed         | 174          |
|    total_timesteps      | 115712       |
| train/                  |              |
|    approx_kl            | 0.01854885   |
|    clip_fraction        | 0.19         |
|    clip_range           | 0.2          |
|    entropy_loss         | -17.4        |
|    explained_variance   | 5.722046e-06 |
|    learning_rate        | 0.0003       |
|    loss                 | 0.0805       |
|    n_updates            | 1120         |
|    policy_gradient_loss | -0.0189      |
|    std                  | 1.03         |
|    value_loss           | 0.73         |
------------------------------------------
-------------------------------------------
| rollout/                |               |
|    ep_len_mean          | 1.44e+03      |
|    ep_rew_mean          | 1.45e+03      |
| time/                   |               |
|    fps                  | 664           |
|    iterations           | 114           |
|    time_elapsed         | 175           |
|    total_timesteps      | 116736        |
| train/                  |               |
|    approx_kl            | 0.020243958   |
|    clip_fraction        | 0.207         |
|    clip_range           | 0.2           |
|    entropy_loss         | -17.4         |
|    explained_variance   | -2.002716e-05 |
|    learning_rate        | 0.0003        |
|    loss                 | 0.0268        |
|    n_updates            | 1130          |
|    policy_gradient_loss | -0.0232       |
|    std                  | 1.03          |
|    value_loss           | 0.525         |
-------------------------------------------
--------------------------------------------
| rollout/                |                |
|    ep_len_mean          | 1.44e+03       |
|    ep_rew_mean          | 1.45e+03       |
| time/                   |                |
|    fps                  | 664            |
|    iterations           | 115            |
|    time_elapsed         | 177            |
|    total_timesteps      | 117760         |
| train/                  |                |
|    approx_kl            | 0.020932782    |
|    clip_fraction        | 0.222          |
|    clip_range           | 0.2            |
|    entropy_loss         | -17.4          |
|    explained_variance   | -0.00012135506 |
|    learning_rate        | 0.0003         |
|    loss                 | -0.00705       |
|    n_updates            | 1140           |
|    policy_gradient_loss | -0.0246        |
|    std                  | 1.03           |
|    value_loss           | 0.411          |
--------------------------------------------
--------------------------------------------
| rollout/                |                |
|    ep_len_mean          | 1.44e+03       |
|    ep_rew_mean          | 1.45e+03       |
| time/                   |                |
|    fps                  | 664            |
|    iterations           | 116            |
|    time_elapsed         | 178            |
|    total_timesteps      | 118784         |
| train/                  |                |
|    approx_kl            | 0.017928857    |
|    clip_fraction        | 0.199          |
|    clip_range           | 0.2            |
|    entropy_loss         | -17.3          |
|    explained_variance   | -0.00015604496 |
|    learning_rate        | 0.0003         |
|    loss                 | -0.029         |
|    n_updates            | 1150           |
|    policy_gradient_loss | -0.0218        |
|    std                  | 1.03           |
|    value_loss           | 0.267          |
--------------------------------------------
---------------------------------------------
| rollout/                |                 |
|    ep_len_mean          | 1.44e+03        |
|    ep_rew_mean          | 1.45e+03        |
| time/                   |                 |
|    fps                  | 664             |
|    iterations           | 117             |
|    time_elapsed         | 180             |
|    total_timesteps      | 119808          |
| train/                  |                 |
|    approx_kl            | 0.021478219     |
|    clip_fraction        | 0.232           |
|    clip_range           | 0.2             |
|    entropy_loss         | -17.3           |
|    explained_variance   | -0.000118255615 |
|    learning_rate        | 0.0003          |
|    loss                 | -0.0368         |
|    n_updates            | 1160            |
|    policy_gradient_loss | -0.021          |
|    std                  | 1.03            |
|    value_loss           | 0.186           |
---------------------------------------------
--------------------------------------------
| rollout/                |                |
|    ep_len_mean          | 1.44e+03       |
|    ep_rew_mean          | 1.45e+03       |
| time/                   |                |
|    fps                  | 664            |
|    iterations           | 118            |
|    time_elapsed         | 181            |
|    total_timesteps      | 120832         |
| train/                  |                |
|    approx_kl            | 0.020573815    |
|    clip_fraction        | 0.225          |
|    clip_range           | 0.2            |
|    entropy_loss         | -17.3          |
|    explained_variance   | -4.4226646e-05 |
|    learning_rate        | 0.0003         |
|    loss                 | -0.013         |
|    n_updates            | 1170           |
|    policy_gradient_loss | -0.0219        |
|    std                  | 1.02           |
|    value_loss           | 0.0991         |
--------------------------------------------
-------------------------------------------
| rollout/                |               |
|    ep_len_mean          | 1.44e+03      |
|    ep_rew_mean          | 1.45e+03      |
| time/                   |               |
|    fps                  | 664           |
|    iterations           | 119           |
|    time_elapsed         | 183           |
|    total_timesteps      | 121856        |
| train/                  |               |
|    approx_kl            | 0.019489745   |
|    clip_fraction        | 0.248         |
|    clip_range           | 0.2           |
|    entropy_loss         | -17.3         |
|    explained_variance   | -0.0003721714 |
|    learning_rate        | 0.0003        |
|    loss                 | -0.0271       |
|    n_updates            | 1180          |
|    policy_gradient_loss | -0.0256       |
|    std                  | 1.03          |
|    value_loss           | 0.0971        |
-------------------------------------------
-------------------------------------------
| rollout/                |               |
|    ep_len_mean          | 1.44e+03      |
|    ep_rew_mean          | 1.45e+03      |
| time/                   |               |
|    fps                  | 664           |
|    iterations           | 120           |
|    time_elapsed         | 184           |
|    total_timesteps      | 122880        |
| train/                  |               |
|    approx_kl            | 0.017663578   |
|    clip_fraction        | 0.25          |
|    clip_range           | 0.2           |
|    entropy_loss         | -17.3         |
|    explained_variance   | -9.536743e-06 |
|    learning_rate        | 0.0003        |
|    loss                 | -0.0239       |
|    n_updates            | 1190          |
|    policy_gradient_loss | -0.0245       |
|    std                  | 1.02          |
|    value_loss           | 0.0579        |
-------------------------------------------
-------------------------------------------
| rollout/                |               |
|    ep_len_mean          | 1.44e+03      |
|    ep_rew_mean          | 1.45e+03      |
| time/                   |               |
|    fps                  | 664           |
|    iterations           | 121           |
|    time_elapsed         | 186           |
|    total_timesteps      | 123904        |
| train/                  |               |
|    approx_kl            | 0.019008527   |
|    clip_fraction        | 0.198         |
|    clip_range           | 0.2           |
|    entropy_loss         | -17.2         |
|    explained_variance   | 2.5868416e-05 |
|    learning_rate        | 0.0003        |
|    loss                 | -0.0256       |
|    n_updates            | 1200          |
|    policy_gradient_loss | -0.0212       |
|    std                  | 1.02          |
|    value_loss           | 0.0375        |
-------------------------------------------
------------------------------------------
| rollout/                |              |
|    ep_len_mean          | 1.44e+03     |
|    ep_rew_mean          | 1.45e+03     |
| time/                   |              |
|    fps                  | 664          |
|    iterations           | 122          |
|    time_elapsed         | 188          |
|    total_timesteps      | 124928       |
| train/                  |              |
|    approx_kl            | 0.018553704  |
|    clip_fraction        | 0.191        |
|    clip_range           | 0.2          |
|    entropy_loss         | -17.2        |
|    explained_variance   | 0.0001335144 |
|    learning_rate        | 0.0003       |
|    loss                 | -0.0309      |
|    n_updates            | 1210         |
|    policy_gradient_loss | -0.0236      |
|    std                  | 1.02         |
|    value_loss           | 0.0181       |
------------------------------------------
-------------------------------------------
| rollout/                |               |
|    ep_len_mean          | 1.44e+03      |
|    ep_rew_mean          | 1.45e+03      |
| time/                   |               |
|    fps                  | 664           |
|    iterations           | 123           |
|    time_elapsed         | 189           |
|    total_timesteps      | 125952        |
| train/                  |               |
|    approx_kl            | 0.014932991   |
|    clip_fraction        | 0.185         |
|    clip_range           | 0.2           |
|    entropy_loss         | -17.2         |
|    explained_variance   | -5.698204e-05 |
|    learning_rate        | 0.0003        |
|    loss                 | -0.0296       |
|    n_updates            | 1220          |
|    policy_gradient_loss | -0.0219       |
|    std                  | 1.02          |
|    value_loss           | 0.0378        |
-------------------------------------------
-------------------------------------------
| rollout/                |               |
|    ep_len_mean          | 1.44e+03      |
|    ep_rew_mean          | 1.45e+03      |
| time/                   |               |
|    fps                  | 664           |
|    iterations           | 124           |
|    time_elapsed         | 191           |
|    total_timesteps      | 126976        |
| train/                  |               |
|    approx_kl            | 0.016435202   |
|    clip_fraction        | 0.174         |
|    clip_range           | 0.2           |
|    entropy_loss         | -17.2         |
|    explained_variance   | 0.00010794401 |
|    learning_rate        | 0.0003        |
|    loss                 | -0.0248       |
|    n_updates            | 1230          |
|    policy_gradient_loss | -0.0245       |
|    std                  | 1.02          |
|    value_loss           | 0.0329        |
-------------------------------------------
--------------------------------------------
| rollout/                |                |
|    ep_len_mean          | 1.44e+03       |
|    ep_rew_mean          | 1.45e+03       |
| time/                   |                |
|    fps                  | 664            |
|    iterations           | 125            |
|    time_elapsed         | 192            |
|    total_timesteps      | 128000         |
| train/                  |                |
|    approx_kl            | 0.012749724    |
|    clip_fraction        | 0.154          |
|    clip_range           | 0.2            |
|    entropy_loss         | -17.2          |
|    explained_variance   | -0.00012040138 |
|    learning_rate        | 0.0003         |
|    loss                 | -0.0311        |
|    n_updates            | 1240           |
|    policy_gradient_loss | -0.0227        |
|    std                  | 1.02           |
|    value_loss           | 0.0133         |
--------------------------------------------
--------------------------------------------
| rollout/                |                |
|    ep_len_mean          | 1.44e+03       |
|    ep_rew_mean          | 1.45e+03       |
| time/                   |                |
|    fps                  | 664            |
|    iterations           | 126            |
|    time_elapsed         | 194            |
|    total_timesteps      | 129024         |
| train/                  |                |
|    approx_kl            | 0.020077046    |
|    clip_fraction        | 0.229          |
|    clip_range           | 0.2            |
|    entropy_loss         | -17.2          |
|    explained_variance   | -0.00014841557 |
|    learning_rate        | 0.0003         |
|    loss                 | -0.0396        |
|    n_updates            | 1250           |
|    policy_gradient_loss | -0.0293        |
|    std                  | 1.01           |
|    value_loss           | 0.0211         |
--------------------------------------------
-------------------------------------------
| rollout/                |               |
|    ep_len_mean          | 1.44e+03      |
|    ep_rew_mean          | 1.45e+03      |
| time/                   |               |
|    fps                  | 664           |
|    iterations           | 127           |
|    time_elapsed         | 195           |
|    total_timesteps      | 130048        |
| train/                  |               |
|    approx_kl            | 0.015269853   |
|    clip_fraction        | 0.191         |
|    clip_range           | 0.2           |
|    entropy_loss         | -17.1         |
|    explained_variance   | 0.00014406443 |
|    learning_rate        | 0.0003        |
|    loss                 | -0.023        |
|    n_updates            | 1260          |
|    policy_gradient_loss | -0.0271       |
|    std                  | 1.01          |
|    value_loss           | 0.0174        |
-------------------------------------------
--------------------------------------------
| rollout/                |                |
|    ep_len_mean          | 1.44e+03       |
|    ep_rew_mean          | 1.45e+03       |
| time/                   |                |
|    fps                  | 664            |
|    iterations           | 128            |
|    time_elapsed         | 197            |
|    total_timesteps      | 131072         |
| train/                  |                |
|    approx_kl            | 0.018640604    |
|    clip_fraction        | 0.206          |
|    clip_range           | 0.2            |
|    entropy_loss         | -17.1          |
|    explained_variance   | -4.5895576e-05 |
|    learning_rate        | 0.0003         |
|    loss                 | -0.0101        |
|    n_updates            | 1270           |
|    policy_gradient_loss | -0.0251        |
|    std                  | 1.01           |
|    value_loss           | 0.0104         |
--------------------------------------------
--------------------------------------------
| rollout/                |                |
|    ep_len_mean          | 1.44e+03       |
|    ep_rew_mean          | 1.45e+03       |
| time/                   |                |
|    fps                  | 664            |
|    iterations           | 129            |
|    time_elapsed         | 198            |
|    total_timesteps      | 132096         |
| train/                  |                |
|    approx_kl            | 0.016587963    |
|    clip_fraction        | 0.21           |
|    clip_range           | 0.2            |
|    entropy_loss         | -17.1          |
|    explained_variance   | -0.00017619133 |
|    learning_rate        | 0.0003         |
|    loss                 | -0.0317        |
|    n_updates            | 1280           |
|    policy_gradient_loss | -0.0263        |
|    std                  | 1.01           |
|    value_loss           | 0.0135         |
--------------------------------------------
--------------------------------------------
| rollout/                |                |
|    ep_len_mean          | 1.44e+03       |
|    ep_rew_mean          | 1.45e+03       |
| time/                   |                |
|    fps                  | 664            |
|    iterations           | 130            |
|    time_elapsed         | 200            |
|    total_timesteps      | 133120         |
| train/                  |                |
|    approx_kl            | 0.015181864    |
|    clip_fraction        | 0.213          |
|    clip_range           | 0.2            |
|    entropy_loss         | -17.1          |
|    explained_variance   | -0.00011920929 |
|    learning_rate        | 0.0003         |
|    loss                 | -0.0376        |
|    n_updates            | 1290           |
|    policy_gradient_loss | -0.0271        |
|    std                  | 1.01           |
|    value_loss           | 0.0106         |
--------------------------------------------
-------------------------------------------
| rollout/                |               |
|    ep_len_mean          | 1.44e+03      |
|    ep_rew_mean          | 1.45e+03      |
| time/                   |               |
|    fps                  | 664           |
|    iterations           | 131           |
|    time_elapsed         | 201           |
|    total_timesteps      | 134144        |
| train/                  |               |
|    approx_kl            | 0.017558504   |
|    clip_fraction        | 0.203         |
|    clip_range           | 0.2           |
|    entropy_loss         | -17.1         |
|    explained_variance   | -0.0003567934 |
|    learning_rate        | 0.0003        |
|    loss                 | -0.0456       |
|    n_updates            | 1300          |
|    policy_gradient_loss | -0.0274       |
|    std                  | 1             |
|    value_loss           | 0.00831       |
-------------------------------------------
-------------------------------------------
| rollout/                |               |
|    ep_len_mean          | 1.44e+03      |
|    ep_rew_mean          | 1.45e+03      |
| time/                   |               |
|    fps                  | 665           |
|    iterations           | 132           |
|    time_elapsed         | 203           |
|    total_timesteps      | 135168        |
| train/                  |               |
|    approx_kl            | 0.014492081   |
|    clip_fraction        | 0.172         |
|    clip_range           | 0.2           |
|    entropy_loss         | -17           |
|    explained_variance   | -0.0002502203 |
|    learning_rate        | 0.0003        |
|    loss                 | -0.0376       |
|    n_updates            | 1310          |
|    policy_gradient_loss | -0.0249       |
|    std                  | 1             |
|    value_loss           | 0.00971       |
-------------------------------------------
-------------------------------------------
| rollout/                |               |
|    ep_len_mean          | 1.44e+03      |
|    ep_rew_mean          | 1.45e+03      |
| time/                   |               |
|    fps                  | 665           |
|    iterations           | 133           |
|    time_elapsed         | 204           |
|    total_timesteps      | 136192        |
| train/                  |               |
|    approx_kl            | 0.014274175   |
|    clip_fraction        | 0.162         |
|    clip_range           | 0.2           |
|    entropy_loss         | -17           |
|    explained_variance   | -9.918213e-05 |
|    learning_rate        | 0.0003        |
|    loss                 | -0.0308       |
|    n_updates            | 1320          |
|    policy_gradient_loss | -0.0247       |
|    std                  | 1             |
|    value_loss           | 0.00836       |
-------------------------------------------
------------------------------------------
| rollout/                |              |
|    ep_len_mean          | 1.44e+03     |
|    ep_rew_mean          | 1.45e+03     |
| time/                   |              |
|    fps                  | 665          |
|    iterations           | 134          |
|    time_elapsed         | 206          |
|    total_timesteps      | 137216       |
| train/                  |              |
|    approx_kl            | 0.014781114  |
|    clip_fraction        | 0.185        |
|    clip_range           | 0.2          |
|    entropy_loss         | -17          |
|    explained_variance   | 7.748604e-06 |
|    learning_rate        | 0.0003       |
|    loss                 | -0.02        |
|    n_updates            | 1330         |
|    policy_gradient_loss | -0.0231      |
|    std                  | 1            |
|    value_loss           | 0.00705      |
------------------------------------------
-------------------------------------------
| rollout/                |               |
|    ep_len_mean          | 1.44e+03      |
|    ep_rew_mean          | 1.45e+03      |
| time/                   |               |
|    fps                  | 665           |
|    iterations           | 135           |
|    time_elapsed         | 207           |
|    total_timesteps      | 138240        |
| train/                  |               |
|    approx_kl            | 0.017332813   |
|    clip_fraction        | 0.218         |
|    clip_range           | 0.2           |
|    entropy_loss         | -17           |
|    explained_variance   | -0.0003015995 |
|    learning_rate        | 0.0003        |
|    loss                 | -0.0429       |
|    n_updates            | 1340          |
|    policy_gradient_loss | -0.0267       |
|    std                  | 0.998         |
|    value_loss           | 0.00884       |
-------------------------------------------
--------------------------------------------
| rollout/                |                |
|    ep_len_mean          | 1.44e+03       |
|    ep_rew_mean          | 1.45e+03       |
| time/                   |                |
|    fps                  | 665            |
|    iterations           | 136            |
|    time_elapsed         | 209            |
|    total_timesteps      | 139264         |
| train/                  |                |
|    approx_kl            | 0.017553777    |
|    clip_fraction        | 0.186          |
|    clip_range           | 0.2            |
|    entropy_loss         | -17            |
|    explained_variance   | -0.00027227402 |
|    learning_rate        | 0.0003         |
|    loss                 | -0.0309        |
|    n_updates            | 1350           |
|    policy_gradient_loss | -0.0237        |
|    std                  | 0.997          |
|    value_loss           | 0.0101         |
--------------------------------------------
--------------------------------------------
| rollout/                |                |
|    ep_len_mean          | 1.44e+03       |
|    ep_rew_mean          | 1.45e+03       |
| time/                   |                |
|    fps                  | 665            |
|    iterations           | 137            |
|    time_elapsed         | 210            |
|    total_timesteps      | 140288         |
| train/                  |                |
|    approx_kl            | 0.016392196    |
|    clip_fraction        | 0.206          |
|    clip_range           | 0.2            |
|    entropy_loss         | -17            |
|    explained_variance   | -0.00031661987 |
|    learning_rate        | 0.0003         |
|    loss                 | -0.0409        |
|    n_updates            | 1360           |
|    policy_gradient_loss | -0.0268        |
|    std                  | 0.997          |
|    value_loss           | 0.00827        |
--------------------------------------------
---------------------------------------------
| rollout/                |                 |
|    ep_len_mean          | 1.44e+03        |
|    ep_rew_mean          | 1.45e+03        |
| time/                   |                 |
|    fps                  | 665             |
|    iterations           | 138             |
|    time_elapsed         | 212             |
|    total_timesteps      | 141312          |
| train/                  |                 |
|    approx_kl            | 0.013556394     |
|    clip_fraction        | 0.197           |
|    clip_range           | 0.2             |
|    entropy_loss         | -16.9           |
|    explained_variance   | -0.000109791756 |
|    learning_rate        | 0.0003          |
|    loss                 | -0.0375         |
|    n_updates            | 1370            |
|    policy_gradient_loss | -0.025          |
|    std                  | 0.996           |
|    value_loss           | 0.0098          |
---------------------------------------------
--------------------------------------------
| rollout/                |                |
|    ep_len_mean          | 1.44e+03       |
|    ep_rew_mean          | 1.45e+03       |
| time/                   |                |
|    fps                  | 665            |
|    iterations           | 139            |
|    time_elapsed         | 213            |
|    total_timesteps      | 142336         |
| train/                  |                |
|    approx_kl            | 0.017469428    |
|    clip_fraction        | 0.18           |
|    clip_range           | 0.2            |
|    entropy_loss         | -16.9          |
|    explained_variance   | -0.00020444393 |
|    learning_rate        | 0.0003         |
|    loss                 | -0.024         |
|    n_updates            | 1380           |
|    policy_gradient_loss | -0.024         |
|    std                  | 0.995          |
|    value_loss           | 0.00835        |
--------------------------------------------
-------------------------------------------
| rollout/                |               |
|    ep_len_mean          | 1.44e+03      |
|    ep_rew_mean          | 1.45e+03      |
| time/                   |               |
|    fps                  | 666           |
|    iterations           | 140           |
|    time_elapsed         | 215           |
|    total_timesteps      | 143360        |
| train/                  |               |
|    approx_kl            | 0.01627743    |
|    clip_fraction        | 0.199         |
|    clip_range           | 0.2           |
|    entropy_loss         | -16.9         |
|    explained_variance   | -7.212162e-05 |
|    learning_rate        | 0.0003        |
|    loss                 | -0.0496       |
|    n_updates            | 1390          |
|    policy_gradient_loss | -0.029        |
|    std                  | 0.996         |
|    value_loss           | 0.00925       |
-------------------------------------------
--------------------------------------------
| rollout/                |                |
|    ep_len_mean          | 1.44e+03       |
|    ep_rew_mean          | 1.45e+03       |
| time/                   |                |
|    fps                  | 666            |
|    iterations           | 141            |
|    time_elapsed         | 216            |
|    total_timesteps      | 144384         |
| train/                  |                |
|    approx_kl            | 0.013486744    |
|    clip_fraction        | 0.138          |
|    clip_range           | 0.2            |
|    entropy_loss         | -16.9          |
|    explained_variance   | -0.00010859966 |
|    learning_rate        | 0.0003         |
|    loss                 | -0.0383        |
|    n_updates            | 1400           |
|    policy_gradient_loss | -0.0209        |
|    std                  | 0.995          |
|    value_loss           | 0.00746        |
--------------------------------------------
--------------------------------------------
| rollout/                |                |
|    ep_len_mean          | 1.44e+03       |
|    ep_rew_mean          | 1.45e+03       |
| time/                   |                |
|    fps                  | 666            |
|    iterations           | 142            |
|    time_elapsed         | 218            |
|    total_timesteps      | 145408         |
| train/                  |                |
|    approx_kl            | 0.016079938    |
|    clip_fraction        | 0.178          |
|    clip_range           | 0.2            |
|    entropy_loss         | -16.9          |
|    explained_variance   | -0.00015258789 |
|    learning_rate        | 0.0003         |
|    loss                 | -0.0558        |
|    n_updates            | 1410           |
|    policy_gradient_loss | -0.0282        |
|    std                  | 0.994          |
|    value_loss           | 0.00589        |
--------------------------------------------
--------------------------------------------
| rollout/                |                |
|    ep_len_mean          | 1.44e+03       |
|    ep_rew_mean          | 1.45e+03       |
| time/                   |                |
|    fps                  | 666            |
|    iterations           | 143            |
|    time_elapsed         | 219            |
|    total_timesteps      | 146432         |
| train/                  |                |
|    approx_kl            | 0.015144618    |
|    clip_fraction        | 0.189          |
|    clip_range           | 0.2            |
|    entropy_loss         | -16.9          |
|    explained_variance   | -0.00040984154 |
|    learning_rate        | 0.0003         |
|    loss                 | -0.0389        |
|    n_updates            | 1420           |
|    policy_gradient_loss | -0.0264        |
|    std                  | 0.993          |
|    value_loss           | 0.00494        |
--------------------------------------------
--------------------------------------------
| rollout/                |                |
|    ep_len_mean          | 1.44e+03       |
|    ep_rew_mean          | 1.45e+03       |
| time/                   |                |
|    fps                  | 666            |
|    iterations           | 144            |
|    time_elapsed         | 221            |
|    total_timesteps      | 147456         |
| train/                  |                |
|    approx_kl            | 0.014796793    |
|    clip_fraction        | 0.195          |
|    clip_range           | 0.2            |
|    entropy_loss         | -16.9          |
|    explained_variance   | -7.7843666e-05 |
|    learning_rate        | 0.0003         |
|    loss                 | -0.0472        |
|    n_updates            | 1430           |
|    policy_gradient_loss | -0.0264        |
|    std                  | 0.99           |
|    value_loss           | 0.00716        |
--------------------------------------------
-------------------------------------------
| rollout/                |               |
|    ep_len_mean          | 1.44e+03      |
|    ep_rew_mean          | 1.45e+03      |
| time/                   |               |
|    fps                  | 666           |
|    iterations           | 145           |
|    time_elapsed         | 222           |
|    total_timesteps      | 148480        |
| train/                  |               |
|    approx_kl            | 0.011785277   |
|    clip_fraction        | 0.154         |
|    clip_range           | 0.2           |
|    entropy_loss         | -16.9         |
|    explained_variance   | -7.939339e-05 |
|    learning_rate        | 0.0003        |
|    loss                 | -0.0339       |
|    n_updates            | 1440          |
|    policy_gradient_loss | -0.0214       |
|    std                  | 0.988         |
|    value_loss           | 0.00604       |
-------------------------------------------
--------------------------------------------
| rollout/                |                |
|    ep_len_mean          | 1.44e+03       |
|    ep_rew_mean          | 1.45e+03       |
| time/                   |                |
|    fps                  | 666            |
|    iterations           | 146            |
|    time_elapsed         | 224            |
|    total_timesteps      | 149504         |
| train/                  |                |
|    approx_kl            | 0.014681014    |
|    clip_fraction        | 0.171          |
|    clip_range           | 0.2            |
|    entropy_loss         | -16.8          |
|    explained_variance   | -0.00015187263 |
|    learning_rate        | 0.0003         |
|    loss                 | -0.0435        |
|    n_updates            | 1450           |
|    policy_gradient_loss | -0.0246        |
|    std                  | 0.985          |
|    value_loss           | 0.00576        |
--------------------------------------------
--------------------------------------------
| rollout/                |                |
|    ep_len_mean          | 1.44e+03       |
|    ep_rew_mean          | 1.45e+03       |
| time/                   |                |
|    fps                  | 666            |
|    iterations           | 147            |
|    time_elapsed         | 225            |
|    total_timesteps      | 150528         |
| train/                  |                |
|    approx_kl            | 0.013786657    |
|    clip_fraction        | 0.161          |
|    clip_range           | 0.2            |
|    entropy_loss         | -16.8          |
|    explained_variance   | -0.00016319752 |
|    learning_rate        | 0.0003         |
|    loss                 | -0.0331        |
|    n_updates            | 1460           |
|    policy_gradient_loss | -0.024         |
|    std                  | 0.983          |
|    value_loss           | 0.00654        |
--------------------------------------------
---------------------------------------------
| rollout/                |                 |
|    ep_len_mean          | 1.44e+03        |
|    ep_rew_mean          | 1.45e+03        |
| time/                   |                 |
|    fps                  | 665             |
|    iterations           | 148             |
|    time_elapsed         | 227             |
|    total_timesteps      | 151552          |
| train/                  |                 |
|    approx_kl            | 0.014350846     |
|    clip_fraction        | 0.172           |
|    clip_range           | 0.2             |
|    entropy_loss         | -16.8           |
|    explained_variance   | -0.000100016594 |
|    learning_rate        | 0.0003          |
|    loss                 | -0.0267         |
|    n_updates            | 1470            |
|    policy_gradient_loss | -0.0225         |
|    std                  | 0.982           |
|    value_loss           | 0.00749         |
---------------------------------------------
-------------------------------------------
| rollout/                |               |
|    ep_len_mean          | 1.44e+03      |
|    ep_rew_mean          | 1.45e+03      |
| time/                   |               |
|    fps                  | 665           |
|    iterations           | 149           |
|    time_elapsed         | 229           |
|    total_timesteps      | 152576        |
| train/                  |               |
|    approx_kl            | 0.015256152   |
|    clip_fraction        | 0.178         |
|    clip_range           | 0.2           |
|    entropy_loss         | -16.8         |
|    explained_variance   | -7.557869e-05 |
|    learning_rate        | 0.0003        |
|    loss                 | -0.0389       |
|    n_updates            | 1480          |
|    policy_gradient_loss | -0.0262       |
|    std                  | 0.98          |
|    value_loss           | 0.00494       |
-------------------------------------------
-------------------------------------------
| rollout/                |               |
|    ep_len_mean          | 1.44e+03      |
|    ep_rew_mean          | 1.45e+03      |
| time/                   |               |
|    fps                  | 665           |
|    iterations           | 150           |
|    time_elapsed         | 230           |
|    total_timesteps      | 153600        |
| train/                  |               |
|    approx_kl            | 0.0124733765  |
|    clip_fraction        | 0.156         |
|    clip_range           | 0.2           |
|    entropy_loss         | -16.7         |
|    explained_variance   | -3.170967e-05 |
|    learning_rate        | 0.0003        |
|    loss                 | -0.0233       |
|    n_updates            | 1490          |
|    policy_gradient_loss | -0.0208       |
|    std                  | 0.979         |
|    value_loss           | 0.00627       |
-------------------------------------------
--------------------------------------------
| rollout/                |                |
|    ep_len_mean          | 1.44e+03       |
|    ep_rew_mean          | 1.45e+03       |
| time/                   |                |
|    fps                  | 665            |
|    iterations           | 151            |
|    time_elapsed         | 232            |
|    total_timesteps      | 154624         |
| train/                  |                |
|    approx_kl            | 0.013738057    |
|    clip_fraction        | 0.157          |
|    clip_range           | 0.2            |
|    entropy_loss         | -16.7          |
|    explained_variance   | -2.7775764e-05 |
|    learning_rate        | 0.0003         |
|    loss                 | -0.0408        |
|    n_updates            | 1500           |
|    policy_gradient_loss | -0.0227        |
|    std                  | 0.976          |
|    value_loss           | 0.00967        |
--------------------------------------------
--------------------------------------------
| rollout/                |                |
|    ep_len_mean          | 1.44e+03       |
|    ep_rew_mean          | 1.45e+03       |
| time/                   |                |
|    fps                  | 665            |
|    iterations           | 152            |
|    time_elapsed         | 233            |
|    total_timesteps      | 155648         |
| train/                  |                |
|    approx_kl            | 0.012747052    |
|    clip_fraction        | 0.153          |
|    clip_range           | 0.2            |
|    entropy_loss         | -16.7          |
|    explained_variance   | -0.00013685226 |
|    learning_rate        | 0.0003         |
|    loss                 | -0.0411        |
|    n_updates            | 1510           |
|    policy_gradient_loss | -0.0239        |
|    std                  | 0.973          |
|    value_loss           | 0.00714        |
--------------------------------------------
--------------------------------------------
| rollout/                |                |
|    ep_len_mean          | 1.44e+03       |
|    ep_rew_mean          | 1.45e+03       |
| time/                   |                |
|    fps                  | 665            |
|    iterations           | 153            |
|    time_elapsed         | 235            |
|    total_timesteps      | 156672         |
| train/                  |                |
|    approx_kl            | 0.012256605    |
|    clip_fraction        | 0.195          |
|    clip_range           | 0.2            |
|    entropy_loss         | -16.7          |
|    explained_variance   | -0.00011777878 |
|    learning_rate        | 0.0003         |
|    loss                 | -0.036         |
|    n_updates            | 1520           |
|    policy_gradient_loss | -0.0248        |
|    std                  | 0.972          |
|    value_loss           | 0.0067         |
--------------------------------------------
--------------------------------------------
| rollout/                |                |
|    ep_len_mean          | 1.44e+03       |
|    ep_rew_mean          | 1.45e+03       |
| time/                   |                |
|    fps                  | 664            |
|    iterations           | 154            |
|    time_elapsed         | 237            |
|    total_timesteps      | 157696         |
| train/                  |                |
|    approx_kl            | 0.011482617    |
|    clip_fraction        | 0.149          |
|    clip_range           | 0.2            |
|    entropy_loss         | -16.7          |
|    explained_variance   | -8.6545944e-05 |
|    learning_rate        | 0.0003         |
|    loss                 | -0.0237        |
|    n_updates            | 1530           |
|    policy_gradient_loss | -0.021         |
|    std                  | 0.972          |
|    value_loss           | 0.00545        |
--------------------------------------------
-------------------------------------------
| rollout/                |               |
|    ep_len_mean          | 1.44e+03      |
|    ep_rew_mean          | 1.45e+03      |
| time/                   |               |
|    fps                  | 664           |
|    iterations           | 155           |
|    time_elapsed         | 238           |
|    total_timesteps      | 158720        |
| train/                  |               |
|    approx_kl            | 0.013658936   |
|    clip_fraction        | 0.169         |
|    clip_range           | 0.2           |
|    entropy_loss         | -16.7         |
|    explained_variance   | 2.4795532e-05 |
|    learning_rate        | 0.0003        |
|    loss                 | -0.0397       |
|    n_updates            | 1540          |
|    policy_gradient_loss | -0.0235       |
|    std                  | 0.972         |
|    value_loss           | 0.00659       |
-------------------------------------------
-------------------------------------------
| rollout/                |               |
|    ep_len_mean          | 1.44e+03      |
|    ep_rew_mean          | 1.45e+03      |
| time/                   |               |
|    fps                  | 664           |
|    iterations           | 156           |
|    time_elapsed         | 240           |
|    total_timesteps      | 159744        |
| train/                  |               |
|    approx_kl            | 0.016067263   |
|    clip_fraction        | 0.209         |
|    clip_range           | 0.2           |
|    entropy_loss         | -16.6         |
|    explained_variance   | 2.5451183e-05 |
|    learning_rate        | 0.0003        |
|    loss                 | -0.0328       |
|    n_updates            | 1550          |
|    policy_gradient_loss | -0.028        |
|    std                  | 0.968         |
|    value_loss           | 0.0075        |
-------------------------------------------
--------------------------------------------
| rollout/                |                |
|    ep_len_mean          | 1.44e+03       |
|    ep_rew_mean          | 1.45e+03       |
| time/                   |                |
|    fps                  | 664            |
|    iterations           | 157            |
|    time_elapsed         | 241            |
|    total_timesteps      | 160768         |
| train/                  |                |
|    approx_kl            | 0.011933327    |
|    clip_fraction        | 0.152          |
|    clip_range           | 0.2            |
|    entropy_loss         | -16.6          |
|    explained_variance   | -0.00023341179 |
|    learning_rate        | 0.0003         |
|    loss                 | -0.0336        |
|    n_updates            | 1560           |
|    policy_gradient_loss | -0.0225        |
|    std                  | 0.968          |
|    value_loss           | 0.00587        |
--------------------------------------------
--------------------------------------------
| rollout/                |                |
|    ep_len_mean          | 1.44e+03       |
|    ep_rew_mean          | 1.45e+03       |
| time/                   |                |
|    fps                  | 664            |
|    iterations           | 158            |
|    time_elapsed         | 243            |
|    total_timesteps      | 161792         |
| train/                  |                |
|    approx_kl            | 0.012890117    |
|    clip_fraction        | 0.161          |
|    clip_range           | 0.2            |
|    entropy_loss         | -16.6          |
|    explained_variance   | -0.00012207031 |
|    learning_rate        | 0.0003         |
|    loss                 | -0.0346        |
|    n_updates            | 1570           |
|    policy_gradient_loss | -0.0237        |
|    std                  | 0.968          |
|    value_loss           | 0.00697        |
--------------------------------------------
--------------------------------------------
| rollout/                |                |
|    ep_len_mean          | 1.44e+03       |
|    ep_rew_mean          | 1.45e+03       |
| time/                   |                |
|    fps                  | 664            |
|    iterations           | 159            |
|    time_elapsed         | 245            |
|    total_timesteps      | 162816         |
| train/                  |                |
|    approx_kl            | 0.014963477    |
|    clip_fraction        | 0.18           |
|    clip_range           | 0.2            |
|    entropy_loss         | -16.6          |
|    explained_variance   | -0.00013637543 |
|    learning_rate        | 0.0003         |
|    loss                 | -0.0458        |
|    n_updates            | 1580           |
|    policy_gradient_loss | -0.0256        |
|    std                  | 0.966          |
|    value_loss           | 0.00545        |
--------------------------------------------
--------------------------------------------
| rollout/                |                |
|    ep_len_mean          | 1.44e+03       |
|    ep_rew_mean          | 1.45e+03       |
| time/                   |                |
|    fps                  | 663            |
|    iterations           | 160            |
|    time_elapsed         | 246            |
|    total_timesteps      | 163840         |
| train/                  |                |
|    approx_kl            | 0.014888741    |
|    clip_fraction        | 0.164          |
|    clip_range           | 0.2            |
|    entropy_loss         | -16.6          |
|    explained_variance   | -0.00013363361 |
|    learning_rate        | 0.0003         |
|    loss                 | -0.0224        |
|    n_updates            | 1590           |
|    policy_gradient_loss | -0.0256        |
|    std                  | 0.963          |
|    value_loss           | 0.00713        |
--------------------------------------------
--------------------------------------------
| rollout/                |                |
|    ep_len_mean          | 1.44e+03       |
|    ep_rew_mean          | 1.45e+03       |
| time/                   |                |
|    fps                  | 663            |
|    iterations           | 161            |
|    time_elapsed         | 248            |
|    total_timesteps      | 164864         |
| train/                  |                |
|    approx_kl            | 0.014707598    |
|    clip_fraction        | 0.183          |
|    clip_range           | 0.2            |
|    entropy_loss         | -16.5          |
|    explained_variance   | -5.5789948e-05 |
|    learning_rate        | 0.0003         |
|    loss                 | -0.0405        |
|    n_updates            | 1600           |
|    policy_gradient_loss | -0.0243        |
|    std                  | 0.961          |
|    value_loss           | 0.00758        |
--------------------------------------------
------------------------------------------
| rollout/                |              |
|    ep_len_mean          | 1.44e+03     |
|    ep_rew_mean          | 1.45e+03     |
| time/                   |              |
|    fps                  | 663          |
|    iterations           | 162          |
|    time_elapsed         | 249          |
|    total_timesteps      | 165888       |
| train/                  |              |
|    approx_kl            | 0.015470529  |
|    clip_fraction        | 0.204        |
|    clip_range           | 0.2          |
|    entropy_loss         | -16.5        |
|    explained_variance   | 7.390976e-05 |
|    learning_rate        | 0.0003       |
|    loss                 | -0.0392      |
|    n_updates            | 1610         |
|    policy_gradient_loss | -0.0269      |
|    std                  | 0.959        |
|    value_loss           | 0.00494      |
------------------------------------------
-------------------------------------------
| rollout/                |               |
|    ep_len_mean          | 1.44e+03      |
|    ep_rew_mean          | 1.45e+03      |
| time/                   |               |
|    fps                  | 663           |
|    iterations           | 163           |
|    time_elapsed         | 251           |
|    total_timesteps      | 166912        |
| train/                  |               |
|    approx_kl            | 0.016072908   |
|    clip_fraction        | 0.184         |
|    clip_range           | 0.2           |
|    entropy_loss         | -16.5         |
|    explained_variance   | -0.0003284216 |
|    learning_rate        | 0.0003        |
|    loss                 | -0.0491       |
|    n_updates            | 1620          |
|    policy_gradient_loss | -0.0243       |
|    std                  | 0.957         |
|    value_loss           | 0.00549       |
-------------------------------------------
--------------------------------------------
| rollout/                |                |
|    ep_len_mean          | 1.44e+03       |
|    ep_rew_mean          | 1.45e+03       |
| time/                   |                |
|    fps                  | 663            |
|    iterations           | 164            |
|    time_elapsed         | 253            |
|    total_timesteps      | 167936         |
| train/                  |                |
|    approx_kl            | 0.0133339595   |
|    clip_fraction        | 0.162          |
|    clip_range           | 0.2            |
|    entropy_loss         | -16.5          |
|    explained_variance   | -0.00015866756 |
|    learning_rate        | 0.0003         |
|    loss                 | -0.0515        |
|    n_updates            | 1630           |
|    policy_gradient_loss | -0.0246        |
|    std                  | 0.957          |
|    value_loss           | 0.00687        |
--------------------------------------------
--------------------------------------------
| rollout/                |                |
|    ep_len_mean          | 1.44e+03       |
|    ep_rew_mean          | 1.45e+03       |
| time/                   |                |
|    fps                  | 663            |
|    iterations           | 165            |
|    time_elapsed         | 254            |
|    total_timesteps      | 168960         |
| train/                  |                |
|    approx_kl            | 0.013238922    |
|    clip_fraction        | 0.166          |
|    clip_range           | 0.2            |
|    entropy_loss         | -16.5          |
|    explained_variance   | -0.00017035007 |
|    learning_rate        | 0.0003         |
|    loss                 | -0.0324        |
|    n_updates            | 1640           |
|    policy_gradient_loss | -0.0241        |
|    std                  | 0.955          |
|    value_loss           | 0.00603        |
--------------------------------------------
-------------------------------------------
| rollout/                |               |
|    ep_len_mean          | 1.44e+03      |
|    ep_rew_mean          | 1.46e+03      |
| time/                   |               |
|    fps                  | 663           |
|    iterations           | 166           |
|    time_elapsed         | 256           |
|    total_timesteps      | 169984        |
| train/                  |               |
|    approx_kl            | 0.013881279   |
|    clip_fraction        | 0.187         |
|    clip_range           | 0.2           |
|    entropy_loss         | -16.4         |
|    explained_variance   | 1.3291836e-05 |
|    learning_rate        | 0.0003        |
|    loss                 | -0.0338       |
|    n_updates            | 1650          |
|    policy_gradient_loss | -0.026        |
|    std                  | 0.954         |
|    value_loss           | 0.00566       |
-------------------------------------------
-------------------------------------------
| rollout/                |               |
|    ep_len_mean          | 1.44e+03      |
|    ep_rew_mean          | 1.46e+03      |
| time/                   |               |
|    fps                  | 663           |
|    iterations           | 167           |
|    time_elapsed         | 257           |
|    total_timesteps      | 171008        |
| train/                  |               |
|    approx_kl            | 0.014641035   |
|    clip_fraction        | 0.167         |
|    clip_range           | 0.2           |
|    entropy_loss         | -16.4         |
|    explained_variance   | 0.00012862682 |
|    learning_rate        | 0.0003        |
|    loss                 | -0.0496       |
|    n_updates            | 1660          |
|    policy_gradient_loss | -0.0245       |
|    std                  | 0.954         |
|    value_loss           | 0.00465       |
-------------------------------------------
--------------------------------------------
| rollout/                |                |
|    ep_len_mean          | 1.44e+03       |
|    ep_rew_mean          | 1.46e+03       |
| time/                   |                |
|    fps                  | 663            |
|    iterations           | 168            |
|    time_elapsed         | 259            |
|    total_timesteps      | 172032         |
| train/                  |                |
|    approx_kl            | 0.015031176    |
|    clip_fraction        | 0.148          |
|    clip_range           | 0.2            |
|    entropy_loss         | -16.4          |
|    explained_variance   | -2.9206276e-05 |
|    learning_rate        | 0.0003         |
|    loss                 | -0.024         |
|    n_updates            | 1670           |
|    policy_gradient_loss | -0.0207        |
|    std                  | 0.953          |
|    value_loss           | 0.00675        |
--------------------------------------------
--------------------------------------------
| rollout/                |                |
|    ep_len_mean          | 1.44e+03       |
|    ep_rew_mean          | 1.46e+03       |
| time/                   |                |
|    fps                  | 664            |
|    iterations           | 169            |
|    time_elapsed         | 260            |
|    total_timesteps      | 173056         |
| train/                  |                |
|    approx_kl            | 0.011369496    |
|    clip_fraction        | 0.122          |
|    clip_range           | 0.2            |
|    entropy_loss         | -16.4          |
|    explained_variance   | -0.00014019012 |
|    learning_rate        | 0.0003         |
|    loss                 | -0.0325        |
|    n_updates            | 1680           |
|    policy_gradient_loss | -0.0193        |
|    std                  | 0.951          |
|    value_loss           | 0.00478        |
--------------------------------------------
-------------------------------------------
| rollout/                |               |
|    ep_len_mean          | 1.44e+03      |
|    ep_rew_mean          | 1.46e+03      |
| time/                   |               |
|    fps                  | 664           |
|    iterations           | 170           |
|    time_elapsed         | 262           |
|    total_timesteps      | 174080        |
| train/                  |               |
|    approx_kl            | 0.013653775   |
|    clip_fraction        | 0.153         |
|    clip_range           | 0.2           |
|    entropy_loss         | -16.4         |
|    explained_variance   | -0.0001527071 |
|    learning_rate        | 0.0003        |
|    loss                 | -0.0343       |
|    n_updates            | 1690          |
|    policy_gradient_loss | -0.0213       |
|    std                  | 0.95          |
|    value_loss           | 0.00721       |
-------------------------------------------
--------------------------------------------
| rollout/                |                |
|    ep_len_mean          | 1.44e+03       |
|    ep_rew_mean          | 1.46e+03       |
| time/                   |                |
|    fps                  | 664            |
|    iterations           | 171            |
|    time_elapsed         | 263            |
|    total_timesteps      | 175104         |
| train/                  |                |
|    approx_kl            | 0.012543487    |
|    clip_fraction        | 0.173          |
|    clip_range           | 0.2            |
|    entropy_loss         | -16.4          |
|    explained_variance   | -0.00013101101 |
|    learning_rate        | 0.0003         |
|    loss                 | -0.0382        |
|    n_updates            | 1700           |
|    policy_gradient_loss | -0.0225        |
|    std                  | 0.949          |
|    value_loss           | 0.00803        |
--------------------------------------------
--------------------------------------------
| rollout/                |                |
|    ep_len_mean          | 1.44e+03       |
|    ep_rew_mean          | 1.46e+03       |
| time/                   |                |
|    fps                  | 664            |
|    iterations           | 172            |
|    time_elapsed         | 265            |
|    total_timesteps      | 176128         |
| train/                  |                |
|    approx_kl            | 0.016068837    |
|    clip_fraction        | 0.208          |
|    clip_range           | 0.2            |
|    entropy_loss         | -16.4          |
|    explained_variance   | -0.00038051605 |
|    learning_rate        | 0.0003         |
|    loss                 | -0.0271        |
|    n_updates            | 1710           |
|    policy_gradient_loss | -0.0255        |
|    std                  | 0.95           |
|    value_loss           | 0.00553        |
--------------------------------------------
--------------------------------------------
| rollout/                |                |
|    ep_len_mean          | 1.44e+03       |
|    ep_rew_mean          | 1.46e+03       |
| time/                   |                |
|    fps                  | 664            |
|    iterations           | 173            |
|    time_elapsed         | 266            |
|    total_timesteps      | 177152         |
| train/                  |                |
|    approx_kl            | 0.0131723145   |
|    clip_fraction        | 0.155          |
|    clip_range           | 0.2            |
|    entropy_loss         | -16.4          |
|    explained_variance   | -0.00015103817 |
|    learning_rate        | 0.0003         |
|    loss                 | -0.0229        |
|    n_updates            | 1720           |
|    policy_gradient_loss | -0.021         |
|    std                  | 0.949          |
|    value_loss           | 0.00943        |
--------------------------------------------
-------------------------------------------
| rollout/                |               |
|    ep_len_mean          | 1.44e+03      |
|    ep_rew_mean          | 1.46e+03      |
| time/                   |               |
|    fps                  | 664           |
|    iterations           | 174           |
|    time_elapsed         | 267           |
|    total_timesteps      | 178176        |
| train/                  |               |
|    approx_kl            | 0.013257438   |
|    clip_fraction        | 0.147         |
|    clip_range           | 0.2           |
|    entropy_loss         | -16.4         |
|    explained_variance   | -8.499622e-05 |
|    learning_rate        | 0.0003        |
|    loss                 | -0.0471       |
|    n_updates            | 1730          |
|    policy_gradient_loss | -0.0236       |
|    std                  | 0.948         |
|    value_loss           | 0.00864       |
-------------------------------------------
-------------------------------------------
| rollout/                |               |
|    ep_len_mean          | 1.44e+03      |
|    ep_rew_mean          | 1.46e+03      |
| time/                   |               |
|    fps                  | 665           |
|    iterations           | 175           |
|    time_elapsed         | 269           |
|    total_timesteps      | 179200        |
| train/                  |               |
|    approx_kl            | 0.011157714   |
|    clip_fraction        | 0.17          |
|    clip_range           | 0.2           |
|    entropy_loss         | -16.4         |
|    explained_variance   | -6.914139e-06 |
|    learning_rate        | 0.0003        |
|    loss                 | -0.0379       |
|    n_updates            | 1740          |
|    policy_gradient_loss | -0.0235       |
|    std                  | 0.947         |
|    value_loss           | 0.00663       |
-------------------------------------------
--------------------------------------------
| rollout/                |                |
|    ep_len_mean          | 1.44e+03       |
|    ep_rew_mean          | 1.46e+03       |
| time/                   |                |
|    fps                  | 665            |
|    iterations           | 176            |
|    time_elapsed         | 270            |
|    total_timesteps      | 180224         |
| train/                  |                |
|    approx_kl            | 0.014832869    |
|    clip_fraction        | 0.164          |
|    clip_range           | 0.2            |
|    entropy_loss         | -16.3          |
|    explained_variance   | -0.00025188923 |
|    learning_rate        | 0.0003         |
|    loss                 | -0.0383        |
|    n_updates            | 1750           |
|    policy_gradient_loss | -0.0241        |
|    std                  | 0.946          |
|    value_loss           | 0.00838        |
--------------------------------------------
--------------------------------------------
| rollout/                |                |
|    ep_len_mean          | 1.44e+03       |
|    ep_rew_mean          | 1.46e+03       |
| time/                   |                |
|    fps                  | 665            |
|    iterations           | 177            |
|    time_elapsed         | 272            |
|    total_timesteps      | 181248         |
| train/                  |                |
|    approx_kl            | 0.0154348165   |
|    clip_fraction        | 0.212          |
|    clip_range           | 0.2            |
|    entropy_loss         | -16.3          |
|    explained_variance   | -0.00030314922 |
|    learning_rate        | 0.0003         |
|    loss                 | -0.0377        |
|    n_updates            | 1760           |
|    policy_gradient_loss | -0.0266        |
|    std                  | 0.944          |
|    value_loss           | 0.00788        |
--------------------------------------------
-------------------------------------------
| rollout/                |               |
|    ep_len_mean          | 1.44e+03      |
|    ep_rew_mean          | 1.46e+03      |
| time/                   |               |
|    fps                  | 665           |
|    iterations           | 178           |
|    time_elapsed         | 273           |
|    total_timesteps      | 182272        |
| train/                  |               |
|    approx_kl            | 0.011149739   |
|    clip_fraction        | 0.14          |
|    clip_range           | 0.2           |
|    entropy_loss         | -16.3         |
|    explained_variance   | 2.2649765e-05 |
|    learning_rate        | 0.0003        |
|    loss                 | -0.033        |
|    n_updates            | 1770          |
|    policy_gradient_loss | -0.0221       |
|    std                  | 0.942         |
|    value_loss           | 0.00634       |
-------------------------------------------
-------------------------------------------
| rollout/                |               |
|    ep_len_mean          | 1.44e+03      |
|    ep_rew_mean          | 1.46e+03      |
| time/                   |               |
|    fps                  | 665           |
|    iterations           | 179           |
|    time_elapsed         | 275           |
|    total_timesteps      | 183296        |
| train/                  |               |
|    approx_kl            | 0.016603757   |
|    clip_fraction        | 0.182         |
|    clip_range           | 0.2           |
|    entropy_loss         | -16.3         |
|    explained_variance   | -9.059906e-05 |
|    learning_rate        | 0.0003        |
|    loss                 | -0.0295       |
|    n_updates            | 1780          |
|    policy_gradient_loss | -0.025        |
|    std                  | 0.939         |
|    value_loss           | 0.00471       |
-------------------------------------------
--------------------------------------------
| rollout/                |                |
|    ep_len_mean          | 1.44e+03       |
|    ep_rew_mean          | 1.46e+03       |
| time/                   |                |
|    fps                  | 665            |
|    iterations           | 180            |
|    time_elapsed         | 276            |
|    total_timesteps      | 184320         |
| train/                  |                |
|    approx_kl            | 0.013179094    |
|    clip_fraction        | 0.153          |
|    clip_range           | 0.2            |
|    entropy_loss         | -16.2          |
|    explained_variance   | -0.00024092197 |
|    learning_rate        | 0.0003         |
|    loss                 | -0.0212        |
|    n_updates            | 1790           |
|    policy_gradient_loss | -0.0205        |
|    std                  | 0.938          |
|    value_loss           | 0.00949        |
--------------------------------------------
--------------------------------------------
| rollout/                |                |
|    ep_len_mean          | 1.44e+03       |
|    ep_rew_mean          | 1.46e+03       |
| time/                   |                |
|    fps                  | 665            |
|    iterations           | 181            |
|    time_elapsed         | 278            |
|    total_timesteps      | 185344         |
| train/                  |                |
|    approx_kl            | 0.017910883    |
|    clip_fraction        | 0.202          |
|    clip_range           | 0.2            |
|    entropy_loss         | -16.2          |
|    explained_variance   | -0.00017380714 |
|    learning_rate        | 0.0003         |
|    loss                 | -0.0353        |
|    n_updates            | 1800           |
|    policy_gradient_loss | -0.027         |
|    std                  | 0.938          |
|    value_loss           | 0.00616        |
--------------------------------------------
------------------------------------------
| rollout/                |              |
|    ep_len_mean          | 1.44e+03     |
|    ep_rew_mean          | 1.46e+03     |
| time/                   |              |
|    fps                  | 666          |
|    iterations           | 182          |
|    time_elapsed         | 279          |
|    total_timesteps      | 186368       |
| train/                  |              |
|    approx_kl            | 0.013793923  |
|    clip_fraction        | 0.15         |
|    clip_range           | 0.2          |
|    entropy_loss         | -16.2        |
|    explained_variance   | -9.75132e-05 |
|    learning_rate        | 0.0003       |
|    loss                 | -0.0455      |
|    n_updates            | 1810         |
|    policy_gradient_loss | -0.0217      |
|    std                  | 0.937        |
|    value_loss           | 0.00606      |
------------------------------------------
--------------------------------------------
| rollout/                |                |
|    ep_len_mean          | 1.44e+03       |
|    ep_rew_mean          | 1.46e+03       |
| time/                   |                |
|    fps                  | 666            |
|    iterations           | 183            |
|    time_elapsed         | 281            |
|    total_timesteps      | 187392         |
| train/                  |                |
|    approx_kl            | 0.012427545    |
|    clip_fraction        | 0.132          |
|    clip_range           | 0.2            |
|    entropy_loss         | -16.2          |
|    explained_variance   | -9.1314316e-05 |
|    learning_rate        | 0.0003         |
|    loss                 | -0.0307        |
|    n_updates            | 1820           |
|    policy_gradient_loss | -0.0202        |
|    std                  | 0.935          |
|    value_loss           | 0.00455        |
--------------------------------------------
--------------------------------------------
| rollout/                |                |
|    ep_len_mean          | 1.44e+03       |
|    ep_rew_mean          | 1.46e+03       |
| time/                   |                |
|    fps                  | 666            |
|    iterations           | 184            |
|    time_elapsed         | 282            |
|    total_timesteps      | 188416         |
| train/                  |                |
|    approx_kl            | 0.014019778    |
|    clip_fraction        | 0.159          |
|    clip_range           | 0.2            |
|    entropy_loss         | -16.2          |
|    explained_variance   | -7.2836876e-05 |
|    learning_rate        | 0.0003         |
|    loss                 | -0.0271        |
|    n_updates            | 1830           |
|    policy_gradient_loss | -0.0205        |
|    std                  | 0.934          |
|    value_loss           | 0.0186         |
--------------------------------------------
--------------------------------------------
| rollout/                |                |
|    ep_len_mean          | 1.44e+03       |
|    ep_rew_mean          | 1.46e+03       |
| time/                   |                |
|    fps                  | 666            |
|    iterations           | 185            |
|    time_elapsed         | 284            |
|    total_timesteps      | 189440         |
| train/                  |                |
|    approx_kl            | 0.01369691     |
|    clip_fraction        | 0.164          |
|    clip_range           | 0.2            |
|    entropy_loss         | -16.2          |
|    explained_variance   | -0.00011074543 |
|    learning_rate        | 0.0003         |
|    loss                 | -0.0288        |
|    n_updates            | 1840           |
|    policy_gradient_loss | -0.0228        |
|    std                  | 0.934          |
|    value_loss           | 0.0105         |
--------------------------------------------
-------------------------------------------
| rollout/                |               |
|    ep_len_mean          | 1.44e+03      |
|    ep_rew_mean          | 1.46e+03      |
| time/                   |               |
|    fps                  | 666           |
|    iterations           | 186           |
|    time_elapsed         | 285           |
|    total_timesteps      | 190464        |
| train/                  |               |
|    approx_kl            | 0.013577897   |
|    clip_fraction        | 0.166         |
|    clip_range           | 0.2           |
|    entropy_loss         | -16.2         |
|    explained_variance   | -0.0001026392 |
|    learning_rate        | 0.0003        |
|    loss                 | -0.0367       |
|    n_updates            | 1850          |
|    policy_gradient_loss | -0.022        |
|    std                  | 0.933         |
|    value_loss           | 0.0148        |
-------------------------------------------
--------------------------------------------
| rollout/                |                |
|    ep_len_mean          | 1.44e+03       |
|    ep_rew_mean          | 1.46e+03       |
| time/                   |                |
|    fps                  | 666            |
|    iterations           | 187            |
|    time_elapsed         | 287            |
|    total_timesteps      | 191488         |
| train/                  |                |
|    approx_kl            | 0.011566581    |
|    clip_fraction        | 0.127          |
|    clip_range           | 0.2            |
|    entropy_loss         | -16.2          |
|    explained_variance   | -6.1035156e-05 |
|    learning_rate        | 0.0003         |
|    loss                 | -0.036         |
|    n_updates            | 1860           |
|    policy_gradient_loss | -0.0198        |
|    std                  | 0.931          |
|    value_loss           | 0.0372         |
--------------------------------------------
-------------------------------------------
| rollout/                |               |
|    ep_len_mean          | 1.44e+03      |
|    ep_rew_mean          | 1.46e+03      |
| time/                   |               |
|    fps                  | 666           |
|    iterations           | 188           |
|    time_elapsed         | 288           |
|    total_timesteps      | 192512        |
| train/                  |               |
|    approx_kl            | 0.00939651    |
|    clip_fraction        | 0.145         |
|    clip_range           | 0.2           |
|    entropy_loss         | -16.1         |
|    explained_variance   | -0.0001783371 |
|    learning_rate        | 0.0003        |
|    loss                 | -0.0193       |
|    n_updates            | 1870          |
|    policy_gradient_loss | -0.0185       |
|    std                  | 0.928         |
|    value_loss           | 0.00998       |
-------------------------------------------
--------------------------------------------
| rollout/                |                |
|    ep_len_mean          | 1.44e+03       |
|    ep_rew_mean          | 1.46e+03       |
| time/                   |                |
|    fps                  | 666            |
|    iterations           | 189            |
|    time_elapsed         | 290            |
|    total_timesteps      | 193536         |
| train/                  |                |
|    approx_kl            | 0.012351503    |
|    clip_fraction        | 0.164          |
|    clip_range           | 0.2            |
|    entropy_loss         | -16.1          |
|    explained_variance   | -0.00015079975 |
|    learning_rate        | 0.0003         |
|    loss                 | -0.018         |
|    n_updates            | 1880           |
|    policy_gradient_loss | -0.0209        |
|    std                  | 0.925          |
|    value_loss           | 0.00777        |
--------------------------------------------
-------------------------------------------
| rollout/                |               |
|    ep_len_mean          | 1.44e+03      |
|    ep_rew_mean          | 1.46e+03      |
| time/                   |               |
|    fps                  | 666           |
|    iterations           | 190           |
|    time_elapsed         | 291           |
|    total_timesteps      | 194560        |
| train/                  |               |
|    approx_kl            | 0.012409621   |
|    clip_fraction        | 0.153         |
|    clip_range           | 0.2           |
|    entropy_loss         | -16.1         |
|    explained_variance   | -7.736683e-05 |
|    learning_rate        | 0.0003        |
|    loss                 | -0.0322       |
|    n_updates            | 1890          |
|    policy_gradient_loss | -0.0223       |
|    std                  | 0.925         |
|    value_loss           | 0.0124        |
-------------------------------------------
--------------------------------------------
| rollout/                |                |
|    ep_len_mean          | 1.44e+03       |
|    ep_rew_mean          | 1.46e+03       |
| time/                   |                |
|    fps                  | 666            |
|    iterations           | 191            |
|    time_elapsed         | 293            |
|    total_timesteps      | 195584         |
| train/                  |                |
|    approx_kl            | 0.0150996465   |
|    clip_fraction        | 0.166          |
|    clip_range           | 0.2            |
|    entropy_loss         | -16.1          |
|    explained_variance   | -0.00023841858 |
|    learning_rate        | 0.0003         |
|    loss                 | -0.0315        |
|    n_updates            | 1900           |
|    policy_gradient_loss | -0.0237        |
|    std                  | 0.926          |
|    value_loss           | 0.00836        |
--------------------------------------------
--------------------------------------------
| rollout/                |                |
|    ep_len_mean          | 1.44e+03       |
|    ep_rew_mean          | 1.46e+03       |
| time/                   |                |
|    fps                  | 667            |
|    iterations           | 192            |
|    time_elapsed         | 294            |
|    total_timesteps      | 196608         |
| train/                  |                |
|    approx_kl            | 0.013946572    |
|    clip_fraction        | 0.142          |
|    clip_range           | 0.2            |
|    entropy_loss         | -16.1          |
|    explained_variance   | -0.00018918514 |
|    learning_rate        | 0.0003         |
|    loss                 | -0.0376        |
|    n_updates            | 1910           |
|    policy_gradient_loss | -0.0211        |
|    std                  | 0.925          |
|    value_loss           | 0.00817        |
--------------------------------------------
--------------------------------------------
| rollout/                |                |
|    ep_len_mean          | 1.44e+03       |
|    ep_rew_mean          | 1.46e+03       |
| time/                   |                |
|    fps                  | 667            |
|    iterations           | 193            |
|    time_elapsed         | 296            |
|    total_timesteps      | 197632         |
| train/                  |                |
|    approx_kl            | 0.011885965    |
|    clip_fraction        | 0.141          |
|    clip_range           | 0.2            |
|    entropy_loss         | -16.1          |
|    explained_variance   | -0.00023508072 |
|    learning_rate        | 0.0003         |
|    loss                 | -0.024         |
|    n_updates            | 1920           |
|    policy_gradient_loss | -0.0211        |
|    std                  | 0.924          |
|    value_loss           | 0.0152         |
--------------------------------------------
--------------------------------------------
| rollout/                |                |
|    ep_len_mean          | 1.44e+03       |
|    ep_rew_mean          | 1.46e+03       |
| time/                   |                |
|    fps                  | 667            |
|    iterations           | 194            |
|    time_elapsed         | 297            |
|    total_timesteps      | 198656         |
| train/                  |                |
|    approx_kl            | 0.013525005    |
|    clip_fraction        | 0.159          |
|    clip_range           | 0.2            |
|    entropy_loss         | -16.1          |
|    explained_variance   | -0.00028467178 |
|    learning_rate        | 0.0003         |
|    loss                 | -0.0245        |
|    n_updates            | 1930           |
|    policy_gradient_loss | -0.0226        |
|    std                  | 0.925          |
|    value_loss           | 0.0094         |
--------------------------------------------
-------------------------------------------
| rollout/                |               |
|    ep_len_mean          | 1.44e+03      |
|    ep_rew_mean          | 1.46e+03      |
| time/                   |               |
|    fps                  | 667           |
|    iterations           | 195           |
|    time_elapsed         | 299           |
|    total_timesteps      | 199680        |
| train/                  |               |
|    approx_kl            | 0.016776752   |
|    clip_fraction        | 0.203         |
|    clip_range           | 0.2           |
|    entropy_loss         | -16.1         |
|    explained_variance   | 2.1517277e-05 |
|    learning_rate        | 0.0003        |
|    loss                 | -0.0492       |
|    n_updates            | 1940          |
|    policy_gradient_loss | -0.0246       |
|    std                  | 0.925         |
|    value_loss           | 0.00504       |
-------------------------------------------
--------------------------------------------
| rollout/                |                |
|    ep_len_mean          | 1.44e+03       |
|    ep_rew_mean          | 1.46e+03       |
| time/                   |                |
|    fps                  | 667            |
|    iterations           | 196            |
|    time_elapsed         | 300            |
|    total_timesteps      | 200704         |
| train/                  |                |
|    approx_kl            | 0.01220298     |
|    clip_fraction        | 0.142          |
|    clip_range           | 0.2            |
|    entropy_loss         | -16.1          |
|    explained_variance   | -0.00010359287 |
|    learning_rate        | 0.0003         |
|    loss                 | -0.0137        |
|    n_updates            | 1950           |
|    policy_gradient_loss | -0.0218        |
|    std                  | 0.925          |
|    value_loss           | 0.00791        |
--------------------------------------------
Política MuJoCo guardada en /home/juli/unitree_ros2/nova-spot-micro-tesis/Experimentos/campana_distribuida_step_s23_20260928/mujoco/step_semilla_1012/policy.zip
