Using cuda device
Wrapping the env with a `Monitor` wrapper
Wrapping the env in a DummyVecEnv.
-----------------------------
| time/              |      |
|    fps             | 680  |
|    iterations      | 1    |
|    time_elapsed    | 1    |
|    total_timesteps | 1024 |
-----------------------------
------------------------------------------
| rollout/                |              |
|    ep_len_mean          | 1.44e+03     |
|    ep_rew_mean          | 1.44e+03     |
| time/                   |              |
|    fps                  | 584          |
|    iterations           | 2            |
|    time_elapsed         | 3            |
|    total_timesteps      | 2048         |
| train/                  |              |
|    approx_kl            | 0.010756587  |
|    clip_fraction        | 0.166        |
|    clip_range           | 0.2          |
|    entropy_loss         | -17          |
|    explained_variance   | -0.044739127 |
|    learning_rate        | 0.0003       |
|    loss                 | 97           |
|    n_updates            | 10           |
|    policy_gradient_loss | -0.0118      |
|    std                  | 0.999        |
|    value_loss           | 234          |
------------------------------------------
------------------------------------------
| rollout/                |              |
|    ep_len_mean          | 1.44e+03     |
|    ep_rew_mean          | 1.45e+03     |
| time/                   |              |
|    fps                  | 594          |
|    iterations           | 3            |
|    time_elapsed         | 5            |
|    total_timesteps      | 3072         |
| train/                  |              |
|    approx_kl            | 0.010845938  |
|    clip_fraction        | 0.127        |
|    clip_range           | 0.2          |
|    entropy_loss         | -17          |
|    explained_variance   | -0.019882202 |
|    learning_rate        | 0.0003       |
|    loss                 | 88.9         |
|    n_updates            | 20           |
|    policy_gradient_loss | -0.00995     |
|    std                  | 0.999        |
|    value_loss           | 217          |
------------------------------------------
-----------------------------------------
| rollout/                |             |
|    ep_len_mean          | 1.44e+03    |
|    ep_rew_mean          | 1.45e+03    |
| time/                   |             |
|    fps                  | 601         |
|    iterations           | 4           |
|    time_elapsed         | 6           |
|    total_timesteps      | 4096        |
| train/                  |             |
|    approx_kl            | 0.020979214 |
|    clip_fraction        | 0.209       |
|    clip_range           | 0.2         |
|    entropy_loss         | -17         |
|    explained_variance   | -0.0160141  |
|    learning_rate        | 0.0003      |
|    loss                 | 95.6        |
|    n_updates            | 30          |
|    policy_gradient_loss | -0.0129     |
|    std                  | 1           |
|    value_loss           | 213         |
-----------------------------------------
------------------------------------------
| rollout/                |              |
|    ep_len_mean          | 1.44e+03     |
|    ep_rew_mean          | 1.45e+03     |
| time/                   |              |
|    fps                  | 611          |
|    iterations           | 5            |
|    time_elapsed         | 8            |
|    total_timesteps      | 5120         |
| train/                  |              |
|    approx_kl            | 0.017701268  |
|    clip_fraction        | 0.168        |
|    clip_range           | 0.2          |
|    entropy_loss         | -17          |
|    explained_variance   | -0.023675203 |
|    learning_rate        | 0.0003       |
|    loss                 | 98.6         |
|    n_updates            | 40           |
|    policy_gradient_loss | -0.0107      |
|    std                  | 1            |
|    value_loss           | 217          |
------------------------------------------
-------------------------------------------
| rollout/                |               |
|    ep_len_mean          | 1.44e+03      |
|    ep_rew_mean          | 1.44e+03      |
| time/                   |               |
|    fps                  | 623           |
|    iterations           | 6             |
|    time_elapsed         | 9             |
|    total_timesteps      | 6144          |
| train/                  |               |
|    approx_kl            | 0.009108072   |
|    clip_fraction        | 0.133         |
|    clip_range           | 0.2           |
|    entropy_loss         | -17           |
|    explained_variance   | -0.0049464703 |
|    learning_rate        | 0.0003        |
|    loss                 | 98.6          |
|    n_updates            | 50            |
|    policy_gradient_loss | -0.00954      |
|    std                  | 1             |
|    value_loss           | 210           |
-------------------------------------------
-------------------------------------------
| rollout/                |               |
|    ep_len_mean          | 1.44e+03      |
|    ep_rew_mean          | 1.44e+03      |
| time/                   |               |
|    fps                  | 629           |
|    iterations           | 7             |
|    time_elapsed         | 11            |
|    total_timesteps      | 7168          |
| train/                  |               |
|    approx_kl            | 0.012694154   |
|    clip_fraction        | 0.147         |
|    clip_range           | 0.2           |
|    entropy_loss         | -17           |
|    explained_variance   | 0.00096160173 |
|    learning_rate        | 0.0003        |
|    loss                 | 96.8          |
|    n_updates            | 60            |
|    policy_gradient_loss | -0.0127       |
|    std                  | 1             |
|    value_loss           | 207           |
-------------------------------------------
------------------------------------------
| rollout/                |              |
|    ep_len_mean          | 1.44e+03     |
|    ep_rew_mean          | 1.44e+03     |
| time/                   |              |
|    fps                  | 635          |
|    iterations           | 8            |
|    time_elapsed         | 12           |
|    total_timesteps      | 8192         |
| train/                  |              |
|    approx_kl            | 0.017480386  |
|    clip_fraction        | 0.148        |
|    clip_range           | 0.2          |
|    entropy_loss         | -17.1        |
|    explained_variance   | -0.006167054 |
|    learning_rate        | 0.0003       |
|    loss                 | 97.7         |
|    n_updates            | 70           |
|    policy_gradient_loss | -0.0084      |
|    std                  | 1            |
|    value_loss           | 209          |
------------------------------------------
-----------------------------------------
| rollout/                |             |
|    ep_len_mean          | 1.44e+03    |
|    ep_rew_mean          | 1.44e+03    |
| time/                   |             |
|    fps                  | 640         |
|    iterations           | 9           |
|    time_elapsed         | 14          |
|    total_timesteps      | 9216        |
| train/                  |             |
|    approx_kl            | 0.01119196  |
|    clip_fraction        | 0.0989      |
|    clip_range           | 0.2         |
|    entropy_loss         | -17.1       |
|    explained_variance   | -0.00210011 |
|    learning_rate        | 0.0003      |
|    loss                 | 92.9        |
|    n_updates            | 80          |
|    policy_gradient_loss | -0.0074     |
|    std                  | 1           |
|    value_loss           | 201         |
-----------------------------------------
-------------------------------------------
| rollout/                |               |
|    ep_len_mean          | 1.44e+03      |
|    ep_rew_mean          | 1.44e+03      |
| time/                   |               |
|    fps                  | 643           |
|    iterations           | 10            |
|    time_elapsed         | 15            |
|    total_timesteps      | 10240         |
| train/                  |               |
|    approx_kl            | 0.011432399   |
|    clip_fraction        | 0.146         |
|    clip_range           | 0.2           |
|    entropy_loss         | -17.1         |
|    explained_variance   | -0.0006569624 |
|    learning_rate        | 0.0003        |
|    loss                 | 92.3          |
|    n_updates            | 90            |
|    policy_gradient_loss | -0.0132       |
|    std                  | 1             |
|    value_loss           | 196           |
-------------------------------------------
-------------------------------------------
| rollout/                |               |
|    ep_len_mean          | 1.44e+03      |
|    ep_rew_mean          | 1.44e+03      |
| time/                   |               |
|    fps                  | 645           |
|    iterations           | 11            |
|    time_elapsed         | 17            |
|    total_timesteps      | 11264         |
| train/                  |               |
|    approx_kl            | 0.011419367   |
|    clip_fraction        | 0.136         |
|    clip_range           | 0.2           |
|    entropy_loss         | -17.1         |
|    explained_variance   | 0.00012803078 |
|    learning_rate        | 0.0003        |
|    loss                 | 87.2          |
|    n_updates            | 100           |
|    policy_gradient_loss | -0.0103       |
|    std                  | 1.01          |
|    value_loss           | 192           |
-------------------------------------------
-------------------------------------------
| rollout/                |               |
|    ep_len_mean          | 1.44e+03      |
|    ep_rew_mean          | 1.44e+03      |
| time/                   |               |
|    fps                  | 647           |
|    iterations           | 12            |
|    time_elapsed         | 18            |
|    total_timesteps      | 12288         |
| train/                  |               |
|    approx_kl            | 0.018271113   |
|    clip_fraction        | 0.204         |
|    clip_range           | 0.2           |
|    entropy_loss         | -17.1         |
|    explained_variance   | -0.0007607937 |
|    learning_rate        | 0.0003        |
|    loss                 | 90            |
|    n_updates            | 110           |
|    policy_gradient_loss | -0.0137       |
|    std                  | 1.01          |
|    value_loss           | 193           |
-------------------------------------------
------------------------------------------
| rollout/                |              |
|    ep_len_mean          | 1.44e+03     |
|    ep_rew_mean          | 1.44e+03     |
| time/                   |              |
|    fps                  | 649          |
|    iterations           | 13           |
|    time_elapsed         | 20           |
|    total_timesteps      | 13312        |
| train/                  |              |
|    approx_kl            | 0.009369799  |
|    clip_fraction        | 0.136        |
|    clip_range           | 0.2          |
|    entropy_loss         | -17.1        |
|    explained_variance   | 0.0006222129 |
|    learning_rate        | 0.0003       |
|    loss                 | 86.6         |
|    n_updates            | 120          |
|    policy_gradient_loss | -0.0106      |
|    std                  | 1.01         |
|    value_loss           | 184          |
------------------------------------------
-------------------------------------------
| rollout/                |               |
|    ep_len_mean          | 1.44e+03      |
|    ep_rew_mean          | 1.44e+03      |
| time/                   |               |
|    fps                  | 652           |
|    iterations           | 14            |
|    time_elapsed         | 21            |
|    total_timesteps      | 14336         |
| train/                  |               |
|    approx_kl            | 0.015004754   |
|    clip_fraction        | 0.149         |
|    clip_range           | 0.2           |
|    entropy_loss         | -17.1         |
|    explained_variance   | 0.00039672852 |
|    learning_rate        | 0.0003        |
|    loss                 | 83.8          |
|    n_updates            | 130           |
|    policy_gradient_loss | -0.0111       |
|    std                  | 1             |
|    value_loss           | 181           |
-------------------------------------------
-------------------------------------------
| rollout/                |               |
|    ep_len_mean          | 1.44e+03      |
|    ep_rew_mean          | 1.44e+03      |
| time/                   |               |
|    fps                  | 654           |
|    iterations           | 15            |
|    time_elapsed         | 23            |
|    total_timesteps      | 15360         |
| train/                  |               |
|    approx_kl            | 0.013978904   |
|    clip_fraction        | 0.147         |
|    clip_range           | 0.2           |
|    entropy_loss         | -17.1         |
|    explained_variance   | 0.00023913383 |
|    learning_rate        | 0.0003        |
|    loss                 | 85.4          |
|    n_updates            | 140           |
|    policy_gradient_loss | -0.0117       |
|    std                  | 1             |
|    value_loss           | 182           |
-------------------------------------------
--------------------------------------------
| rollout/                |                |
|    ep_len_mean          | 1.44e+03       |
|    ep_rew_mean          | 1.44e+03       |
| time/                   |                |
|    fps                  | 656            |
|    iterations           | 16             |
|    time_elapsed         | 24             |
|    total_timesteps      | 16384          |
| train/                  |                |
|    approx_kl            | 0.010897625    |
|    clip_fraction        | 0.124          |
|    clip_range           | 0.2            |
|    entropy_loss         | -17.1          |
|    explained_variance   | -0.00039839745 |
|    learning_rate        | 0.0003         |
|    loss                 | 81.7           |
|    n_updates            | 150            |
|    policy_gradient_loss | -0.00995       |
|    std                  | 1              |
|    value_loss           | 173            |
--------------------------------------------
-------------------------------------------
| rollout/                |               |
|    ep_len_mean          | 1.44e+03      |
|    ep_rew_mean          | 1.44e+03      |
| time/                   |               |
|    fps                  | 657           |
|    iterations           | 17            |
|    time_elapsed         | 26            |
|    total_timesteps      | 17408         |
| train/                  |               |
|    approx_kl            | 0.010206609   |
|    clip_fraction        | 0.143         |
|    clip_range           | 0.2           |
|    entropy_loss         | -17.1         |
|    explained_variance   | 0.00050991774 |
|    learning_rate        | 0.0003        |
|    loss                 | 79            |
|    n_updates            | 160           |
|    policy_gradient_loss | -0.0126       |
|    std                  | 1.01          |
|    value_loss           | 169           |
-------------------------------------------
--------------------------------------------
| rollout/                |                |
|    ep_len_mean          | 1.44e+03       |
|    ep_rew_mean          | 1.44e+03       |
| time/                   |                |
|    fps                  | 659            |
|    iterations           | 18             |
|    time_elapsed         | 27             |
|    total_timesteps      | 18432          |
| train/                  |                |
|    approx_kl            | 0.011967042    |
|    clip_fraction        | 0.144          |
|    clip_range           | 0.2            |
|    entropy_loss         | -17.1          |
|    explained_variance   | -0.00035357475 |
|    learning_rate        | 0.0003         |
|    loss                 | 77.9           |
|    n_updates            | 170            |
|    policy_gradient_loss | -0.0108        |
|    std                  | 1.01           |
|    value_loss           | 167            |
--------------------------------------------
-----------------------------------------
| rollout/                |             |
|    ep_len_mean          | 1.44e+03    |
|    ep_rew_mean          | 1.44e+03    |
| time/                   |             |
|    fps                  | 660         |
|    iterations           | 19          |
|    time_elapsed         | 29          |
|    total_timesteps      | 19456       |
| train/                  |             |
|    approx_kl            | 0.013020016 |
|    clip_fraction        | 0.147       |
|    clip_range           | 0.2         |
|    entropy_loss         | -17.1       |
|    explained_variance   | 0.000882864 |
|    learning_rate        | 0.0003      |
|    loss                 | 78.7        |
|    n_updates            | 180         |
|    policy_gradient_loss | -0.0102     |
|    std                  | 1.01        |
|    value_loss           | 168         |
-----------------------------------------
-------------------------------------------
| rollout/                |               |
|    ep_len_mean          | 1.44e+03      |
|    ep_rew_mean          | 1.44e+03      |
| time/                   |               |
|    fps                  | 655           |
|    iterations           | 20            |
|    time_elapsed         | 31            |
|    total_timesteps      | 20480         |
| train/                  |               |
|    approx_kl            | 0.01042024    |
|    clip_fraction        | 0.161         |
|    clip_range           | 0.2           |
|    entropy_loss         | -17.2         |
|    explained_variance   | 0.00019800663 |
|    learning_rate        | 0.0003        |
|    loss                 | 74.7          |
|    n_updates            | 190           |
|    policy_gradient_loss | -0.0136       |
|    std                  | 1.01          |
|    value_loss           | 160           |
-------------------------------------------
------------------------------------------
| rollout/                |              |
|    ep_len_mean          | 1.44e+03     |
|    ep_rew_mean          | 1.44e+03     |
| time/                   |              |
|    fps                  | 650          |
|    iterations           | 21           |
|    time_elapsed         | 33           |
|    total_timesteps      | 21504        |
| train/                  |              |
|    approx_kl            | 0.013412086  |
|    clip_fraction        | 0.176        |
|    clip_range           | 0.2          |
|    entropy_loss         | -17.2        |
|    explained_variance   | 9.870529e-05 |
|    learning_rate        | 0.0003       |
|    loss                 | 74.9         |
|    n_updates            | 200          |
|    policy_gradient_loss | -0.0167      |
|    std                  | 1.01         |
|    value_loss           | 157          |
------------------------------------------
--------------------------------------------
| rollout/                |                |
|    ep_len_mean          | 1.44e+03       |
|    ep_rew_mean          | 1.44e+03       |
| time/                   |                |
|    fps                  | 645            |
|    iterations           | 22             |
|    time_elapsed         | 34             |
|    total_timesteps      | 22528          |
| train/                  |                |
|    approx_kl            | 0.015487069    |
|    clip_fraction        | 0.166          |
|    clip_range           | 0.2            |
|    entropy_loss         | -17.2          |
|    explained_variance   | -0.00011718273 |
|    learning_rate        | 0.0003         |
|    loss                 | 73.7           |
|    n_updates            | 210            |
|    policy_gradient_loss | -0.0109        |
|    std                  | 1.01           |
|    value_loss           | 157            |
--------------------------------------------
-------------------------------------------
| rollout/                |               |
|    ep_len_mean          | 1.44e+03      |
|    ep_rew_mean          | 1.44e+03      |
| time/                   |               |
|    fps                  | 642           |
|    iterations           | 23            |
|    time_elapsed         | 36            |
|    total_timesteps      | 23552         |
| train/                  |               |
|    approx_kl            | 0.019777067   |
|    clip_fraction        | 0.246         |
|    clip_range           | 0.2           |
|    entropy_loss         | -17.2         |
|    explained_variance   | 1.3709068e-06 |
|    learning_rate        | 0.0003        |
|    loss                 | 69.8          |
|    n_updates            | 220           |
|    policy_gradient_loss | -0.0169       |
|    std                  | 1.02          |
|    value_loss           | 151           |
-------------------------------------------
-------------------------------------------
| rollout/                |               |
|    ep_len_mean          | 1.44e+03      |
|    ep_rew_mean          | 1.44e+03      |
| time/                   |               |
|    fps                  | 638           |
|    iterations           | 24            |
|    time_elapsed         | 38            |
|    total_timesteps      | 24576         |
| train/                  |               |
|    approx_kl            | 0.013206605   |
|    clip_fraction        | 0.206         |
|    clip_range           | 0.2           |
|    entropy_loss         | -17.2         |
|    explained_variance   | -9.298325e-06 |
|    learning_rate        | 0.0003        |
|    loss                 | 68.5          |
|    n_updates            | 230           |
|    policy_gradient_loss | -0.0154       |
|    std                  | 1.02          |
|    value_loss           | 147           |
-------------------------------------------
---------------------------------------------
| rollout/                |                 |
|    ep_len_mean          | 1.44e+03        |
|    ep_rew_mean          | 1.44e+03        |
| time/                   |                 |
|    fps                  | 640             |
|    iterations           | 25              |
|    time_elapsed         | 39              |
|    total_timesteps      | 25600           |
| train/                  |                 |
|    approx_kl            | 0.008659724     |
|    clip_fraction        | 0.108           |
|    clip_range           | 0.2             |
|    entropy_loss         | -17.2           |
|    explained_variance   | -0.000104665756 |
|    learning_rate        | 0.0003          |
|    loss                 | 67.3            |
|    n_updates            | 240             |
|    policy_gradient_loss | -0.00995        |
|    std                  | 1.02            |
|    value_loss           | 144             |
---------------------------------------------
-------------------------------------------
| rollout/                |               |
|    ep_len_mean          | 1.44e+03      |
|    ep_rew_mean          | 1.44e+03      |
| time/                   |               |
|    fps                  | 642           |
|    iterations           | 26            |
|    time_elapsed         | 41            |
|    total_timesteps      | 26624         |
| train/                  |               |
|    approx_kl            | 0.02811159    |
|    clip_fraction        | 0.293         |
|    clip_range           | 0.2           |
|    entropy_loss         | -17.3         |
|    explained_variance   | 0.00022375584 |
|    learning_rate        | 0.0003        |
|    loss                 | 67.7          |
|    n_updates            | 250           |
|    policy_gradient_loss | -0.0173       |
|    std                  | 1.02          |
|    value_loss           | 144           |
-------------------------------------------
-------------------------------------------
| rollout/                |               |
|    ep_len_mean          | 1.44e+03      |
|    ep_rew_mean          | 1.44e+03      |
| time/                   |               |
|    fps                  | 643           |
|    iterations           | 27            |
|    time_elapsed         | 42            |
|    total_timesteps      | 27648         |
| train/                  |               |
|    approx_kl            | 0.015134424   |
|    clip_fraction        | 0.198         |
|    clip_range           | 0.2           |
|    entropy_loss         | -17.3         |
|    explained_variance   | -8.583069e-06 |
|    learning_rate        | 0.0003        |
|    loss                 | 63.4          |
|    n_updates            | 260           |
|    policy_gradient_loss | -0.0163       |
|    std                  | 1.02          |
|    value_loss           | 138           |
-------------------------------------------
--------------------------------------------
| rollout/                |                |
|    ep_len_mean          | 1.44e+03       |
|    ep_rew_mean          | 1.44e+03       |
| time/                   |                |
|    fps                  | 643            |
|    iterations           | 28             |
|    time_elapsed         | 44             |
|    total_timesteps      | 28672          |
| train/                  |                |
|    approx_kl            | 0.013720983    |
|    clip_fraction        | 0.23           |
|    clip_range           | 0.2            |
|    entropy_loss         | -17.3          |
|    explained_variance   | -0.00030088425 |
|    learning_rate        | 0.0003         |
|    loss                 | 63.3           |
|    n_updates            | 270            |
|    policy_gradient_loss | -0.0153        |
|    std                  | 1.02           |
|    value_loss           | 135            |
--------------------------------------------
--------------------------------------------
| rollout/                |                |
|    ep_len_mean          | 1.44e+03       |
|    ep_rew_mean          | 1.44e+03       |
| time/                   |                |
|    fps                  | 644            |
|    iterations           | 29             |
|    time_elapsed         | 46             |
|    total_timesteps      | 29696          |
| train/                  |                |
|    approx_kl            | 0.02559397     |
|    clip_fraction        | 0.247          |
|    clip_range           | 0.2            |
|    entropy_loss         | -17.3          |
|    explained_variance   | -5.2452087e-06 |
|    learning_rate        | 0.0003         |
|    loss                 | 63.4           |
|    n_updates            | 280            |
|    policy_gradient_loss | -0.0148        |
|    std                  | 1.03           |
|    value_loss           | 135            |
--------------------------------------------
-------------------------------------------
| rollout/                |               |
|    ep_len_mean          | 1.44e+03      |
|    ep_rew_mean          | 1.44e+03      |
| time/                   |               |
|    fps                  | 644           |
|    iterations           | 30            |
|    time_elapsed         | 47            |
|    total_timesteps      | 30720         |
| train/                  |               |
|    approx_kl            | 0.014680708   |
|    clip_fraction        | 0.204         |
|    clip_range           | 0.2           |
|    entropy_loss         | -17.3         |
|    explained_variance   | 7.7307224e-05 |
|    learning_rate        | 0.0003        |
|    loss                 | 60.8          |
|    n_updates            | 290           |
|    policy_gradient_loss | -0.0163       |
|    std                  | 1.03          |
|    value_loss           | 129           |
-------------------------------------------
--------------------------------------------
| rollout/                |                |
|    ep_len_mean          | 1.44e+03       |
|    ep_rew_mean          | 1.44e+03       |
| time/                   |                |
|    fps                  | 644            |
|    iterations           | 31             |
|    time_elapsed         | 49             |
|    total_timesteps      | 31744          |
| train/                  |                |
|    approx_kl            | 0.010207272    |
|    clip_fraction        | 0.154          |
|    clip_range           | 0.2            |
|    entropy_loss         | -17.4          |
|    explained_variance   | -4.0769577e-05 |
|    learning_rate        | 0.0003         |
|    loss                 | 58.4           |
|    n_updates            | 300            |
|    policy_gradient_loss | -0.0128        |
|    std                  | 1.03           |
|    value_loss           | 126            |
--------------------------------------------
-------------------------------------------
| rollout/                |               |
|    ep_len_mean          | 1.44e+03      |
|    ep_rew_mean          | 1.44e+03      |
| time/                   |               |
|    fps                  | 645           |
|    iterations           | 32            |
|    time_elapsed         | 50            |
|    total_timesteps      | 32768         |
| train/                  |               |
|    approx_kl            | 0.0126060825  |
|    clip_fraction        | 0.132         |
|    clip_range           | 0.2           |
|    entropy_loss         | -17.4         |
|    explained_variance   | -7.987022e-06 |
|    learning_rate        | 0.0003        |
|    loss                 | 57.2          |
|    n_updates            | 310           |
|    policy_gradient_loss | -0.0109       |
|    std                  | 1.03          |
|    value_loss           | 123           |
-------------------------------------------
-----------------------------------------
| rollout/                |             |
|    ep_len_mean          | 1.44e+03    |
|    ep_rew_mean          | 1.44e+03    |
| time/                   |             |
|    fps                  | 646         |
|    iterations           | 33          |
|    time_elapsed         | 52          |
|    total_timesteps      | 33792       |
| train/                  |             |
|    approx_kl            | 0.017241808 |
|    clip_fraction        | 0.181       |
|    clip_range           | 0.2         |
|    entropy_loss         | -17.4       |
|    explained_variance   | 0.000344038 |
|    learning_rate        | 0.0003      |
|    loss                 | 56.2        |
|    n_updates            | 320         |
|    policy_gradient_loss | -0.014      |
|    std                  | 1.03        |
|    value_loss           | 123         |
-----------------------------------------
-------------------------------------------
| rollout/                |               |
|    ep_len_mean          | 1.44e+03      |
|    ep_rew_mean          | 1.44e+03      |
| time/                   |               |
|    fps                  | 646           |
|    iterations           | 34            |
|    time_elapsed         | 53            |
|    total_timesteps      | 34816         |
| train/                  |               |
|    approx_kl            | 0.011222828   |
|    clip_fraction        | 0.175         |
|    clip_range           | 0.2           |
|    entropy_loss         | -17.4         |
|    explained_variance   | 0.00010341406 |
|    learning_rate        | 0.0003        |
|    loss                 | 54.5          |
|    n_updates            | 330           |
|    policy_gradient_loss | -0.015        |
|    std                  | 1.04          |
|    value_loss           | 118           |
-------------------------------------------
------------------------------------------
| rollout/                |              |
|    ep_len_mean          | 1.44e+03     |
|    ep_rew_mean          | 1.44e+03     |
| time/                   |              |
|    fps                  | 646          |
|    iterations           | 35           |
|    time_elapsed         | 55           |
|    total_timesteps      | 35840        |
| train/                  |              |
|    approx_kl            | 0.0093506845 |
|    clip_fraction        | 0.152        |
|    clip_range           | 0.2          |
|    entropy_loss         | -17.5        |
|    explained_variance   | 0.0001077652 |
|    learning_rate        | 0.0003       |
|    loss                 | 54.1         |
|    n_updates            | 340          |
|    policy_gradient_loss | -0.0137      |
|    std                  | 1.04         |
|    value_loss           | 115          |
------------------------------------------
--------------------------------------------
| rollout/                |                |
|    ep_len_mean          | 1.44e+03       |
|    ep_rew_mean          | 1.44e+03       |
| time/                   |                |
|    fps                  | 647            |
|    iterations           | 36             |
|    time_elapsed         | 56             |
|    total_timesteps      | 36864          |
| train/                  |                |
|    approx_kl            | 0.014778236    |
|    clip_fraction        | 0.15           |
|    clip_range           | 0.2            |
|    entropy_loss         | -17.5          |
|    explained_variance   | -0.00016832352 |
|    learning_rate        | 0.0003         |
|    loss                 | 53.7           |
|    n_updates            | 350            |
|    policy_gradient_loss | -0.0109        |
|    std                  | 1.04           |
|    value_loss           | 115            |
--------------------------------------------
-------------------------------------------
| rollout/                |               |
|    ep_len_mean          | 1.44e+03      |
|    ep_rew_mean          | 1.44e+03      |
| time/                   |               |
|    fps                  | 647           |
|    iterations           | 37            |
|    time_elapsed         | 58            |
|    total_timesteps      | 37888         |
| train/                  |               |
|    approx_kl            | 0.02078099    |
|    clip_fraction        | 0.209         |
|    clip_range           | 0.2           |
|    entropy_loss         | -17.5         |
|    explained_variance   | -7.903576e-05 |
|    learning_rate        | 0.0003        |
|    loss                 | 51.1          |
|    n_updates            | 360           |
|    policy_gradient_loss | -0.0154       |
|    std                  | 1.04          |
|    value_loss           | 110           |
-------------------------------------------
------------------------------------------
| rollout/                |              |
|    ep_len_mean          | 1.44e+03     |
|    ep_rew_mean          | 1.44e+03     |
| time/                   |              |
|    fps                  | 647          |
|    iterations           | 38           |
|    time_elapsed         | 60           |
|    total_timesteps      | 38912        |
| train/                  |              |
|    approx_kl            | 0.009217069  |
|    clip_fraction        | 0.113        |
|    clip_range           | 0.2          |
|    entropy_loss         | -17.5        |
|    explained_variance   | 0.0004938841 |
|    learning_rate        | 0.0003       |
|    loss                 | 50           |
|    n_updates            | 370          |
|    policy_gradient_loss | -0.0117      |
|    std                  | 1.04         |
|    value_loss           | 107          |
------------------------------------------
--------------------------------------------
| rollout/                |                |
|    ep_len_mean          | 1.44e+03       |
|    ep_rew_mean          | 1.44e+03       |
| time/                   |                |
|    fps                  | 647            |
|    iterations           | 39             |
|    time_elapsed         | 61             |
|    total_timesteps      | 39936          |
| train/                  |                |
|    approx_kl            | 0.012588791    |
|    clip_fraction        | 0.15           |
|    clip_range           | 0.2            |
|    entropy_loss         | -17.5          |
|    explained_variance   | -0.00011301041 |
|    learning_rate        | 0.0003         |
|    loss                 | 48.5           |
|    n_updates            | 380            |
|    policy_gradient_loss | -0.0129        |
|    std                  | 1.04           |
|    value_loss           | 104            |
--------------------------------------------
--------------------------------------------
| rollout/                |                |
|    ep_len_mean          | 1.44e+03       |
|    ep_rew_mean          | 1.44e+03       |
| time/                   |                |
|    fps                  | 648            |
|    iterations           | 40             |
|    time_elapsed         | 63             |
|    total_timesteps      | 40960          |
| train/                  |                |
|    approx_kl            | 0.008902924    |
|    clip_fraction        | 0.0984         |
|    clip_range           | 0.2            |
|    entropy_loss         | -17.6          |
|    explained_variance   | -6.0796738e-06 |
|    learning_rate        | 0.0003         |
|    loss                 | 48.1           |
|    n_updates            | 390            |
|    policy_gradient_loss | -0.00835       |
|    std                  | 1.04           |
|    value_loss           | 104            |
--------------------------------------------
--------------------------------------------
| rollout/                |                |
|    ep_len_mean          | 1.44e+03       |
|    ep_rew_mean          | 1.44e+03       |
| time/                   |                |
|    fps                  | 648            |
|    iterations           | 41             |
|    time_elapsed         | 64             |
|    total_timesteps      | 41984          |
| train/                  |                |
|    approx_kl            | 0.011839036    |
|    clip_fraction        | 0.119          |
|    clip_range           | 0.2            |
|    entropy_loss         | -17.5          |
|    explained_variance   | -1.1444092e-05 |
|    learning_rate        | 0.0003         |
|    loss                 | 45.7           |
|    n_updates            | 400            |
|    policy_gradient_loss | -0.0112        |
|    std                  | 1.05           |
|    value_loss           | 98.7           |
--------------------------------------------
-------------------------------------------
| rollout/                |               |
|    ep_len_mean          | 1.44e+03      |
|    ep_rew_mean          | 1.44e+03      |
| time/                   |               |
|    fps                  | 649           |
|    iterations           | 42            |
|    time_elapsed         | 66            |
|    total_timesteps      | 43008         |
| train/                  |               |
|    approx_kl            | 0.009677859   |
|    clip_fraction        | 0.144         |
|    clip_range           | 0.2           |
|    entropy_loss         | -17.6         |
|    explained_variance   | -2.026558e-06 |
|    learning_rate        | 0.0003        |
|    loss                 | 44.1          |
|    n_updates            | 410           |
|    policy_gradient_loss | -0.0138       |
|    std                  | 1.04          |
|    value_loss           | 96.1          |
-------------------------------------------
--------------------------------------------
| rollout/                |                |
|    ep_len_mean          | 1.44e+03       |
|    ep_rew_mean          | 1.44e+03       |
| time/                   |                |
|    fps                  | 650            |
|    iterations           | 43             |
|    time_elapsed         | 67             |
|    total_timesteps      | 44032          |
| train/                  |                |
|    approx_kl            | 0.023161124    |
|    clip_fraction        | 0.249          |
|    clip_range           | 0.2            |
|    entropy_loss         | -17.6          |
|    explained_variance   | -0.00010752678 |
|    learning_rate        | 0.0003         |
|    loss                 | 44.2           |
|    n_updates            | 420            |
|    policy_gradient_loss | -0.0161        |
|    std                  | 1.05           |
|    value_loss           | 95.9           |
--------------------------------------------
------------------------------------------
| rollout/                |              |
|    ep_len_mean          | 1.44e+03     |
|    ep_rew_mean          | 1.44e+03     |
| time/                   |              |
|    fps                  | 651          |
|    iterations           | 44           |
|    time_elapsed         | 69           |
|    total_timesteps      | 45056        |
| train/                  |              |
|    approx_kl            | 0.013247939  |
|    clip_fraction        | 0.18         |
|    clip_range           | 0.2          |
|    entropy_loss         | -17.6        |
|    explained_variance   | 0.0002206564 |
|    learning_rate        | 0.0003       |
|    loss                 | 42           |
|    n_updates            | 430          |
|    policy_gradient_loss | -0.0145      |
|    std                  | 1.05         |
|    value_loss           | 91.3         |
------------------------------------------
-------------------------------------------
| rollout/                |               |
|    ep_len_mean          | 1.44e+03      |
|    ep_rew_mean          | 1.44e+03      |
| time/                   |               |
|    fps                  | 651           |
|    iterations           | 45            |
|    time_elapsed         | 70            |
|    total_timesteps      | 46080         |
| train/                  |               |
|    approx_kl            | 0.010101043   |
|    clip_fraction        | 0.133         |
|    clip_range           | 0.2           |
|    entropy_loss         | -17.6         |
|    explained_variance   | 0.00012898445 |
|    learning_rate        | 0.0003        |
|    loss                 | 40.5          |
|    n_updates            | 440           |
|    policy_gradient_loss | -0.0149       |
|    std                  | 1.05          |
|    value_loss           | 88.9          |
-------------------------------------------
--------------------------------------------
| rollout/                |                |
|    ep_len_mean          | 1.44e+03       |
|    ep_rew_mean          | 1.44e+03       |
| time/                   |                |
|    fps                  | 652            |
|    iterations           | 46             |
|    time_elapsed         | 72             |
|    total_timesteps      | 47104          |
| train/                  |                |
|    approx_kl            | 0.012774937    |
|    clip_fraction        | 0.149          |
|    clip_range           | 0.2            |
|    entropy_loss         | -17.6          |
|    explained_variance   | -3.5762787e-05 |
|    learning_rate        | 0.0003         |
|    loss                 | 41.2           |
|    n_updates            | 450            |
|    policy_gradient_loss | -0.0116        |
|    std                  | 1.04           |
|    value_loss           | 88.9           |
--------------------------------------------
-------------------------------------------
| rollout/                |               |
|    ep_len_mean          | 1.44e+03      |
|    ep_rew_mean          | 1.44e+03      |
| time/                   |               |
|    fps                  | 652           |
|    iterations           | 47            |
|    time_elapsed         | 73            |
|    total_timesteps      | 48128         |
| train/                  |               |
|    approx_kl            | 0.010495089   |
|    clip_fraction        | 0.147         |
|    clip_range           | 0.2           |
|    entropy_loss         | -17.5         |
|    explained_variance   | 3.4987926e-05 |
|    learning_rate        | 0.0003        |
|    loss                 | 39.7          |
|    n_updates            | 460           |
|    policy_gradient_loss | -0.0139       |
|    std                  | 1.04          |
|    value_loss           | 86.4          |
-------------------------------------------
--------------------------------------------
| rollout/                |                |
|    ep_len_mean          | 1.44e+03       |
|    ep_rew_mean          | 1.44e+03       |
| time/                   |                |
|    fps                  | 653            |
|    iterations           | 48             |
|    time_elapsed         | 75             |
|    total_timesteps      | 49152          |
| train/                  |                |
|    approx_kl            | 0.010752553    |
|    clip_fraction        | 0.147          |
|    clip_range           | 0.2            |
|    entropy_loss         | -17.5          |
|    explained_variance   | -1.6212463e-05 |
|    learning_rate        | 0.0003         |
|    loss                 | 37.4           |
|    n_updates            | 470            |
|    policy_gradient_loss | -0.0182        |
|    std                  | 1.04           |
|    value_loss           | 81.8           |
--------------------------------------------
-------------------------------------------
| rollout/                |               |
|    ep_len_mean          | 1.44e+03      |
|    ep_rew_mean          | 1.44e+03      |
| time/                   |               |
|    fps                  | 653           |
|    iterations           | 49            |
|    time_elapsed         | 76            |
|    total_timesteps      | 50176         |
| train/                  |               |
|    approx_kl            | 0.010120839   |
|    clip_fraction        | 0.113         |
|    clip_range           | 0.2           |
|    entropy_loss         | -17.5         |
|    explained_variance   | 0.00013369322 |
|    learning_rate        | 0.0003        |
|    loss                 | 36.9          |
|    n_updates            | 480           |
|    policy_gradient_loss | -0.0109       |
|    std                  | 1.05          |
|    value_loss           | 79.6          |
-------------------------------------------
--------------------------------------------
| rollout/                |                |
|    ep_len_mean          | 1.44e+03       |
|    ep_rew_mean          | 1.44e+03       |
| time/                   |                |
|    fps                  | 654            |
|    iterations           | 50             |
|    time_elapsed         | 78             |
|    total_timesteps      | 51200          |
| train/                  |                |
|    approx_kl            | 0.011990222    |
|    clip_fraction        | 0.212          |
|    clip_range           | 0.2            |
|    entropy_loss         | -17.6          |
|    explained_variance   | -0.00023078918 |
|    learning_rate        | 0.0003         |
|    loss                 | 36.5           |
|    n_updates            | 490            |
|    policy_gradient_loss | -0.0148        |
|    std                  | 1.05           |
|    value_loss           | 79.1           |
--------------------------------------------
-------------------------------------------
| rollout/                |               |
|    ep_len_mean          | 1.44e+03      |
|    ep_rew_mean          | 1.44e+03      |
| time/                   |               |
|    fps                  | 655           |
|    iterations           | 51            |
|    time_elapsed         | 79            |
|    total_timesteps      | 52224         |
| train/                  |               |
|    approx_kl            | 0.0132673085  |
|    clip_fraction        | 0.15          |
|    clip_range           | 0.2           |
|    entropy_loss         | -17.6         |
|    explained_variance   | 3.9577484e-05 |
|    learning_rate        | 0.0003        |
|    loss                 | 34.5          |
|    n_updates            | 500           |
|    policy_gradient_loss | -0.0117       |
|    std                  | 1.05          |
|    value_loss           | 75.3          |
-------------------------------------------
-------------------------------------------
| rollout/                |               |
|    ep_len_mean          | 1.44e+03      |
|    ep_rew_mean          | 1.44e+03      |
| time/                   |               |
|    fps                  | 655           |
|    iterations           | 52            |
|    time_elapsed         | 81            |
|    total_timesteps      | 53248         |
| train/                  |               |
|    approx_kl            | 0.013252011   |
|    clip_fraction        | 0.155         |
|    clip_range           | 0.2           |
|    entropy_loss         | -17.6         |
|    explained_variance   | 1.7881393e-05 |
|    learning_rate        | 0.0003        |
|    loss                 | 32.5          |
|    n_updates            | 510           |
|    policy_gradient_loss | -0.0156       |
|    std                  | 1.05          |
|    value_loss           | 72.8          |
-------------------------------------------
--------------------------------------------
| rollout/                |                |
|    ep_len_mean          | 1.44e+03       |
|    ep_rew_mean          | 1.44e+03       |
| time/                   |                |
|    fps                  | 656            |
|    iterations           | 53             |
|    time_elapsed         | 82             |
|    total_timesteps      | 54272          |
| train/                  |                |
|    approx_kl            | 0.012959264    |
|    clip_fraction        | 0.125          |
|    clip_range           | 0.2            |
|    entropy_loss         | -17.6          |
|    explained_variance   | -0.00027143955 |
|    learning_rate        | 0.0003         |
|    loss                 | 33             |
|    n_updates            | 520            |
|    policy_gradient_loss | -0.00876       |
|    std                  | 1.05           |
|    value_loss           | 72.6           |
--------------------------------------------
-------------------------------------------
| rollout/                |               |
|    ep_len_mean          | 1.44e+03      |
|    ep_rew_mean          | 1.44e+03      |
| time/                   |               |
|    fps                  | 656           |
|    iterations           | 54            |
|    time_elapsed         | 84            |
|    total_timesteps      | 55296         |
| train/                  |               |
|    approx_kl            | 0.011256648   |
|    clip_fraction        | 0.115         |
|    clip_range           | 0.2           |
|    entropy_loss         | -17.6         |
|    explained_variance   | -5.364418e-06 |
|    learning_rate        | 0.0003        |
|    loss                 | 31.6          |
|    n_updates            | 530           |
|    policy_gradient_loss | -0.0132       |
|    std                  | 1.05          |
|    value_loss           | 69            |
-------------------------------------------
-------------------------------------------
| rollout/                |               |
|    ep_len_mean          | 1.44e+03      |
|    ep_rew_mean          | 1.44e+03      |
| time/                   |               |
|    fps                  | 657           |
|    iterations           | 55            |
|    time_elapsed         | 85            |
|    total_timesteps      | 56320         |
| train/                  |               |
|    approx_kl            | 0.016159981   |
|    clip_fraction        | 0.194         |
|    clip_range           | 0.2           |
|    entropy_loss         | -17.6         |
|    explained_variance   | -9.536743e-07 |
|    learning_rate        | 0.0003        |
|    loss                 | 30.7          |
|    n_updates            | 540           |
|    policy_gradient_loss | -0.0179       |
|    std                  | 1.05          |
|    value_loss           | 66.5          |
-------------------------------------------
------------------------------------------
| rollout/                |              |
|    ep_len_mean          | 1.44e+03     |
|    ep_rew_mean          | 1.44e+03     |
| time/                   |              |
|    fps                  | 657          |
|    iterations           | 56           |
|    time_elapsed         | 87           |
|    total_timesteps      | 57344        |
| train/                  |              |
|    approx_kl            | 0.010398455  |
|    clip_fraction        | 0.155        |
|    clip_range           | 0.2          |
|    entropy_loss         | -17.6        |
|    explained_variance   | 9.059906e-05 |
|    learning_rate        | 0.0003       |
|    loss                 | 29.3         |
|    n_updates            | 550          |
|    policy_gradient_loss | -0.0158      |
|    std                  | 1.05         |
|    value_loss           | 64.4         |
------------------------------------------
-------------------------------------------
| rollout/                |               |
|    ep_len_mean          | 1.44e+03      |
|    ep_rew_mean          | 1.44e+03      |
| time/                   |               |
|    fps                  | 657           |
|    iterations           | 57            |
|    time_elapsed         | 88            |
|    total_timesteps      | 58368         |
| train/                  |               |
|    approx_kl            | 0.01290378    |
|    clip_fraction        | 0.173         |
|    clip_range           | 0.2           |
|    entropy_loss         | -17.6         |
|    explained_variance   | 1.7166138e-05 |
|    learning_rate        | 0.0003        |
|    loss                 | 29.2          |
|    n_updates            | 560           |
|    policy_gradient_loss | -0.0157       |
|    std                  | 1.05          |
|    value_loss           | 64.2          |
-------------------------------------------
--------------------------------------------
| rollout/                |                |
|    ep_len_mean          | 1.44e+03       |
|    ep_rew_mean          | 1.44e+03       |
| time/                   |                |
|    fps                  | 658            |
|    iterations           | 58             |
|    time_elapsed         | 90             |
|    total_timesteps      | 59392          |
| train/                  |                |
|    approx_kl            | 0.010795407    |
|    clip_fraction        | 0.128          |
|    clip_range           | 0.2            |
|    entropy_loss         | -17.6          |
|    explained_variance   | -8.6307526e-05 |
|    learning_rate        | 0.0003         |
|    loss                 | 27.4           |
|    n_updates            | 570            |
|    policy_gradient_loss | -0.0135        |
|    std                  | 1.05           |
|    value_loss           | 60.5           |
--------------------------------------------
------------------------------------------
| rollout/                |              |
|    ep_len_mean          | 1.44e+03     |
|    ep_rew_mean          | 1.44e+03     |
| time/                   |              |
|    fps                  | 658          |
|    iterations           | 59           |
|    time_elapsed         | 91           |
|    total_timesteps      | 60416        |
| train/                  |              |
|    approx_kl            | 0.012678768  |
|    clip_fraction        | 0.145        |
|    clip_range           | 0.2          |
|    entropy_loss         | -17.6        |
|    explained_variance   | 8.749962e-05 |
|    learning_rate        | 0.0003       |
|    loss                 | 26.7         |
|    n_updates            | 580          |
|    policy_gradient_loss | -0.0149      |
|    std                  | 1.05         |
|    value_loss           | 58.3         |
------------------------------------------
-------------------------------------------
| rollout/                |               |
|    ep_len_mean          | 1.44e+03      |
|    ep_rew_mean          | 1.44e+03      |
| time/                   |               |
|    fps                  | 659           |
|    iterations           | 60            |
|    time_elapsed         | 93            |
|    total_timesteps      | 61440         |
| train/                  |               |
|    approx_kl            | 0.018585809   |
|    clip_fraction        | 0.258         |
|    clip_range           | 0.2           |
|    entropy_loss         | -17.6         |
|    explained_variance   | 0.00013148785 |
|    learning_rate        | 0.0003        |
|    loss                 | 25.9          |
|    n_updates            | 590           |
|    policy_gradient_loss | -0.0171       |
|    std                  | 1.05          |
|    value_loss           | 57.8          |
-------------------------------------------
-------------------------------------------
| rollout/                |               |
|    ep_len_mean          | 1.44e+03      |
|    ep_rew_mean          | 1.44e+03      |
| time/                   |               |
|    fps                  | 659           |
|    iterations           | 61            |
|    time_elapsed         | 94            |
|    total_timesteps      | 62464         |
| train/                  |               |
|    approx_kl            | 0.011107527   |
|    clip_fraction        | 0.146         |
|    clip_range           | 0.2           |
|    entropy_loss         | -17.6         |
|    explained_variance   | 2.6345253e-05 |
|    learning_rate        | 0.0003        |
|    loss                 | 24.2          |
|    n_updates            | 600           |
|    policy_gradient_loss | -0.0157       |
|    std                  | 1.05          |
|    value_loss           | 54.8          |
-------------------------------------------
-------------------------------------------
| rollout/                |               |
|    ep_len_mean          | 1.44e+03      |
|    ep_rew_mean          | 1.44e+03      |
| time/                   |               |
|    fps                  | 659           |
|    iterations           | 62            |
|    time_elapsed         | 96            |
|    total_timesteps      | 63488         |
| train/                  |               |
|    approx_kl            | 0.014743597   |
|    clip_fraction        | 0.199         |
|    clip_range           | 0.2           |
|    entropy_loss         | -17.6         |
|    explained_variance   | -4.529953e-06 |
|    learning_rate        | 0.0003        |
|    loss                 | 23.9          |
|    n_updates            | 610           |
|    policy_gradient_loss | -0.0166       |
|    std                  | 1.05          |
|    value_loss           | 52.7          |
-------------------------------------------
------------------------------------------
| rollout/                |              |
|    ep_len_mean          | 1.44e+03     |
|    ep_rew_mean          | 1.44e+03     |
| time/                   |              |
|    fps                  | 660          |
|    iterations           | 63           |
|    time_elapsed         | 97           |
|    total_timesteps      | 64512        |
| train/                  |              |
|    approx_kl            | 0.012976211  |
|    clip_fraction        | 0.183        |
|    clip_range           | 0.2          |
|    entropy_loss         | -17.6        |
|    explained_variance   | 4.887581e-06 |
|    learning_rate        | 0.0003       |
|    loss                 | 22.5         |
|    n_updates            | 620          |
|    policy_gradient_loss | -0.0166      |
|    std                  | 1.05         |
|    value_loss           | 50.9         |
------------------------------------------
-------------------------------------------
| rollout/                |               |
|    ep_len_mean          | 1.44e+03      |
|    ep_rew_mean          | 1.44e+03      |
| time/                   |               |
|    fps                  | 660           |
|    iterations           | 64            |
|    time_elapsed         | 99            |
|    total_timesteps      | 65536         |
| train/                  |               |
|    approx_kl            | 0.014054313   |
|    clip_fraction        | 0.124         |
|    clip_range           | 0.2           |
|    entropy_loss         | -17.6         |
|    explained_variance   | -7.522106e-05 |
|    learning_rate        | 0.0003        |
|    loss                 | 22.1          |
|    n_updates            | 630           |
|    policy_gradient_loss | -0.0155       |
|    std                  | 1.05          |
|    value_loss           | 50.3          |
-------------------------------------------
-------------------------------------------
| rollout/                |               |
|    ep_len_mean          | 1.44e+03      |
|    ep_rew_mean          | 1.44e+03      |
| time/                   |               |
|    fps                  | 660           |
|    iterations           | 65            |
|    time_elapsed         | 100           |
|    total_timesteps      | 66560         |
| train/                  |               |
|    approx_kl            | 0.012983663   |
|    clip_fraction        | 0.182         |
|    clip_range           | 0.2           |
|    entropy_loss         | -17.6         |
|    explained_variance   | 1.9848347e-05 |
|    learning_rate        | 0.0003        |
|    loss                 | 21.1          |
|    n_updates            | 640           |
|    policy_gradient_loss | -0.0162       |
|    std                  | 1.05          |
|    value_loss           | 47.3          |
-------------------------------------------
-------------------------------------------
| rollout/                |               |
|    ep_len_mean          | 1.44e+03      |
|    ep_rew_mean          | 1.44e+03      |
| time/                   |               |
|    fps                  | 660           |
|    iterations           | 66            |
|    time_elapsed         | 102           |
|    total_timesteps      | 67584         |
| train/                  |               |
|    approx_kl            | 0.011314112   |
|    clip_fraction        | 0.175         |
|    clip_range           | 0.2           |
|    entropy_loss         | -17.6         |
|    explained_variance   | -5.841255e-06 |
|    learning_rate        | 0.0003        |
|    loss                 | 20.1          |
|    n_updates            | 650           |
|    policy_gradient_loss | -0.0164       |
|    std                  | 1.05          |
|    value_loss           | 45.5          |
-------------------------------------------
-------------------------------------------
| rollout/                |               |
|    ep_len_mean          | 1.44e+03      |
|    ep_rew_mean          | 1.44e+03      |
| time/                   |               |
|    fps                  | 660           |
|    iterations           | 67            |
|    time_elapsed         | 103           |
|    total_timesteps      | 68608         |
| train/                  |               |
|    approx_kl            | 0.009621685   |
|    clip_fraction        | 0.127         |
|    clip_range           | 0.2           |
|    entropy_loss         | -17.6         |
|    explained_variance   | 2.4080276e-05 |
|    learning_rate        | 0.0003        |
|    loss                 | 19.8          |
|    n_updates            | 660           |
|    policy_gradient_loss | -0.0133       |
|    std                  | 1.05          |
|    value_loss           | 44.9          |
-------------------------------------------
-------------------------------------------
| rollout/                |               |
|    ep_len_mean          | 1.44e+03      |
|    ep_rew_mean          | 1.44e+03      |
| time/                   |               |
|    fps                  | 660           |
|    iterations           | 68            |
|    time_elapsed         | 105           |
|    total_timesteps      | 69632         |
| train/                  |               |
|    approx_kl            | 0.015320793   |
|    clip_fraction        | 0.174         |
|    clip_range           | 0.2           |
|    entropy_loss         | -17.6         |
|    explained_variance   | 0.00011742115 |
|    learning_rate        | 0.0003        |
|    loss                 | 18.9          |
|    n_updates            | 670           |
|    policy_gradient_loss | -0.0181       |
|    std                  | 1.05          |
|    value_loss           | 42.1          |
-------------------------------------------
--------------------------------------------
| rollout/                |                |
|    ep_len_mean          | 1.44e+03       |
|    ep_rew_mean          | 1.44e+03       |
| time/                   |                |
|    fps                  | 660            |
|    iterations           | 69             |
|    time_elapsed         | 107            |
|    total_timesteps      | 70656          |
| train/                  |                |
|    approx_kl            | 0.019878268    |
|    clip_fraction        | 0.219          |
|    clip_range           | 0.2            |
|    entropy_loss         | -17.6          |
|    explained_variance   | -4.4584274e-05 |
|    learning_rate        | 0.0003         |
|    loss                 | 17.8           |
|    n_updates            | 680            |
|    policy_gradient_loss | -0.02          |
|    std                  | 1.05           |
|    value_loss           | 40.5           |
--------------------------------------------
-------------------------------------------
| rollout/                |               |
|    ep_len_mean          | 1.44e+03      |
|    ep_rew_mean          | 1.44e+03      |
| time/                   |               |
|    fps                  | 660           |
|    iterations           | 70            |
|    time_elapsed         | 108           |
|    total_timesteps      | 71680         |
| train/                  |               |
|    approx_kl            | 0.01408655    |
|    clip_fraction        | 0.153         |
|    clip_range           | 0.2           |
|    entropy_loss         | -17.6         |
|    explained_variance   | 1.9073486e-06 |
|    learning_rate        | 0.0003        |
|    loss                 | 17.2          |
|    n_updates            | 690           |
|    policy_gradient_loss | -0.0154       |
|    std                  | 1.05          |
|    value_loss           | 39            |
-------------------------------------------
-------------------------------------------
| rollout/                |               |
|    ep_len_mean          | 1.44e+03      |
|    ep_rew_mean          | 1.44e+03      |
| time/                   |               |
|    fps                  | 660           |
|    iterations           | 71            |
|    time_elapsed         | 110           |
|    total_timesteps      | 72704         |
| train/                  |               |
|    approx_kl            | 0.013850849   |
|    clip_fraction        | 0.213         |
|    clip_range           | 0.2           |
|    entropy_loss         | -17.6         |
|    explained_variance   | 1.5079975e-05 |
|    learning_rate        | 0.0003        |
|    loss                 | 16.8          |
|    n_updates            | 700           |
|    policy_gradient_loss | -0.0154       |
|    std                  | 1.05          |
|    value_loss           | 38.5          |
-------------------------------------------
-------------------------------------------
| rollout/                |               |
|    ep_len_mean          | 1.44e+03      |
|    ep_rew_mean          | 1.44e+03      |
| time/                   |               |
|    fps                  | 661           |
|    iterations           | 72            |
|    time_elapsed         | 111           |
|    total_timesteps      | 73728         |
| train/                  |               |
|    approx_kl            | 0.01543349    |
|    clip_fraction        | 0.212         |
|    clip_range           | 0.2           |
|    entropy_loss         | -17.6         |
|    explained_variance   | 4.7326088e-05 |
|    learning_rate        | 0.0003        |
|    loss                 | 16            |
|    n_updates            | 710           |
|    policy_gradient_loss | -0.0203       |
|    std                  | 1.05          |
|    value_loss           | 35.8          |
-------------------------------------------
-------------------------------------------
| rollout/                |               |
|    ep_len_mean          | 1.44e+03      |
|    ep_rew_mean          | 1.44e+03      |
| time/                   |               |
|    fps                  | 661           |
|    iterations           | 73            |
|    time_elapsed         | 113           |
|    total_timesteps      | 74752         |
| train/                  |               |
|    approx_kl            | 0.015535373   |
|    clip_fraction        | 0.189         |
|    clip_range           | 0.2           |
|    entropy_loss         | -17.6         |
|    explained_variance   | 4.1604042e-05 |
|    learning_rate        | 0.0003        |
|    loss                 | 15.1          |
|    n_updates            | 720           |
|    policy_gradient_loss | -0.02         |
|    std                  | 1.05          |
|    value_loss           | 34.3          |
-------------------------------------------
--------------------------------------------
| rollout/                |                |
|    ep_len_mean          | 1.44e+03       |
|    ep_rew_mean          | 1.44e+03       |
| time/                   |                |
|    fps                  | 661            |
|    iterations           | 74             |
|    time_elapsed         | 114            |
|    total_timesteps      | 75776          |
| train/                  |                |
|    approx_kl            | 0.009407611    |
|    clip_fraction        | 0.157          |
|    clip_range           | 0.2            |
|    entropy_loss         | -17.6          |
|    explained_variance   | -0.00011181831 |
|    learning_rate        | 0.0003         |
|    loss                 | 14.7           |
|    n_updates            | 730            |
|    policy_gradient_loss | -0.0127        |
|    std                  | 1.05           |
|    value_loss           | 33.7           |
--------------------------------------------
-------------------------------------------
| rollout/                |               |
|    ep_len_mean          | 1.44e+03      |
|    ep_rew_mean          | 1.44e+03      |
| time/                   |               |
|    fps                  | 661           |
|    iterations           | 75            |
|    time_elapsed         | 116           |
|    total_timesteps      | 76800         |
| train/                  |               |
|    approx_kl            | 0.012681475   |
|    clip_fraction        | 0.173         |
|    clip_range           | 0.2           |
|    entropy_loss         | -17.7         |
|    explained_variance   | 0.00012648106 |
|    learning_rate        | 0.0003        |
|    loss                 | 13.3          |
|    n_updates            | 740           |
|    policy_gradient_loss | -0.017        |
|    std                  | 1.06          |
|    value_loss           | 31.4          |
-------------------------------------------
-----------------------------------------
| rollout/                |             |
|    ep_len_mean          | 1.44e+03    |
|    ep_rew_mean          | 1.44e+03    |
| time/                   |             |
|    fps                  | 662         |
|    iterations           | 76          |
|    time_elapsed         | 117         |
|    total_timesteps      | 77824       |
| train/                  |             |
|    approx_kl            | 0.013238631 |
|    clip_fraction        | 0.189       |
|    clip_range           | 0.2         |
|    entropy_loss         | -17.7       |
|    explained_variance   | 3.20673e-05 |
|    learning_rate        | 0.0003      |
|    loss                 | 13.1        |
|    n_updates            | 750         |
|    policy_gradient_loss | -0.0162     |
|    std                  | 1.06        |
|    value_loss           | 29.8        |
-----------------------------------------
-------------------------------------------
| rollout/                |               |
|    ep_len_mean          | 1.44e+03      |
|    ep_rew_mean          | 1.44e+03      |
| time/                   |               |
|    fps                  | 662           |
|    iterations           | 77            |
|    time_elapsed         | 119           |
|    total_timesteps      | 78848         |
| train/                  |               |
|    approx_kl            | 0.017387327   |
|    clip_fraction        | 0.184         |
|    clip_range           | 0.2           |
|    entropy_loss         | -17.6         |
|    explained_variance   | 3.0994415e-06 |
|    learning_rate        | 0.0003        |
|    loss                 | 12.1          |
|    n_updates            | 760           |
|    policy_gradient_loss | -0.0188       |
|    std                  | 1.05          |
|    value_loss           | 28.6          |
-------------------------------------------
--------------------------------------------
| rollout/                |                |
|    ep_len_mean          | 1.44e+03       |
|    ep_rew_mean          | 1.44e+03       |
| time/                   |                |
|    fps                  | 662            |
|    iterations           | 78             |
|    time_elapsed         | 120            |
|    total_timesteps      | 79872          |
| train/                  |                |
|    approx_kl            | 0.013651134    |
|    clip_fraction        | 0.188          |
|    clip_range           | 0.2            |
|    entropy_loss         | -17.6          |
|    explained_variance   | -1.0728836e-06 |
|    learning_rate        | 0.0003         |
|    loss                 | 12.2           |
|    n_updates            | 770            |
|    policy_gradient_loss | -0.0172        |
|    std                  | 1.05           |
|    value_loss           | 28.1           |
--------------------------------------------
-------------------------------------------
| rollout/                |               |
|    ep_len_mean          | 1.44e+03      |
|    ep_rew_mean          | 1.44e+03      |
| time/                   |               |
|    fps                  | 662           |
|    iterations           | 79            |
|    time_elapsed         | 122           |
|    total_timesteps      | 80896         |
| train/                  |               |
|    approx_kl            | 0.013312297   |
|    clip_fraction        | 0.204         |
|    clip_range           | 0.2           |
|    entropy_loss         | -17.6         |
|    explained_variance   | 0.00046420097 |
|    learning_rate        | 0.0003        |
|    loss                 | 11.2          |
|    n_updates            | 780           |
|    policy_gradient_loss | -0.016        |
|    std                  | 1.05          |
|    value_loss           | 25.9          |
-------------------------------------------
-------------------------------------------
| rollout/                |               |
|    ep_len_mean          | 1.44e+03      |
|    ep_rew_mean          | 1.44e+03      |
| time/                   |               |
|    fps                  | 661           |
|    iterations           | 80            |
|    time_elapsed         | 123           |
|    total_timesteps      | 81920         |
| train/                  |               |
|    approx_kl            | 0.010414158   |
|    clip_fraction        | 0.0798        |
|    clip_range           | 0.2           |
|    entropy_loss         | -17.6         |
|    explained_variance   | 0.00010538101 |
|    learning_rate        | 0.0003        |
|    loss                 | 10.5          |
|    n_updates            | 790           |
|    policy_gradient_loss | -0.0126       |
|    std                  | 1.05          |
|    value_loss           | 24.6          |
-------------------------------------------
--------------------------------------------
| rollout/                |                |
|    ep_len_mean          | 1.44e+03       |
|    ep_rew_mean          | 1.44e+03       |
| time/                   |                |
|    fps                  | 661            |
|    iterations           | 81             |
|    time_elapsed         | 125            |
|    total_timesteps      | 82944          |
| train/                  |                |
|    approx_kl            | 0.0133820735   |
|    clip_fraction        | 0.188          |
|    clip_range           | 0.2            |
|    entropy_loss         | -17.6          |
|    explained_variance   | -6.3180923e-06 |
|    learning_rate        | 0.0003         |
|    loss                 | 10.3           |
|    n_updates            | 800            |
|    policy_gradient_loss | -0.015         |
|    std                  | 1.05           |
|    value_loss           | 24.1           |
--------------------------------------------
-------------------------------------------
| rollout/                |               |
|    ep_len_mean          | 1.44e+03      |
|    ep_rew_mean          | 1.44e+03      |
| time/                   |               |
|    fps                  | 661           |
|    iterations           | 82            |
|    time_elapsed         | 127           |
|    total_timesteps      | 83968         |
| train/                  |               |
|    approx_kl            | 0.016966831   |
|    clip_fraction        | 0.188         |
|    clip_range           | 0.2           |
|    entropy_loss         | -17.6         |
|    explained_variance   | 1.2218952e-05 |
|    learning_rate        | 0.0003        |
|    loss                 | 9.4           |
|    n_updates            | 810           |
|    policy_gradient_loss | -0.0169       |
|    std                  | 1.05          |
|    value_loss           | 22.1          |
-------------------------------------------
-------------------------------------------
| rollout/                |               |
|    ep_len_mean          | 1.44e+03      |
|    ep_rew_mean          | 1.44e+03      |
| time/                   |               |
|    fps                  | 660           |
|    iterations           | 83            |
|    time_elapsed         | 128           |
|    total_timesteps      | 84992         |
| train/                  |               |
|    approx_kl            | 0.013342898   |
|    clip_fraction        | 0.132         |
|    clip_range           | 0.2           |
|    entropy_loss         | -17.6         |
|    explained_variance   | -9.381771e-05 |
|    learning_rate        | 0.0003        |
|    loss                 | 8.78          |
|    n_updates            | 820           |
|    policy_gradient_loss | -0.0138       |
|    std                  | 1.05          |
|    value_loss           | 21.1          |
-------------------------------------------
-------------------------------------------
| rollout/                |               |
|    ep_len_mean          | 1.44e+03      |
|    ep_rew_mean          | 1.44e+03      |
| time/                   |               |
|    fps                  | 660           |
|    iterations           | 84            |
|    time_elapsed         | 130           |
|    total_timesteps      | 86016         |
| train/                  |               |
|    approx_kl            | 0.020202791   |
|    clip_fraction        | 0.212         |
|    clip_range           | 0.2           |
|    entropy_loss         | -17.6         |
|    explained_variance   | 2.4735928e-05 |
|    learning_rate        | 0.0003        |
|    loss                 | 8.37          |
|    n_updates            | 830           |
|    policy_gradient_loss | -0.017        |
|    std                  | 1.05          |
|    value_loss           | 20            |
-------------------------------------------
--------------------------------------------
| rollout/                |                |
|    ep_len_mean          | 1.44e+03       |
|    ep_rew_mean          | 1.44e+03       |
| time/                   |                |
|    fps                  | 660            |
|    iterations           | 85             |
|    time_elapsed         | 131            |
|    total_timesteps      | 87040          |
| train/                  |                |
|    approx_kl            | 0.0117208455   |
|    clip_fraction        | 0.187          |
|    clip_range           | 0.2            |
|    entropy_loss         | -17.6          |
|    explained_variance   | -5.0902367e-05 |
|    learning_rate        | 0.0003         |
|    loss                 | 7.9            |
|    n_updates            | 840            |
|    policy_gradient_loss | -0.0179        |
|    std                  | 1.05           |
|    value_loss           | 19             |
--------------------------------------------
-------------------------------------------
| rollout/                |               |
|    ep_len_mean          | 1.44e+03      |
|    ep_rew_mean          | 1.44e+03      |
| time/                   |               |
|    fps                  | 660           |
|    iterations           | 86            |
|    time_elapsed         | 133           |
|    total_timesteps      | 88064         |
| train/                  |               |
|    approx_kl            | 0.013902148   |
|    clip_fraction        | 0.198         |
|    clip_range           | 0.2           |
|    entropy_loss         | -17.6         |
|    explained_variance   | 1.3589859e-05 |
|    learning_rate        | 0.0003        |
|    loss                 | 7.28          |
|    n_updates            | 850           |
|    policy_gradient_loss | -0.0197       |
|    std                  | 1.05          |
|    value_loss           | 17.6          |
-------------------------------------------
--------------------------------------------
| rollout/                |                |
|    ep_len_mean          | 1.44e+03       |
|    ep_rew_mean          | 1.44e+03       |
| time/                   |                |
|    fps                  | 660            |
|    iterations           | 87             |
|    time_elapsed         | 134            |
|    total_timesteps      | 89088          |
| train/                  |                |
|    approx_kl            | 0.020529559    |
|    clip_fraction        | 0.208          |
|    clip_range           | 0.2            |
|    entropy_loss         | -17.6          |
|    explained_variance   | -1.3709068e-05 |
|    learning_rate        | 0.0003         |
|    loss                 | 6.57           |
|    n_updates            | 860            |
|    policy_gradient_loss | -0.0197        |
|    std                  | 1.05           |
|    value_loss           | 16.4           |
--------------------------------------------
------------------------------------------
| rollout/                |              |
|    ep_len_mean          | 1.44e+03     |
|    ep_rew_mean          | 1.44e+03     |
| time/                   |              |
|    fps                  | 659          |
|    iterations           | 88           |
|    time_elapsed         | 136          |
|    total_timesteps      | 90112        |
| train/                  |              |
|    approx_kl            | 0.013171473  |
|    clip_fraction        | 0.179        |
|    clip_range           | 0.2          |
|    entropy_loss         | -17.6        |
|    explained_variance   | 5.429983e-05 |
|    learning_rate        | 0.0003       |
|    loss                 | 6.44         |
|    n_updates            | 870          |
|    policy_gradient_loss | -0.0195      |
|    std                  | 1.05         |
|    value_loss           | 15.9         |
------------------------------------------
-----------------------------------------
| rollout/                |             |
|    ep_len_mean          | 1.44e+03    |
|    ep_rew_mean          | 1.44e+03    |
| time/                   |             |
|    fps                  | 659         |
|    iterations           | 89          |
|    time_elapsed         | 138         |
|    total_timesteps      | 91136       |
| train/                  |             |
|    approx_kl            | 0.016707795 |
|    clip_fraction        | 0.16        |
|    clip_range           | 0.2         |
|    entropy_loss         | -17.6       |
|    explained_variance   | 0.0         |
|    learning_rate        | 0.0003      |
|    loss                 | 5.91        |
|    n_updates            | 880         |
|    policy_gradient_loss | -0.0175     |
|    std                  | 1.05        |
|    value_loss           | 14.5        |
-----------------------------------------
--------------------------------------------
| rollout/                |                |
|    ep_len_mean          | 1.44e+03       |
|    ep_rew_mean          | 1.44e+03       |
| time/                   |                |
|    fps                  | 659            |
|    iterations           | 90             |
|    time_elapsed         | 139            |
|    total_timesteps      | 92160          |
| train/                  |                |
|    approx_kl            | 0.014437739    |
|    clip_fraction        | 0.21           |
|    clip_range           | 0.2            |
|    entropy_loss         | -17.6          |
|    explained_variance   | -3.7431717e-05 |
|    learning_rate        | 0.0003         |
|    loss                 | 5.41           |
|    n_updates            | 890            |
|    policy_gradient_loss | -0.0216        |
|    std                  | 1.05           |
|    value_loss           | 13.4           |
--------------------------------------------
-------------------------------------------
| rollout/                |               |
|    ep_len_mean          | 1.44e+03      |
|    ep_rew_mean          | 1.44e+03      |
| time/                   |               |
|    fps                  | 659           |
|    iterations           | 91            |
|    time_elapsed         | 141           |
|    total_timesteps      | 93184         |
| train/                  |               |
|    approx_kl            | 0.017059626   |
|    clip_fraction        | 0.216         |
|    clip_range           | 0.2           |
|    entropy_loss         | -17.6         |
|    explained_variance   | 1.4305115e-05 |
|    learning_rate        | 0.0003        |
|    loss                 | 5.18          |
|    n_updates            | 900           |
|    policy_gradient_loss | -0.0182       |
|    std                  | 1.05          |
|    value_loss           | 13.1          |
-------------------------------------------
-----------------------------------------
| rollout/                |             |
|    ep_len_mean          | 1.44e+03    |
|    ep_rew_mean          | 1.44e+03    |
| time/                   |             |
|    fps                  | 658         |
|    iterations           | 92          |
|    time_elapsed         | 142         |
|    total_timesteps      | 94208       |
| train/                  |             |
|    approx_kl            | 0.008289875 |
|    clip_fraction        | 0.164       |
|    clip_range           | 0.2         |
|    entropy_loss         | -17.7       |
|    explained_variance   | 9.49502e-05 |
|    learning_rate        | 0.0003      |
|    loss                 | 4.84        |
|    n_updates            | 910         |
|    policy_gradient_loss | -0.0137     |
|    std                  | 1.06        |
|    value_loss           | 12.3        |
-----------------------------------------
--------------------------------------------
| rollout/                |                |
|    ep_len_mean          | 1.44e+03       |
|    ep_rew_mean          | 1.44e+03       |
| time/                   |                |
|    fps                  | 658            |
|    iterations           | 93             |
|    time_elapsed         | 144            |
|    total_timesteps      | 95232          |
| train/                  |                |
|    approx_kl            | 0.016730128    |
|    clip_fraction        | 0.181          |
|    clip_range           | 0.2            |
|    entropy_loss         | -17.7          |
|    explained_variance   | -3.4332275e-05 |
|    learning_rate        | 0.0003         |
|    loss                 | 4.23           |
|    n_updates            | 920            |
|    policy_gradient_loss | -0.0182        |
|    std                  | 1.05           |
|    value_loss           | 11.1           |
--------------------------------------------
-------------------------------------------
| rollout/                |               |
|    ep_len_mean          | 1.44e+03      |
|    ep_rew_mean          | 1.44e+03      |
| time/                   |               |
|    fps                  | 658           |
|    iterations           | 94            |
|    time_elapsed         | 146           |
|    total_timesteps      | 96256         |
| train/                  |               |
|    approx_kl            | 0.013769651   |
|    clip_fraction        | 0.179         |
|    clip_range           | 0.2           |
|    entropy_loss         | -17.6         |
|    explained_variance   | 3.3974648e-06 |
|    learning_rate        | 0.0003        |
|    loss                 | 3.88          |
|    n_updates            | 930           |
|    policy_gradient_loss | -0.0155       |
|    std                  | 1.05          |
|    value_loss           | 10.2          |
-------------------------------------------
-------------------------------------------
| rollout/                |               |
|    ep_len_mean          | 1.44e+03      |
|    ep_rew_mean          | 1.45e+03      |
| time/                   |               |
|    fps                  | 658           |
|    iterations           | 95            |
|    time_elapsed         | 147           |
|    total_timesteps      | 97280         |
| train/                  |               |
|    approx_kl            | 0.014936662   |
|    clip_fraction        | 0.189         |
|    clip_range           | 0.2           |
|    entropy_loss         | -17.6         |
|    explained_variance   | 2.3305416e-05 |
|    learning_rate        | 0.0003        |
|    loss                 | 3.68          |
|    n_updates            | 940           |
|    policy_gradient_loss | -0.0171       |
|    std                  | 1.05          |
|    value_loss           | 9.71          |
-------------------------------------------
-------------------------------------------
| rollout/                |               |
|    ep_len_mean          | 1.44e+03      |
|    ep_rew_mean          | 1.45e+03      |
| time/                   |               |
|    fps                  | 658           |
|    iterations           | 96            |
|    time_elapsed         | 149           |
|    total_timesteps      | 98304         |
| train/                  |               |
|    approx_kl            | 0.017444968   |
|    clip_fraction        | 0.175         |
|    clip_range           | 0.2           |
|    entropy_loss         | -17.7         |
|    explained_variance   | 1.8656254e-05 |
|    learning_rate        | 0.0003        |
|    loss                 | 3.37          |
|    n_updates            | 950           |
|    policy_gradient_loss | -0.0174       |
|    std                  | 1.06          |
|    value_loss           | 8.76          |
-------------------------------------------
-------------------------------------------
| rollout/                |               |
|    ep_len_mean          | 1.44e+03      |
|    ep_rew_mean          | 1.45e+03      |
| time/                   |               |
|    fps                  | 658           |
|    iterations           | 97            |
|    time_elapsed         | 150           |
|    total_timesteps      | 99328         |
| train/                  |               |
|    approx_kl            | 0.016507015   |
|    clip_fraction        | 0.216         |
|    clip_range           | 0.2           |
|    entropy_loss         | -17.7         |
|    explained_variance   | 1.1980534e-05 |
|    learning_rate        | 0.0003        |
|    loss                 | 3             |
|    n_updates            | 960           |
|    policy_gradient_loss | -0.023        |
|    std                  | 1.06          |
|    value_loss           | 8.04          |
-------------------------------------------
--------------------------------------------
| rollout/                |                |
|    ep_len_mean          | 1.44e+03       |
|    ep_rew_mean          | 1.45e+03       |
| time/                   |                |
|    fps                  | 657            |
|    iterations           | 98             |
|    time_elapsed         | 152            |
|    total_timesteps      | 100352         |
| train/                  |                |
|    approx_kl            | 0.017768282    |
|    clip_fraction        | 0.2            |
|    clip_range           | 0.2            |
|    entropy_loss         | -17.7          |
|    explained_variance   | 0.000110805035 |
|    learning_rate        | 0.0003         |
|    loss                 | 2.71           |
|    n_updates            | 970            |
|    policy_gradient_loss | -0.0176        |
|    std                  | 1.06           |
|    value_loss           | 7.51           |
--------------------------------------------
--------------------------------------------
| rollout/                |                |
|    ep_len_mean          | 1.44e+03       |
|    ep_rew_mean          | 1.45e+03       |
| time/                   |                |
|    fps                  | 657            |
|    iterations           | 99             |
|    time_elapsed         | 154            |
|    total_timesteps      | 101376         |
| train/                  |                |
|    approx_kl            | 0.018367639    |
|    clip_fraction        | 0.233          |
|    clip_range           | 0.2            |
|    entropy_loss         | -17.7          |
|    explained_variance   | -1.7762184e-05 |
|    learning_rate        | 0.0003         |
|    loss                 | 2.38           |
|    n_updates            | 980            |
|    policy_gradient_loss | -0.0185        |
|    std                  | 1.06           |
|    value_loss           | 6.64           |
--------------------------------------------
------------------------------------------
| rollout/                |              |
|    ep_len_mean          | 1.44e+03     |
|    ep_rew_mean          | 1.45e+03     |
| time/                   |              |
|    fps                  | 657          |
|    iterations           | 100          |
|    time_elapsed         | 155          |
|    total_timesteps      | 102400       |
| train/                  |              |
|    approx_kl            | 0.017128985  |
|    clip_fraction        | 0.229        |
|    clip_range           | 0.2          |
|    entropy_loss         | -17.7        |
|    explained_variance   | 8.046627e-06 |
|    learning_rate        | 0.0003       |
|    loss                 | 2.14         |
|    n_updates            | 990          |
|    policy_gradient_loss | -0.0209      |
|    std                  | 1.06         |
|    value_loss           | 6.09         |
------------------------------------------
--------------------------------------------
| rollout/                |                |
|    ep_len_mean          | 1.44e+03       |
|    ep_rew_mean          | 1.45e+03       |
| time/                   |                |
|    fps                  | 657            |
|    iterations           | 101            |
|    time_elapsed         | 157            |
|    total_timesteps      | 103424         |
| train/                  |                |
|    approx_kl            | 0.016699111    |
|    clip_fraction        | 0.17           |
|    clip_range           | 0.2            |
|    entropy_loss         | -17.7          |
|    explained_variance   | -1.7285347e-05 |
|    learning_rate        | 0.0003         |
|    loss                 | 1.89           |
|    n_updates            | 1000           |
|    policy_gradient_loss | -0.0173        |
|    std                  | 1.06           |
|    value_loss           | 5.45           |
--------------------------------------------
--------------------------------------------
| rollout/                |                |
|    ep_len_mean          | 1.44e+03       |
|    ep_rew_mean          | 1.45e+03       |
| time/                   |                |
|    fps                  | 656            |
|    iterations           | 102            |
|    time_elapsed         | 159            |
|    total_timesteps      | 104448         |
| train/                  |                |
|    approx_kl            | 0.015579478    |
|    clip_fraction        | 0.188          |
|    clip_range           | 0.2            |
|    entropy_loss         | -17.7          |
|    explained_variance   | -4.5657158e-05 |
|    learning_rate        | 0.0003         |
|    loss                 | 1.67           |
|    n_updates            | 1010           |
|    policy_gradient_loss | -0.0165        |
|    std                  | 1.06           |
|    value_loss           | 4.96           |
--------------------------------------------
-------------------------------------------
| rollout/                |               |
|    ep_len_mean          | 1.44e+03      |
|    ep_rew_mean          | 1.45e+03      |
| time/                   |               |
|    fps                  | 656           |
|    iterations           | 103           |
|    time_elapsed         | 160           |
|    total_timesteps      | 105472        |
| train/                  |               |
|    approx_kl            | 0.014733516   |
|    clip_fraction        | 0.176         |
|    clip_range           | 0.2           |
|    entropy_loss         | -17.7         |
|    explained_variance   | 4.9352646e-05 |
|    learning_rate        | 0.0003        |
|    loss                 | 1.37          |
|    n_updates            | 1020          |
|    policy_gradient_loss | -0.02         |
|    std                  | 1.06          |
|    value_loss           | 4.31          |
-------------------------------------------
--------------------------------------------
| rollout/                |                |
|    ep_len_mean          | 1.44e+03       |
|    ep_rew_mean          | 1.45e+03       |
| time/                   |                |
|    fps                  | 656            |
|    iterations           | 104            |
|    time_elapsed         | 162            |
|    total_timesteps      | 106496         |
| train/                  |                |
|    approx_kl            | 0.018062033    |
|    clip_fraction        | 0.204          |
|    clip_range           | 0.2            |
|    entropy_loss         | -17.7          |
|    explained_variance   | -1.7523766e-05 |
|    learning_rate        | 0.0003         |
|    loss                 | 1.2            |
|    n_updates            | 1030           |
|    policy_gradient_loss | -0.0198        |
|    std                  | 1.06           |
|    value_loss           | 3.84           |
--------------------------------------------
--------------------------------------------
| rollout/                |                |
|    ep_len_mean          | 1.44e+03       |
|    ep_rew_mean          | 1.45e+03       |
| time/                   |                |
|    fps                  | 656            |
|    iterations           | 105            |
|    time_elapsed         | 163            |
|    total_timesteps      | 107520         |
| train/                  |                |
|    approx_kl            | 0.0154016055   |
|    clip_fraction        | 0.19           |
|    clip_range           | 0.2            |
|    entropy_loss         | -17.7          |
|    explained_variance   | -8.3088875e-05 |
|    learning_rate        | 0.0003         |
|    loss                 | 1.05           |
|    n_updates            | 1040           |
|    policy_gradient_loss | -0.0206        |
|    std                  | 1.06           |
|    value_loss           | 3.47           |
--------------------------------------------
-------------------------------------------
| rollout/                |               |
|    ep_len_mean          | 1.44e+03      |
|    ep_rew_mean          | 1.45e+03      |
| time/                   |               |
|    fps                  | 655           |
|    iterations           | 106           |
|    time_elapsed         | 165           |
|    total_timesteps      | 108544        |
| train/                  |               |
|    approx_kl            | 0.020397987   |
|    clip_fraction        | 0.242         |
|    clip_range           | 0.2           |
|    entropy_loss         | -17.7         |
|    explained_variance   | 0.00037115812 |
|    learning_rate        | 0.0003        |
|    loss                 | 0.783         |
|    n_updates            | 1050          |
|    policy_gradient_loss | -0.0244       |
|    std                  | 1.06          |
|    value_loss           | 2.83          |
-------------------------------------------
-------------------------------------------
| rollout/                |               |
|    ep_len_mean          | 1.44e+03      |
|    ep_rew_mean          | 1.45e+03      |
| time/                   |               |
|    fps                  | 655           |
|    iterations           | 107           |
|    time_elapsed         | 167           |
|    total_timesteps      | 109568        |
| train/                  |               |
|    approx_kl            | 0.01824872    |
|    clip_fraction        | 0.196         |
|    clip_range           | 0.2           |
|    entropy_loss         | -17.7         |
|    explained_variance   | 8.4877014e-05 |
|    learning_rate        | 0.0003        |
|    loss                 | 0.673         |
|    n_updates            | 1060          |
|    policy_gradient_loss | -0.0197       |
|    std                  | 1.06          |
|    value_loss           | 2.54          |
-------------------------------------------
------------------------------------------
| rollout/                |              |
|    ep_len_mean          | 1.44e+03     |
|    ep_rew_mean          | 1.45e+03     |
| time/                   |              |
|    fps                  | 655          |
|    iterations           | 108          |
|    time_elapsed         | 168          |
|    total_timesteps      | 110592       |
| train/                  |              |
|    approx_kl            | 0.018105086  |
|    clip_fraction        | 0.181        |
|    clip_range           | 0.2          |
|    entropy_loss         | -17.7        |
|    explained_variance   | -7.43866e-05 |
|    learning_rate        | 0.0003       |
|    loss                 | 0.524        |
|    n_updates            | 1070         |
|    policy_gradient_loss | -0.0197      |
|    std                  | 1.06         |
|    value_loss           | 2.11         |
------------------------------------------
--------------------------------------------
| rollout/                |                |
|    ep_len_mean          | 1.44e+03       |
|    ep_rew_mean          | 1.45e+03       |
| time/                   |                |
|    fps                  | 655            |
|    iterations           | 109            |
|    time_elapsed         | 170            |
|    total_timesteps      | 111616         |
| train/                  |                |
|    approx_kl            | 0.014956358    |
|    clip_fraction        | 0.181          |
|    clip_range           | 0.2            |
|    entropy_loss         | -17.7          |
|    explained_variance   | -7.4505806e-05 |
|    learning_rate        | 0.0003         |
|    loss                 | 0.465          |
|    n_updates            | 1080           |
|    policy_gradient_loss | -0.0166        |
|    std                  | 1.06           |
|    value_loss           | 1.94           |
--------------------------------------------
------------------------------------------
| rollout/                |              |
|    ep_len_mean          | 1.44e+03     |
|    ep_rew_mean          | 1.45e+03     |
| time/                   |              |
|    fps                  | 655          |
|    iterations           | 110          |
|    time_elapsed         | 171          |
|    total_timesteps      | 112640       |
| train/                  |              |
|    approx_kl            | 0.01660841   |
|    clip_fraction        | 0.219        |
|    clip_range           | 0.2          |
|    entropy_loss         | -17.7        |
|    explained_variance   | 9.715557e-06 |
|    learning_rate        | 0.0003       |
|    loss                 | 0.328        |
|    n_updates            | 1090         |
|    policy_gradient_loss | -0.0212      |
|    std                  | 1.06         |
|    value_loss           | 1.55         |
------------------------------------------
-------------------------------------------
| rollout/                |               |
|    ep_len_mean          | 1.44e+03      |
|    ep_rew_mean          | 1.45e+03      |
| time/                   |               |
|    fps                  | 655           |
|    iterations           | 111           |
|    time_elapsed         | 173           |
|    total_timesteps      | 113664        |
| train/                  |               |
|    approx_kl            | 0.02152042    |
|    clip_fraction        | 0.242         |
|    clip_range           | 0.2           |
|    entropy_loss         | -17.7         |
|    explained_variance   | -6.186962e-05 |
|    learning_rate        | 0.0003        |
|    loss                 | 0.232         |
|    n_updates            | 1100          |
|    policy_gradient_loss | -0.0249       |
|    std                  | 1.06          |
|    value_loss           | 1.28          |
-------------------------------------------
--------------------------------------------
| rollout/                |                |
|    ep_len_mean          | 1.44e+03       |
|    ep_rew_mean          | 1.45e+03       |
| time/                   |                |
|    fps                  | 655            |
|    iterations           | 112            |
|    time_elapsed         | 174            |
|    total_timesteps      | 114688         |
| train/                  |                |
|    approx_kl            | 0.017723322    |
|    clip_fraction        | 0.215          |
|    clip_range           | 0.2            |
|    entropy_loss         | -17.7          |
|    explained_variance   | -0.00010287762 |
|    learning_rate        | 0.0003         |
|    loss                 | 0.139          |
|    n_updates            | 1110           |
|    policy_gradient_loss | -0.0243        |
|    std                  | 1.06           |
|    value_loss           | 0.976          |
--------------------------------------------
-------------------------------------------
| rollout/                |               |
|    ep_len_mean          | 1.44e+03      |
|    ep_rew_mean          | 1.45e+03      |
| time/                   |               |
|    fps                  | 655           |
|    iterations           | 113           |
|    time_elapsed         | 176           |
|    total_timesteps      | 115712        |
| train/                  |               |
|    approx_kl            | 0.020998525   |
|    clip_fraction        | 0.226         |
|    clip_range           | 0.2           |
|    entropy_loss         | -17.7         |
|    explained_variance   | -8.046627e-05 |
|    learning_rate        | 0.0003        |
|    loss                 | 0.0873        |
|    n_updates            | 1120          |
|    policy_gradient_loss | -0.0244       |
|    std                  | 1.05          |
|    value_loss           | 0.786         |
-------------------------------------------
-------------------------------------------
| rollout/                |               |
|    ep_len_mean          | 1.44e+03      |
|    ep_rew_mean          | 1.45e+03      |
| time/                   |               |
|    fps                  | 656           |
|    iterations           | 114           |
|    time_elapsed         | 177           |
|    total_timesteps      | 116736        |
| train/                  |               |
|    approx_kl            | 0.017891452   |
|    clip_fraction        | 0.173         |
|    clip_range           | 0.2           |
|    entropy_loss         | -17.6         |
|    explained_variance   | -2.503395e-05 |
|    learning_rate        | 0.0003        |
|    loss                 | 0.0259        |
|    n_updates            | 1130          |
|    policy_gradient_loss | -0.0215       |
|    std                  | 1.05          |
|    value_loss           | 0.56          |
-------------------------------------------
-------------------------------------------
| rollout/                |               |
|    ep_len_mean          | 1.44e+03      |
|    ep_rew_mean          | 1.45e+03      |
| time/                   |               |
|    fps                  | 656           |
|    iterations           | 115           |
|    time_elapsed         | 179           |
|    total_timesteps      | 117760        |
| train/                  |               |
|    approx_kl            | 0.021410208   |
|    clip_fraction        | 0.221         |
|    clip_range           | 0.2           |
|    entropy_loss         | -17.6         |
|    explained_variance   | -7.557869e-05 |
|    learning_rate        | 0.0003        |
|    loss                 | -0.00137      |
|    n_updates            | 1140          |
|    policy_gradient_loss | -0.0249       |
|    std                  | 1.05          |
|    value_loss           | 0.324         |
-------------------------------------------
-------------------------------------------
| rollout/                |               |
|    ep_len_mean          | 1.44e+03      |
|    ep_rew_mean          | 1.45e+03      |
| time/                   |               |
|    fps                  | 656           |
|    iterations           | 116           |
|    time_elapsed         | 180           |
|    total_timesteps      | 118784        |
| train/                  |               |
|    approx_kl            | 0.019570334   |
|    clip_fraction        | 0.226         |
|    clip_range           | 0.2           |
|    entropy_loss         | -17.6         |
|    explained_variance   | -0.0002297163 |
|    learning_rate        | 0.0003        |
|    loss                 | -0.0269       |
|    n_updates            | 1150          |
|    policy_gradient_loss | -0.0211       |
|    std                  | 1.05          |
|    value_loss           | 0.277         |
-------------------------------------------
-------------------------------------------
| rollout/                |               |
|    ep_len_mean          | 1.44e+03      |
|    ep_rew_mean          | 1.45e+03      |
| time/                   |               |
|    fps                  | 656           |
|    iterations           | 117           |
|    time_elapsed         | 182           |
|    total_timesteps      | 119808        |
| train/                  |               |
|    approx_kl            | 0.014379277   |
|    clip_fraction        | 0.168         |
|    clip_range           | 0.2           |
|    entropy_loss         | -17.6         |
|    explained_variance   | -0.0001629591 |
|    learning_rate        | 0.0003        |
|    loss                 | -0.0109       |
|    n_updates            | 1160          |
|    policy_gradient_loss | -0.0161       |
|    std                  | 1.05          |
|    value_loss           | 0.187         |
-------------------------------------------
-------------------------------------------
| rollout/                |               |
|    ep_len_mean          | 1.44e+03      |
|    ep_rew_mean          | 1.45e+03      |
| time/                   |               |
|    fps                  | 656           |
|    iterations           | 118           |
|    time_elapsed         | 183           |
|    total_timesteps      | 120832        |
| train/                  |               |
|    approx_kl            | 0.017813537   |
|    clip_fraction        | 0.182         |
|    clip_range           | 0.2           |
|    entropy_loss         | -17.6         |
|    explained_variance   | -0.0001206398 |
|    learning_rate        | 0.0003        |
|    loss                 | -0.0185       |
|    n_updates            | 1170          |
|    policy_gradient_loss | -0.0189       |
|    std                  | 1.05          |
|    value_loss           | 0.135         |
-------------------------------------------
--------------------------------------------
| rollout/                |                |
|    ep_len_mean          | 1.44e+03       |
|    ep_rew_mean          | 1.45e+03       |
| time/                   |                |
|    fps                  | 657            |
|    iterations           | 119            |
|    time_elapsed         | 185            |
|    total_timesteps      | 121856         |
| train/                  |                |
|    approx_kl            | 0.019481603    |
|    clip_fraction        | 0.197          |
|    clip_range           | 0.2            |
|    entropy_loss         | -17.6          |
|    explained_variance   | -1.4305115e-05 |
|    learning_rate        | 0.0003         |
|    loss                 | -0.0316        |
|    n_updates            | 1180           |
|    policy_gradient_loss | -0.0228        |
|    std                  | 1.04           |
|    value_loss           | 0.0862         |
--------------------------------------------
--------------------------------------------
| rollout/                |                |
|    ep_len_mean          | 1.44e+03       |
|    ep_rew_mean          | 1.45e+03       |
| time/                   |                |
|    fps                  | 657            |
|    iterations           | 120            |
|    time_elapsed         | 186            |
|    total_timesteps      | 122880         |
| train/                  |                |
|    approx_kl            | 0.018672958    |
|    clip_fraction        | 0.231          |
|    clip_range           | 0.2            |
|    entropy_loss         | -17.5          |
|    explained_variance   | -4.4584274e-05 |
|    learning_rate        | 0.0003         |
|    loss                 | -0.0258        |
|    n_updates            | 1190           |
|    policy_gradient_loss | -0.0204        |
|    std                  | 1.04           |
|    value_loss           | 0.0934         |
--------------------------------------------
-------------------------------------------
| rollout/                |               |
|    ep_len_mean          | 1.44e+03      |
|    ep_rew_mean          | 1.45e+03      |
| time/                   |               |
|    fps                  | 657           |
|    iterations           | 121           |
|    time_elapsed         | 188           |
|    total_timesteps      | 123904        |
| train/                  |               |
|    approx_kl            | 0.015653158   |
|    clip_fraction        | 0.172         |
|    clip_range           | 0.2           |
|    entropy_loss         | -17.5         |
|    explained_variance   | -9.596348e-05 |
|    learning_rate        | 0.0003        |
|    loss                 | -0.0217       |
|    n_updates            | 1200          |
|    policy_gradient_loss | -0.0209       |
|    std                  | 1.04          |
|    value_loss           | 0.0417        |
-------------------------------------------
-------------------------------------------
| rollout/                |               |
|    ep_len_mean          | 1.44e+03      |
|    ep_rew_mean          | 1.45e+03      |
| time/                   |               |
|    fps                  | 657           |
|    iterations           | 122           |
|    time_elapsed         | 190           |
|    total_timesteps      | 124928        |
| train/                  |               |
|    approx_kl            | 0.016268793   |
|    clip_fraction        | 0.17          |
|    clip_range           | 0.2           |
|    entropy_loss         | -17.4         |
|    explained_variance   | -6.818771e-05 |
|    learning_rate        | 0.0003        |
|    loss                 | -0.033        |
|    n_updates            | 1210          |
|    policy_gradient_loss | -0.024        |
|    std                  | 1.03          |
|    value_loss           | 0.0424        |
-------------------------------------------
-------------------------------------------
| rollout/                |               |
|    ep_len_mean          | 1.44e+03      |
|    ep_rew_mean          | 1.45e+03      |
| time/                   |               |
|    fps                  | 657           |
|    iterations           | 123           |
|    time_elapsed         | 191           |
|    total_timesteps      | 125952        |
| train/                  |               |
|    approx_kl            | 0.016487874   |
|    clip_fraction        | 0.157         |
|    clip_range           | 0.2           |
|    entropy_loss         | -17.4         |
|    explained_variance   | 2.9623508e-05 |
|    learning_rate        | 0.0003        |
|    loss                 | -0.0188       |
|    n_updates            | 1220          |
|    policy_gradient_loss | -0.0186       |
|    std                  | 1.03          |
|    value_loss           | 0.0293        |
-------------------------------------------
------------------------------------------
| rollout/                |              |
|    ep_len_mean          | 1.44e+03     |
|    ep_rew_mean          | 1.45e+03     |
| time/                   |              |
|    fps                  | 657          |
|    iterations           | 124          |
|    time_elapsed         | 193          |
|    total_timesteps      | 126976       |
| train/                  |              |
|    approx_kl            | 0.014818665  |
|    clip_fraction        | 0.168        |
|    clip_range           | 0.2          |
|    entropy_loss         | -17.4        |
|    explained_variance   | 9.059906e-06 |
|    learning_rate        | 0.0003       |
|    loss                 | -0.00315     |
|    n_updates            | 1230         |
|    policy_gradient_loss | -0.024       |
|    std                  | 1.04         |
|    value_loss           | 0.0542       |
------------------------------------------
--------------------------------------------
| rollout/                |                |
|    ep_len_mean          | 1.44e+03       |
|    ep_rew_mean          | 1.45e+03       |
| time/                   |                |
|    fps                  | 656            |
|    iterations           | 125            |
|    time_elapsed         | 194            |
|    total_timesteps      | 128000         |
| train/                  |                |
|    approx_kl            | 0.015948297    |
|    clip_fraction        | 0.202          |
|    clip_range           | 0.2            |
|    entropy_loss         | -17.5          |
|    explained_variance   | -1.4781952e-05 |
|    learning_rate        | 0.0003         |
|    loss                 | -0.0106        |
|    n_updates            | 1240           |
|    policy_gradient_loss | -0.0245        |
|    std                  | 1.04           |
|    value_loss           | 0.0424         |
--------------------------------------------
--------------------------------------------
| rollout/                |                |
|    ep_len_mean          | 1.44e+03       |
|    ep_rew_mean          | 1.45e+03       |
| time/                   |                |
|    fps                  | 656            |
|    iterations           | 126            |
|    time_elapsed         | 196            |
|    total_timesteps      | 129024         |
| train/                  |                |
|    approx_kl            | 0.017612472    |
|    clip_fraction        | 0.167          |
|    clip_range           | 0.2            |
|    entropy_loss         | -17.5          |
|    explained_variance   | -1.3709068e-05 |
|    learning_rate        | 0.0003         |
|    loss                 | -0.0182        |
|    n_updates            | 1250           |
|    policy_gradient_loss | -0.0236        |
|    std                  | 1.04           |
|    value_loss           | 0.0315         |
--------------------------------------------
--------------------------------------------
| rollout/                |                |
|    ep_len_mean          | 1.44e+03       |
|    ep_rew_mean          | 1.45e+03       |
| time/                   |                |
|    fps                  | 656            |
|    iterations           | 127            |
|    time_elapsed         | 198            |
|    total_timesteps      | 130048         |
| train/                  |                |
|    approx_kl            | 0.013460315    |
|    clip_fraction        | 0.166          |
|    clip_range           | 0.2            |
|    entropy_loss         | -17.5          |
|    explained_variance   | -4.9710274e-05 |
|    learning_rate        | 0.0003         |
|    loss                 | -0.0205        |
|    n_updates            | 1260           |
|    policy_gradient_loss | -0.0218        |
|    std                  | 1.04           |
|    value_loss           | 0.0361         |
--------------------------------------------
--------------------------------------------
| rollout/                |                |
|    ep_len_mean          | 1.44e+03       |
|    ep_rew_mean          | 1.45e+03       |
| time/                   |                |
|    fps                  | 656            |
|    iterations           | 128            |
|    time_elapsed         | 199            |
|    total_timesteps      | 131072         |
| train/                  |                |
|    approx_kl            | 0.013366535    |
|    clip_fraction        | 0.17           |
|    clip_range           | 0.2            |
|    entropy_loss         | -17.5          |
|    explained_variance   | -1.3113022e-06 |
|    learning_rate        | 0.0003         |
|    loss                 | 0.00609        |
|    n_updates            | 1270           |
|    policy_gradient_loss | -0.0225        |
|    std                  | 1.04           |
|    value_loss           | 0.0566         |
--------------------------------------------
--------------------------------------------
| rollout/                |                |
|    ep_len_mean          | 1.44e+03       |
|    ep_rew_mean          | 1.45e+03       |
| time/                   |                |
|    fps                  | 656            |
|    iterations           | 129            |
|    time_elapsed         | 201            |
|    total_timesteps      | 132096         |
| train/                  |                |
|    approx_kl            | 0.013203319    |
|    clip_fraction        | 0.164          |
|    clip_range           | 0.2            |
|    entropy_loss         | -17.5          |
|    explained_variance   | -1.1444092e-05 |
|    learning_rate        | 0.0003         |
|    loss                 | -0.0256        |
|    n_updates            | 1280           |
|    policy_gradient_loss | -0.0216        |
|    std                  | 1.04           |
|    value_loss           | 0.0256         |
--------------------------------------------
-------------------------------------------
| rollout/                |               |
|    ep_len_mean          | 1.44e+03      |
|    ep_rew_mean          | 1.45e+03      |
| time/                   |               |
|    fps                  | 656           |
|    iterations           | 130           |
|    time_elapsed         | 202           |
|    total_timesteps      | 133120        |
| train/                  |               |
|    approx_kl            | 0.012440675   |
|    clip_fraction        | 0.134         |
|    clip_range           | 0.2           |
|    entropy_loss         | -17.5         |
|    explained_variance   | -7.855892e-05 |
|    learning_rate        | 0.0003        |
|    loss                 | -0.0118       |
|    n_updates            | 1290          |
|    policy_gradient_loss | -0.0192       |
|    std                  | 1.04          |
|    value_loss           | 0.0256        |
-------------------------------------------
------------------------------------------
| rollout/                |              |
|    ep_len_mean          | 1.44e+03     |
|    ep_rew_mean          | 1.45e+03     |
| time/                   |              |
|    fps                  | 656          |
|    iterations           | 131          |
|    time_elapsed         | 204          |
|    total_timesteps      | 134144       |
| train/                  |              |
|    approx_kl            | 0.016298706  |
|    clip_fraction        | 0.178        |
|    clip_range           | 0.2          |
|    entropy_loss         | -17.4        |
|    explained_variance   | 8.821487e-06 |
|    learning_rate        | 0.0003       |
|    loss                 | -0.00476     |
|    n_updates            | 1300         |
|    policy_gradient_loss | -0.0251      |
|    std                  | 1.04         |
|    value_loss           | 0.0608       |
------------------------------------------
--------------------------------------------
| rollout/                |                |
|    ep_len_mean          | 1.44e+03       |
|    ep_rew_mean          | 1.45e+03       |
| time/                   |                |
|    fps                  | 656            |
|    iterations           | 132            |
|    time_elapsed         | 206            |
|    total_timesteps      | 135168         |
| train/                  |                |
|    approx_kl            | 0.01268351     |
|    clip_fraction        | 0.163          |
|    clip_range           | 0.2            |
|    entropy_loss         | -17.4          |
|    explained_variance   | -0.00013685226 |
|    learning_rate        | 0.0003         |
|    loss                 | -0.0156        |
|    n_updates            | 1310           |
|    policy_gradient_loss | -0.0217        |
|    std                  | 1.04           |
|    value_loss           | 0.0188         |
--------------------------------------------
--------------------------------------------
| rollout/                |                |
|    ep_len_mean          | 1.44e+03       |
|    ep_rew_mean          | 1.45e+03       |
| time/                   |                |
|    fps                  | 656            |
|    iterations           | 133            |
|    time_elapsed         | 207            |
|    total_timesteps      | 136192         |
| train/                  |                |
|    approx_kl            | 0.0136826215   |
|    clip_fraction        | 0.175          |
|    clip_range           | 0.2            |
|    entropy_loss         | -17.4          |
|    explained_variance   | -7.9751015e-05 |
|    learning_rate        | 0.0003         |
|    loss                 | -0.0316        |
|    n_updates            | 1320           |
|    policy_gradient_loss | -0.0234        |
|    std                  | 1.04           |
|    value_loss           | 0.0191         |
--------------------------------------------
--------------------------------------------
| rollout/                |                |
|    ep_len_mean          | 1.44e+03       |
|    ep_rew_mean          | 1.45e+03       |
| time/                   |                |
|    fps                  | 655            |
|    iterations           | 134            |
|    time_elapsed         | 209            |
|    total_timesteps      | 137216         |
| train/                  |                |
|    approx_kl            | 0.01714994     |
|    clip_fraction        | 0.167          |
|    clip_range           | 0.2            |
|    entropy_loss         | -17.4          |
|    explained_variance   | -2.3007393e-05 |
|    learning_rate        | 0.0003         |
|    loss                 | -0.0126        |
|    n_updates            | 1330           |
|    policy_gradient_loss | -0.0214        |
|    std                  | 1.03           |
|    value_loss           | 0.0349         |
--------------------------------------------
-------------------------------------------
| rollout/                |               |
|    ep_len_mean          | 1.44e+03      |
|    ep_rew_mean          | 1.45e+03      |
| time/                   |               |
|    fps                  | 655           |
|    iterations           | 135           |
|    time_elapsed         | 210           |
|    total_timesteps      | 138240        |
| train/                  |               |
|    approx_kl            | 0.014106572   |
|    clip_fraction        | 0.16          |
|    clip_range           | 0.2           |
|    entropy_loss         | -17.4         |
|    explained_variance   | -5.722046e-06 |
|    learning_rate        | 0.0003        |
|    loss                 | -0.0173       |
|    n_updates            | 1340          |
|    policy_gradient_loss | -0.0205       |
|    std                  | 1.03          |
|    value_loss           | 0.0326        |
-------------------------------------------
--------------------------------------------
| rollout/                |                |
|    ep_len_mean          | 1.44e+03       |
|    ep_rew_mean          | 1.45e+03       |
| time/                   |                |
|    fps                  | 655            |
|    iterations           | 136            |
|    time_elapsed         | 212            |
|    total_timesteps      | 139264         |
| train/                  |                |
|    approx_kl            | 0.013799058    |
|    clip_fraction        | 0.159          |
|    clip_range           | 0.2            |
|    entropy_loss         | -17.4          |
|    explained_variance   | -2.2292137e-05 |
|    learning_rate        | 0.0003         |
|    loss                 | -0.0185        |
|    n_updates            | 1350           |
|    policy_gradient_loss | -0.0219        |
|    std                  | 1.03           |
|    value_loss           | 0.0169         |
--------------------------------------------
--------------------------------------------
| rollout/                |                |
|    ep_len_mean          | 1.44e+03       |
|    ep_rew_mean          | 1.45e+03       |
| time/                   |                |
|    fps                  | 655            |
|    iterations           | 137            |
|    time_elapsed         | 214            |
|    total_timesteps      | 140288         |
| train/                  |                |
|    approx_kl            | 0.010985492    |
|    clip_fraction        | 0.117          |
|    clip_range           | 0.2            |
|    entropy_loss         | -17.4          |
|    explained_variance   | -0.00018763542 |
|    learning_rate        | 0.0003         |
|    loss                 | -0.0144        |
|    n_updates            | 1360           |
|    policy_gradient_loss | -0.0182        |
|    std                  | 1.03           |
|    value_loss           | 0.018          |
--------------------------------------------
-------------------------------------------
| rollout/                |               |
|    ep_len_mean          | 1.44e+03      |
|    ep_rew_mean          | 1.45e+03      |
| time/                   |               |
|    fps                  | 655           |
|    iterations           | 138           |
|    time_elapsed         | 215           |
|    total_timesteps      | 141312        |
| train/                  |               |
|    approx_kl            | 0.01412218    |
|    clip_fraction        | 0.168         |
|    clip_range           | 0.2           |
|    entropy_loss         | -17.4         |
|    explained_variance   | 3.3974648e-05 |
|    learning_rate        | 0.0003        |
|    loss                 | -0.0285       |
|    n_updates            | 1370          |
|    policy_gradient_loss | -0.0228       |
|    std                  | 1.03          |
|    value_loss           | 0.0336        |
-------------------------------------------
--------------------------------------------
| rollout/                |                |
|    ep_len_mean          | 1.44e+03       |
|    ep_rew_mean          | 1.45e+03       |
| time/                   |                |
|    fps                  | 655            |
|    iterations           | 139            |
|    time_elapsed         | 217            |
|    total_timesteps      | 142336         |
| train/                  |                |
|    approx_kl            | 0.01091278     |
|    clip_fraction        | 0.158          |
|    clip_range           | 0.2            |
|    entropy_loss         | -17.4          |
|    explained_variance   | -0.00018417835 |
|    learning_rate        | 0.0003         |
|    loss                 | -0.0344        |
|    n_updates            | 1380           |
|    policy_gradient_loss | -0.0211        |
|    std                  | 1.03           |
|    value_loss           | 0.014          |
--------------------------------------------
--------------------------------------------
| rollout/                |                |
|    ep_len_mean          | 1.44e+03       |
|    ep_rew_mean          | 1.45e+03       |
| time/                   |                |
|    fps                  | 655            |
|    iterations           | 140            |
|    time_elapsed         | 218            |
|    total_timesteps      | 143360         |
| train/                  |                |
|    approx_kl            | 0.013908879    |
|    clip_fraction        | 0.148          |
|    clip_range           | 0.2            |
|    entropy_loss         | -17.4          |
|    explained_variance   | -5.9366226e-05 |
|    learning_rate        | 0.0003         |
|    loss                 | -0.0311        |
|    n_updates            | 1390           |
|    policy_gradient_loss | -0.021         |
|    std                  | 1.03           |
|    value_loss           | 0.018          |
--------------------------------------------
--------------------------------------------
| rollout/                |                |
|    ep_len_mean          | 1.44e+03       |
|    ep_rew_mean          | 1.45e+03       |
| time/                   |                |
|    fps                  | 655            |
|    iterations           | 141            |
|    time_elapsed         | 220            |
|    total_timesteps      | 144384         |
| train/                  |                |
|    approx_kl            | 0.014655584    |
|    clip_fraction        | 0.148          |
|    clip_range           | 0.2            |
|    entropy_loss         | -17.4          |
|    explained_variance   | -0.00016391277 |
|    learning_rate        | 0.0003         |
|    loss                 | -0.0232        |
|    n_updates            | 1400           |
|    policy_gradient_loss | -0.0202        |
|    std                  | 1.03           |
|    value_loss           | 0.0273         |
--------------------------------------------
--------------------------------------------
| rollout/                |                |
|    ep_len_mean          | 1.44e+03       |
|    ep_rew_mean          | 1.45e+03       |
| time/                   |                |
|    fps                  | 655            |
|    iterations           | 142            |
|    time_elapsed         | 221            |
|    total_timesteps      | 145408         |
| train/                  |                |
|    approx_kl            | 0.01688999     |
|    clip_fraction        | 0.156          |
|    clip_range           | 0.2            |
|    entropy_loss         | -17.4          |
|    explained_variance   | -1.0251999e-05 |
|    learning_rate        | 0.0003         |
|    loss                 | -0.01          |
|    n_updates            | 1410           |
|    policy_gradient_loss | -0.0212        |
|    std                  | 1.03           |
|    value_loss           | 0.0239         |
--------------------------------------------
--------------------------------------------
| rollout/                |                |
|    ep_len_mean          | 1.44e+03       |
|    ep_rew_mean          | 1.45e+03       |
| time/                   |                |
|    fps                  | 655            |
|    iterations           | 143            |
|    time_elapsed         | 223            |
|    total_timesteps      | 146432         |
| train/                  |                |
|    approx_kl            | 0.01592708     |
|    clip_fraction        | 0.174          |
|    clip_range           | 0.2            |
|    entropy_loss         | -17.4          |
|    explained_variance   | -0.00022387505 |
|    learning_rate        | 0.0003         |
|    loss                 | -0.0181        |
|    n_updates            | 1420           |
|    policy_gradient_loss | -0.0223        |
|    std                  | 1.03           |
|    value_loss           | 0.0142         |
--------------------------------------------
--------------------------------------------
| rollout/                |                |
|    ep_len_mean          | 1.44e+03       |
|    ep_rew_mean          | 1.45e+03       |
| time/                   |                |
|    fps                  | 655            |
|    iterations           | 144            |
|    time_elapsed         | 225            |
|    total_timesteps      | 147456         |
| train/                  |                |
|    approx_kl            | 0.011524368    |
|    clip_fraction        | 0.128          |
|    clip_range           | 0.2            |
|    entropy_loss         | -17.4          |
|    explained_variance   | -0.00018596649 |
|    learning_rate        | 0.0003         |
|    loss                 | -0.031         |
|    n_updates            | 1430           |
|    policy_gradient_loss | -0.0178        |
|    std                  | 1.03           |
|    value_loss           | 0.0141         |
--------------------------------------------
-------------------------------------------
| rollout/                |               |
|    ep_len_mean          | 1.44e+03      |
|    ep_rew_mean          | 1.45e+03      |
| time/                   |               |
|    fps                  | 655           |
|    iterations           | 145           |
|    time_elapsed         | 226           |
|    total_timesteps      | 148480        |
| train/                  |               |
|    approx_kl            | 0.015126647   |
|    clip_fraction        | 0.177         |
|    clip_range           | 0.2           |
|    entropy_loss         | -17.4         |
|    explained_variance   | -7.891655e-05 |
|    learning_rate        | 0.0003        |
|    loss                 | -0.0251       |
|    n_updates            | 1440          |
|    policy_gradient_loss | -0.0214       |
|    std                  | 1.03          |
|    value_loss           | 0.0117        |
-------------------------------------------
--------------------------------------------
| rollout/                |                |
|    ep_len_mean          | 1.44e+03       |
|    ep_rew_mean          | 1.45e+03       |
| time/                   |                |
|    fps                  | 655            |
|    iterations           | 146            |
|    time_elapsed         | 228            |
|    total_timesteps      | 149504         |
| train/                  |                |
|    approx_kl            | 0.011086605    |
|    clip_fraction        | 0.15           |
|    clip_range           | 0.2            |
|    entropy_loss         | -17.3          |
|    explained_variance   | -0.00053811073 |
|    learning_rate        | 0.0003         |
|    loss                 | -0.0302        |
|    n_updates            | 1450           |
|    policy_gradient_loss | -0.0219        |
|    std                  | 1.03           |
|    value_loss           | 0.00908        |
--------------------------------------------
--------------------------------------------
| rollout/                |                |
|    ep_len_mean          | 1.44e+03       |
|    ep_rew_mean          | 1.45e+03       |
| time/                   |                |
|    fps                  | 655            |
|    iterations           | 147            |
|    time_elapsed         | 229            |
|    total_timesteps      | 150528         |
| train/                  |                |
|    approx_kl            | 0.016261086    |
|    clip_fraction        | 0.15           |
|    clip_range           | 0.2            |
|    entropy_loss         | -17.3          |
|    explained_variance   | -0.00013923645 |
|    learning_rate        | 0.0003         |
|    loss                 | -0.031         |
|    n_updates            | 1460           |
|    policy_gradient_loss | -0.0197        |
|    std                  | 1.03           |
|    value_loss           | 0.0119         |
--------------------------------------------
--------------------------------------------
| rollout/                |                |
|    ep_len_mean          | 1.44e+03       |
|    ep_rew_mean          | 1.45e+03       |
| time/                   |                |
|    fps                  | 655            |
|    iterations           | 148            |
|    time_elapsed         | 231            |
|    total_timesteps      | 151552         |
| train/                  |                |
|    approx_kl            | 0.015607222    |
|    clip_fraction        | 0.171          |
|    clip_range           | 0.2            |
|    entropy_loss         | -17.3          |
|    explained_variance   | -0.00019907951 |
|    learning_rate        | 0.0003         |
|    loss                 | -0.0471        |
|    n_updates            | 1470           |
|    policy_gradient_loss | -0.0286        |
|    std                  | 1.03           |
|    value_loss           | 0.013          |
--------------------------------------------
------------------------------------------
| rollout/                |              |
|    ep_len_mean          | 1.44e+03     |
|    ep_rew_mean          | 1.45e+03     |
| time/                   |              |
|    fps                  | 655          |
|    iterations           | 149          |
|    time_elapsed         | 232          |
|    total_timesteps      | 152576       |
| train/                  |              |
|    approx_kl            | 0.012074672  |
|    clip_fraction        | 0.133        |
|    clip_range           | 0.2          |
|    entropy_loss         | -17.3        |
|    explained_variance   | -0.000156641 |
|    learning_rate        | 0.0003       |
|    loss                 | -0.0294      |
|    n_updates            | 1480         |
|    policy_gradient_loss | -0.021       |
|    std                  | 1.03         |
|    value_loss           | 0.0119       |
------------------------------------------
--------------------------------------------
| rollout/                |                |
|    ep_len_mean          | 1.44e+03       |
|    ep_rew_mean          | 1.45e+03       |
| time/                   |                |
|    fps                  | 655            |
|    iterations           | 150            |
|    time_elapsed         | 234            |
|    total_timesteps      | 153600         |
| train/                  |                |
|    approx_kl            | 0.01615687     |
|    clip_fraction        | 0.198          |
|    clip_range           | 0.2            |
|    entropy_loss         | -17.3          |
|    explained_variance   | -0.00012791157 |
|    learning_rate        | 0.0003         |
|    loss                 | -0.0354        |
|    n_updates            | 1490           |
|    policy_gradient_loss | -0.0247        |
|    std                  | 1.02           |
|    value_loss           | 0.0121         |
--------------------------------------------
--------------------------------------------
| rollout/                |                |
|    ep_len_mean          | 1.44e+03       |
|    ep_rew_mean          | 1.45e+03       |
| time/                   |                |
|    fps                  | 656            |
|    iterations           | 151            |
|    time_elapsed         | 235            |
|    total_timesteps      | 154624         |
| train/                  |                |
|    approx_kl            | 0.014135566    |
|    clip_fraction        | 0.175          |
|    clip_range           | 0.2            |
|    entropy_loss         | -17.3          |
|    explained_variance   | -0.00029432774 |
|    learning_rate        | 0.0003         |
|    loss                 | -0.0307        |
|    n_updates            | 1500           |
|    policy_gradient_loss | -0.0226        |
|    std                  | 1.02           |
|    value_loss           | 0.0144         |
--------------------------------------------
--------------------------------------------
| rollout/                |                |
|    ep_len_mean          | 1.44e+03       |
|    ep_rew_mean          | 1.45e+03       |
| time/                   |                |
|    fps                  | 656            |
|    iterations           | 152            |
|    time_elapsed         | 237            |
|    total_timesteps      | 155648         |
| train/                  |                |
|    approx_kl            | 0.013907679    |
|    clip_fraction        | 0.161          |
|    clip_range           | 0.2            |
|    entropy_loss         | -17.3          |
|    explained_variance   | -0.00014746189 |
|    learning_rate        | 0.0003         |
|    loss                 | -0.0231        |
|    n_updates            | 1510           |
|    policy_gradient_loss | -0.0233        |
|    std                  | 1.02           |
|    value_loss           | 0.00859        |
--------------------------------------------
--------------------------------------------
| rollout/                |                |
|    ep_len_mean          | 1.44e+03       |
|    ep_rew_mean          | 1.45e+03       |
| time/                   |                |
|    fps                  | 656            |
|    iterations           | 153            |
|    time_elapsed         | 238            |
|    total_timesteps      | 156672         |
| train/                  |                |
|    approx_kl            | 0.012681863    |
|    clip_fraction        | 0.16           |
|    clip_range           | 0.2            |
|    entropy_loss         | -17.3          |
|    explained_variance   | -2.5987625e-05 |
|    learning_rate        | 0.0003         |
|    loss                 | -0.0197        |
|    n_updates            | 1520           |
|    policy_gradient_loss | -0.0211        |
|    std                  | 1.02           |
|    value_loss           | 0.0126         |
--------------------------------------------
-------------------------------------------
| rollout/                |               |
|    ep_len_mean          | 1.44e+03      |
|    ep_rew_mean          | 1.45e+03      |
| time/                   |               |
|    fps                  | 656           |
|    iterations           | 154           |
|    time_elapsed         | 240           |
|    total_timesteps      | 157696        |
| train/                  |               |
|    approx_kl            | 0.0146394735  |
|    clip_fraction        | 0.139         |
|    clip_range           | 0.2           |
|    entropy_loss         | -17.3         |
|    explained_variance   | -9.417534e-05 |
|    learning_rate        | 0.0003        |
|    loss                 | -0.0235       |
|    n_updates            | 1530          |
|    policy_gradient_loss | -0.0216       |
|    std                  | 1.02          |
|    value_loss           | 0.0124        |
-------------------------------------------
--------------------------------------------
| rollout/                |                |
|    ep_len_mean          | 1.44e+03       |
|    ep_rew_mean          | 1.45e+03       |
| time/                   |                |
|    fps                  | 656            |
|    iterations           | 155            |
|    time_elapsed         | 241            |
|    total_timesteps      | 158720         |
| train/                  |                |
|    approx_kl            | 0.014151998    |
|    clip_fraction        | 0.19           |
|    clip_range           | 0.2            |
|    entropy_loss         | -17.3          |
|    explained_variance   | -0.00019729137 |
|    learning_rate        | 0.0003         |
|    loss                 | -0.0349        |
|    n_updates            | 1540           |
|    policy_gradient_loss | -0.0248        |
|    std                  | 1.02           |
|    value_loss           | 0.0121         |
--------------------------------------------
--------------------------------------------
| rollout/                |                |
|    ep_len_mean          | 1.44e+03       |
|    ep_rew_mean          | 1.45e+03       |
| time/                   |                |
|    fps                  | 656            |
|    iterations           | 156            |
|    time_elapsed         | 243            |
|    total_timesteps      | 159744         |
| train/                  |                |
|    approx_kl            | 0.015508289    |
|    clip_fraction        | 0.191          |
|    clip_range           | 0.2            |
|    entropy_loss         | -17.2          |
|    explained_variance   | -4.9948692e-05 |
|    learning_rate        | 0.0003         |
|    loss                 | -0.0348        |
|    n_updates            | 1550           |
|    policy_gradient_loss | -0.0235        |
|    std                  | 1.02           |
|    value_loss           | 0.0122         |
--------------------------------------------
--------------------------------------------
| rollout/                |                |
|    ep_len_mean          | 1.44e+03       |
|    ep_rew_mean          | 1.45e+03       |
| time/                   |                |
|    fps                  | 657            |
|    iterations           | 157            |
|    time_elapsed         | 244            |
|    total_timesteps      | 160768         |
| train/                  |                |
|    approx_kl            | 0.014059909    |
|    clip_fraction        | 0.168          |
|    clip_range           | 0.2            |
|    entropy_loss         | -17.2          |
|    explained_variance   | -0.00012111664 |
|    learning_rate        | 0.0003         |
|    loss                 | -0.0172        |
|    n_updates            | 1560           |
|    policy_gradient_loss | -0.0223        |
|    std                  | 1.02           |
|    value_loss           | 0.0108         |
--------------------------------------------
--------------------------------------------
| rollout/                |                |
|    ep_len_mean          | 1.44e+03       |
|    ep_rew_mean          | 1.45e+03       |
| time/                   |                |
|    fps                  | 657            |
|    iterations           | 158            |
|    time_elapsed         | 246            |
|    total_timesteps      | 161792         |
| train/                  |                |
|    approx_kl            | 0.011163436    |
|    clip_fraction        | 0.138          |
|    clip_range           | 0.2            |
|    entropy_loss         | -17.2          |
|    explained_variance   | -0.00016486645 |
|    learning_rate        | 0.0003         |
|    loss                 | -0.0291        |
|    n_updates            | 1570           |
|    policy_gradient_loss | -0.0194        |
|    std                  | 1.02           |
|    value_loss           | 0.0092         |
--------------------------------------------
--------------------------------------------
| rollout/                |                |
|    ep_len_mean          | 1.44e+03       |
|    ep_rew_mean          | 1.45e+03       |
| time/                   |                |
|    fps                  | 657            |
|    iterations           | 159            |
|    time_elapsed         | 247            |
|    total_timesteps      | 162816         |
| train/                  |                |
|    approx_kl            | 0.013306145    |
|    clip_fraction        | 0.172          |
|    clip_range           | 0.2            |
|    entropy_loss         | -17.2          |
|    explained_variance   | -0.00014805794 |
|    learning_rate        | 0.0003         |
|    loss                 | -0.0247        |
|    n_updates            | 1580           |
|    policy_gradient_loss | -0.0241        |
|    std                  | 1.02           |
|    value_loss           | 0.0107         |
--------------------------------------------
-------------------------------------------
| rollout/                |               |
|    ep_len_mean          | 1.44e+03      |
|    ep_rew_mean          | 1.45e+03      |
| time/                   |               |
|    fps                  | 657           |
|    iterations           | 160           |
|    time_elapsed         | 249           |
|    total_timesteps      | 163840        |
| train/                  |               |
|    approx_kl            | 0.013872609   |
|    clip_fraction        | 0.169         |
|    clip_range           | 0.2           |
|    entropy_loss         | -17.2         |
|    explained_variance   | -0.0002566576 |
|    learning_rate        | 0.0003        |
|    loss                 | -0.035        |
|    n_updates            | 1590          |
|    policy_gradient_loss | -0.0232       |
|    std                  | 1.02          |
|    value_loss           | 0.00885       |
-------------------------------------------
--------------------------------------------
| rollout/                |                |
|    ep_len_mean          | 1.44e+03       |
|    ep_rew_mean          | 1.45e+03       |
| time/                   |                |
|    fps                  | 657            |
|    iterations           | 161            |
|    time_elapsed         | 250            |
|    total_timesteps      | 164864         |
| train/                  |                |
|    approx_kl            | 0.010389157    |
|    clip_fraction        | 0.159          |
|    clip_range           | 0.2            |
|    entropy_loss         | -17.2          |
|    explained_variance   | -5.3048134e-05 |
|    learning_rate        | 0.0003         |
|    loss                 | -0.0179        |
|    n_updates            | 1600           |
|    policy_gradient_loss | -0.0202        |
|    std                  | 1.02           |
|    value_loss           | 0.00994        |
--------------------------------------------
-------------------------------------------
| rollout/                |               |
|    ep_len_mean          | 1.44e+03      |
|    ep_rew_mean          | 1.45e+03      |
| time/                   |               |
|    fps                  | 657           |
|    iterations           | 162           |
|    time_elapsed         | 252           |
|    total_timesteps      | 165888        |
| train/                  |               |
|    approx_kl            | 0.015647173   |
|    clip_fraction        | 0.155         |
|    clip_range           | 0.2           |
|    entropy_loss         | -17.2         |
|    explained_variance   | -7.426739e-05 |
|    learning_rate        | 0.0003        |
|    loss                 | -0.0332       |
|    n_updates            | 1610          |
|    policy_gradient_loss | -0.0228       |
|    std                  | 1.02          |
|    value_loss           | 0.00874       |
-------------------------------------------
-------------------------------------------
| rollout/                |               |
|    ep_len_mean          | 1.44e+03      |
|    ep_rew_mean          | 1.45e+03      |
| time/                   |               |
|    fps                  | 657           |
|    iterations           | 163           |
|    time_elapsed         | 253           |
|    total_timesteps      | 166912        |
| train/                  |               |
|    approx_kl            | 0.013936319   |
|    clip_fraction        | 0.147         |
|    clip_range           | 0.2           |
|    entropy_loss         | -17.2         |
|    explained_variance   | 1.1444092e-05 |
|    learning_rate        | 0.0003        |
|    loss                 | -0.0226       |
|    n_updates            | 1620          |
|    policy_gradient_loss | -0.0216       |
|    std                  | 1.01          |
|    value_loss           | 0.0104        |
-------------------------------------------
--------------------------------------------
| rollout/                |                |
|    ep_len_mean          | 1.44e+03       |
|    ep_rew_mean          | 1.45e+03       |
| time/                   |                |
|    fps                  | 657            |
|    iterations           | 164            |
|    time_elapsed         | 255            |
|    total_timesteps      | 167936         |
| train/                  |                |
|    approx_kl            | 0.012493275    |
|    clip_fraction        | 0.176          |
|    clip_range           | 0.2            |
|    entropy_loss         | -17.2          |
|    explained_variance   | -0.00019657612 |
|    learning_rate        | 0.0003         |
|    loss                 | -0.0299        |
|    n_updates            | 1630           |
|    policy_gradient_loss | -0.0232        |
|    std                  | 1.01           |
|    value_loss           | 0.0107         |
--------------------------------------------
-------------------------------------------
| rollout/                |               |
|    ep_len_mean          | 1.44e+03      |
|    ep_rew_mean          | 1.45e+03      |
| time/                   |               |
|    fps                  | 657           |
|    iterations           | 165           |
|    time_elapsed         | 256           |
|    total_timesteps      | 168960        |
| train/                  |               |
|    approx_kl            | 0.012246561   |
|    clip_fraction        | 0.151         |
|    clip_range           | 0.2           |
|    entropy_loss         | -17.1         |
|    explained_variance   | -0.0001103878 |
|    learning_rate        | 0.0003        |
|    loss                 | -0.0265       |
|    n_updates            | 1640          |
|    policy_gradient_loss | -0.0196       |
|    std                  | 1.01          |
|    value_loss           | 0.0122        |
-------------------------------------------
-------------------------------------------
| rollout/                |               |
|    ep_len_mean          | 1.44e+03      |
|    ep_rew_mean          | 1.45e+03      |
| time/                   |               |
|    fps                  | 658           |
|    iterations           | 166           |
|    time_elapsed         | 258           |
|    total_timesteps      | 169984        |
| train/                  |               |
|    approx_kl            | 0.012825372   |
|    clip_fraction        | 0.159         |
|    clip_range           | 0.2           |
|    entropy_loss         | -17.1         |
|    explained_variance   | 0.00020515919 |
|    learning_rate        | 0.0003        |
|    loss                 | -0.0305       |
|    n_updates            | 1650          |
|    policy_gradient_loss | -0.0246       |
|    std                  | 1.01          |
|    value_loss           | 0.00959       |
-------------------------------------------
-------------------------------------------
| rollout/                |               |
|    ep_len_mean          | 1.44e+03      |
|    ep_rew_mean          | 1.45e+03      |
| time/                   |               |
|    fps                  | 658           |
|    iterations           | 167           |
|    time_elapsed         | 259           |
|    total_timesteps      | 171008        |
| train/                  |               |
|    approx_kl            | 0.015190373   |
|    clip_fraction        | 0.172         |
|    clip_range           | 0.2           |
|    entropy_loss         | -17.1         |
|    explained_variance   | 1.3709068e-05 |
|    learning_rate        | 0.0003        |
|    loss                 | -0.024        |
|    n_updates            | 1660          |
|    policy_gradient_loss | -0.0217       |
|    std                  | 1.01          |
|    value_loss           | 0.0089        |
-------------------------------------------
--------------------------------------------
| rollout/                |                |
|    ep_len_mean          | 1.44e+03       |
|    ep_rew_mean          | 1.45e+03       |
| time/                   |                |
|    fps                  | 658            |
|    iterations           | 168            |
|    time_elapsed         | 261            |
|    total_timesteps      | 172032         |
| train/                  |                |
|    approx_kl            | 0.015466956    |
|    clip_fraction        | 0.145          |
|    clip_range           | 0.2            |
|    entropy_loss         | -17.1          |
|    explained_variance   | -0.00014305115 |
|    learning_rate        | 0.0003         |
|    loss                 | -0.0172        |
|    n_updates            | 1670           |
|    policy_gradient_loss | -0.0195        |
|    std                  | 1.01           |
|    value_loss           | 0.00983        |
--------------------------------------------
-------------------------------------------
| rollout/                |               |
|    ep_len_mean          | 1.44e+03      |
|    ep_rew_mean          | 1.45e+03      |
| time/                   |               |
|    fps                  | 658           |
|    iterations           | 169           |
|    time_elapsed         | 262           |
|    total_timesteps      | 173056        |
| train/                  |               |
|    approx_kl            | 0.011668737   |
|    clip_fraction        | 0.148         |
|    clip_range           | 0.2           |
|    entropy_loss         | -17.1         |
|    explained_variance   | 7.2717667e-06 |
|    learning_rate        | 0.0003        |
|    loss                 | -0.0333       |
|    n_updates            | 1680          |
|    policy_gradient_loss | -0.021        |
|    std                  | 1.01          |
|    value_loss           | 0.00763       |
-------------------------------------------
-------------------------------------------
| rollout/                |               |
|    ep_len_mean          | 1.44e+03      |
|    ep_rew_mean          | 1.45e+03      |
| time/                   |               |
|    fps                  | 658           |
|    iterations           | 170           |
|    time_elapsed         | 264           |
|    total_timesteps      | 174080        |
| train/                  |               |
|    approx_kl            | 0.012537133   |
|    clip_fraction        | 0.151         |
|    clip_range           | 0.2           |
|    entropy_loss         | -17.1         |
|    explained_variance   | 0.00022995472 |
|    learning_rate        | 0.0003        |
|    loss                 | -0.0312       |
|    n_updates            | 1690          |
|    policy_gradient_loss | -0.0198       |
|    std                  | 1.01          |
|    value_loss           | 0.00938       |
-------------------------------------------
--------------------------------------------
| rollout/                |                |
|    ep_len_mean          | 1.44e+03       |
|    ep_rew_mean          | 1.45e+03       |
| time/                   |                |
|    fps                  | 658            |
|    iterations           | 171            |
|    time_elapsed         | 265            |
|    total_timesteps      | 175104         |
| train/                  |                |
|    approx_kl            | 0.020764902    |
|    clip_fraction        | 0.194          |
|    clip_range           | 0.2            |
|    entropy_loss         | -17.1          |
|    explained_variance   | -0.00020754337 |
|    learning_rate        | 0.0003         |
|    loss                 | -0.0275        |
|    n_updates            | 1700           |
|    policy_gradient_loss | -0.0236        |
|    std                  | 1.01           |
|    value_loss           | 0.011          |
--------------------------------------------
--------------------------------------------
| rollout/                |                |
|    ep_len_mean          | 1.44e+03       |
|    ep_rew_mean          | 1.45e+03       |
| time/                   |                |
|    fps                  | 658            |
|    iterations           | 172            |
|    time_elapsed         | 267            |
|    total_timesteps      | 176128         |
| train/                  |                |
|    approx_kl            | 0.014999742    |
|    clip_fraction        | 0.161          |
|    clip_range           | 0.2            |
|    entropy_loss         | -17.1          |
|    explained_variance   | -2.3961067e-05 |
|    learning_rate        | 0.0003         |
|    loss                 | -0.0307        |
|    n_updates            | 1710           |
|    policy_gradient_loss | -0.0222        |
|    std                  | 1              |
|    value_loss           | 0.0116         |
--------------------------------------------
-----------------------------------------
| rollout/                |             |
|    ep_len_mean          | 1.44e+03    |
|    ep_rew_mean          | 1.45e+03    |
| time/                   |             |
|    fps                  | 658         |
|    iterations           | 173         |
|    time_elapsed         | 269         |
|    total_timesteps      | 177152      |
| train/                  |             |
|    approx_kl            | 0.016459739 |
|    clip_fraction        | 0.161       |
|    clip_range           | 0.2         |
|    entropy_loss         | -17.1       |
|    explained_variance   | 0.000205338 |
|    learning_rate        | 0.0003      |
|    loss                 | -0.0363     |
|    n_updates            | 1720        |
|    policy_gradient_loss | -0.0231     |
|    std                  | 1.01        |
|    value_loss           | 0.00819     |
-----------------------------------------
--------------------------------------------
| rollout/                |                |
|    ep_len_mean          | 1.44e+03       |
|    ep_rew_mean          | 1.45e+03       |
| time/                   |                |
|    fps                  | 658            |
|    iterations           | 174            |
|    time_elapsed         | 270            |
|    total_timesteps      | 178176         |
| train/                  |                |
|    approx_kl            | 0.016647723    |
|    clip_fraction        | 0.174          |
|    clip_range           | 0.2            |
|    entropy_loss         | -17            |
|    explained_variance   | 0.000105798244 |
|    learning_rate        | 0.0003         |
|    loss                 | -0.0173        |
|    n_updates            | 1730           |
|    policy_gradient_loss | -0.0243        |
|    std                  | 1              |
|    value_loss           | 0.00928        |
--------------------------------------------
-------------------------------------------
| rollout/                |               |
|    ep_len_mean          | 1.44e+03      |
|    ep_rew_mean          | 1.45e+03      |
| time/                   |               |
|    fps                  | 658           |
|    iterations           | 175           |
|    time_elapsed         | 271           |
|    total_timesteps      | 179200        |
| train/                  |               |
|    approx_kl            | 0.014169775   |
|    clip_fraction        | 0.153         |
|    clip_range           | 0.2           |
|    entropy_loss         | -17           |
|    explained_variance   | 6.7830086e-05 |
|    learning_rate        | 0.0003        |
|    loss                 | -0.0284       |
|    n_updates            | 1740          |
|    policy_gradient_loss | -0.0219       |
|    std                  | 1             |
|    value_loss           | 0.00903       |
-------------------------------------------
-------------------------------------------
| rollout/                |               |
|    ep_len_mean          | 1.44e+03      |
|    ep_rew_mean          | 1.46e+03      |
| time/                   |               |
|    fps                  | 658           |
|    iterations           | 176           |
|    time_elapsed         | 273           |
|    total_timesteps      | 180224        |
| train/                  |               |
|    approx_kl            | 0.016427089   |
|    clip_fraction        | 0.174         |
|    clip_range           | 0.2           |
|    entropy_loss         | -17           |
|    explained_variance   | 0.00021070242 |
|    learning_rate        | 0.0003        |
|    loss                 | -0.049        |
|    n_updates            | 1750          |
|    policy_gradient_loss | -0.0242       |
|    std                  | 1             |
|    value_loss           | 0.00907       |
-------------------------------------------
-------------------------------------------
| rollout/                |               |
|    ep_len_mean          | 1.44e+03      |
|    ep_rew_mean          | 1.46e+03      |
| time/                   |               |
|    fps                  | 659           |
|    iterations           | 177           |
|    time_elapsed         | 274           |
|    total_timesteps      | 181248        |
| train/                  |               |
|    approx_kl            | 0.012067097   |
|    clip_fraction        | 0.14          |
|    clip_range           | 0.2           |
|    entropy_loss         | -17           |
|    explained_variance   | 3.4213066e-05 |
|    learning_rate        | 0.0003        |
|    loss                 | -0.0234       |
|    n_updates            | 1760          |
|    policy_gradient_loss | -0.0205       |
|    std                  | 1             |
|    value_loss           | 0.00856       |
-------------------------------------------
-------------------------------------------
| rollout/                |               |
|    ep_len_mean          | 1.44e+03      |
|    ep_rew_mean          | 1.46e+03      |
| time/                   |               |
|    fps                  | 659           |
|    iterations           | 178           |
|    time_elapsed         | 276           |
|    total_timesteps      | 182272        |
| train/                  |               |
|    approx_kl            | 0.0144127235  |
|    clip_fraction        | 0.14          |
|    clip_range           | 0.2           |
|    entropy_loss         | -17           |
|    explained_variance   | 0.00039434433 |
|    learning_rate        | 0.0003        |
|    loss                 | -0.0341       |
|    n_updates            | 1770          |
|    policy_gradient_loss | -0.0217       |
|    std                  | 0.999         |
|    value_loss           | 0.0113        |
-------------------------------------------
-------------------------------------------
| rollout/                |               |
|    ep_len_mean          | 1.44e+03      |
|    ep_rew_mean          | 1.46e+03      |
| time/                   |               |
|    fps                  | 659           |
|    iterations           | 179           |
|    time_elapsed         | 277           |
|    total_timesteps      | 183296        |
| train/                  |               |
|    approx_kl            | 0.014183439   |
|    clip_fraction        | 0.124         |
|    clip_range           | 0.2           |
|    entropy_loss         | -17           |
|    explained_variance   | 0.00025236607 |
|    learning_rate        | 0.0003        |
|    loss                 | -0.0264       |
|    n_updates            | 1780          |
|    policy_gradient_loss | -0.0197       |
|    std                  | 0.996         |
|    value_loss           | 0.00922       |
-------------------------------------------
-------------------------------------------
| rollout/                |               |
|    ep_len_mean          | 1.44e+03      |
|    ep_rew_mean          | 1.46e+03      |
| time/                   |               |
|    fps                  | 659           |
|    iterations           | 180           |
|    time_elapsed         | 279           |
|    total_timesteps      | 184320        |
| train/                  |               |
|    approx_kl            | 0.016848935   |
|    clip_fraction        | 0.152         |
|    clip_range           | 0.2           |
|    entropy_loss         | -17           |
|    explained_variance   | 0.00018662214 |
|    learning_rate        | 0.0003        |
|    loss                 | -0.00968      |
|    n_updates            | 1790          |
|    policy_gradient_loss | -0.0206       |
|    std                  | 0.999         |
|    value_loss           | 0.013         |
-------------------------------------------
-------------------------------------------
| rollout/                |               |
|    ep_len_mean          | 1.44e+03      |
|    ep_rew_mean          | 1.46e+03      |
| time/                   |               |
|    fps                  | 659           |
|    iterations           | 181           |
|    time_elapsed         | 280           |
|    total_timesteps      | 185344        |
| train/                  |               |
|    approx_kl            | 0.013707133   |
|    clip_fraction        | 0.175         |
|    clip_range           | 0.2           |
|    entropy_loss         | -17           |
|    explained_variance   | 0.00018829107 |
|    learning_rate        | 0.0003        |
|    loss                 | -0.0297       |
|    n_updates            | 1800          |
|    policy_gradient_loss | -0.0244       |
|    std                  | 0.998         |
|    value_loss           | 0.0117        |
-------------------------------------------
-------------------------------------------
| rollout/                |               |
|    ep_len_mean          | 1.44e+03      |
|    ep_rew_mean          | 1.46e+03      |
| time/                   |               |
|    fps                  | 659           |
|    iterations           | 182           |
|    time_elapsed         | 282           |
|    total_timesteps      | 186368        |
| train/                  |               |
|    approx_kl            | 0.014374227   |
|    clip_fraction        | 0.2           |
|    clip_range           | 0.2           |
|    entropy_loss         | -17           |
|    explained_variance   | 0.00025475025 |
|    learning_rate        | 0.0003        |
|    loss                 | -0.0259       |
|    n_updates            | 1810          |
|    policy_gradient_loss | -0.0262       |
|    std                  | 0.995         |
|    value_loss           | 0.0127        |
-------------------------------------------
------------------------------------------
| rollout/                |              |
|    ep_len_mean          | 1.44e+03     |
|    ep_rew_mean          | 1.46e+03     |
| time/                   |              |
|    fps                  | 659          |
|    iterations           | 183          |
|    time_elapsed         | 283          |
|    total_timesteps      | 187392       |
| train/                  |              |
|    approx_kl            | 0.013002569  |
|    clip_fraction        | 0.143        |
|    clip_range           | 0.2          |
|    entropy_loss         | -16.9        |
|    explained_variance   | 0.0003080964 |
|    learning_rate        | 0.0003       |
|    loss                 | -0.0284      |
|    n_updates            | 1820         |
|    policy_gradient_loss | -0.0214      |
|    std                  | 0.994        |
|    value_loss           | 0.00917      |
------------------------------------------
------------------------------------------
| rollout/                |              |
|    ep_len_mean          | 1.44e+03     |
|    ep_rew_mean          | 1.46e+03     |
| time/                   |              |
|    fps                  | 659          |
|    iterations           | 184          |
|    time_elapsed         | 285          |
|    total_timesteps      | 188416       |
| train/                  |              |
|    approx_kl            | 0.012821791  |
|    clip_fraction        | 0.159        |
|    clip_range           | 0.2          |
|    entropy_loss         | -16.9        |
|    explained_variance   | 0.0005080104 |
|    learning_rate        | 0.0003       |
|    loss                 | -0.0326      |
|    n_updates            | 1830         |
|    policy_gradient_loss | -0.0225      |
|    std                  | 0.993        |
|    value_loss           | 0.0129       |
------------------------------------------
-------------------------------------------
| rollout/                |               |
|    ep_len_mean          | 1.44e+03      |
|    ep_rew_mean          | 1.46e+03      |
| time/                   |               |
|    fps                  | 660           |
|    iterations           | 185           |
|    time_elapsed         | 286           |
|    total_timesteps      | 189440        |
| train/                  |               |
|    approx_kl            | 0.014337664   |
|    clip_fraction        | 0.162         |
|    clip_range           | 0.2           |
|    entropy_loss         | -16.9         |
|    explained_variance   | 0.00064504147 |
|    learning_rate        | 0.0003        |
|    loss                 | -0.0288       |
|    n_updates            | 1840          |
|    policy_gradient_loss | -0.0199       |
|    std                  | 0.994         |
|    value_loss           | 0.0108        |
-------------------------------------------
-------------------------------------------
| rollout/                |               |
|    ep_len_mean          | 1.44e+03      |
|    ep_rew_mean          | 1.46e+03      |
| time/                   |               |
|    fps                  | 660           |
|    iterations           | 186           |
|    time_elapsed         | 288           |
|    total_timesteps      | 190464        |
| train/                  |               |
|    approx_kl            | 0.01643521    |
|    clip_fraction        | 0.217         |
|    clip_range           | 0.2           |
|    entropy_loss         | -16.9         |
|    explained_variance   | 0.00073707104 |
|    learning_rate        | 0.0003        |
|    loss                 | -0.035        |
|    n_updates            | 1850          |
|    policy_gradient_loss | -0.0292       |
|    std                  | 0.995         |
|    value_loss           | 0.00822       |
-------------------------------------------
-------------------------------------------
| rollout/                |               |
|    ep_len_mean          | 1.44e+03      |
|    ep_rew_mean          | 1.46e+03      |
| time/                   |               |
|    fps                  | 660           |
|    iterations           | 187           |
|    time_elapsed         | 289           |
|    total_timesteps      | 191488        |
| train/                  |               |
|    approx_kl            | 0.015503367   |
|    clip_fraction        | 0.161         |
|    clip_range           | 0.2           |
|    entropy_loss         | -16.9         |
|    explained_variance   | 0.00028014183 |
|    learning_rate        | 0.0003        |
|    loss                 | -0.0258       |
|    n_updates            | 1860          |
|    policy_gradient_loss | -0.021        |
|    std                  | 0.995         |
|    value_loss           | 0.0124        |
-------------------------------------------
-------------------------------------------
| rollout/                |               |
|    ep_len_mean          | 1.44e+03      |
|    ep_rew_mean          | 1.46e+03      |
| time/                   |               |
|    fps                  | 660           |
|    iterations           | 188           |
|    time_elapsed         | 291           |
|    total_timesteps      | 192512        |
| train/                  |               |
|    approx_kl            | 0.012695191   |
|    clip_fraction        | 0.124         |
|    clip_range           | 0.2           |
|    entropy_loss         | -16.9         |
|    explained_variance   | 0.00054705143 |
|    learning_rate        | 0.0003        |
|    loss                 | -0.0264       |
|    n_updates            | 1870          |
|    policy_gradient_loss | -0.0182       |
|    std                  | 0.993         |
|    value_loss           | 0.00947       |
-------------------------------------------
------------------------------------------
| rollout/                |              |
|    ep_len_mean          | 1.44e+03     |
|    ep_rew_mean          | 1.46e+03     |
| time/                   |              |
|    fps                  | 660          |
|    iterations           | 189          |
|    time_elapsed         | 292          |
|    total_timesteps      | 193536       |
| train/                  |              |
|    approx_kl            | 0.011653582  |
|    clip_fraction        | 0.134        |
|    clip_range           | 0.2          |
|    entropy_loss         | -16.9        |
|    explained_variance   | 0.0006708503 |
|    learning_rate        | 0.0003       |
|    loss                 | -0.0252      |
|    n_updates            | 1880         |
|    policy_gradient_loss | -0.0194      |
|    std                  | 0.992        |
|    value_loss           | 0.0113       |
------------------------------------------
------------------------------------------
| rollout/                |              |
|    ep_len_mean          | 1.44e+03     |
|    ep_rew_mean          | 1.46e+03     |
| time/                   |              |
|    fps                  | 660          |
|    iterations           | 190          |
|    time_elapsed         | 294          |
|    total_timesteps      | 194560       |
| train/                  |              |
|    approx_kl            | 0.017306969  |
|    clip_fraction        | 0.171        |
|    clip_range           | 0.2          |
|    entropy_loss         | -16.9        |
|    explained_variance   | 0.0007147789 |
|    learning_rate        | 0.0003       |
|    loss                 | -0.0249      |
|    n_updates            | 1890         |
|    policy_gradient_loss | -0.0236      |
|    std                  | 0.993        |
|    value_loss           | 0.00845      |
------------------------------------------
-----------------------------------------
| rollout/                |             |
|    ep_len_mean          | 1.44e+03    |
|    ep_rew_mean          | 1.46e+03    |
| time/                   |             |
|    fps                  | 661         |
|    iterations           | 191         |
|    time_elapsed         | 295         |
|    total_timesteps      | 195584      |
| train/                  |             |
|    approx_kl            | 0.012979659 |
|    clip_fraction        | 0.144       |
|    clip_range           | 0.2         |
|    entropy_loss         | -16.9       |
|    explained_variance   | 0.000846982 |
|    learning_rate        | 0.0003      |
|    loss                 | -0.0445     |
|    n_updates            | 1900        |
|    policy_gradient_loss | -0.0231     |
|    std                  | 0.991       |
|    value_loss           | 0.00924     |
-----------------------------------------
------------------------------------------
| rollout/                |              |
|    ep_len_mean          | 1.44e+03     |
|    ep_rew_mean          | 1.46e+03     |
| time/                   |              |
|    fps                  | 661          |
|    iterations           | 192          |
|    time_elapsed         | 297          |
|    total_timesteps      | 196608       |
| train/                  |              |
|    approx_kl            | 0.014811562  |
|    clip_fraction        | 0.139        |
|    clip_range           | 0.2          |
|    entropy_loss         | -16.9        |
|    explained_variance   | 0.0006351471 |
|    learning_rate        | 0.0003       |
|    loss                 | -0.035       |
|    n_updates            | 1910         |
|    policy_gradient_loss | -0.0205      |
|    std                  | 0.991        |
|    value_loss           | 0.00965      |
------------------------------------------
------------------------------------------
| rollout/                |              |
|    ep_len_mean          | 1.44e+03     |
|    ep_rew_mean          | 1.46e+03     |
| time/                   |              |
|    fps                  | 661          |
|    iterations           | 193          |
|    time_elapsed         | 298          |
|    total_timesteps      | 197632       |
| train/                  |              |
|    approx_kl            | 0.016306702  |
|    clip_fraction        | 0.176        |
|    clip_range           | 0.2          |
|    entropy_loss         | -16.9        |
|    explained_variance   | 0.0009122491 |
|    learning_rate        | 0.0003       |
|    loss                 | -0.0333      |
|    n_updates            | 1920         |
|    policy_gradient_loss | -0.0223      |
|    std                  | 0.991        |
|    value_loss           | 0.0106       |
------------------------------------------
------------------------------------------
| rollout/                |              |
|    ep_len_mean          | 1.44e+03     |
|    ep_rew_mean          | 1.46e+03     |
| time/                   |              |
|    fps                  | 661          |
|    iterations           | 194          |
|    time_elapsed         | 300          |
|    total_timesteps      | 198656       |
| train/                  |              |
|    approx_kl            | 0.015840076  |
|    clip_fraction        | 0.154        |
|    clip_range           | 0.2          |
|    entropy_loss         | -16.9        |
|    explained_variance   | 0.0013054609 |
|    learning_rate        | 0.0003       |
|    loss                 | -0.0393      |
|    n_updates            | 1930         |
|    policy_gradient_loss | -0.0226      |
|    std                  | 0.99         |
|    value_loss           | 0.0104       |
------------------------------------------
-----------------------------------------
| rollout/                |             |
|    ep_len_mean          | 1.44e+03    |
|    ep_rew_mean          | 1.46e+03    |
| time/                   |             |
|    fps                  | 661         |
|    iterations           | 195         |
|    time_elapsed         | 301         |
|    total_timesteps      | 199680      |
| train/                  |             |
|    approx_kl            | 0.016061004 |
|    clip_fraction        | 0.161       |
|    clip_range           | 0.2         |
|    entropy_loss         | -16.9       |
|    explained_variance   | 0.001372993 |
|    learning_rate        | 0.0003      |
|    loss                 | -0.0167     |
|    n_updates            | 1940        |
|    policy_gradient_loss | -0.0219     |
|    std                  | 0.989       |
|    value_loss           | 0.00652     |
-----------------------------------------
------------------------------------------
| rollout/                |              |
|    ep_len_mean          | 1.44e+03     |
|    ep_rew_mean          | 1.46e+03     |
| time/                   |              |
|    fps                  | 661          |
|    iterations           | 196          |
|    time_elapsed         | 303          |
|    total_timesteps      | 200704       |
| train/                  |              |
|    approx_kl            | 0.012998095  |
|    clip_fraction        | 0.144        |
|    clip_range           | 0.2          |
|    entropy_loss         | -16.9        |
|    explained_variance   | 0.0013406873 |
|    learning_rate        | 0.0003       |
|    loss                 | -0.0258      |
|    n_updates            | 1950         |
|    policy_gradient_loss | -0.0203      |
|    std                  | 0.99         |
|    value_loss           | 0.00957      |
------------------------------------------
Política MuJoCo guardada en /home/juli/unitree_ros2/nova-spot-micro-tesis/Experimentos/campana_distribuida_step_s23_20260928/mujoco/step_semilla_1045/policy.zip
