Using cuda device
Wrapping the env with a `Monitor` wrapper
Wrapping the env in a DummyVecEnv.
-----------------------------
| time/              |      |
|    fps             | 687  |
|    iterations      | 1    |
|    time_elapsed    | 1    |
|    total_timesteps | 1024 |
-----------------------------
------------------------------------------
| rollout/                |              |
|    ep_len_mean          | 1.44e+03     |
|    ep_rew_mean          | 1.44e+03     |
| time/                   |              |
|    fps                  | 621          |
|    iterations           | 2            |
|    time_elapsed         | 3            |
|    total_timesteps      | 2048         |
| train/                  |              |
|    approx_kl            | 0.011914602  |
|    clip_fraction        | 0.169        |
|    clip_range           | 0.2          |
|    entropy_loss         | -17          |
|    explained_variance   | -0.011901736 |
|    learning_rate        | 0.0003       |
|    loss                 | 94.8         |
|    n_updates            | 10           |
|    policy_gradient_loss | -0.0124      |
|    std                  | 1            |
|    value_loss           | 229          |
------------------------------------------
-----------------------------------------
| rollout/                |             |
|    ep_len_mean          | 1.44e+03    |
|    ep_rew_mean          | 1.44e+03    |
| time/                   |             |
|    fps                  | 629         |
|    iterations           | 3           |
|    time_elapsed         | 4           |
|    total_timesteps      | 3072        |
| train/                  |             |
|    approx_kl            | 0.01136981  |
|    clip_fraction        | 0.183       |
|    clip_range           | 0.2         |
|    entropy_loss         | -17         |
|    explained_variance   | 0.010386825 |
|    learning_rate        | 0.0003      |
|    loss                 | 91.2        |
|    n_updates            | 20          |
|    policy_gradient_loss | -0.0139     |
|    std                  | 1           |
|    value_loss           | 215         |
-----------------------------------------
-----------------------------------------
| rollout/                |             |
|    ep_len_mean          | 1.44e+03    |
|    ep_rew_mean          | 1.44e+03    |
| time/                   |             |
|    fps                  | 638         |
|    iterations           | 4           |
|    time_elapsed         | 6           |
|    total_timesteps      | 4096        |
| train/                  |             |
|    approx_kl            | 0.013909287 |
|    clip_fraction        | 0.188       |
|    clip_range           | 0.2         |
|    entropy_loss         | -17         |
|    explained_variance   | 0.002118826 |
|    learning_rate        | 0.0003      |
|    loss                 | 95.1        |
|    n_updates            | 30          |
|    policy_gradient_loss | -0.0106     |
|    std                  | 1           |
|    value_loss           | 213         |
-----------------------------------------
-------------------------------------------
| rollout/                |               |
|    ep_len_mean          | 1.44e+03      |
|    ep_rew_mean          | 1.44e+03      |
| time/                   |               |
|    fps                  | 640           |
|    iterations           | 5             |
|    time_elapsed         | 7             |
|    total_timesteps      | 5120          |
| train/                  |               |
|    approx_kl            | 0.015957186   |
|    clip_fraction        | 0.185         |
|    clip_range           | 0.2           |
|    entropy_loss         | -17.1         |
|    explained_variance   | -0.0012696981 |
|    learning_rate        | 0.0003        |
|    loss                 | 99.7          |
|    n_updates            | 40            |
|    policy_gradient_loss | -0.0115       |
|    std                  | 1             |
|    value_loss           | 218           |
-------------------------------------------
-------------------------------------------
| rollout/                |               |
|    ep_len_mean          | 1.44e+03      |
|    ep_rew_mean          | 1.44e+03      |
| time/                   |               |
|    fps                  | 642           |
|    iterations           | 6             |
|    time_elapsed         | 9             |
|    total_timesteps      | 6144          |
| train/                  |               |
|    approx_kl            | 0.010747749   |
|    clip_fraction        | 0.128         |
|    clip_range           | 0.2           |
|    entropy_loss         | -17.1         |
|    explained_variance   | -0.0025748014 |
|    learning_rate        | 0.0003        |
|    loss                 | 98.8          |
|    n_updates            | 50            |
|    policy_gradient_loss | -0.00982      |
|    std                  | 1.01          |
|    value_loss           | 210           |
-------------------------------------------
------------------------------------------
| rollout/                |              |
|    ep_len_mean          | 1.44e+03     |
|    ep_rew_mean          | 1.44e+03     |
| time/                   |              |
|    fps                  | 644          |
|    iterations           | 7            |
|    time_elapsed         | 11           |
|    total_timesteps      | 7168         |
| train/                  |              |
|    approx_kl            | 0.0125281485 |
|    clip_fraction        | 0.154        |
|    clip_range           | 0.2          |
|    entropy_loss         | -17.1        |
|    explained_variance   | 0.003522873  |
|    learning_rate        | 0.0003       |
|    loss                 | 96           |
|    n_updates            | 60           |
|    policy_gradient_loss | -0.0111      |
|    std                  | 1.01         |
|    value_loss           | 206          |
------------------------------------------
-----------------------------------------
| rollout/                |             |
|    ep_len_mean          | 1.44e+03    |
|    ep_rew_mean          | 1.44e+03    |
| time/                   |             |
|    fps                  | 645         |
|    iterations           | 8           |
|    time_elapsed         | 12          |
|    total_timesteps      | 8192        |
| train/                  |             |
|    approx_kl            | 0.029001225 |
|    clip_fraction        | 0.249       |
|    clip_range           | 0.2         |
|    entropy_loss         | -17.1       |
|    explained_variance   | 0.00251925  |
|    learning_rate        | 0.0003      |
|    loss                 | 98.6        |
|    n_updates            | 70          |
|    policy_gradient_loss | -0.0144     |
|    std                  | 1.01        |
|    value_loss           | 208         |
-----------------------------------------
------------------------------------------
| rollout/                |              |
|    ep_len_mean          | 1.44e+03     |
|    ep_rew_mean          | 1.44e+03     |
| time/                   |              |
|    fps                  | 646          |
|    iterations           | 9            |
|    time_elapsed         | 14           |
|    total_timesteps      | 9216         |
| train/                  |              |
|    approx_kl            | 0.013465647  |
|    clip_fraction        | 0.149        |
|    clip_range           | 0.2          |
|    entropy_loss         | -17.1        |
|    explained_variance   | 0.0007919669 |
|    learning_rate        | 0.0003       |
|    loss                 | 94.2         |
|    n_updates            | 80           |
|    policy_gradient_loss | -0.0103      |
|    std                  | 1.01         |
|    value_loss           | 200          |
------------------------------------------
-------------------------------------------
| rollout/                |               |
|    ep_len_mean          | 1.44e+03      |
|    ep_rew_mean          | 1.44e+03      |
| time/                   |               |
|    fps                  | 646           |
|    iterations           | 10            |
|    time_elapsed         | 15            |
|    total_timesteps      | 10240         |
| train/                  |               |
|    approx_kl            | 0.010292386   |
|    clip_fraction        | 0.121         |
|    clip_range           | 0.2           |
|    entropy_loss         | -17.1         |
|    explained_variance   | 0.00056904554 |
|    learning_rate        | 0.0003        |
|    loss                 | 92.2          |
|    n_updates            | 90            |
|    policy_gradient_loss | -0.00912      |
|    std                  | 1.01          |
|    value_loss           | 195           |
-------------------------------------------
------------------------------------------
| rollout/                |              |
|    ep_len_mean          | 1.44e+03     |
|    ep_rew_mean          | 1.44e+03     |
| time/                   |              |
|    fps                  | 648          |
|    iterations           | 11           |
|    time_elapsed         | 17           |
|    total_timesteps      | 11264        |
| train/                  |              |
|    approx_kl            | 0.012894192  |
|    clip_fraction        | 0.16         |
|    clip_range           | 0.2          |
|    entropy_loss         | -17.1        |
|    explained_variance   | 5.698204e-05 |
|    learning_rate        | 0.0003       |
|    loss                 | 91.6         |
|    n_updates            | 100          |
|    policy_gradient_loss | -0.00987     |
|    std                  | 1.01         |
|    value_loss           | 192          |
------------------------------------------
-------------------------------------------
| rollout/                |               |
|    ep_len_mean          | 1.44e+03      |
|    ep_rew_mean          | 1.44e+03      |
| time/                   |               |
|    fps                  | 649           |
|    iterations           | 12            |
|    time_elapsed         | 18            |
|    total_timesteps      | 12288         |
| train/                  |               |
|    approx_kl            | 0.01626245    |
|    clip_fraction        | 0.19          |
|    clip_range           | 0.2           |
|    entropy_loss         | -17.1         |
|    explained_variance   | 0.00063306093 |
|    learning_rate        | 0.0003        |
|    loss                 | 91.4          |
|    n_updates            | 110           |
|    policy_gradient_loss | -0.012        |
|    std                  | 1.01          |
|    value_loss           | 193           |
-------------------------------------------
------------------------------------------
| rollout/                |              |
|    ep_len_mean          | 1.44e+03     |
|    ep_rew_mean          | 1.44e+03     |
| time/                   |              |
|    fps                  | 650          |
|    iterations           | 13           |
|    time_elapsed         | 20           |
|    total_timesteps      | 13312        |
| train/                  |              |
|    approx_kl            | 0.01268038   |
|    clip_fraction        | 0.189        |
|    clip_range           | 0.2          |
|    entropy_loss         | -17.2        |
|    explained_variance   | 0.0007427931 |
|    learning_rate        | 0.0003       |
|    loss                 | 85.4         |
|    n_updates            | 120          |
|    policy_gradient_loss | -0.0152      |
|    std                  | 1.01         |
|    value_loss           | 184          |
------------------------------------------
------------------------------------------
| rollout/                |              |
|    ep_len_mean          | 1.44e+03     |
|    ep_rew_mean          | 1.44e+03     |
| time/                   |              |
|    fps                  | 651          |
|    iterations           | 14           |
|    time_elapsed         | 22           |
|    total_timesteps      | 14336        |
| train/                  |              |
|    approx_kl            | 0.008130312  |
|    clip_fraction        | 0.105        |
|    clip_range           | 0.2          |
|    entropy_loss         | -17.2        |
|    explained_variance   | 6.318092e-05 |
|    learning_rate        | 0.0003       |
|    loss                 | 84.4         |
|    n_updates            | 130          |
|    policy_gradient_loss | -0.00952     |
|    std                  | 1.01         |
|    value_loss           | 180          |
------------------------------------------
--------------------------------------------
| rollout/                |                |
|    ep_len_mean          | 1.44e+03       |
|    ep_rew_mean          | 1.44e+03       |
| time/                   |                |
|    fps                  | 652            |
|    iterations           | 15             |
|    time_elapsed         | 23             |
|    total_timesteps      | 15360          |
| train/                  |                |
|    approx_kl            | 0.016183533    |
|    clip_fraction        | 0.145          |
|    clip_range           | 0.2            |
|    entropy_loss         | -17.2          |
|    explained_variance   | -0.00026094913 |
|    learning_rate        | 0.0003         |
|    loss                 | 86.2           |
|    n_updates            | 140            |
|    policy_gradient_loss | -0.00891       |
|    std                  | 1.01           |
|    value_loss           | 182            |
--------------------------------------------
-------------------------------------------
| rollout/                |               |
|    ep_len_mean          | 1.44e+03      |
|    ep_rew_mean          | 1.44e+03      |
| time/                   |               |
|    fps                  | 653           |
|    iterations           | 16            |
|    time_elapsed         | 25            |
|    total_timesteps      | 16384         |
| train/                  |               |
|    approx_kl            | 0.0142688025  |
|    clip_fraction        | 0.23          |
|    clip_range           | 0.2           |
|    entropy_loss         | -17.2         |
|    explained_variance   | 0.00015109777 |
|    learning_rate        | 0.0003        |
|    loss                 | 81.6          |
|    n_updates            | 150           |
|    policy_gradient_loss | -0.0167       |
|    std                  | 1.01          |
|    value_loss           | 173           |
-------------------------------------------
--------------------------------------------
| rollout/                |                |
|    ep_len_mean          | 1.44e+03       |
|    ep_rew_mean          | 1.44e+03       |
| time/                   |                |
|    fps                  | 653            |
|    iterations           | 17             |
|    time_elapsed         | 26             |
|    total_timesteps      | 17408          |
| train/                  |                |
|    approx_kl            | 0.015707247    |
|    clip_fraction        | 0.172          |
|    clip_range           | 0.2            |
|    entropy_loss         | -17.2          |
|    explained_variance   | -4.6253204e-05 |
|    learning_rate        | 0.0003         |
|    loss                 | 80.3           |
|    n_updates            | 160            |
|    policy_gradient_loss | -0.0129        |
|    std                  | 1.02           |
|    value_loss           | 170            |
--------------------------------------------
------------------------------------------
| rollout/                |              |
|    ep_len_mean          | 1.44e+03     |
|    ep_rew_mean          | 1.44e+03     |
| time/                   |              |
|    fps                  | 655          |
|    iterations           | 18           |
|    time_elapsed         | 28           |
|    total_timesteps      | 18432        |
| train/                  |              |
|    approx_kl            | 0.011632445  |
|    clip_fraction        | 0.159        |
|    clip_range           | 0.2          |
|    entropy_loss         | -17.2        |
|    explained_variance   | 6.347895e-05 |
|    learning_rate        | 0.0003       |
|    loss                 | 77.9         |
|    n_updates            | 170          |
|    policy_gradient_loss | -0.0112      |
|    std                  | 1.02         |
|    value_loss           | 166          |
------------------------------------------
-------------------------------------------
| rollout/                |               |
|    ep_len_mean          | 1.44e+03      |
|    ep_rew_mean          | 1.44e+03      |
| time/                   |               |
|    fps                  | 656           |
|    iterations           | 19            |
|    time_elapsed         | 29            |
|    total_timesteps      | 19456         |
| train/                  |               |
|    approx_kl            | 0.018938793   |
|    clip_fraction        | 0.172         |
|    clip_range           | 0.2           |
|    entropy_loss         | -17.3         |
|    explained_variance   | 0.00029462576 |
|    learning_rate        | 0.0003        |
|    loss                 | 77.8          |
|    n_updates            | 180           |
|    policy_gradient_loss | -0.0102       |
|    std                  | 1.02          |
|    value_loss           | 167           |
-------------------------------------------
-------------------------------------------
| rollout/                |               |
|    ep_len_mean          | 1.44e+03      |
|    ep_rew_mean          | 1.44e+03      |
| time/                   |               |
|    fps                  | 657           |
|    iterations           | 20            |
|    time_elapsed         | 31            |
|    total_timesteps      | 20480         |
| train/                  |               |
|    approx_kl            | 0.009180522   |
|    clip_fraction        | 0.128         |
|    clip_range           | 0.2           |
|    entropy_loss         | -17.3         |
|    explained_variance   | 0.00012475252 |
|    learning_rate        | 0.0003        |
|    loss                 | 74.7          |
|    n_updates            | 190           |
|    policy_gradient_loss | -0.0111       |
|    std                  | 1.02          |
|    value_loss           | 160           |
-------------------------------------------
-------------------------------------------
| rollout/                |               |
|    ep_len_mean          | 1.44e+03      |
|    ep_rew_mean          | 1.44e+03      |
| time/                   |               |
|    fps                  | 658           |
|    iterations           | 21            |
|    time_elapsed         | 32            |
|    total_timesteps      | 21504         |
| train/                  |               |
|    approx_kl            | 0.010354636   |
|    clip_fraction        | 0.0924        |
|    clip_range           | 0.2           |
|    entropy_loss         | -17.3         |
|    explained_variance   | 0.00027942657 |
|    learning_rate        | 0.0003        |
|    loss                 | 73.1          |
|    n_updates            | 200           |
|    policy_gradient_loss | -0.0105       |
|    std                  | 1.02          |
|    value_loss           | 156           |
-------------------------------------------
-------------------------------------------
| rollout/                |               |
|    ep_len_mean          | 1.44e+03      |
|    ep_rew_mean          | 1.44e+03      |
| time/                   |               |
|    fps                  | 659           |
|    iterations           | 22            |
|    time_elapsed         | 34            |
|    total_timesteps      | 22528         |
| train/                  |               |
|    approx_kl            | 0.010631181   |
|    clip_fraction        | 0.114         |
|    clip_range           | 0.2           |
|    entropy_loss         | -17.3         |
|    explained_variance   | -9.286404e-05 |
|    learning_rate        | 0.0003        |
|    loss                 | 73.2          |
|    n_updates            | 210           |
|    policy_gradient_loss | -0.00972      |
|    std                  | 1.03          |
|    value_loss           | 157           |
-------------------------------------------
-------------------------------------------
| rollout/                |               |
|    ep_len_mean          | 1.44e+03      |
|    ep_rew_mean          | 1.44e+03      |
| time/                   |               |
|    fps                  | 659           |
|    iterations           | 23            |
|    time_elapsed         | 35            |
|    total_timesteps      | 23552         |
| train/                  |               |
|    approx_kl            | 0.00941047    |
|    clip_fraction        | 0.112         |
|    clip_range           | 0.2           |
|    entropy_loss         | -17.3         |
|    explained_variance   | 7.1525574e-06 |
|    learning_rate        | 0.0003        |
|    loss                 | 69.2          |
|    n_updates            | 220           |
|    policy_gradient_loss | -0.00923      |
|    std                  | 1.03          |
|    value_loss           | 150           |
-------------------------------------------
--------------------------------------------
| rollout/                |                |
|    ep_len_mean          | 1.44e+03       |
|    ep_rew_mean          | 1.44e+03       |
| time/                   |                |
|    fps                  | 659            |
|    iterations           | 24             |
|    time_elapsed         | 37             |
|    total_timesteps      | 24576          |
| train/                  |                |
|    approx_kl            | 0.01190698     |
|    clip_fraction        | 0.165          |
|    clip_range           | 0.2            |
|    entropy_loss         | -17.4          |
|    explained_variance   | -1.8715858e-05 |
|    learning_rate        | 0.0003         |
|    loss                 | 69             |
|    n_updates            | 230            |
|    policy_gradient_loss | -0.0125        |
|    std                  | 1.03           |
|    value_loss           | 147            |
--------------------------------------------
-------------------------------------------
| rollout/                |               |
|    ep_len_mean          | 1.44e+03      |
|    ep_rew_mean          | 1.44e+03      |
| time/                   |               |
|    fps                  | 660           |
|    iterations           | 25            |
|    time_elapsed         | 38            |
|    total_timesteps      | 25600         |
| train/                  |               |
|    approx_kl            | 0.011851108   |
|    clip_fraction        | 0.163         |
|    clip_range           | 0.2           |
|    entropy_loss         | -17.4         |
|    explained_variance   | -6.866455e-05 |
|    learning_rate        | 0.0003        |
|    loss                 | 67.9          |
|    n_updates            | 240           |
|    policy_gradient_loss | -0.0137       |
|    std                  | 1.03          |
|    value_loss           | 144           |
-------------------------------------------
-------------------------------------------
| rollout/                |               |
|    ep_len_mean          | 1.44e+03      |
|    ep_rew_mean          | 1.44e+03      |
| time/                   |               |
|    fps                  | 661           |
|    iterations           | 26            |
|    time_elapsed         | 40            |
|    total_timesteps      | 26624         |
| train/                  |               |
|    approx_kl            | 0.016766254   |
|    clip_fraction        | 0.194         |
|    clip_range           | 0.2           |
|    entropy_loss         | -17.4         |
|    explained_variance   | 0.00015586615 |
|    learning_rate        | 0.0003        |
|    loss                 | 67.2          |
|    n_updates            | 250           |
|    policy_gradient_loss | -0.0145       |
|    std                  | 1.03          |
|    value_loss           | 145           |
-------------------------------------------
-------------------------------------------
| rollout/                |               |
|    ep_len_mean          | 1.44e+03      |
|    ep_rew_mean          | 1.44e+03      |
| time/                   |               |
|    fps                  | 662           |
|    iterations           | 27            |
|    time_elapsed         | 41            |
|    total_timesteps      | 27648         |
| train/                  |               |
|    approx_kl            | 0.010299529   |
|    clip_fraction        | 0.169         |
|    clip_range           | 0.2           |
|    entropy_loss         | -17.4         |
|    explained_variance   | -0.0002257824 |
|    learning_rate        | 0.0003        |
|    loss                 | 64.6          |
|    n_updates            | 260           |
|    policy_gradient_loss | -0.0144       |
|    std                  | 1.03          |
|    value_loss           | 137           |
-------------------------------------------
-------------------------------------------
| rollout/                |               |
|    ep_len_mean          | 1.44e+03      |
|    ep_rew_mean          | 1.44e+03      |
| time/                   |               |
|    fps                  | 663           |
|    iterations           | 28            |
|    time_elapsed         | 43            |
|    total_timesteps      | 28672         |
| train/                  |               |
|    approx_kl            | 0.015778968   |
|    clip_fraction        | 0.215         |
|    clip_range           | 0.2           |
|    entropy_loss         | -17.4         |
|    explained_variance   | 1.7762184e-05 |
|    learning_rate        | 0.0003        |
|    loss                 | 62.7          |
|    n_updates            | 270           |
|    policy_gradient_loss | -0.0159       |
|    std                  | 1.03          |
|    value_loss           | 135           |
-------------------------------------------
--------------------------------------------
| rollout/                |                |
|    ep_len_mean          | 1.44e+03       |
|    ep_rew_mean          | 1.44e+03       |
| time/                   |                |
|    fps                  | 664            |
|    iterations           | 29             |
|    time_elapsed         | 44             |
|    total_timesteps      | 29696          |
| train/                  |                |
|    approx_kl            | 0.015319146    |
|    clip_fraction        | 0.189          |
|    clip_range           | 0.2            |
|    entropy_loss         | -17.4          |
|    explained_variance   | -0.00020956993 |
|    learning_rate        | 0.0003         |
|    loss                 | 62.8           |
|    n_updates            | 280            |
|    policy_gradient_loss | -0.0142        |
|    std                  | 1.03           |
|    value_loss           | 135            |
--------------------------------------------
------------------------------------------
| rollout/                |              |
|    ep_len_mean          | 1.44e+03     |
|    ep_rew_mean          | 1.44e+03     |
| time/                   |              |
|    fps                  | 664          |
|    iterations           | 30           |
|    time_elapsed         | 46           |
|    total_timesteps      | 30720        |
| train/                  |              |
|    approx_kl            | 0.011122262  |
|    clip_fraction        | 0.117        |
|    clip_range           | 0.2          |
|    entropy_loss         | -17.4        |
|    explained_variance   | 5.507469e-05 |
|    learning_rate        | 0.0003       |
|    loss                 | 59.5         |
|    n_updates            | 290          |
|    policy_gradient_loss | -0.0119      |
|    std                  | 1.03         |
|    value_loss           | 129          |
------------------------------------------
--------------------------------------------
| rollout/                |                |
|    ep_len_mean          | 1.44e+03       |
|    ep_rew_mean          | 1.44e+03       |
| time/                   |                |
|    fps                  | 665            |
|    iterations           | 31             |
|    time_elapsed         | 47             |
|    total_timesteps      | 31744          |
| train/                  |                |
|    approx_kl            | 0.011129722    |
|    clip_fraction        | 0.16           |
|    clip_range           | 0.2            |
|    entropy_loss         | -17.4          |
|    explained_variance   | -4.1604042e-05 |
|    learning_rate        | 0.0003         |
|    loss                 | 60             |
|    n_updates            | 300            |
|    policy_gradient_loss | -0.0122        |
|    std                  | 1.03           |
|    value_loss           | 126            |
--------------------------------------------
------------------------------------------
| rollout/                |              |
|    ep_len_mean          | 1.44e+03     |
|    ep_rew_mean          | 1.44e+03     |
| time/                   |              |
|    fps                  | 665          |
|    iterations           | 32           |
|    time_elapsed         | 49           |
|    total_timesteps      | 32768        |
| train/                  |              |
|    approx_kl            | 0.012372876  |
|    clip_fraction        | 0.139        |
|    clip_range           | 0.2          |
|    entropy_loss         | -17.4        |
|    explained_variance   | -7.70092e-05 |
|    learning_rate        | 0.0003       |
|    loss                 | 57.2         |
|    n_updates            | 310          |
|    policy_gradient_loss | -0.0118      |
|    std                  | 1.03         |
|    value_loss           | 123          |
------------------------------------------
------------------------------------------
| rollout/                |              |
|    ep_len_mean          | 1.44e+03     |
|    ep_rew_mean          | 1.44e+03     |
| time/                   |              |
|    fps                  | 665          |
|    iterations           | 33           |
|    time_elapsed         | 50           |
|    total_timesteps      | 33792        |
| train/                  |              |
|    approx_kl            | 0.018334005  |
|    clip_fraction        | 0.228        |
|    clip_range           | 0.2          |
|    entropy_loss         | -17.4        |
|    explained_variance   | 8.624792e-05 |
|    learning_rate        | 0.0003       |
|    loss                 | 57.6         |
|    n_updates            | 320          |
|    policy_gradient_loss | -0.0151      |
|    std                  | 1.03         |
|    value_loss           | 123          |
------------------------------------------
-------------------------------------------
| rollout/                |               |
|    ep_len_mean          | 1.44e+03      |
|    ep_rew_mean          | 1.44e+03      |
| time/                   |               |
|    fps                  | 666           |
|    iterations           | 34            |
|    time_elapsed         | 52            |
|    total_timesteps      | 34816         |
| train/                  |               |
|    approx_kl            | 0.017653402   |
|    clip_fraction        | 0.248         |
|    clip_range           | 0.2           |
|    entropy_loss         | -17.4         |
|    explained_variance   | 4.3928623e-05 |
|    learning_rate        | 0.0003        |
|    loss                 | 55.3          |
|    n_updates            | 330           |
|    policy_gradient_loss | -0.0194       |
|    std                  | 1.03          |
|    value_loss           | 118           |
-------------------------------------------
---------------------------------------------
| rollout/                |                 |
|    ep_len_mean          | 1.44e+03        |
|    ep_rew_mean          | 1.44e+03        |
| time/                   |                 |
|    fps                  | 666             |
|    iterations           | 35              |
|    time_elapsed         | 53              |
|    total_timesteps      | 35840           |
| train/                  |                 |
|    approx_kl            | 0.016466789     |
|    clip_fraction        | 0.203           |
|    clip_range           | 0.2             |
|    entropy_loss         | -17.3           |
|    explained_variance   | -0.000109910965 |
|    learning_rate        | 0.0003          |
|    loss                 | 53.1            |
|    n_updates            | 340             |
|    policy_gradient_loss | -0.0141         |
|    std                  | 1.03            |
|    value_loss           | 115             |
---------------------------------------------
-------------------------------------------
| rollout/                |               |
|    ep_len_mean          | 1.44e+03      |
|    ep_rew_mean          | 1.44e+03      |
| time/                   |               |
|    fps                  | 667           |
|    iterations           | 36            |
|    time_elapsed         | 55            |
|    total_timesteps      | 36864         |
| train/                  |               |
|    approx_kl            | 0.016050382   |
|    clip_fraction        | 0.204         |
|    clip_range           | 0.2           |
|    entropy_loss         | -17.3         |
|    explained_variance   | -4.196167e-05 |
|    learning_rate        | 0.0003        |
|    loss                 | 54            |
|    n_updates            | 350           |
|    policy_gradient_loss | -0.0137       |
|    std                  | 1.03          |
|    value_loss           | 115           |
-------------------------------------------
--------------------------------------------
| rollout/                |                |
|    ep_len_mean          | 1.44e+03       |
|    ep_rew_mean          | 1.44e+03       |
| time/                   |                |
|    fps                  | 667            |
|    iterations           | 37             |
|    time_elapsed         | 56             |
|    total_timesteps      | 37888          |
| train/                  |                |
|    approx_kl            | 0.007948818    |
|    clip_fraction        | 0.101          |
|    clip_range           | 0.2            |
|    entropy_loss         | -17.3          |
|    explained_variance   | -2.8967857e-05 |
|    learning_rate        | 0.0003         |
|    loss                 | 50.4           |
|    n_updates            | 360            |
|    policy_gradient_loss | -0.0118        |
|    std                  | 1.03           |
|    value_loss           | 109            |
--------------------------------------------
--------------------------------------------
| rollout/                |                |
|    ep_len_mean          | 1.44e+03       |
|    ep_rew_mean          | 1.44e+03       |
| time/                   |                |
|    fps                  | 668            |
|    iterations           | 38             |
|    time_elapsed         | 58             |
|    total_timesteps      | 38912          |
| train/                  |                |
|    approx_kl            | 0.008289695    |
|    clip_fraction        | 0.0766         |
|    clip_range           | 0.2            |
|    entropy_loss         | -17.3          |
|    explained_variance   | -8.9645386e-05 |
|    learning_rate        | 0.0003         |
|    loss                 | 49.6           |
|    n_updates            | 370            |
|    policy_gradient_loss | -0.0104        |
|    std                  | 1.03           |
|    value_loss           | 107            |
--------------------------------------------
--------------------------------------------
| rollout/                |                |
|    ep_len_mean          | 1.44e+03       |
|    ep_rew_mean          | 1.44e+03       |
| time/                   |                |
|    fps                  | 668            |
|    iterations           | 39             |
|    time_elapsed         | 59             |
|    total_timesteps      | 39936          |
| train/                  |                |
|    approx_kl            | 0.0132236      |
|    clip_fraction        | 0.165          |
|    clip_range           | 0.2            |
|    entropy_loss         | -17.4          |
|    explained_variance   | -4.1365623e-05 |
|    learning_rate        | 0.0003         |
|    loss                 | 47.7           |
|    n_updates            | 380            |
|    policy_gradient_loss | -0.0141        |
|    std                  | 1.03           |
|    value_loss           | 105            |
--------------------------------------------
-------------------------------------------
| rollout/                |               |
|    ep_len_mean          | 1.44e+03      |
|    ep_rew_mean          | 1.44e+03      |
| time/                   |               |
|    fps                  | 669           |
|    iterations           | 40            |
|    time_elapsed         | 61            |
|    total_timesteps      | 40960         |
| train/                  |               |
|    approx_kl            | 0.015502231   |
|    clip_fraction        | 0.145         |
|    clip_range           | 0.2           |
|    entropy_loss         | -17.4         |
|    explained_variance   | 0.00013810396 |
|    learning_rate        | 0.0003        |
|    loss                 | 48.1          |
|    n_updates            | 390           |
|    policy_gradient_loss | -0.0157       |
|    std                  | 1.03          |
|    value_loss           | 104           |
-------------------------------------------
--------------------------------------------
| rollout/                |                |
|    ep_len_mean          | 1.44e+03       |
|    ep_rew_mean          | 1.44e+03       |
| time/                   |                |
|    fps                  | 669            |
|    iterations           | 41             |
|    time_elapsed         | 62             |
|    total_timesteps      | 41984          |
| train/                  |                |
|    approx_kl            | 0.010414287    |
|    clip_fraction        | 0.125          |
|    clip_range           | 0.2            |
|    entropy_loss         | -17.4          |
|    explained_variance   | -2.7656555e-05 |
|    learning_rate        | 0.0003         |
|    loss                 | 44.8           |
|    n_updates            | 400            |
|    policy_gradient_loss | -0.0139        |
|    std                  | 1.03           |
|    value_loss           | 98.6           |
--------------------------------------------
-------------------------------------------
| rollout/                |               |
|    ep_len_mean          | 1.44e+03      |
|    ep_rew_mean          | 1.44e+03      |
| time/                   |               |
|    fps                  | 670           |
|    iterations           | 42            |
|    time_elapsed         | 64            |
|    total_timesteps      | 43008         |
| train/                  |               |
|    approx_kl            | 0.011162284   |
|    clip_fraction        | 0.199         |
|    clip_range           | 0.2           |
|    entropy_loss         | -17.4         |
|    explained_variance   | 0.00018537045 |
|    learning_rate        | 0.0003        |
|    loss                 | 44.6          |
|    n_updates            | 410           |
|    policy_gradient_loss | -0.0188       |
|    std                  | 1.03          |
|    value_loss           | 95.7          |
-------------------------------------------
-------------------------------------------
| rollout/                |               |
|    ep_len_mean          | 1.44e+03      |
|    ep_rew_mean          | 1.44e+03      |
| time/                   |               |
|    fps                  | 670           |
|    iterations           | 43            |
|    time_elapsed         | 65            |
|    total_timesteps      | 44032         |
| train/                  |               |
|    approx_kl            | 0.013501005   |
|    clip_fraction        | 0.149         |
|    clip_range           | 0.2           |
|    entropy_loss         | -17.3         |
|    explained_variance   | 0.00018745661 |
|    learning_rate        | 0.0003        |
|    loss                 | 44.5          |
|    n_updates            | 420           |
|    policy_gradient_loss | -0.0135       |
|    std                  | 1.02          |
|    value_loss           | 95.9          |
-------------------------------------------
------------------------------------------
| rollout/                |              |
|    ep_len_mean          | 1.44e+03     |
|    ep_rew_mean          | 1.44e+03     |
| time/                   |              |
|    fps                  | 671          |
|    iterations           | 44           |
|    time_elapsed         | 67           |
|    total_timesteps      | 45056        |
| train/                  |              |
|    approx_kl            | 0.014448724  |
|    clip_fraction        | 0.209        |
|    clip_range           | 0.2          |
|    entropy_loss         | -17.3        |
|    explained_variance   | 7.468462e-05 |
|    learning_rate        | 0.0003       |
|    loss                 | 42.2         |
|    n_updates            | 430          |
|    policy_gradient_loss | -0.0153      |
|    std                  | 1.02         |
|    value_loss           | 90.9         |
------------------------------------------
-------------------------------------------
| rollout/                |               |
|    ep_len_mean          | 1.44e+03      |
|    ep_rew_mean          | 1.44e+03      |
| time/                   |               |
|    fps                  | 671           |
|    iterations           | 45            |
|    time_elapsed         | 68            |
|    total_timesteps      | 46080         |
| train/                  |               |
|    approx_kl            | 0.015421623   |
|    clip_fraction        | 0.194         |
|    clip_range           | 0.2           |
|    entropy_loss         | -17.3         |
|    explained_variance   | -8.273125e-05 |
|    learning_rate        | 0.0003        |
|    loss                 | 40.8          |
|    n_updates            | 440           |
|    policy_gradient_loss | -0.016        |
|    std                  | 1.02          |
|    value_loss           | 88.4          |
-------------------------------------------
--------------------------------------------
| rollout/                |                |
|    ep_len_mean          | 1.44e+03       |
|    ep_rew_mean          | 1.44e+03       |
| time/                   |                |
|    fps                  | 671            |
|    iterations           | 46             |
|    time_elapsed         | 70             |
|    total_timesteps      | 47104          |
| train/                  |                |
|    approx_kl            | 0.011213832    |
|    clip_fraction        | 0.152          |
|    clip_range           | 0.2            |
|    entropy_loss         | -17.3          |
|    explained_variance   | -9.8109245e-05 |
|    learning_rate        | 0.0003         |
|    loss                 | 40.8           |
|    n_updates            | 450            |
|    policy_gradient_loss | -0.0114        |
|    std                  | 1.03           |
|    value_loss           | 87.6           |
--------------------------------------------
--------------------------------------------
| rollout/                |                |
|    ep_len_mean          | 1.44e+03       |
|    ep_rew_mean          | 1.44e+03       |
| time/                   |                |
|    fps                  | 671            |
|    iterations           | 47             |
|    time_elapsed         | 71             |
|    total_timesteps      | 48128          |
| train/                  |                |
|    approx_kl            | 0.014440164    |
|    clip_fraction        | 0.206          |
|    clip_range           | 0.2            |
|    entropy_loss         | -17.4          |
|    explained_variance   | -8.8214874e-05 |
|    learning_rate        | 0.0003         |
|    loss                 | 39.5           |
|    n_updates            | 460            |
|    policy_gradient_loss | -0.0124        |
|    std                  | 1.03           |
|    value_loss           | 86.1           |
--------------------------------------------
--------------------------------------------
| rollout/                |                |
|    ep_len_mean          | 1.44e+03       |
|    ep_rew_mean          | 1.44e+03       |
| time/                   |                |
|    fps                  | 671            |
|    iterations           | 48             |
|    time_elapsed         | 73             |
|    total_timesteps      | 49152          |
| train/                  |                |
|    approx_kl            | 0.013998233    |
|    clip_fraction        | 0.173          |
|    clip_range           | 0.2            |
|    entropy_loss         | -17.4          |
|    explained_variance   | -1.2755394e-05 |
|    learning_rate        | 0.0003         |
|    loss                 | 37.1           |
|    n_updates            | 470            |
|    policy_gradient_loss | -0.0148        |
|    std                  | 1.03           |
|    value_loss           | 81.1           |
--------------------------------------------
--------------------------------------------
| rollout/                |                |
|    ep_len_mean          | 1.44e+03       |
|    ep_rew_mean          | 1.44e+03       |
| time/                   |                |
|    fps                  | 671            |
|    iterations           | 49             |
|    time_elapsed         | 74             |
|    total_timesteps      | 50176          |
| train/                  |                |
|    approx_kl            | 0.01371105     |
|    clip_fraction        | 0.164          |
|    clip_range           | 0.2            |
|    entropy_loss         | -17.4          |
|    explained_variance   | -3.6478043e-05 |
|    learning_rate        | 0.0003         |
|    loss                 | 36             |
|    n_updates            | 480            |
|    policy_gradient_loss | -0.0144        |
|    std                  | 1.03           |
|    value_loss           | 78.8           |
--------------------------------------------
-------------------------------------------
| rollout/                |               |
|    ep_len_mean          | 1.44e+03      |
|    ep_rew_mean          | 1.44e+03      |
| time/                   |               |
|    fps                  | 671           |
|    iterations           | 50            |
|    time_elapsed         | 76            |
|    total_timesteps      | 51200         |
| train/                  |               |
|    approx_kl            | 0.018121732   |
|    clip_fraction        | 0.185         |
|    clip_range           | 0.2           |
|    entropy_loss         | -17.4         |
|    explained_variance   | 2.3305416e-05 |
|    learning_rate        | 0.0003        |
|    loss                 | 36.5          |
|    n_updates            | 490           |
|    policy_gradient_loss | -0.0142       |
|    std                  | 1.03          |
|    value_loss           | 79.1          |
-------------------------------------------
--------------------------------------------
| rollout/                |                |
|    ep_len_mean          | 1.44e+03       |
|    ep_rew_mean          | 1.44e+03       |
| time/                   |                |
|    fps                  | 671            |
|    iterations           | 51             |
|    time_elapsed         | 77             |
|    total_timesteps      | 52224          |
| train/                  |                |
|    approx_kl            | 0.009473272    |
|    clip_fraction        | 0.155          |
|    clip_range           | 0.2            |
|    entropy_loss         | -17.4          |
|    explained_variance   | -1.0728836e-05 |
|    learning_rate        | 0.0003         |
|    loss                 | 34.5           |
|    n_updates            | 500            |
|    policy_gradient_loss | -0.0183        |
|    std                  | 1.03           |
|    value_loss           | 74.3           |
--------------------------------------------
-------------------------------------------
| rollout/                |               |
|    ep_len_mean          | 1.44e+03      |
|    ep_rew_mean          | 1.44e+03      |
| time/                   |               |
|    fps                  | 672           |
|    iterations           | 52            |
|    time_elapsed         | 79            |
|    total_timesteps      | 53248         |
| train/                  |               |
|    approx_kl            | 0.013085271   |
|    clip_fraction        | 0.178         |
|    clip_range           | 0.2           |
|    entropy_loss         | -17.4         |
|    explained_variance   | -6.556511e-06 |
|    learning_rate        | 0.0003        |
|    loss                 | 33.4          |
|    n_updates            | 510           |
|    policy_gradient_loss | -0.0146       |
|    std                  | 1.03          |
|    value_loss           | 72.2          |
-------------------------------------------
-------------------------------------------
| rollout/                |               |
|    ep_len_mean          | 1.44e+03      |
|    ep_rew_mean          | 1.44e+03      |
| time/                   |               |
|    fps                  | 672           |
|    iterations           | 53            |
|    time_elapsed         | 80            |
|    total_timesteps      | 54272         |
| train/                  |               |
|    approx_kl            | 0.010437362   |
|    clip_fraction        | 0.136         |
|    clip_range           | 0.2           |
|    entropy_loss         | -17.4         |
|    explained_variance   | -4.839897e-05 |
|    learning_rate        | 0.0003        |
|    loss                 | 32.8          |
|    n_updates            | 520           |
|    policy_gradient_loss | -0.0121       |
|    std                  | 1.03          |
|    value_loss           | 71.9          |
-------------------------------------------
------------------------------------------
| rollout/                |              |
|    ep_len_mean          | 1.44e+03     |
|    ep_rew_mean          | 1.44e+03     |
| time/                   |              |
|    fps                  | 672          |
|    iterations           | 54           |
|    time_elapsed         | 82           |
|    total_timesteps      | 55296        |
| train/                  |              |
|    approx_kl            | 0.017480293  |
|    clip_fraction        | 0.218        |
|    clip_range           | 0.2          |
|    entropy_loss         | -17.4        |
|    explained_variance   | 8.881092e-06 |
|    learning_rate        | 0.0003       |
|    loss                 | 30.5         |
|    n_updates            | 530          |
|    policy_gradient_loss | -0.0188      |
|    std                  | 1.03         |
|    value_loss           | 68.1         |
------------------------------------------
------------------------------------------
| rollout/                |              |
|    ep_len_mean          | 1.44e+03     |
|    ep_rew_mean          | 1.44e+03     |
| time/                   |              |
|    fps                  | 672          |
|    iterations           | 55           |
|    time_elapsed         | 83           |
|    total_timesteps      | 56320        |
| train/                  |              |
|    approx_kl            | 0.013058081  |
|    clip_fraction        | 0.168        |
|    clip_range           | 0.2          |
|    entropy_loss         | -17.4        |
|    explained_variance   | -3.33786e-06 |
|    learning_rate        | 0.0003       |
|    loss                 | 29.7         |
|    n_updates            | 540          |
|    policy_gradient_loss | -0.0162      |
|    std                  | 1.03         |
|    value_loss           | 65.6         |
------------------------------------------
-------------------------------------------
| rollout/                |               |
|    ep_len_mean          | 1.44e+03      |
|    ep_rew_mean          | 1.44e+03      |
| time/                   |               |
|    fps                  | 672           |
|    iterations           | 56            |
|    time_elapsed         | 85            |
|    total_timesteps      | 57344         |
| train/                  |               |
|    approx_kl            | 0.013350191   |
|    clip_fraction        | 0.158         |
|    clip_range           | 0.2           |
|    entropy_loss         | -17.4         |
|    explained_variance   | 2.0325184e-05 |
|    learning_rate        | 0.0003        |
|    loss                 | 28.4          |
|    n_updates            | 550           |
|    policy_gradient_loss | -0.0146       |
|    std                  | 1.03          |
|    value_loss           | 63.6          |
-------------------------------------------
-------------------------------------------
| rollout/                |               |
|    ep_len_mean          | 1.44e+03      |
|    ep_rew_mean          | 1.44e+03      |
| time/                   |               |
|    fps                  | 672           |
|    iterations           | 57            |
|    time_elapsed         | 86            |
|    total_timesteps      | 58368         |
| train/                  |               |
|    approx_kl            | 0.011444824   |
|    clip_fraction        | 0.174         |
|    clip_range           | 0.2           |
|    entropy_loss         | -17.4         |
|    explained_variance   | -9.560585e-05 |
|    learning_rate        | 0.0003        |
|    loss                 | 28.8          |
|    n_updates            | 560           |
|    policy_gradient_loss | -0.0144       |
|    std                  | 1.03          |
|    value_loss           | 63.3          |
-------------------------------------------
--------------------------------------------
| rollout/                |                |
|    ep_len_mean          | 1.44e+03       |
|    ep_rew_mean          | 1.44e+03       |
| time/                   |                |
|    fps                  | 673            |
|    iterations           | 58             |
|    time_elapsed         | 88             |
|    total_timesteps      | 59392          |
| train/                  |                |
|    approx_kl            | 0.018045545    |
|    clip_fraction        | 0.241          |
|    clip_range           | 0.2            |
|    entropy_loss         | -17.4          |
|    explained_variance   | -8.2969666e-05 |
|    learning_rate        | 0.0003         |
|    loss                 | 26.9           |
|    n_updates            | 570            |
|    policy_gradient_loss | -0.0195        |
|    std                  | 1.04           |
|    value_loss           | 59.8           |
--------------------------------------------
-------------------------------------------
| rollout/                |               |
|    ep_len_mean          | 1.44e+03      |
|    ep_rew_mean          | 1.44e+03      |
| time/                   |               |
|    fps                  | 673           |
|    iterations           | 59            |
|    time_elapsed         | 89            |
|    total_timesteps      | 60416         |
| train/                  |               |
|    approx_kl            | 0.015093337   |
|    clip_fraction        | 0.157         |
|    clip_range           | 0.2           |
|    entropy_loss         | -17.5         |
|    explained_variance   | -1.692772e-05 |
|    learning_rate        | 0.0003        |
|    loss                 | 26.1          |
|    n_updates            | 580           |
|    policy_gradient_loss | -0.0155       |
|    std                  | 1.04          |
|    value_loss           | 58.4          |
-------------------------------------------
--------------------------------------------
| rollout/                |                |
|    ep_len_mean          | 1.44e+03       |
|    ep_rew_mean          | 1.44e+03       |
| time/                   |                |
|    fps                  | 673            |
|    iterations           | 60             |
|    time_elapsed         | 91             |
|    total_timesteps      | 61440          |
| train/                  |                |
|    approx_kl            | 0.016523145    |
|    clip_fraction        | 0.213          |
|    clip_range           | 0.2            |
|    entropy_loss         | -17.5          |
|    explained_variance   | -0.00015842915 |
|    learning_rate        | 0.0003         |
|    loss                 | 26             |
|    n_updates            | 590            |
|    policy_gradient_loss | -0.0146        |
|    std                  | 1.04           |
|    value_loss           | 57.4           |
--------------------------------------------
-------------------------------------------
| rollout/                |               |
|    ep_len_mean          | 1.44e+03      |
|    ep_rew_mean          | 1.44e+03      |
| time/                   |               |
|    fps                  | 673           |
|    iterations           | 61            |
|    time_elapsed         | 92            |
|    total_timesteps      | 62464         |
| train/                  |               |
|    approx_kl            | 0.013068005   |
|    clip_fraction        | 0.161         |
|    clip_range           | 0.2           |
|    entropy_loss         | -17.5         |
|    explained_variance   | -7.998943e-05 |
|    learning_rate        | 0.0003        |
|    loss                 | 24.4          |
|    n_updates            | 600           |
|    policy_gradient_loss | -0.0142       |
|    std                  | 1.04          |
|    value_loss           | 54.1          |
-------------------------------------------
--------------------------------------------
| rollout/                |                |
|    ep_len_mean          | 1.44e+03       |
|    ep_rew_mean          | 1.44e+03       |
| time/                   |                |
|    fps                  | 672            |
|    iterations           | 62             |
|    time_elapsed         | 94             |
|    total_timesteps      | 63488          |
| train/                  |                |
|    approx_kl            | 0.014596237    |
|    clip_fraction        | 0.2            |
|    clip_range           | 0.2            |
|    entropy_loss         | -17.5          |
|    explained_variance   | -6.7830086e-05 |
|    learning_rate        | 0.0003         |
|    loss                 | 23             |
|    n_updates            | 610            |
|    policy_gradient_loss | -0.0184        |
|    std                  | 1.04           |
|    value_loss           | 52.4           |
--------------------------------------------
-------------------------------------------
| rollout/                |               |
|    ep_len_mean          | 1.44e+03      |
|    ep_rew_mean          | 1.44e+03      |
| time/                   |               |
|    fps                  | 672           |
|    iterations           | 63            |
|    time_elapsed         | 95            |
|    total_timesteps      | 64512         |
| train/                  |               |
|    approx_kl            | 0.013153002   |
|    clip_fraction        | 0.184         |
|    clip_range           | 0.2           |
|    entropy_loss         | -17.5         |
|    explained_variance   | 4.4703484e-06 |
|    learning_rate        | 0.0003        |
|    loss                 | 22.5          |
|    n_updates            | 620           |
|    policy_gradient_loss | -0.0171       |
|    std                  | 1.04          |
|    value_loss           | 50.5          |
-------------------------------------------
--------------------------------------------
| rollout/                |                |
|    ep_len_mean          | 1.44e+03       |
|    ep_rew_mean          | 1.44e+03       |
| time/                   |                |
|    fps                  | 671            |
|    iterations           | 64             |
|    time_elapsed         | 97             |
|    total_timesteps      | 65536          |
| train/                  |                |
|    approx_kl            | 0.014106005    |
|    clip_fraction        | 0.206          |
|    clip_range           | 0.2            |
|    entropy_loss         | -17.5          |
|    explained_variance   | -5.6028366e-06 |
|    learning_rate        | 0.0003         |
|    loss                 | 22.2           |
|    n_updates            | 630            |
|    policy_gradient_loss | -0.0174        |
|    std                  | 1.04           |
|    value_loss           | 49.8           |
--------------------------------------------
--------------------------------------------
| rollout/                |                |
|    ep_len_mean          | 1.44e+03       |
|    ep_rew_mean          | 1.44e+03       |
| time/                   |                |
|    fps                  | 670            |
|    iterations           | 65             |
|    time_elapsed         | 99             |
|    total_timesteps      | 66560          |
| train/                  |                |
|    approx_kl            | 0.011381932    |
|    clip_fraction        | 0.132          |
|    clip_range           | 0.2            |
|    entropy_loss         | -17.5          |
|    explained_variance   | -2.4676323e-05 |
|    learning_rate        | 0.0003         |
|    loss                 | 21.1           |
|    n_updates            | 640            |
|    policy_gradient_loss | -0.0135        |
|    std                  | 1.04           |
|    value_loss           | 47.1           |
--------------------------------------------
-------------------------------------------
| rollout/                |               |
|    ep_len_mean          | 1.44e+03      |
|    ep_rew_mean          | 1.44e+03      |
| time/                   |               |
|    fps                  | 668           |
|    iterations           | 66            |
|    time_elapsed         | 101           |
|    total_timesteps      | 67584         |
| train/                  |               |
|    approx_kl            | 0.017480802   |
|    clip_fraction        | 0.241         |
|    clip_range           | 0.2           |
|    entropy_loss         | -17.5         |
|    explained_variance   | 1.2516975e-05 |
|    learning_rate        | 0.0003        |
|    loss                 | 20.4          |
|    n_updates            | 650           |
|    policy_gradient_loss | -0.0175       |
|    std                  | 1.04          |
|    value_loss           | 45.3          |
-------------------------------------------
--------------------------------------------
| rollout/                |                |
|    ep_len_mean          | 1.44e+03       |
|    ep_rew_mean          | 1.44e+03       |
| time/                   |                |
|    fps                  | 666            |
|    iterations           | 67             |
|    time_elapsed         | 102            |
|    total_timesteps      | 68608          |
| train/                  |                |
|    approx_kl            | 0.012700819    |
|    clip_fraction        | 0.165          |
|    clip_range           | 0.2            |
|    entropy_loss         | -17.5          |
|    explained_variance   | -1.1920929e-05 |
|    learning_rate        | 0.0003         |
|    loss                 | 19.8           |
|    n_updates            | 660            |
|    policy_gradient_loss | -0.0153        |
|    std                  | 1.04           |
|    value_loss           | 44.5           |
--------------------------------------------
-------------------------------------------
| rollout/                |               |
|    ep_len_mean          | 1.44e+03      |
|    ep_rew_mean          | 1.44e+03      |
| time/                   |               |
|    fps                  | 664           |
|    iterations           | 68            |
|    time_elapsed         | 104           |
|    total_timesteps      | 69632         |
| train/                  |               |
|    approx_kl            | 0.010025908   |
|    clip_fraction        | 0.127         |
|    clip_range           | 0.2           |
|    entropy_loss         | -17.5         |
|    explained_variance   | 1.2934208e-05 |
|    learning_rate        | 0.0003        |
|    loss                 | 18.4          |
|    n_updates            | 670           |
|    policy_gradient_loss | -0.0159       |
|    std                  | 1.04          |
|    value_loss           | 41.9          |
-------------------------------------------
--------------------------------------------
| rollout/                |                |
|    ep_len_mean          | 1.44e+03       |
|    ep_rew_mean          | 1.44e+03       |
| time/                   |                |
|    fps                  | 662            |
|    iterations           | 69             |
|    time_elapsed         | 106            |
|    total_timesteps      | 70656          |
| train/                  |                |
|    approx_kl            | 0.010200214    |
|    clip_fraction        | 0.174          |
|    clip_range           | 0.2            |
|    entropy_loss         | -17.5          |
|    explained_variance   | -1.0609627e-05 |
|    learning_rate        | 0.0003         |
|    loss                 | 18             |
|    n_updates            | 680            |
|    policy_gradient_loss | -0.0152        |
|    std                  | 1.04           |
|    value_loss           | 40.3           |
--------------------------------------------
-------------------------------------------
| rollout/                |               |
|    ep_len_mean          | 1.44e+03      |
|    ep_rew_mean          | 1.44e+03      |
| time/                   |               |
|    fps                  | 660           |
|    iterations           | 70            |
|    time_elapsed         | 108           |
|    total_timesteps      | 71680         |
| train/                  |               |
|    approx_kl            | 0.013136845   |
|    clip_fraction        | 0.165         |
|    clip_range           | 0.2           |
|    entropy_loss         | -17.5         |
|    explained_variance   | -4.053116e-05 |
|    learning_rate        | 0.0003        |
|    loss                 | 17.3          |
|    n_updates            | 690           |
|    policy_gradient_loss | -0.0161       |
|    std                  | 1.04          |
|    value_loss           | 38.8          |
-------------------------------------------
--------------------------------------------
| rollout/                |                |
|    ep_len_mean          | 1.44e+03       |
|    ep_rew_mean          | 1.44e+03       |
| time/                   |                |
|    fps                  | 659            |
|    iterations           | 71             |
|    time_elapsed         | 110            |
|    total_timesteps      | 72704          |
| train/                  |                |
|    approx_kl            | 0.01364054     |
|    clip_fraction        | 0.19           |
|    clip_range           | 0.2            |
|    entropy_loss         | -17.5          |
|    explained_variance   | -4.1604042e-05 |
|    learning_rate        | 0.0003         |
|    loss                 | 16.5           |
|    n_updates            | 700            |
|    policy_gradient_loss | -0.0173        |
|    std                  | 1.04           |
|    value_loss           | 37.9           |
--------------------------------------------
--------------------------------------------
| rollout/                |                |
|    ep_len_mean          | 1.44e+03       |
|    ep_rew_mean          | 1.44e+03       |
| time/                   |                |
|    fps                  | 659            |
|    iterations           | 72             |
|    time_elapsed         | 111            |
|    total_timesteps      | 73728          |
| train/                  |                |
|    approx_kl            | 0.0149058215   |
|    clip_fraction        | 0.165          |
|    clip_range           | 0.2            |
|    entropy_loss         | -17.5          |
|    explained_variance   | -3.9815903e-05 |
|    learning_rate        | 0.0003         |
|    loss                 | 15.6           |
|    n_updates            | 710            |
|    policy_gradient_loss | -0.0138        |
|    std                  | 1.04           |
|    value_loss           | 35.5           |
--------------------------------------------
-------------------------------------------
| rollout/                |               |
|    ep_len_mean          | 1.44e+03      |
|    ep_rew_mean          | 1.44e+03      |
| time/                   |               |
|    fps                  | 660           |
|    iterations           | 73            |
|    time_elapsed         | 113           |
|    total_timesteps      | 74752         |
| train/                  |               |
|    approx_kl            | 0.0114197675  |
|    clip_fraction        | 0.191         |
|    clip_range           | 0.2           |
|    entropy_loss         | -17.5         |
|    explained_variance   | -2.336502e-05 |
|    learning_rate        | 0.0003        |
|    loss                 | 14.8          |
|    n_updates            | 720           |
|    policy_gradient_loss | -0.0188       |
|    std                  | 1.04          |
|    value_loss           | 34            |
-------------------------------------------
------------------------------------------
| rollout/                |              |
|    ep_len_mean          | 1.44e+03     |
|    ep_rew_mean          | 1.44e+03     |
| time/                   |              |
|    fps                  | 660          |
|    iterations           | 74           |
|    time_elapsed         | 114          |
|    total_timesteps      | 75776        |
| train/                  |              |
|    approx_kl            | 0.012556773  |
|    clip_fraction        | 0.19         |
|    clip_range           | 0.2          |
|    entropy_loss         | -17.5        |
|    explained_variance   | 1.013279e-06 |
|    learning_rate        | 0.0003       |
|    loss                 | 14.4         |
|    n_updates            | 730          |
|    policy_gradient_loss | -0.0142      |
|    std                  | 1.04         |
|    value_loss           | 33.4         |
------------------------------------------
-------------------------------------------
| rollout/                |               |
|    ep_len_mean          | 1.44e+03      |
|    ep_rew_mean          | 1.44e+03      |
| time/                   |               |
|    fps                  | 661           |
|    iterations           | 75            |
|    time_elapsed         | 116           |
|    total_timesteps      | 76800         |
| train/                  |               |
|    approx_kl            | 0.0123996055  |
|    clip_fraction        | 0.144         |
|    clip_range           | 0.2           |
|    entropy_loss         | -17.5         |
|    explained_variance   | -8.952618e-05 |
|    learning_rate        | 0.0003        |
|    loss                 | 13.4          |
|    n_updates            | 740           |
|    policy_gradient_loss | -0.0133       |
|    std                  | 1.04          |
|    value_loss           | 31.2          |
-------------------------------------------
-------------------------------------------
| rollout/                |               |
|    ep_len_mean          | 1.44e+03      |
|    ep_rew_mean          | 1.44e+03      |
| time/                   |               |
|    fps                  | 661           |
|    iterations           | 76            |
|    time_elapsed         | 117           |
|    total_timesteps      | 77824         |
| train/                  |               |
|    approx_kl            | 0.015315225   |
|    clip_fraction        | 0.161         |
|    clip_range           | 0.2           |
|    entropy_loss         | -17.5         |
|    explained_variance   | 2.2351742e-05 |
|    learning_rate        | 0.0003        |
|    loss                 | 12.7          |
|    n_updates            | 750           |
|    policy_gradient_loss | -0.0183       |
|    std                  | 1.04          |
|    value_loss           | 29.8          |
-------------------------------------------
------------------------------------------
| rollout/                |              |
|    ep_len_mean          | 1.44e+03     |
|    ep_rew_mean          | 1.44e+03     |
| time/                   |              |
|    fps                  | 661          |
|    iterations           | 77           |
|    time_elapsed         | 119          |
|    total_timesteps      | 78848        |
| train/                  |              |
|    approx_kl            | 0.010521131  |
|    clip_fraction        | 0.109        |
|    clip_range           | 0.2          |
|    entropy_loss         | -17.5        |
|    explained_variance   | -3.33786e-06 |
|    learning_rate        | 0.0003       |
|    loss                 | 12.3         |
|    n_updates            | 760          |
|    policy_gradient_loss | -0.0144      |
|    std                  | 1.04         |
|    value_loss           | 28.3         |
------------------------------------------
-------------------------------------------
| rollout/                |               |
|    ep_len_mean          | 1.44e+03      |
|    ep_rew_mean          | 1.44e+03      |
| time/                   |               |
|    fps                  | 662           |
|    iterations           | 78            |
|    time_elapsed         | 120           |
|    total_timesteps      | 79872         |
| train/                  |               |
|    approx_kl            | 0.01951559    |
|    clip_fraction        | 0.218         |
|    clip_range           | 0.2           |
|    entropy_loss         | -17.5         |
|    explained_variance   | -4.529953e-06 |
|    learning_rate        | 0.0003        |
|    loss                 | 11.8          |
|    n_updates            | 770           |
|    policy_gradient_loss | -0.017        |
|    std                  | 1.04          |
|    value_loss           | 27.7          |
-------------------------------------------
--------------------------------------------
| rollout/                |                |
|    ep_len_mean          | 1.44e+03       |
|    ep_rew_mean          | 1.44e+03       |
| time/                   |                |
|    fps                  | 662            |
|    iterations           | 79             |
|    time_elapsed         | 122            |
|    total_timesteps      | 80896          |
| train/                  |                |
|    approx_kl            | 0.011816306    |
|    clip_fraction        | 0.116          |
|    clip_range           | 0.2            |
|    entropy_loss         | -17.5          |
|    explained_variance   | -1.1920929e-07 |
|    learning_rate        | 0.0003         |
|    loss                 | 10.7           |
|    n_updates            | 780            |
|    policy_gradient_loss | -0.0166        |
|    std                  | 1.04           |
|    value_loss           | 25.6           |
--------------------------------------------
-------------------------------------------
| rollout/                |               |
|    ep_len_mean          | 1.44e+03      |
|    ep_rew_mean          | 1.44e+03      |
| time/                   |               |
|    fps                  | 662           |
|    iterations           | 80            |
|    time_elapsed         | 123           |
|    total_timesteps      | 81920         |
| train/                  |               |
|    approx_kl            | 0.011657752   |
|    clip_fraction        | 0.111         |
|    clip_range           | 0.2           |
|    entropy_loss         | -17.5         |
|    explained_variance   | 4.0888786e-05 |
|    learning_rate        | 0.0003        |
|    loss                 | 10.2          |
|    n_updates            | 790           |
|    policy_gradient_loss | -0.015        |
|    std                  | 1.04          |
|    value_loss           | 24.2          |
-------------------------------------------
------------------------------------------
| rollout/                |              |
|    ep_len_mean          | 1.44e+03     |
|    ep_rew_mean          | 1.44e+03     |
| time/                   |              |
|    fps                  | 663          |
|    iterations           | 81           |
|    time_elapsed         | 125          |
|    total_timesteps      | 82944        |
| train/                  |              |
|    approx_kl            | 0.020001255  |
|    clip_fraction        | 0.262        |
|    clip_range           | 0.2          |
|    entropy_loss         | -17.5        |
|    explained_variance   | -5.00679e-05 |
|    learning_rate        | 0.0003       |
|    loss                 | 10           |
|    n_updates            | 800          |
|    policy_gradient_loss | -0.0176      |
|    std                  | 1.04         |
|    value_loss           | 23.7         |
------------------------------------------
--------------------------------------------
| rollout/                |                |
|    ep_len_mean          | 1.44e+03       |
|    ep_rew_mean          | 1.44e+03       |
| time/                   |                |
|    fps                  | 663            |
|    iterations           | 82             |
|    time_elapsed         | 126            |
|    total_timesteps      | 83968          |
| train/                  |                |
|    approx_kl            | 0.016069982    |
|    clip_fraction        | 0.208          |
|    clip_range           | 0.2            |
|    entropy_loss         | -17.5          |
|    explained_variance   | -7.9631805e-05 |
|    learning_rate        | 0.0003         |
|    loss                 | 9.3            |
|    n_updates            | 810            |
|    policy_gradient_loss | -0.0172        |
|    std                  | 1.05           |
|    value_loss           | 22             |
--------------------------------------------
--------------------------------------------
| rollout/                |                |
|    ep_len_mean          | 1.44e+03       |
|    ep_rew_mean          | 1.44e+03       |
| time/                   |                |
|    fps                  | 662            |
|    iterations           | 83             |
|    time_elapsed         | 128            |
|    total_timesteps      | 84992          |
| train/                  |                |
|    approx_kl            | 0.014833108    |
|    clip_fraction        | 0.166          |
|    clip_range           | 0.2            |
|    entropy_loss         | -17.6          |
|    explained_variance   | -2.8371811e-05 |
|    learning_rate        | 0.0003         |
|    loss                 | 8.72           |
|    n_updates            | 820            |
|    policy_gradient_loss | -0.0185        |
|    std                  | 1.05           |
|    value_loss           | 20.8           |
--------------------------------------------
--------------------------------------------
| rollout/                |                |
|    ep_len_mean          | 1.44e+03       |
|    ep_rew_mean          | 1.44e+03       |
| time/                   |                |
|    fps                  | 662            |
|    iterations           | 84             |
|    time_elapsed         | 129            |
|    total_timesteps      | 86016          |
| train/                  |                |
|    approx_kl            | 0.019801602    |
|    clip_fraction        | 0.195          |
|    clip_range           | 0.2            |
|    entropy_loss         | -17.6          |
|    explained_variance   | -4.7683716e-06 |
|    learning_rate        | 0.0003         |
|    loss                 | 7.99           |
|    n_updates            | 830            |
|    policy_gradient_loss | -0.0192        |
|    std                  | 1.05           |
|    value_loss           | 19.6           |
--------------------------------------------
-------------------------------------------
| rollout/                |               |
|    ep_len_mean          | 1.44e+03      |
|    ep_rew_mean          | 1.44e+03      |
| time/                   |               |
|    fps                  | 662           |
|    iterations           | 85            |
|    time_elapsed         | 131           |
|    total_timesteps      | 87040         |
| train/                  |               |
|    approx_kl            | 0.017072678   |
|    clip_fraction        | 0.187         |
|    clip_range           | 0.2           |
|    entropy_loss         | -17.6         |
|    explained_variance   | 1.7166138e-05 |
|    learning_rate        | 0.0003        |
|    loss                 | 7.83          |
|    n_updates            | 840           |
|    policy_gradient_loss | -0.0175       |
|    std                  | 1.05          |
|    value_loss           | 18.9          |
-------------------------------------------
------------------------------------------
| rollout/                |              |
|    ep_len_mean          | 1.44e+03     |
|    ep_rew_mean          | 1.44e+03     |
| time/                   |              |
|    fps                  | 662          |
|    iterations           | 86           |
|    time_elapsed         | 133          |
|    total_timesteps      | 88064        |
| train/                  |              |
|    approx_kl            | 0.01198087   |
|    clip_fraction        | 0.175        |
|    clip_range           | 0.2          |
|    entropy_loss         | -17.6        |
|    explained_variance   | 4.017353e-05 |
|    learning_rate        | 0.0003       |
|    loss                 | 7.13         |
|    n_updates            | 850          |
|    policy_gradient_loss | -0.0168      |
|    std                  | 1.05         |
|    value_loss           | 17.5         |
------------------------------------------
--------------------------------------------
| rollout/                |                |
|    ep_len_mean          | 1.44e+03       |
|    ep_rew_mean          | 1.44e+03       |
| time/                   |                |
|    fps                  | 661            |
|    iterations           | 87             |
|    time_elapsed         | 134            |
|    total_timesteps      | 89088          |
| train/                  |                |
|    approx_kl            | 0.017301083    |
|    clip_fraction        | 0.182          |
|    clip_range           | 0.2            |
|    entropy_loss         | -17.6          |
|    explained_variance   | -3.9696693e-05 |
|    learning_rate        | 0.0003         |
|    loss                 | 6.61           |
|    n_updates            | 860            |
|    policy_gradient_loss | -0.0191        |
|    std                  | 1.05           |
|    value_loss           | 16.3           |
--------------------------------------------
--------------------------------------------
| rollout/                |                |
|    ep_len_mean          | 1.44e+03       |
|    ep_rew_mean          | 1.44e+03       |
| time/                   |                |
|    fps                  | 661            |
|    iterations           | 88             |
|    time_elapsed         | 136            |
|    total_timesteps      | 90112          |
| train/                  |                |
|    approx_kl            | 0.010874478    |
|    clip_fraction        | 0.198          |
|    clip_range           | 0.2            |
|    entropy_loss         | -17.6          |
|    explained_variance   | -6.1154366e-05 |
|    learning_rate        | 0.0003         |
|    loss                 | 6.31           |
|    n_updates            | 870            |
|    policy_gradient_loss | -0.0159        |
|    std                  | 1.05           |
|    value_loss           | 15.5           |
--------------------------------------------
-------------------------------------------
| rollout/                |               |
|    ep_len_mean          | 1.44e+03      |
|    ep_rew_mean          | 1.44e+03      |
| time/                   |               |
|    fps                  | 661           |
|    iterations           | 89            |
|    time_elapsed         | 137           |
|    total_timesteps      | 91136         |
| train/                  |               |
|    approx_kl            | 0.022559036   |
|    clip_fraction        | 0.248         |
|    clip_range           | 0.2           |
|    entropy_loss         | -17.6         |
|    explained_variance   | 5.4001808e-05 |
|    learning_rate        | 0.0003        |
|    loss                 | 5.77          |
|    n_updates            | 880           |
|    policy_gradient_loss | -0.0216       |
|    std                  | 1.05          |
|    value_loss           | 14.2          |
-------------------------------------------
-------------------------------------------
| rollout/                |               |
|    ep_len_mean          | 1.44e+03      |
|    ep_rew_mean          | 1.44e+03      |
| time/                   |               |
|    fps                  | 661           |
|    iterations           | 90            |
|    time_elapsed         | 139           |
|    total_timesteps      | 92160         |
| train/                  |               |
|    approx_kl            | 0.015221935   |
|    clip_fraction        | 0.205         |
|    clip_range           | 0.2           |
|    entropy_loss         | -17.6         |
|    explained_variance   | -4.172325e-05 |
|    learning_rate        | 0.0003        |
|    loss                 | 5.35          |
|    n_updates            | 890           |
|    policy_gradient_loss | -0.0197       |
|    std                  | 1.05          |
|    value_loss           | 13.4          |
-------------------------------------------
-------------------------------------------
| rollout/                |               |
|    ep_len_mean          | 1.44e+03      |
|    ep_rew_mean          | 1.44e+03      |
| time/                   |               |
|    fps                  | 661           |
|    iterations           | 91            |
|    time_elapsed         | 140           |
|    total_timesteps      | 93184         |
| train/                  |               |
|    approx_kl            | 0.012945461   |
|    clip_fraction        | 0.196         |
|    clip_range           | 0.2           |
|    entropy_loss         | -17.6         |
|    explained_variance   | -6.532669e-05 |
|    learning_rate        | 0.0003        |
|    loss                 | 5.3           |
|    n_updates            | 900           |
|    policy_gradient_loss | -0.0164       |
|    std                  | 1.05          |
|    value_loss           | 13            |
-------------------------------------------
-------------------------------------------
| rollout/                |               |
|    ep_len_mean          | 1.44e+03      |
|    ep_rew_mean          | 1.44e+03      |
| time/                   |               |
|    fps                  | 661           |
|    iterations           | 92            |
|    time_elapsed         | 142           |
|    total_timesteps      | 94208         |
| train/                  |               |
|    approx_kl            | 0.016700478   |
|    clip_fraction        | 0.164         |
|    clip_range           | 0.2           |
|    entropy_loss         | -17.6         |
|    explained_variance   | 6.6161156e-06 |
|    learning_rate        | 0.0003        |
|    loss                 | 4.61          |
|    n_updates            | 910           |
|    policy_gradient_loss | -0.0173       |
|    std                  | 1.05          |
|    value_loss           | 11.9          |
-------------------------------------------
-------------------------------------------
| rollout/                |               |
|    ep_len_mean          | 1.44e+03      |
|    ep_rew_mean          | 1.44e+03      |
| time/                   |               |
|    fps                  | 662           |
|    iterations           | 93            |
|    time_elapsed         | 143           |
|    total_timesteps      | 95232         |
| train/                  |               |
|    approx_kl            | 0.014681375   |
|    clip_fraction        | 0.229         |
|    clip_range           | 0.2           |
|    entropy_loss         | -17.6         |
|    explained_variance   | 2.0861626e-06 |
|    learning_rate        | 0.0003        |
|    loss                 | 4.28          |
|    n_updates            | 920           |
|    policy_gradient_loss | -0.025        |
|    std                  | 1.05          |
|    value_loss           | 10.9          |
-------------------------------------------
--------------------------------------------
| rollout/                |                |
|    ep_len_mean          | 1.44e+03       |
|    ep_rew_mean          | 1.44e+03       |
| time/                   |                |
|    fps                  | 662            |
|    iterations           | 94             |
|    time_elapsed         | 145            |
|    total_timesteps      | 96256          |
| train/                  |                |
|    approx_kl            | 0.017211638    |
|    clip_fraction        | 0.185          |
|    clip_range           | 0.2            |
|    entropy_loss         | -17.6          |
|    explained_variance   | -5.2690506e-05 |
|    learning_rate        | 0.0003         |
|    loss                 | 3.87           |
|    n_updates            | 930            |
|    policy_gradient_loss | -0.0192        |
|    std                  | 1.05           |
|    value_loss           | 10.1           |
--------------------------------------------
-------------------------------------------
| rollout/                |               |
|    ep_len_mean          | 1.44e+03      |
|    ep_rew_mean          | 1.44e+03      |
| time/                   |               |
|    fps                  | 662           |
|    iterations           | 95            |
|    time_elapsed         | 146           |
|    total_timesteps      | 97280         |
| train/                  |               |
|    approx_kl            | 0.015284473   |
|    clip_fraction        | 0.195         |
|    clip_range           | 0.2           |
|    entropy_loss         | -17.6         |
|    explained_variance   | 2.0503998e-05 |
|    learning_rate        | 0.0003        |
|    loss                 | 3.59          |
|    n_updates            | 940           |
|    policy_gradient_loss | -0.0148       |
|    std                  | 1.05          |
|    value_loss           | 9.54          |
-------------------------------------------
-------------------------------------------
| rollout/                |               |
|    ep_len_mean          | 1.44e+03      |
|    ep_rew_mean          | 1.44e+03      |
| time/                   |               |
|    fps                  | 662           |
|    iterations           | 96            |
|    time_elapsed         | 148           |
|    total_timesteps      | 98304         |
| train/                  |               |
|    approx_kl            | 0.015098756   |
|    clip_fraction        | 0.187         |
|    clip_range           | 0.2           |
|    entropy_loss         | -17.6         |
|    explained_variance   | 1.2755394e-05 |
|    learning_rate        | 0.0003        |
|    loss                 | 3.37          |
|    n_updates            | 950           |
|    policy_gradient_loss | -0.0188       |
|    std                  | 1.05          |
|    value_loss           | 8.65          |
-------------------------------------------
------------------------------------------
| rollout/                |              |
|    ep_len_mean          | 1.44e+03     |
|    ep_rew_mean          | 1.44e+03     |
| time/                   |              |
|    fps                  | 662          |
|    iterations           | 97           |
|    time_elapsed         | 149          |
|    total_timesteps      | 99328        |
| train/                  |              |
|    approx_kl            | 0.016385097  |
|    clip_fraction        | 0.191        |
|    clip_range           | 0.2          |
|    entropy_loss         | -17.6        |
|    explained_variance   | 2.092123e-05 |
|    learning_rate        | 0.0003       |
|    loss                 | 2.89         |
|    n_updates            | 960          |
|    policy_gradient_loss | -0.0171      |
|    std                  | 1.05         |
|    value_loss           | 7.92         |
------------------------------------------
-------------------------------------------
| rollout/                |               |
|    ep_len_mean          | 1.44e+03      |
|    ep_rew_mean          | 1.44e+03      |
| time/                   |               |
|    fps                  | 662           |
|    iterations           | 98            |
|    time_elapsed         | 151           |
|    total_timesteps      | 100352        |
| train/                  |               |
|    approx_kl            | 0.014653644   |
|    clip_fraction        | 0.182         |
|    clip_range           | 0.2           |
|    entropy_loss         | -17.6         |
|    explained_variance   | -6.151199e-05 |
|    learning_rate        | 0.0003        |
|    loss                 | 2.69          |
|    n_updates            | 970           |
|    policy_gradient_loss | -0.0157       |
|    std                  | 1.05          |
|    value_loss           | 7.44          |
-------------------------------------------
--------------------------------------------
| rollout/                |                |
|    ep_len_mean          | 1.44e+03       |
|    ep_rew_mean          | 1.44e+03       |
| time/                   |                |
|    fps                  | 662            |
|    iterations           | 99             |
|    time_elapsed         | 153            |
|    total_timesteps      | 101376         |
| train/                  |                |
|    approx_kl            | 0.016204745    |
|    clip_fraction        | 0.195          |
|    clip_range           | 0.2            |
|    entropy_loss         | -17.6          |
|    explained_variance   | -3.6120415e-05 |
|    learning_rate        | 0.0003         |
|    loss                 | 2.28           |
|    n_updates            | 980            |
|    policy_gradient_loss | -0.0194        |
|    std                  | 1.05           |
|    value_loss           | 6.64           |
--------------------------------------------
-------------------------------------------
| rollout/                |               |
|    ep_len_mean          | 1.44e+03      |
|    ep_rew_mean          | 1.45e+03      |
| time/                   |               |
|    fps                  | 662           |
|    iterations           | 100           |
|    time_elapsed         | 154           |
|    total_timesteps      | 102400        |
| train/                  |               |
|    approx_kl            | 0.015878819   |
|    clip_fraction        | 0.191         |
|    clip_range           | 0.2           |
|    entropy_loss         | -17.6         |
|    explained_variance   | 3.0398369e-05 |
|    learning_rate        | 0.0003        |
|    loss                 | 2.06          |
|    n_updates            | 990           |
|    policy_gradient_loss | -0.0175       |
|    std                  | 1.05          |
|    value_loss           | 5.97          |
-------------------------------------------
-------------------------------------------
| rollout/                |               |
|    ep_len_mean          | 1.44e+03      |
|    ep_rew_mean          | 1.45e+03      |
| time/                   |               |
|    fps                  | 662           |
|    iterations           | 101           |
|    time_elapsed         | 156           |
|    total_timesteps      | 103424        |
| train/                  |               |
|    approx_kl            | 0.016056728   |
|    clip_fraction        | 0.219         |
|    clip_range           | 0.2           |
|    entropy_loss         | -17.5         |
|    explained_variance   | 1.3947487e-05 |
|    learning_rate        | 0.0003        |
|    loss                 | 1.84          |
|    n_updates            | 1000          |
|    policy_gradient_loss | -0.0214       |
|    std                  | 1.05          |
|    value_loss           | 5.33          |
-------------------------------------------
-------------------------------------------
| rollout/                |               |
|    ep_len_mean          | 1.44e+03      |
|    ep_rew_mean          | 1.45e+03      |
| time/                   |               |
|    fps                  | 662           |
|    iterations           | 102           |
|    time_elapsed         | 157           |
|    total_timesteps      | 104448        |
| train/                  |               |
|    approx_kl            | 0.012127683   |
|    clip_fraction        | 0.162         |
|    clip_range           | 0.2           |
|    entropy_loss         | -17.5         |
|    explained_variance   | -3.504753e-05 |
|    learning_rate        | 0.0003        |
|    loss                 | 1.67          |
|    n_updates            | 1010          |
|    policy_gradient_loss | -0.0176       |
|    std                  | 1.04          |
|    value_loss           | 5.04          |
-------------------------------------------
-------------------------------------------
| rollout/                |               |
|    ep_len_mean          | 1.44e+03      |
|    ep_rew_mean          | 1.45e+03      |
| time/                   |               |
|    fps                  | 662           |
|    iterations           | 103           |
|    time_elapsed         | 159           |
|    total_timesteps      | 105472        |
| train/                  |               |
|    approx_kl            | 0.019017018   |
|    clip_fraction        | 0.232         |
|    clip_range           | 0.2           |
|    entropy_loss         | -17.5         |
|    explained_variance   | 0.00013178587 |
|    learning_rate        | 0.0003        |
|    loss                 | 1.39          |
|    n_updates            | 1020          |
|    policy_gradient_loss | -0.02         |
|    std                  | 1.04          |
|    value_loss           | 4.32          |
-------------------------------------------
--------------------------------------------
| rollout/                |                |
|    ep_len_mean          | 1.44e+03       |
|    ep_rew_mean          | 1.45e+03       |
| time/                   |                |
|    fps                  | 662            |
|    iterations           | 104            |
|    time_elapsed         | 160            |
|    total_timesteps      | 106496         |
| train/                  |                |
|    approx_kl            | 0.01714195     |
|    clip_fraction        | 0.235          |
|    clip_range           | 0.2            |
|    entropy_loss         | -17.5          |
|    explained_variance   | -3.3140182e-05 |
|    learning_rate        | 0.0003         |
|    loss                 | 1.21           |
|    n_updates            | 1030           |
|    policy_gradient_loss | -0.0232        |
|    std                  | 1.04           |
|    value_loss           | 3.88           |
--------------------------------------------
--------------------------------------------
| rollout/                |                |
|    ep_len_mean          | 1.44e+03       |
|    ep_rew_mean          | 1.45e+03       |
| time/                   |                |
|    fps                  | 662            |
|    iterations           | 105            |
|    time_elapsed         | 162            |
|    total_timesteps      | 107520         |
| train/                  |                |
|    approx_kl            | 0.014790881    |
|    clip_fraction        | 0.214          |
|    clip_range           | 0.2            |
|    entropy_loss         | -17.5          |
|    explained_variance   | -3.6358833e-05 |
|    learning_rate        | 0.0003         |
|    loss                 | 1.05           |
|    n_updates            | 1040           |
|    policy_gradient_loss | -0.0197        |
|    std                  | 1.04           |
|    value_loss           | 3.49           |
--------------------------------------------
--------------------------------------------
| rollout/                |                |
|    ep_len_mean          | 1.44e+03       |
|    ep_rew_mean          | 1.45e+03       |
| time/                   |                |
|    fps                  | 663            |
|    iterations           | 106            |
|    time_elapsed         | 163            |
|    total_timesteps      | 108544         |
| train/                  |                |
|    approx_kl            | 0.013385278    |
|    clip_fraction        | 0.214          |
|    clip_range           | 0.2            |
|    entropy_loss         | -17.5          |
|    explained_variance   | -2.3126602e-05 |
|    learning_rate        | 0.0003         |
|    loss                 | 0.868          |
|    n_updates            | 1050           |
|    policy_gradient_loss | -0.0182        |
|    std                  | 1.04           |
|    value_loss           | 2.96           |
--------------------------------------------
--------------------------------------------
| rollout/                |                |
|    ep_len_mean          | 1.44e+03       |
|    ep_rew_mean          | 1.45e+03       |
| time/                   |                |
|    fps                  | 662            |
|    iterations           | 107            |
|    time_elapsed         | 165            |
|    total_timesteps      | 109568         |
| train/                  |                |
|    approx_kl            | 0.016202733    |
|    clip_fraction        | 0.204          |
|    clip_range           | 0.2            |
|    entropy_loss         | -17.5          |
|    explained_variance   | -2.0742416e-05 |
|    learning_rate        | 0.0003         |
|    loss                 | 0.708          |
|    n_updates            | 1060           |
|    policy_gradient_loss | -0.0213        |
|    std                  | 1.04           |
|    value_loss           | 2.55           |
--------------------------------------------
------------------------------------------
| rollout/                |              |
|    ep_len_mean          | 1.44e+03     |
|    ep_rew_mean          | 1.45e+03     |
| time/                   |              |
|    fps                  | 662          |
|    iterations           | 108          |
|    time_elapsed         | 166          |
|    total_timesteps      | 110592       |
| train/                  |              |
|    approx_kl            | 0.017709574  |
|    clip_fraction        | 0.199        |
|    clip_range           | 0.2          |
|    entropy_loss         | -17.5        |
|    explained_variance   | 0.0001527667 |
|    learning_rate        | 0.0003       |
|    loss                 | 0.567        |
|    n_updates            | 1070         |
|    policy_gradient_loss | -0.0233      |
|    std                  | 1.05         |
|    value_loss           | 2.24         |
------------------------------------------
--------------------------------------------
| rollout/                |                |
|    ep_len_mean          | 1.44e+03       |
|    ep_rew_mean          | 1.45e+03       |
| time/                   |                |
|    fps                  | 662            |
|    iterations           | 109            |
|    time_elapsed         | 168            |
|    total_timesteps      | 111616         |
| train/                  |                |
|    approx_kl            | 0.0193333      |
|    clip_fraction        | 0.239          |
|    clip_range           | 0.2            |
|    entropy_loss         | -17.5          |
|    explained_variance   | -2.3007393e-05 |
|    learning_rate        | 0.0003         |
|    loss                 | 0.422          |
|    n_updates            | 1080           |
|    policy_gradient_loss | -0.0238        |
|    std                  | 1.05           |
|    value_loss           | 1.8            |
--------------------------------------------
-------------------------------------------
| rollout/                |               |
|    ep_len_mean          | 1.44e+03      |
|    ep_rew_mean          | 1.45e+03      |
| time/                   |               |
|    fps                  | 662           |
|    iterations           | 110           |
|    time_elapsed         | 169           |
|    total_timesteps      | 112640        |
| train/                  |               |
|    approx_kl            | 0.019765861   |
|    clip_fraction        | 0.198         |
|    clip_range           | 0.2           |
|    entropy_loss         | -17.5         |
|    explained_variance   | -6.318092e-05 |
|    learning_rate        | 0.0003        |
|    loss                 | 0.328         |
|    n_updates            | 1090          |
|    policy_gradient_loss | -0.0204       |
|    std                  | 1.05          |
|    value_loss           | 1.51          |
-------------------------------------------
-------------------------------------------
| rollout/                |               |
|    ep_len_mean          | 1.44e+03      |
|    ep_rew_mean          | 1.45e+03      |
| time/                   |               |
|    fps                  | 662           |
|    iterations           | 111           |
|    time_elapsed         | 171           |
|    total_timesteps      | 113664        |
| train/                  |               |
|    approx_kl            | 0.01889929    |
|    clip_fraction        | 0.206         |
|    clip_range           | 0.2           |
|    entropy_loss         | -17.5         |
|    explained_variance   | -7.271767e-05 |
|    learning_rate        | 0.0003        |
|    loss                 | 0.243         |
|    n_updates            | 1100          |
|    policy_gradient_loss | -0.0209       |
|    std                  | 1.05          |
|    value_loss           | 1.28          |
-------------------------------------------
--------------------------------------------
| rollout/                |                |
|    ep_len_mean          | 1.44e+03       |
|    ep_rew_mean          | 1.45e+03       |
| time/                   |                |
|    fps                  | 662            |
|    iterations           | 112            |
|    time_elapsed         | 172            |
|    total_timesteps      | 114688         |
| train/                  |                |
|    approx_kl            | 0.016285583    |
|    clip_fraction        | 0.188          |
|    clip_range           | 0.2            |
|    entropy_loss         | -17.5          |
|    explained_variance   | -2.1100044e-05 |
|    learning_rate        | 0.0003         |
|    loss                 | 0.169          |
|    n_updates            | 1110           |
|    policy_gradient_loss | -0.0203        |
|    std                  | 1.04           |
|    value_loss           | 1.04           |
--------------------------------------------
-------------------------------------------
| rollout/                |               |
|    ep_len_mean          | 1.44e+03      |
|    ep_rew_mean          | 1.45e+03      |
| time/                   |               |
|    fps                  | 663           |
|    iterations           | 113           |
|    time_elapsed         | 174           |
|    total_timesteps      | 115712        |
| train/                  |               |
|    approx_kl            | 0.017071053   |
|    clip_fraction        | 0.208         |
|    clip_range           | 0.2           |
|    entropy_loss         | -17.5         |
|    explained_variance   | 8.6188316e-05 |
|    learning_rate        | 0.0003        |
|    loss                 | 0.11          |
|    n_updates            | 1120          |
|    policy_gradient_loss | -0.0261       |
|    std                  | 1.04          |
|    value_loss           | 0.869         |
-------------------------------------------
--------------------------------------------
| rollout/                |                |
|    ep_len_mean          | 1.44e+03       |
|    ep_rew_mean          | 1.45e+03       |
| time/                   |                |
|    fps                  | 663            |
|    iterations           | 114            |
|    time_elapsed         | 176            |
|    total_timesteps      | 116736         |
| train/                  |                |
|    approx_kl            | 0.023749074    |
|    clip_fraction        | 0.261          |
|    clip_range           | 0.2            |
|    entropy_loss         | -17.4          |
|    explained_variance   | -5.4836273e-05 |
|    learning_rate        | 0.0003         |
|    loss                 | 0.0562         |
|    n_updates            | 1130           |
|    policy_gradient_loss | -0.0239        |
|    std                  | 1.03           |
|    value_loss           | 0.674          |
--------------------------------------------
-------------------------------------------
| rollout/                |               |
|    ep_len_mean          | 1.44e+03      |
|    ep_rew_mean          | 1.45e+03      |
| time/                   |               |
|    fps                  | 663           |
|    iterations           | 115           |
|    time_elapsed         | 177           |
|    total_timesteps      | 117760        |
| train/                  |               |
|    approx_kl            | 0.024841364   |
|    clip_fraction        | 0.256         |
|    clip_range           | 0.2           |
|    entropy_loss         | -17.4         |
|    explained_variance   | -3.695488e-05 |
|    learning_rate        | 0.0003        |
|    loss                 | 0.0279        |
|    n_updates            | 1140          |
|    policy_gradient_loss | -0.0221       |
|    std                  | 1.03          |
|    value_loss           | 0.492         |
-------------------------------------------
--------------------------------------------
| rollout/                |                |
|    ep_len_mean          | 1.44e+03       |
|    ep_rew_mean          | 1.45e+03       |
| time/                   |                |
|    fps                  | 663            |
|    iterations           | 116            |
|    time_elapsed         | 179            |
|    total_timesteps      | 118784         |
| train/                  |                |
|    approx_kl            | 0.020883178    |
|    clip_fraction        | 0.229          |
|    clip_range           | 0.2            |
|    entropy_loss         | -17.4          |
|    explained_variance   | -4.6133995e-05 |
|    learning_rate        | 0.0003         |
|    loss                 | -0.00531       |
|    n_updates            | 1150           |
|    policy_gradient_loss | -0.0252        |
|    std                  | 1.03           |
|    value_loss           | 0.367          |
--------------------------------------------
--------------------------------------------
| rollout/                |                |
|    ep_len_mean          | 1.44e+03       |
|    ep_rew_mean          | 1.45e+03       |
| time/                   |                |
|    fps                  | 663            |
|    iterations           | 117            |
|    time_elapsed         | 180            |
|    total_timesteps      | 119808         |
| train/                  |                |
|    approx_kl            | 0.020847032    |
|    clip_fraction        | 0.338          |
|    clip_range           | 0.2            |
|    entropy_loss         | -17.3          |
|    explained_variance   | -4.6491623e-05 |
|    learning_rate        | 0.0003         |
|    loss                 | -0.0273        |
|    n_updates            | 1160           |
|    policy_gradient_loss | -0.0265        |
|    std                  | 1.02           |
|    value_loss           | 0.276          |
--------------------------------------------
--------------------------------------------
| rollout/                |                |
|    ep_len_mean          | 1.44e+03       |
|    ep_rew_mean          | 1.45e+03       |
| time/                   |                |
|    fps                  | 663            |
|    iterations           | 118            |
|    time_elapsed         | 182            |
|    total_timesteps      | 120832         |
| train/                  |                |
|    approx_kl            | 0.018880704    |
|    clip_fraction        | 0.198          |
|    clip_range           | 0.2            |
|    entropy_loss         | -17.2          |
|    explained_variance   | -0.00025117397 |
|    learning_rate        | 0.0003         |
|    loss                 | -0.0199        |
|    n_updates            | 1170           |
|    policy_gradient_loss | -0.0186        |
|    std                  | 1.02           |
|    value_loss           | 0.168          |
--------------------------------------------
--------------------------------------------
| rollout/                |                |
|    ep_len_mean          | 1.44e+03       |
|    ep_rew_mean          | 1.45e+03       |
| time/                   |                |
|    fps                  | 663            |
|    iterations           | 119            |
|    time_elapsed         | 183            |
|    total_timesteps      | 121856         |
| train/                  |                |
|    approx_kl            | 0.016135883    |
|    clip_fraction        | 0.206          |
|    clip_range           | 0.2            |
|    entropy_loss         | -17.2          |
|    explained_variance   | -1.7523766e-05 |
|    learning_rate        | 0.0003         |
|    loss                 | -0.0188        |
|    n_updates            | 1180           |
|    policy_gradient_loss | -0.0193        |
|    std                  | 1.02           |
|    value_loss           | 0.13           |
--------------------------------------------
--------------------------------------------
| rollout/                |                |
|    ep_len_mean          | 1.44e+03       |
|    ep_rew_mean          | 1.45e+03       |
| time/                   |                |
|    fps                  | 663            |
|    iterations           | 120            |
|    time_elapsed         | 185            |
|    total_timesteps      | 122880         |
| train/                  |                |
|    approx_kl            | 0.024494827    |
|    clip_fraction        | 0.257          |
|    clip_range           | 0.2            |
|    entropy_loss         | -17.2          |
|    explained_variance   | -0.00015234947 |
|    learning_rate        | 0.0003         |
|    loss                 | -0.0247        |
|    n_updates            | 1190           |
|    policy_gradient_loss | -0.0241        |
|    std                  | 1.02           |
|    value_loss           | 0.103          |
--------------------------------------------
--------------------------------------------
| rollout/                |                |
|    ep_len_mean          | 1.44e+03       |
|    ep_rew_mean          | 1.45e+03       |
| time/                   |                |
|    fps                  | 663            |
|    iterations           | 121            |
|    time_elapsed         | 186            |
|    total_timesteps      | 123904         |
| train/                  |                |
|    approx_kl            | 0.014038922    |
|    clip_fraction        | 0.182          |
|    clip_range           | 0.2            |
|    entropy_loss         | -17.2          |
|    explained_variance   | -2.6345253e-05 |
|    learning_rate        | 0.0003         |
|    loss                 | -0.0252        |
|    n_updates            | 1200           |
|    policy_gradient_loss | -0.021         |
|    std                  | 1.02           |
|    value_loss           | 0.0546         |
--------------------------------------------
-------------------------------------------
| rollout/                |               |
|    ep_len_mean          | 1.44e+03      |
|    ep_rew_mean          | 1.45e+03      |
| time/                   |               |
|    fps                  | 663           |
|    iterations           | 122           |
|    time_elapsed         | 188           |
|    total_timesteps      | 124928        |
| train/                  |               |
|    approx_kl            | 0.018296828   |
|    clip_fraction        | 0.2           |
|    clip_range           | 0.2           |
|    entropy_loss         | -17.2         |
|    explained_variance   | -8.356571e-05 |
|    learning_rate        | 0.0003        |
|    loss                 | -0.0453       |
|    n_updates            | 1210          |
|    policy_gradient_loss | -0.0254       |
|    std                  | 1.01          |
|    value_loss           | 0.0455        |
-------------------------------------------
-------------------------------------------
| rollout/                |               |
|    ep_len_mean          | 1.44e+03      |
|    ep_rew_mean          | 1.45e+03      |
| time/                   |               |
|    fps                  | 663           |
|    iterations           | 123           |
|    time_elapsed         | 189           |
|    total_timesteps      | 125952        |
| train/                  |               |
|    approx_kl            | 0.016785901   |
|    clip_fraction        | 0.202         |
|    clip_range           | 0.2           |
|    entropy_loss         | -17.2         |
|    explained_variance   | 2.3841858e-06 |
|    learning_rate        | 0.0003        |
|    loss                 | -0.0383       |
|    n_updates            | 1220          |
|    policy_gradient_loss | -0.0227       |
|    std                  | 1.01          |
|    value_loss           | 0.0336        |
-------------------------------------------
-------------------------------------------
| rollout/                |               |
|    ep_len_mean          | 1.44e+03      |
|    ep_rew_mean          | 1.45e+03      |
| time/                   |               |
|    fps                  | 663           |
|    iterations           | 124           |
|    time_elapsed         | 191           |
|    total_timesteps      | 126976        |
| train/                  |               |
|    approx_kl            | 0.019653618   |
|    clip_fraction        | 0.203         |
|    clip_range           | 0.2           |
|    entropy_loss         | -17.1         |
|    explained_variance   | -7.510185e-05 |
|    learning_rate        | 0.0003        |
|    loss                 | -0.0373       |
|    n_updates            | 1230          |
|    policy_gradient_loss | -0.0255       |
|    std                  | 1.01          |
|    value_loss           | 0.03          |
-------------------------------------------
---------------------------------------------
| rollout/                |                 |
|    ep_len_mean          | 1.44e+03        |
|    ep_rew_mean          | 1.45e+03        |
| time/                   |                 |
|    fps                  | 663             |
|    iterations           | 125             |
|    time_elapsed         | 193             |
|    total_timesteps      | 128000          |
| train/                  |                 |
|    approx_kl            | 0.019728083     |
|    clip_fraction        | 0.221           |
|    clip_range           | 0.2             |
|    entropy_loss         | -17.1           |
|    explained_variance   | -0.000106692314 |
|    learning_rate        | 0.0003          |
|    loss                 | -0.044          |
|    n_updates            | 1240            |
|    policy_gradient_loss | -0.0272         |
|    std                  | 1.01            |
|    value_loss           | 0.022           |
---------------------------------------------
--------------------------------------------
| rollout/                |                |
|    ep_len_mean          | 1.44e+03       |
|    ep_rew_mean          | 1.45e+03       |
| time/                   |                |
|    fps                  | 663            |
|    iterations           | 126            |
|    time_elapsed         | 194            |
|    total_timesteps      | 129024         |
| train/                  |                |
|    approx_kl            | 0.020799248    |
|    clip_fraction        | 0.233          |
|    clip_range           | 0.2            |
|    entropy_loss         | -17            |
|    explained_variance   | -0.00024211407 |
|    learning_rate        | 0.0003         |
|    loss                 | -0.029         |
|    n_updates            | 1250           |
|    policy_gradient_loss | -0.0284        |
|    std                  | 1              |
|    value_loss           | 0.0144         |
--------------------------------------------
--------------------------------------------
| rollout/                |                |
|    ep_len_mean          | 1.44e+03       |
|    ep_rew_mean          | 1.45e+03       |
| time/                   |                |
|    fps                  | 663            |
|    iterations           | 127            |
|    time_elapsed         | 196            |
|    total_timesteps      | 130048         |
| train/                  |                |
|    approx_kl            | 0.015356788    |
|    clip_fraction        | 0.209          |
|    clip_range           | 0.2            |
|    entropy_loss         | -17            |
|    explained_variance   | -0.00012636185 |
|    learning_rate        | 0.0003         |
|    loss                 | -0.0476        |
|    n_updates            | 1260           |
|    policy_gradient_loss | -0.0256        |
|    std                  | 1              |
|    value_loss           | 0.0146         |
--------------------------------------------
--------------------------------------------
| rollout/                |                |
|    ep_len_mean          | 1.44e+03       |
|    ep_rew_mean          | 1.45e+03       |
| time/                   |                |
|    fps                  | 663            |
|    iterations           | 128            |
|    time_elapsed         | 197            |
|    total_timesteps      | 131072         |
| train/                  |                |
|    approx_kl            | 0.016231904    |
|    clip_fraction        | 0.184          |
|    clip_range           | 0.2            |
|    entropy_loss         | -17            |
|    explained_variance   | -3.3974648e-05 |
|    learning_rate        | 0.0003         |
|    loss                 | -0.03          |
|    n_updates            | 1270           |
|    policy_gradient_loss | -0.0248        |
|    std                  | 0.996          |
|    value_loss           | 0.0143         |
--------------------------------------------
------------------------------------------
| rollout/                |              |
|    ep_len_mean          | 1.44e+03     |
|    ep_rew_mean          | 1.45e+03     |
| time/                   |              |
|    fps                  | 662          |
|    iterations           | 129          |
|    time_elapsed         | 199          |
|    total_timesteps      | 132096       |
| train/                  |              |
|    approx_kl            | 0.015401295  |
|    clip_fraction        | 0.183        |
|    clip_range           | 0.2          |
|    entropy_loss         | -16.9        |
|    explained_variance   | 0.0002245307 |
|    learning_rate        | 0.0003       |
|    loss                 | -0.0307      |
|    n_updates            | 1280         |
|    policy_gradient_loss | -0.0223      |
|    std                  | 0.993        |
|    value_loss           | 0.0128       |
------------------------------------------
-------------------------------------------
| rollout/                |               |
|    ep_len_mean          | 1.44e+03      |
|    ep_rew_mean          | 1.45e+03      |
| time/                   |               |
|    fps                  | 663           |
|    iterations           | 130           |
|    time_elapsed         | 200           |
|    total_timesteps      | 133120        |
| train/                  |               |
|    approx_kl            | 0.014714912   |
|    clip_fraction        | 0.208         |
|    clip_range           | 0.2           |
|    entropy_loss         | -16.9         |
|    explained_variance   | -7.891655e-05 |
|    learning_rate        | 0.0003        |
|    loss                 | -0.0363       |
|    n_updates            | 1290          |
|    policy_gradient_loss | -0.0255       |
|    std                  | 0.99          |
|    value_loss           | 0.00625       |
-------------------------------------------
-------------------------------------------
| rollout/                |               |
|    ep_len_mean          | 1.44e+03      |
|    ep_rew_mean          | 1.45e+03      |
| time/                   |               |
|    fps                  | 663           |
|    iterations           | 131           |
|    time_elapsed         | 202           |
|    total_timesteps      | 134144        |
| train/                  |               |
|    approx_kl            | 0.018406983   |
|    clip_fraction        | 0.244         |
|    clip_range           | 0.2           |
|    entropy_loss         | -16.8         |
|    explained_variance   | -0.0001180172 |
|    learning_rate        | 0.0003        |
|    loss                 | -0.0424       |
|    n_updates            | 1300          |
|    policy_gradient_loss | -0.0286       |
|    std                  | 0.985         |
|    value_loss           | 0.0101        |
-------------------------------------------
-------------------------------------------
| rollout/                |               |
|    ep_len_mean          | 1.44e+03      |
|    ep_rew_mean          | 1.45e+03      |
| time/                   |               |
|    fps                  | 663           |
|    iterations           | 132           |
|    time_elapsed         | 203           |
|    total_timesteps      | 135168        |
| train/                  |               |
|    approx_kl            | 0.014004336   |
|    clip_fraction        | 0.185         |
|    clip_range           | 0.2           |
|    entropy_loss         | -16.8         |
|    explained_variance   | -1.335144e-05 |
|    learning_rate        | 0.0003        |
|    loss                 | -0.0233       |
|    n_updates            | 1310          |
|    policy_gradient_loss | -0.0232       |
|    std                  | 0.982         |
|    value_loss           | 0.00791       |
-------------------------------------------
--------------------------------------------
| rollout/                |                |
|    ep_len_mean          | 1.44e+03       |
|    ep_rew_mean          | 1.45e+03       |
| time/                   |                |
|    fps                  | 663            |
|    iterations           | 133            |
|    time_elapsed         | 205            |
|    total_timesteps      | 136192         |
| train/                  |                |
|    approx_kl            | 0.014501199    |
|    clip_fraction        | 0.161          |
|    clip_range           | 0.2            |
|    entropy_loss         | -16.7          |
|    explained_variance   | -0.00010216236 |
|    learning_rate        | 0.0003         |
|    loss                 | -0.0257        |
|    n_updates            | 1320           |
|    policy_gradient_loss | -0.0244        |
|    std                  | 0.977          |
|    value_loss           | 0.00773        |
--------------------------------------------
--------------------------------------------
| rollout/                |                |
|    ep_len_mean          | 1.44e+03       |
|    ep_rew_mean          | 1.45e+03       |
| time/                   |                |
|    fps                  | 663            |
|    iterations           | 134            |
|    time_elapsed         | 206            |
|    total_timesteps      | 137216         |
| train/                  |                |
|    approx_kl            | 0.016437834    |
|    clip_fraction        | 0.196          |
|    clip_range           | 0.2            |
|    entropy_loss         | -16.7          |
|    explained_variance   | -0.00024473667 |
|    learning_rate        | 0.0003         |
|    loss                 | -0.0403        |
|    n_updates            | 1330           |
|    policy_gradient_loss | -0.0259        |
|    std                  | 0.975          |
|    value_loss           | 0.00827        |
--------------------------------------------
------------------------------------------
| rollout/                |              |
|    ep_len_mean          | 1.44e+03     |
|    ep_rew_mean          | 1.45e+03     |
| time/                   |              |
|    fps                  | 663          |
|    iterations           | 135          |
|    time_elapsed         | 208          |
|    total_timesteps      | 138240       |
| train/                  |              |
|    approx_kl            | 0.015208052  |
|    clip_fraction        | 0.201        |
|    clip_range           | 0.2          |
|    entropy_loss         | -16.7        |
|    explained_variance   | -5.00679e-05 |
|    learning_rate        | 0.0003       |
|    loss                 | -0.0164      |
|    n_updates            | 1340         |
|    policy_gradient_loss | -0.0248      |
|    std                  | 0.973        |
|    value_loss           | 0.0127       |
------------------------------------------
--------------------------------------------
| rollout/                |                |
|    ep_len_mean          | 1.44e+03       |
|    ep_rew_mean          | 1.45e+03       |
| time/                   |                |
|    fps                  | 663            |
|    iterations           | 136            |
|    time_elapsed         | 209            |
|    total_timesteps      | 139264         |
| train/                  |                |
|    approx_kl            | 0.016123312    |
|    clip_fraction        | 0.181          |
|    clip_range           | 0.2            |
|    entropy_loss         | -16.6          |
|    explained_variance   | -0.00018894672 |
|    learning_rate        | 0.0003         |
|    loss                 | -0.0319        |
|    n_updates            | 1350           |
|    policy_gradient_loss | -0.0254        |
|    std                  | 0.972          |
|    value_loss           | 0.0077         |
--------------------------------------------
-------------------------------------------
| rollout/                |               |
|    ep_len_mean          | 1.44e+03      |
|    ep_rew_mean          | 1.45e+03      |
| time/                   |               |
|    fps                  | 663           |
|    iterations           | 137           |
|    time_elapsed         | 211           |
|    total_timesteps      | 140288        |
| train/                  |               |
|    approx_kl            | 0.018332481   |
|    clip_fraction        | 0.237         |
|    clip_range           | 0.2           |
|    entropy_loss         | -16.6         |
|    explained_variance   | -5.018711e-05 |
|    learning_rate        | 0.0003        |
|    loss                 | -0.0552       |
|    n_updates            | 1360          |
|    policy_gradient_loss | -0.0295       |
|    std                  | 0.97          |
|    value_loss           | 0.0071        |
-------------------------------------------
-------------------------------------------
| rollout/                |               |
|    ep_len_mean          | 1.44e+03      |
|    ep_rew_mean          | 1.45e+03      |
| time/                   |               |
|    fps                  | 663           |
|    iterations           | 138           |
|    time_elapsed         | 212           |
|    total_timesteps      | 141312        |
| train/                  |               |
|    approx_kl            | 0.013721877   |
|    clip_fraction        | 0.174         |
|    clip_range           | 0.2           |
|    entropy_loss         | -16.6         |
|    explained_variance   | -0.0001322031 |
|    learning_rate        | 0.0003        |
|    loss                 | -0.0289       |
|    n_updates            | 1370          |
|    policy_gradient_loss | -0.0241       |
|    std                  | 0.968         |
|    value_loss           | 0.00766       |
-------------------------------------------
-------------------------------------------
| rollout/                |               |
|    ep_len_mean          | 1.44e+03      |
|    ep_rew_mean          | 1.45e+03      |
| time/                   |               |
|    fps                  | 663           |
|    iterations           | 139           |
|    time_elapsed         | 214           |
|    total_timesteps      | 142336        |
| train/                  |               |
|    approx_kl            | 0.0136406245  |
|    clip_fraction        | 0.159         |
|    clip_range           | 0.2           |
|    entropy_loss         | -16.6         |
|    explained_variance   | -4.863739e-05 |
|    learning_rate        | 0.0003        |
|    loss                 | -0.0359       |
|    n_updates            | 1380          |
|    policy_gradient_loss | -0.0228       |
|    std                  | 0.964         |
|    value_loss           | 0.00511       |
-------------------------------------------
------------------------------------------
| rollout/                |              |
|    ep_len_mean          | 1.44e+03     |
|    ep_rew_mean          | 1.45e+03     |
| time/                   |              |
|    fps                  | 663          |
|    iterations           | 140          |
|    time_elapsed         | 216          |
|    total_timesteps      | 143360       |
| train/                  |              |
|    approx_kl            | 0.019273005  |
|    clip_fraction        | 0.219        |
|    clip_range           | 0.2          |
|    entropy_loss         | -16.6        |
|    explained_variance   | -7.56979e-05 |
|    learning_rate        | 0.0003       |
|    loss                 | -0.0322      |
|    n_updates            | 1390         |
|    policy_gradient_loss | -0.0301      |
|    std                  | 0.965        |
|    value_loss           | 0.0066       |
------------------------------------------
-------------------------------------------
| rollout/                |               |
|    ep_len_mean          | 1.44e+03      |
|    ep_rew_mean          | 1.45e+03      |
| time/                   |               |
|    fps                  | 663           |
|    iterations           | 141           |
|    time_elapsed         | 217           |
|    total_timesteps      | 144384        |
| train/                  |               |
|    approx_kl            | 0.017545465   |
|    clip_fraction        | 0.219         |
|    clip_range           | 0.2           |
|    entropy_loss         | -16.6         |
|    explained_variance   | 4.0769577e-05 |
|    learning_rate        | 0.0003        |
|    loss                 | -0.038        |
|    n_updates            | 1400          |
|    policy_gradient_loss | -0.0253       |
|    std                  | 0.966         |
|    value_loss           | 0.0077        |
-------------------------------------------
------------------------------------------
| rollout/                |              |
|    ep_len_mean          | 1.44e+03     |
|    ep_rew_mean          | 1.45e+03     |
| time/                   |              |
|    fps                  | 663          |
|    iterations           | 142          |
|    time_elapsed         | 219          |
|    total_timesteps      | 145408       |
| train/                  |              |
|    approx_kl            | 0.013634373  |
|    clip_fraction        | 0.174        |
|    clip_range           | 0.2          |
|    entropy_loss         | -16.6        |
|    explained_variance   | 6.151199e-05 |
|    learning_rate        | 0.0003       |
|    loss                 | -0.0223      |
|    n_updates            | 1410         |
|    policy_gradient_loss | -0.0227      |
|    std                  | 0.963        |
|    value_loss           | 0.00732      |
------------------------------------------
-------------------------------------------
| rollout/                |               |
|    ep_len_mean          | 1.44e+03      |
|    ep_rew_mean          | 1.45e+03      |
| time/                   |               |
|    fps                  | 663           |
|    iterations           | 143           |
|    time_elapsed         | 220           |
|    total_timesteps      | 146432        |
| train/                  |               |
|    approx_kl            | 0.017500011   |
|    clip_fraction        | 0.191         |
|    clip_range           | 0.2           |
|    entropy_loss         | -16.5         |
|    explained_variance   | 0.00029563904 |
|    learning_rate        | 0.0003        |
|    loss                 | -0.0304       |
|    n_updates            | 1420          |
|    policy_gradient_loss | -0.0253       |
|    std                  | 0.962         |
|    value_loss           | 0.00449       |
-------------------------------------------
--------------------------------------------
| rollout/                |                |
|    ep_len_mean          | 1.44e+03       |
|    ep_rew_mean          | 1.45e+03       |
| time/                   |                |
|    fps                  | 663            |
|    iterations           | 144            |
|    time_elapsed         | 222            |
|    total_timesteps      | 147456         |
| train/                  |                |
|    approx_kl            | 0.011755711    |
|    clip_fraction        | 0.141          |
|    clip_range           | 0.2            |
|    entropy_loss         | -16.5          |
|    explained_variance   | -5.2928925e-05 |
|    learning_rate        | 0.0003         |
|    loss                 | -0.0277        |
|    n_updates            | 1430           |
|    policy_gradient_loss | -0.0226        |
|    std                  | 0.958          |
|    value_loss           | 0.00688        |
--------------------------------------------
-------------------------------------------
| rollout/                |               |
|    ep_len_mean          | 1.44e+03      |
|    ep_rew_mean          | 1.45e+03      |
| time/                   |               |
|    fps                  | 664           |
|    iterations           | 145           |
|    time_elapsed         | 223           |
|    total_timesteps      | 148480        |
| train/                  |               |
|    approx_kl            | 0.015427329   |
|    clip_fraction        | 0.181         |
|    clip_range           | 0.2           |
|    entropy_loss         | -16.5         |
|    explained_variance   | 0.00015211105 |
|    learning_rate        | 0.0003        |
|    loss                 | -0.0198       |
|    n_updates            | 1440          |
|    policy_gradient_loss | -0.0221       |
|    std                  | 0.957         |
|    value_loss           | 0.0048        |
-------------------------------------------
-------------------------------------------
| rollout/                |               |
|    ep_len_mean          | 1.44e+03      |
|    ep_rew_mean          | 1.45e+03      |
| time/                   |               |
|    fps                  | 664           |
|    iterations           | 146           |
|    time_elapsed         | 225           |
|    total_timesteps      | 149504        |
| train/                  |               |
|    approx_kl            | 0.014774029   |
|    clip_fraction        | 0.184         |
|    clip_range           | 0.2           |
|    entropy_loss         | -16.5         |
|    explained_variance   | 0.00024956465 |
|    learning_rate        | 0.0003        |
|    loss                 | -0.0289       |
|    n_updates            | 1450          |
|    policy_gradient_loss | -0.0239       |
|    std                  | 0.957         |
|    value_loss           | 0.00521       |
-------------------------------------------
--------------------------------------------
| rollout/                |                |
|    ep_len_mean          | 1.44e+03       |
|    ep_rew_mean          | 1.45e+03       |
| time/                   |                |
|    fps                  | 663            |
|    iterations           | 147            |
|    time_elapsed         | 226            |
|    total_timesteps      | 150528         |
| train/                  |                |
|    approx_kl            | 0.014603279    |
|    clip_fraction        | 0.162          |
|    clip_range           | 0.2            |
|    entropy_loss         | -16.5          |
|    explained_variance   | -7.2717667e-06 |
|    learning_rate        | 0.0003         |
|    loss                 | -0.0314        |
|    n_updates            | 1460           |
|    policy_gradient_loss | -0.0216        |
|    std                  | 0.957          |
|    value_loss           | 0.00527        |
--------------------------------------------
-------------------------------------------
| rollout/                |               |
|    ep_len_mean          | 1.44e+03      |
|    ep_rew_mean          | 1.45e+03      |
| time/                   |               |
|    fps                  | 663           |
|    iterations           | 148           |
|    time_elapsed         | 228           |
|    total_timesteps      | 151552        |
| train/                  |               |
|    approx_kl            | 0.017426465   |
|    clip_fraction        | 0.204         |
|    clip_range           | 0.2           |
|    entropy_loss         | -16.5         |
|    explained_variance   | 1.7881393e-05 |
|    learning_rate        | 0.0003        |
|    loss                 | -0.0506       |
|    n_updates            | 1470          |
|    policy_gradient_loss | -0.028        |
|    std                  | 0.956         |
|    value_loss           | 0.00493       |
-------------------------------------------
-----------------------------------------
| rollout/                |             |
|    ep_len_mean          | 1.44e+03    |
|    ep_rew_mean          | 1.45e+03    |
| time/                   |             |
|    fps                  | 663         |
|    iterations           | 149         |
|    time_elapsed         | 229         |
|    total_timesteps      | 152576      |
| train/                  |             |
|    approx_kl            | 0.015123781 |
|    clip_fraction        | 0.188       |
|    clip_range           | 0.2         |
|    entropy_loss         | -16.5       |
|    explained_variance   | 6.28829e-05 |
|    learning_rate        | 0.0003      |
|    loss                 | -0.0406     |
|    n_updates            | 1480        |
|    policy_gradient_loss | -0.0257     |
|    std                  | 0.957       |
|    value_loss           | 0.00622     |
-----------------------------------------
--------------------------------------------
| rollout/                |                |
|    ep_len_mean          | 1.44e+03       |
|    ep_rew_mean          | 1.45e+03       |
| time/                   |                |
|    fps                  | 663            |
|    iterations           | 150            |
|    time_elapsed         | 231            |
|    total_timesteps      | 153600         |
| train/                  |                |
|    approx_kl            | 0.014976533    |
|    clip_fraction        | 0.191          |
|    clip_range           | 0.2            |
|    entropy_loss         | -16.5          |
|    explained_variance   | -1.7166138e-05 |
|    learning_rate        | 0.0003         |
|    loss                 | -0.0413        |
|    n_updates            | 1490           |
|    policy_gradient_loss | -0.0265        |
|    std                  | 0.957          |
|    value_loss           | 0.00578        |
--------------------------------------------
--------------------------------------------
| rollout/                |                |
|    ep_len_mean          | 1.44e+03       |
|    ep_rew_mean          | 1.45e+03       |
| time/                   |                |
|    fps                  | 663            |
|    iterations           | 151            |
|    time_elapsed         | 232            |
|    total_timesteps      | 154624         |
| train/                  |                |
|    approx_kl            | 0.014354348    |
|    clip_fraction        | 0.179          |
|    clip_range           | 0.2            |
|    entropy_loss         | -16.4          |
|    explained_variance   | 1.23381615e-05 |
|    learning_rate        | 0.0003         |
|    loss                 | -0.0224        |
|    n_updates            | 1500           |
|    policy_gradient_loss | -0.0245        |
|    std                  | 0.956          |
|    value_loss           | 0.00442        |
--------------------------------------------
-------------------------------------------
| rollout/                |               |
|    ep_len_mean          | 1.44e+03      |
|    ep_rew_mean          | 1.45e+03      |
| time/                   |               |
|    fps                  | 663           |
|    iterations           | 152           |
|    time_elapsed         | 234           |
|    total_timesteps      | 155648        |
| train/                  |               |
|    approx_kl            | 0.013758924   |
|    clip_fraction        | 0.154         |
|    clip_range           | 0.2           |
|    entropy_loss         | -16.4         |
|    explained_variance   | 3.6597252e-05 |
|    learning_rate        | 0.0003        |
|    loss                 | -0.0349       |
|    n_updates            | 1510          |
|    policy_gradient_loss | -0.02         |
|    std                  | 0.955         |
|    value_loss           | 0.0064        |
-------------------------------------------
------------------------------------------
| rollout/                |              |
|    ep_len_mean          | 1.44e+03     |
|    ep_rew_mean          | 1.45e+03     |
| time/                   |              |
|    fps                  | 664          |
|    iterations           | 153          |
|    time_elapsed         | 235          |
|    total_timesteps      | 156672       |
| train/                  |              |
|    approx_kl            | 0.013180966  |
|    clip_fraction        | 0.154        |
|    clip_range           | 0.2          |
|    entropy_loss         | -16.4        |
|    explained_variance   | 5.710125e-05 |
|    learning_rate        | 0.0003       |
|    loss                 | -0.0308      |
|    n_updates            | 1520         |
|    policy_gradient_loss | -0.0225      |
|    std                  | 0.952        |
|    value_loss           | 0.00541      |
------------------------------------------
--------------------------------------------
| rollout/                |                |
|    ep_len_mean          | 1.44e+03       |
|    ep_rew_mean          | 1.45e+03       |
| time/                   |                |
|    fps                  | 664            |
|    iterations           | 154            |
|    time_elapsed         | 237            |
|    total_timesteps      | 157696         |
| train/                  |                |
|    approx_kl            | 0.015899107    |
|    clip_fraction        | 0.2            |
|    clip_range           | 0.2            |
|    entropy_loss         | -16.4          |
|    explained_variance   | -0.00012886524 |
|    learning_rate        | 0.0003         |
|    loss                 | -0.039         |
|    n_updates            | 1530           |
|    policy_gradient_loss | -0.0264        |
|    std                  | 0.951          |
|    value_loss           | 0.0072         |
--------------------------------------------
------------------------------------------
| rollout/                |              |
|    ep_len_mean          | 1.44e+03     |
|    ep_rew_mean          | 1.46e+03     |
| time/                   |              |
|    fps                  | 664          |
|    iterations           | 155          |
|    time_elapsed         | 239          |
|    total_timesteps      | 158720       |
| train/                  |              |
|    approx_kl            | 0.016266126  |
|    clip_fraction        | 0.211        |
|    clip_range           | 0.2          |
|    entropy_loss         | -16.4        |
|    explained_variance   | 6.735325e-05 |
|    learning_rate        | 0.0003       |
|    loss                 | -0.0341      |
|    n_updates            | 1540         |
|    policy_gradient_loss | -0.0261      |
|    std                  | 0.949        |
|    value_loss           | 0.00522      |
------------------------------------------
--------------------------------------------
| rollout/                |                |
|    ep_len_mean          | 1.44e+03       |
|    ep_rew_mean          | 1.46e+03       |
| time/                   |                |
|    fps                  | 664            |
|    iterations           | 156            |
|    time_elapsed         | 240            |
|    total_timesteps      | 159744         |
| train/                  |                |
|    approx_kl            | 0.0155889215   |
|    clip_fraction        | 0.159          |
|    clip_range           | 0.2            |
|    entropy_loss         | -16.3          |
|    explained_variance   | -1.8835068e-05 |
|    learning_rate        | 0.0003         |
|    loss                 | -0.0281        |
|    n_updates            | 1550           |
|    policy_gradient_loss | -0.0229        |
|    std                  | 0.949          |
|    value_loss           | 0.00593        |
--------------------------------------------
------------------------------------------
| rollout/                |              |
|    ep_len_mean          | 1.44e+03     |
|    ep_rew_mean          | 1.46e+03     |
| time/                   |              |
|    fps                  | 663          |
|    iterations           | 157          |
|    time_elapsed         | 242          |
|    total_timesteps      | 160768       |
| train/                  |              |
|    approx_kl            | 0.014982896  |
|    clip_fraction        | 0.173        |
|    clip_range           | 0.2          |
|    entropy_loss         | -16.3        |
|    explained_variance   | 0.0002655387 |
|    learning_rate        | 0.0003       |
|    loss                 | -0.0392      |
|    n_updates            | 1560         |
|    policy_gradient_loss | -0.0249      |
|    std                  | 0.948        |
|    value_loss           | 0.005        |
------------------------------------------
-------------------------------------------
| rollout/                |               |
|    ep_len_mean          | 1.44e+03      |
|    ep_rew_mean          | 1.46e+03      |
| time/                   |               |
|    fps                  | 663           |
|    iterations           | 158           |
|    time_elapsed         | 243           |
|    total_timesteps      | 161792        |
| train/                  |               |
|    approx_kl            | 0.015358041   |
|    clip_fraction        | 0.156         |
|    clip_range           | 0.2           |
|    entropy_loss         | -16.3         |
|    explained_variance   | 0.00010514259 |
|    learning_rate        | 0.0003        |
|    loss                 | -0.0369       |
|    n_updates            | 1570          |
|    policy_gradient_loss | -0.0246       |
|    std                  | 0.945         |
|    value_loss           | 0.00638       |
-------------------------------------------
-------------------------------------------
| rollout/                |               |
|    ep_len_mean          | 1.44e+03      |
|    ep_rew_mean          | 1.46e+03      |
| time/                   |               |
|    fps                  | 663           |
|    iterations           | 159           |
|    time_elapsed         | 245           |
|    total_timesteps      | 162816        |
| train/                  |               |
|    approx_kl            | 0.01571488    |
|    clip_fraction        | 0.182         |
|    clip_range           | 0.2           |
|    entropy_loss         | -16.3         |
|    explained_variance   | 4.0888786e-05 |
|    learning_rate        | 0.0003        |
|    loss                 | -0.0428       |
|    n_updates            | 1580          |
|    policy_gradient_loss | -0.0272       |
|    std                  | 0.943         |
|    value_loss           | 0.00671       |
-------------------------------------------
-------------------------------------------
| rollout/                |               |
|    ep_len_mean          | 1.44e+03      |
|    ep_rew_mean          | 1.46e+03      |
| time/                   |               |
|    fps                  | 663           |
|    iterations           | 160           |
|    time_elapsed         | 246           |
|    total_timesteps      | 163840        |
| train/                  |               |
|    approx_kl            | 0.012142676   |
|    clip_fraction        | 0.145         |
|    clip_range           | 0.2           |
|    entropy_loss         | -16.3         |
|    explained_variance   | 5.4955482e-05 |
|    learning_rate        | 0.0003        |
|    loss                 | -0.0374       |
|    n_updates            | 1590          |
|    policy_gradient_loss | -0.0206       |
|    std                  | 0.94          |
|    value_loss           | 0.00599       |
-------------------------------------------
-------------------------------------------
| rollout/                |               |
|    ep_len_mean          | 1.44e+03      |
|    ep_rew_mean          | 1.46e+03      |
| time/                   |               |
|    fps                  | 663           |
|    iterations           | 161           |
|    time_elapsed         | 248           |
|    total_timesteps      | 164864        |
| train/                  |               |
|    approx_kl            | 0.019469015   |
|    clip_fraction        | 0.21          |
|    clip_range           | 0.2           |
|    entropy_loss         | -16.2         |
|    explained_variance   | 6.8604946e-05 |
|    learning_rate        | 0.0003        |
|    loss                 | -0.0472       |
|    n_updates            | 1600          |
|    policy_gradient_loss | -0.0262       |
|    std                  | 0.941         |
|    value_loss           | 0.00652       |
-------------------------------------------
-----------------------------------------
| rollout/                |             |
|    ep_len_mean          | 1.44e+03    |
|    ep_rew_mean          | 1.46e+03    |
| time/                   |             |
|    fps                  | 663         |
|    iterations           | 162         |
|    time_elapsed         | 249         |
|    total_timesteps      | 165888      |
| train/                  |             |
|    approx_kl            | 0.017373463 |
|    clip_fraction        | 0.207       |
|    clip_range           | 0.2         |
|    entropy_loss         | -16.2       |
|    explained_variance   | 9.62019e-05 |
|    learning_rate        | 0.0003      |
|    loss                 | -0.0443     |
|    n_updates            | 1610        |
|    policy_gradient_loss | -0.0316     |
|    std                  | 0.941       |
|    value_loss           | 0.00594     |
-----------------------------------------
-------------------------------------------
| rollout/                |               |
|    ep_len_mean          | 1.44e+03      |
|    ep_rew_mean          | 1.46e+03      |
| time/                   |               |
|    fps                  | 663           |
|    iterations           | 163           |
|    time_elapsed         | 251           |
|    total_timesteps      | 166912        |
| train/                  |               |
|    approx_kl            | 0.01713172    |
|    clip_fraction        | 0.206         |
|    clip_range           | 0.2           |
|    entropy_loss         | -16.2         |
|    explained_variance   | 0.00020378828 |
|    learning_rate        | 0.0003        |
|    loss                 | -0.0314       |
|    n_updates            | 1620          |
|    policy_gradient_loss | -0.0269       |
|    std                  | 0.94          |
|    value_loss           | 0.00557       |
-------------------------------------------
-------------------------------------------
| rollout/                |               |
|    ep_len_mean          | 1.44e+03      |
|    ep_rew_mean          | 1.46e+03      |
| time/                   |               |
|    fps                  | 663           |
|    iterations           | 164           |
|    time_elapsed         | 253           |
|    total_timesteps      | 167936        |
| train/                  |               |
|    approx_kl            | 0.015681863   |
|    clip_fraction        | 0.177         |
|    clip_range           | 0.2           |
|    entropy_loss         | -16.2         |
|    explained_variance   | -3.182888e-05 |
|    learning_rate        | 0.0003        |
|    loss                 | -0.0299       |
|    n_updates            | 1630          |
|    policy_gradient_loss | -0.0244       |
|    std                  | 0.937         |
|    value_loss           | 0.00643       |
-------------------------------------------
-------------------------------------------
| rollout/                |               |
|    ep_len_mean          | 1.44e+03      |
|    ep_rew_mean          | 1.46e+03      |
| time/                   |               |
|    fps                  | 663           |
|    iterations           | 165           |
|    time_elapsed         | 254           |
|    total_timesteps      | 168960        |
| train/                  |               |
|    approx_kl            | 0.016085677   |
|    clip_fraction        | 0.176         |
|    clip_range           | 0.2           |
|    entropy_loss         | -16.2         |
|    explained_variance   | -0.0001411438 |
|    learning_rate        | 0.0003        |
|    loss                 | -0.0277       |
|    n_updates            | 1640          |
|    policy_gradient_loss | -0.0243       |
|    std                  | 0.935         |
|    value_loss           | 0.00495       |
-------------------------------------------
-------------------------------------------
| rollout/                |               |
|    ep_len_mean          | 1.44e+03      |
|    ep_rew_mean          | 1.46e+03      |
| time/                   |               |
|    fps                  | 663           |
|    iterations           | 166           |
|    time_elapsed         | 256           |
|    total_timesteps      | 169984        |
| train/                  |               |
|    approx_kl            | 0.01703814    |
|    clip_fraction        | 0.221         |
|    clip_range           | 0.2           |
|    entropy_loss         | -16.1         |
|    explained_variance   | 0.00010550022 |
|    learning_rate        | 0.0003        |
|    loss                 | -0.036        |
|    n_updates            | 1650          |
|    policy_gradient_loss | -0.0263       |
|    std                  | 0.932         |
|    value_loss           | 0.00772       |
-------------------------------------------
-------------------------------------------
| rollout/                |               |
|    ep_len_mean          | 1.44e+03      |
|    ep_rew_mean          | 1.46e+03      |
| time/                   |               |
|    fps                  | 663           |
|    iterations           | 167           |
|    time_elapsed         | 257           |
|    total_timesteps      | 171008        |
| train/                  |               |
|    approx_kl            | 0.016287107   |
|    clip_fraction        | 0.189         |
|    clip_range           | 0.2           |
|    entropy_loss         | -16.1         |
|    explained_variance   | 0.00014734268 |
|    learning_rate        | 0.0003        |
|    loss                 | -0.0251       |
|    n_updates            | 1660          |
|    policy_gradient_loss | -0.0231       |
|    std                  | 0.931         |
|    value_loss           | 0.00587       |
-------------------------------------------
------------------------------------------
| rollout/                |              |
|    ep_len_mean          | 1.44e+03     |
|    ep_rew_mean          | 1.46e+03     |
| time/                   |              |
|    fps                  | 663          |
|    iterations           | 168          |
|    time_elapsed         | 259          |
|    total_timesteps      | 172032       |
| train/                  |              |
|    approx_kl            | 0.014765808  |
|    clip_fraction        | 0.189        |
|    clip_range           | 0.2          |
|    entropy_loss         | -16.1        |
|    explained_variance   | 9.560585e-05 |
|    learning_rate        | 0.0003       |
|    loss                 | -0.04        |
|    n_updates            | 1670         |
|    policy_gradient_loss | -0.025       |
|    std                  | 0.93         |
|    value_loss           | 0.00615      |
------------------------------------------
-----------------------------------------
| rollout/                |             |
|    ep_len_mean          | 1.44e+03    |
|    ep_rew_mean          | 1.46e+03    |
| time/                   |             |
|    fps                  | 663         |
|    iterations           | 169         |
|    time_elapsed         | 260         |
|    total_timesteps      | 173056      |
| train/                  |             |
|    approx_kl            | 0.012824213 |
|    clip_fraction        | 0.171       |
|    clip_range           | 0.2         |
|    entropy_loss         | -16.1       |
|    explained_variance   | 9.62019e-05 |
|    learning_rate        | 0.0003      |
|    loss                 | -0.0298     |
|    n_updates            | 1680        |
|    policy_gradient_loss | -0.0222     |
|    std                  | 0.929       |
|    value_loss           | 0.00586     |
-----------------------------------------
-------------------------------------------
| rollout/                |               |
|    ep_len_mean          | 1.44e+03      |
|    ep_rew_mean          | 1.46e+03      |
| time/                   |               |
|    fps                  | 663           |
|    iterations           | 170           |
|    time_elapsed         | 262           |
|    total_timesteps      | 174080        |
| train/                  |               |
|    approx_kl            | 0.0147657525  |
|    clip_fraction        | 0.19          |
|    clip_range           | 0.2           |
|    entropy_loss         | -16.1         |
|    explained_variance   | 0.00012624264 |
|    learning_rate        | 0.0003        |
|    loss                 | -0.0408       |
|    n_updates            | 1690          |
|    policy_gradient_loss | -0.0231       |
|    std                  | 0.929         |
|    value_loss           | 0.00685       |
-------------------------------------------
--------------------------------------------
| rollout/                |                |
|    ep_len_mean          | 1.44e+03       |
|    ep_rew_mean          | 1.46e+03       |
| time/                   |                |
|    fps                  | 663            |
|    iterations           | 171            |
|    time_elapsed         | 263            |
|    total_timesteps      | 175104         |
| train/                  |                |
|    approx_kl            | 0.01334887     |
|    clip_fraction        | 0.154          |
|    clip_range           | 0.2            |
|    entropy_loss         | -16.1          |
|    explained_variance   | -1.7523766e-05 |
|    learning_rate        | 0.0003         |
|    loss                 | -0.0306        |
|    n_updates            | 1700           |
|    policy_gradient_loss | -0.0215        |
|    std                  | 0.93           |
|    value_loss           | 0.00564        |
--------------------------------------------
------------------------------------------
| rollout/                |              |
|    ep_len_mean          | 1.44e+03     |
|    ep_rew_mean          | 1.46e+03     |
| time/                   |              |
|    fps                  | 663          |
|    iterations           | 172          |
|    time_elapsed         | 265          |
|    total_timesteps      | 176128       |
| train/                  |              |
|    approx_kl            | 0.014748169  |
|    clip_fraction        | 0.147        |
|    clip_range           | 0.2          |
|    entropy_loss         | -16.1        |
|    explained_variance   | 0.0001886487 |
|    learning_rate        | 0.0003       |
|    loss                 | -0.0246      |
|    n_updates            | 1710         |
|    policy_gradient_loss | -0.0211      |
|    std                  | 0.928        |
|    value_loss           | 0.00645      |
------------------------------------------
-------------------------------------------
| rollout/                |               |
|    ep_len_mean          | 1.44e+03      |
|    ep_rew_mean          | 1.46e+03      |
| time/                   |               |
|    fps                  | 663           |
|    iterations           | 173           |
|    time_elapsed         | 267           |
|    total_timesteps      | 177152        |
| train/                  |               |
|    approx_kl            | 0.017484471   |
|    clip_fraction        | 0.181         |
|    clip_range           | 0.2           |
|    entropy_loss         | -16.1         |
|    explained_variance   | 0.00029927492 |
|    learning_rate        | 0.0003        |
|    loss                 | -0.029        |
|    n_updates            | 1720          |
|    policy_gradient_loss | -0.025        |
|    std                  | 0.926         |
|    value_loss           | 0.0058        |
-------------------------------------------
-------------------------------------------
| rollout/                |               |
|    ep_len_mean          | 1.44e+03      |
|    ep_rew_mean          | 1.46e+03      |
| time/                   |               |
|    fps                  | 663           |
|    iterations           | 174           |
|    time_elapsed         | 268           |
|    total_timesteps      | 178176        |
| train/                  |               |
|    approx_kl            | 0.014849557   |
|    clip_fraction        | 0.173         |
|    clip_range           | 0.2           |
|    entropy_loss         | -16           |
|    explained_variance   | 4.4882298e-05 |
|    learning_rate        | 0.0003        |
|    loss                 | -0.031        |
|    n_updates            | 1730          |
|    policy_gradient_loss | -0.0217       |
|    std                  | 0.925         |
|    value_loss           | 0.00984       |
-------------------------------------------
-----------------------------------------
| rollout/                |             |
|    ep_len_mean          | 1.44e+03    |
|    ep_rew_mean          | 1.46e+03    |
| time/                   |             |
|    fps                  | 663         |
|    iterations           | 175         |
|    time_elapsed         | 270         |
|    total_timesteps      | 179200      |
| train/                  |             |
|    approx_kl            | 0.014001272 |
|    clip_fraction        | 0.173       |
|    clip_range           | 0.2         |
|    entropy_loss         | -16         |
|    explained_variance   | 0.000443995 |
|    learning_rate        | 0.0003      |
|    loss                 | -0.0247     |
|    n_updates            | 1740        |
|    policy_gradient_loss | -0.0209     |
|    std                  | 0.924       |
|    value_loss           | 0.00541     |
-----------------------------------------
-------------------------------------------
| rollout/                |               |
|    ep_len_mean          | 1.44e+03      |
|    ep_rew_mean          | 1.46e+03      |
| time/                   |               |
|    fps                  | 663           |
|    iterations           | 176           |
|    time_elapsed         | 271           |
|    total_timesteps      | 180224        |
| train/                  |               |
|    approx_kl            | 0.015292394   |
|    clip_fraction        | 0.175         |
|    clip_range           | 0.2           |
|    entropy_loss         | -16           |
|    explained_variance   | 0.00021475554 |
|    learning_rate        | 0.0003        |
|    loss                 | -0.0285       |
|    n_updates            | 1750          |
|    policy_gradient_loss | -0.0224       |
|    std                  | 0.924         |
|    value_loss           | 0.0066        |
-------------------------------------------
-------------------------------------------
| rollout/                |               |
|    ep_len_mean          | 1.44e+03      |
|    ep_rew_mean          | 1.46e+03      |
| time/                   |               |
|    fps                  | 663           |
|    iterations           | 177           |
|    time_elapsed         | 273           |
|    total_timesteps      | 181248        |
| train/                  |               |
|    approx_kl            | 0.01244012    |
|    clip_fraction        | 0.12          |
|    clip_range           | 0.2           |
|    entropy_loss         | -16           |
|    explained_variance   | 0.00018841028 |
|    learning_rate        | 0.0003        |
|    loss                 | -0.0388       |
|    n_updates            | 1760          |
|    policy_gradient_loss | -0.0201       |
|    std                  | 0.923         |
|    value_loss           | 0.00623       |
-------------------------------------------
-------------------------------------------
| rollout/                |               |
|    ep_len_mean          | 1.44e+03      |
|    ep_rew_mean          | 1.46e+03      |
| time/                   |               |
|    fps                  | 663           |
|    iterations           | 178           |
|    time_elapsed         | 274           |
|    total_timesteps      | 182272        |
| train/                  |               |
|    approx_kl            | 0.013576671   |
|    clip_fraction        | 0.195         |
|    clip_range           | 0.2           |
|    entropy_loss         | -16           |
|    explained_variance   | 0.00020444393 |
|    learning_rate        | 0.0003        |
|    loss                 | -0.0341       |
|    n_updates            | 1770          |
|    policy_gradient_loss | -0.0252       |
|    std                  | 0.921         |
|    value_loss           | 0.00557       |
-------------------------------------------
-------------------------------------------
| rollout/                |               |
|    ep_len_mean          | 1.44e+03      |
|    ep_rew_mean          | 1.46e+03      |
| time/                   |               |
|    fps                  | 663           |
|    iterations           | 179           |
|    time_elapsed         | 276           |
|    total_timesteps      | 183296        |
| train/                  |               |
|    approx_kl            | 0.01579674    |
|    clip_fraction        | 0.196         |
|    clip_range           | 0.2           |
|    entropy_loss         | -16           |
|    explained_variance   | 0.00024974346 |
|    learning_rate        | 0.0003        |
|    loss                 | -0.0282       |
|    n_updates            | 1780          |
|    policy_gradient_loss | -0.0241       |
|    std                  | 0.92          |
|    value_loss           | 0.00533       |
-------------------------------------------
------------------------------------------
| rollout/                |              |
|    ep_len_mean          | 1.44e+03     |
|    ep_rew_mean          | 1.46e+03     |
| time/                   |              |
|    fps                  | 663          |
|    iterations           | 180          |
|    time_elapsed         | 277          |
|    total_timesteps      | 184320       |
| train/                  |              |
|    approx_kl            | 0.01249383   |
|    clip_fraction        | 0.132        |
|    clip_range           | 0.2          |
|    entropy_loss         | -16          |
|    explained_variance   | 0.0003041625 |
|    learning_rate        | 0.0003       |
|    loss                 | -0.0262      |
|    n_updates            | 1790         |
|    policy_gradient_loss | -0.0219      |
|    std                  | 0.919        |
|    value_loss           | 0.00541      |
------------------------------------------
-------------------------------------------
| rollout/                |               |
|    ep_len_mean          | 1.44e+03      |
|    ep_rew_mean          | 1.46e+03      |
| time/                   |               |
|    fps                  | 663           |
|    iterations           | 181           |
|    time_elapsed         | 279           |
|    total_timesteps      | 185344        |
| train/                  |               |
|    approx_kl            | 0.011935242   |
|    clip_fraction        | 0.14          |
|    clip_range           | 0.2           |
|    entropy_loss         | -15.9         |
|    explained_variance   | 0.00019812584 |
|    learning_rate        | 0.0003        |
|    loss                 | -0.0315       |
|    n_updates            | 1800          |
|    policy_gradient_loss | -0.0214       |
|    std                  | 0.917         |
|    value_loss           | 0.00512       |
-------------------------------------------
-------------------------------------------
| rollout/                |               |
|    ep_len_mean          | 1.44e+03      |
|    ep_rew_mean          | 1.46e+03      |
| time/                   |               |
|    fps                  | 663           |
|    iterations           | 182           |
|    time_elapsed         | 280           |
|    total_timesteps      | 186368        |
| train/                  |               |
|    approx_kl            | 0.013541453   |
|    clip_fraction        | 0.181         |
|    clip_range           | 0.2           |
|    entropy_loss         | -15.9         |
|    explained_variance   | 0.00024104118 |
|    learning_rate        | 0.0003        |
|    loss                 | -0.0362       |
|    n_updates            | 1810          |
|    policy_gradient_loss | -0.0257       |
|    std                  | 0.916         |
|    value_loss           | 0.00502       |
-------------------------------------------
-------------------------------------------
| rollout/                |               |
|    ep_len_mean          | 1.44e+03      |
|    ep_rew_mean          | 1.46e+03      |
| time/                   |               |
|    fps                  | 663           |
|    iterations           | 183           |
|    time_elapsed         | 282           |
|    total_timesteps      | 187392        |
| train/                  |               |
|    approx_kl            | 0.013614243   |
|    clip_fraction        | 0.177         |
|    clip_range           | 0.2           |
|    entropy_loss         | -15.9         |
|    explained_variance   | 0.00025868416 |
|    learning_rate        | 0.0003        |
|    loss                 | -0.0338       |
|    n_updates            | 1820          |
|    policy_gradient_loss | -0.0246       |
|    std                  | 0.914         |
|    value_loss           | 0.00597       |
-------------------------------------------
------------------------------------------
| rollout/                |              |
|    ep_len_mean          | 1.44e+03     |
|    ep_rew_mean          | 1.46e+03     |
| time/                   |              |
|    fps                  | 663          |
|    iterations           | 184          |
|    time_elapsed         | 283          |
|    total_timesteps      | 188416       |
| train/                  |              |
|    approx_kl            | 0.013002002  |
|    clip_fraction        | 0.158        |
|    clip_range           | 0.2          |
|    entropy_loss         | -15.9        |
|    explained_variance   | 0.0002783537 |
|    learning_rate        | 0.0003       |
|    loss                 | -0.0387      |
|    n_updates            | 1830         |
|    policy_gradient_loss | -0.0233      |
|    std                  | 0.91         |
|    value_loss           | 0.00517      |
------------------------------------------
-------------------------------------------
| rollout/                |               |
|    ep_len_mean          | 1.44e+03      |
|    ep_rew_mean          | 1.46e+03      |
| time/                   |               |
|    fps                  | 663           |
|    iterations           | 185           |
|    time_elapsed         | 285           |
|    total_timesteps      | 189440        |
| train/                  |               |
|    approx_kl            | 0.013743122   |
|    clip_fraction        | 0.159         |
|    clip_range           | 0.2           |
|    entropy_loss         | -15.8         |
|    explained_variance   | 0.00043737888 |
|    learning_rate        | 0.0003        |
|    loss                 | -0.0426       |
|    n_updates            | 1840          |
|    policy_gradient_loss | -0.0221       |
|    std                  | 0.911         |
|    value_loss           | 0.00431       |
-------------------------------------------
-------------------------------------------
| rollout/                |               |
|    ep_len_mean          | 1.44e+03      |
|    ep_rew_mean          | 1.46e+03      |
| time/                   |               |
|    fps                  | 663           |
|    iterations           | 186           |
|    time_elapsed         | 287           |
|    total_timesteps      | 190464        |
| train/                  |               |
|    approx_kl            | 0.011170219   |
|    clip_fraction        | 0.136         |
|    clip_range           | 0.2           |
|    entropy_loss         | -15.8         |
|    explained_variance   | 0.00013816357 |
|    learning_rate        | 0.0003        |
|    loss                 | -0.0406       |
|    n_updates            | 1850          |
|    policy_gradient_loss | -0.0225       |
|    std                  | 0.909         |
|    value_loss           | 0.00663       |
-------------------------------------------
-------------------------------------------
| rollout/                |               |
|    ep_len_mean          | 1.44e+03      |
|    ep_rew_mean          | 1.46e+03      |
| time/                   |               |
|    fps                  | 663           |
|    iterations           | 187           |
|    time_elapsed         | 288           |
|    total_timesteps      | 191488        |
| train/                  |               |
|    approx_kl            | 0.010916442   |
|    clip_fraction        | 0.125         |
|    clip_range           | 0.2           |
|    entropy_loss         | -15.8         |
|    explained_variance   | 0.00041919947 |
|    learning_rate        | 0.0003        |
|    loss                 | -0.0259       |
|    n_updates            | 1860          |
|    policy_gradient_loss | -0.0192       |
|    std                  | 0.907         |
|    value_loss           | 0.00406       |
-------------------------------------------
-------------------------------------------
| rollout/                |               |
|    ep_len_mean          | 1.44e+03      |
|    ep_rew_mean          | 1.47e+03      |
| time/                   |               |
|    fps                  | 663           |
|    iterations           | 188           |
|    time_elapsed         | 290           |
|    total_timesteps      | 192512        |
| train/                  |               |
|    approx_kl            | 0.014725276   |
|    clip_fraction        | 0.192         |
|    clip_range           | 0.2           |
|    entropy_loss         | -15.8         |
|    explained_variance   | 0.00019782782 |
|    learning_rate        | 0.0003        |
|    loss                 | -0.0319       |
|    n_updates            | 1870          |
|    policy_gradient_loss | -0.0267       |
|    std                  | 0.906         |
|    value_loss           | 0.00565       |
-------------------------------------------
------------------------------------------
| rollout/                |              |
|    ep_len_mean          | 1.44e+03     |
|    ep_rew_mean          | 1.47e+03     |
| time/                   |              |
|    fps                  | 663          |
|    iterations           | 189          |
|    time_elapsed         | 291          |
|    total_timesteps      | 193536       |
| train/                  |              |
|    approx_kl            | 0.016261984  |
|    clip_fraction        | 0.201        |
|    clip_range           | 0.2          |
|    entropy_loss         | -15.8        |
|    explained_variance   | 0.0006579757 |
|    learning_rate        | 0.0003       |
|    loss                 | -0.0397      |
|    n_updates            | 1880         |
|    policy_gradient_loss | -0.0291      |
|    std                  | 0.904        |
|    value_loss           | 0.0047       |
------------------------------------------
-------------------------------------------
| rollout/                |               |
|    ep_len_mean          | 1.44e+03      |
|    ep_rew_mean          | 1.47e+03      |
| time/                   |               |
|    fps                  | 663           |
|    iterations           | 190           |
|    time_elapsed         | 293           |
|    total_timesteps      | 194560        |
| train/                  |               |
|    approx_kl            | 0.013176294   |
|    clip_fraction        | 0.146         |
|    clip_range           | 0.2           |
|    entropy_loss         | -15.8         |
|    explained_variance   | 0.00044733286 |
|    learning_rate        | 0.0003        |
|    loss                 | -0.0309       |
|    n_updates            | 1890          |
|    policy_gradient_loss | -0.0217       |
|    std                  | 0.903         |
|    value_loss           | 0.00551       |
-------------------------------------------
-------------------------------------------
| rollout/                |               |
|    ep_len_mean          | 1.44e+03      |
|    ep_rew_mean          | 1.47e+03      |
| time/                   |               |
|    fps                  | 663           |
|    iterations           | 191           |
|    time_elapsed         | 294           |
|    total_timesteps      | 195584        |
| train/                  |               |
|    approx_kl            | 0.011942248   |
|    clip_fraction        | 0.162         |
|    clip_range           | 0.2           |
|    entropy_loss         | -15.7         |
|    explained_variance   | 0.00025171041 |
|    learning_rate        | 0.0003        |
|    loss                 | -0.0296       |
|    n_updates            | 1900          |
|    policy_gradient_loss | -0.024        |
|    std                  | 0.902         |
|    value_loss           | 0.00523       |
-------------------------------------------
-------------------------------------------
| rollout/                |               |
|    ep_len_mean          | 1.44e+03      |
|    ep_rew_mean          | 1.47e+03      |
| time/                   |               |
|    fps                  | 663           |
|    iterations           | 192           |
|    time_elapsed         | 296           |
|    total_timesteps      | 196608        |
| train/                  |               |
|    approx_kl            | 0.015678158   |
|    clip_fraction        | 0.17          |
|    clip_range           | 0.2           |
|    entropy_loss         | -15.7         |
|    explained_variance   | 0.00041770935 |
|    learning_rate        | 0.0003        |
|    loss                 | -0.0339       |
|    n_updates            | 1910          |
|    policy_gradient_loss | -0.0227       |
|    std                  | 0.902         |
|    value_loss           | 0.00515       |
-------------------------------------------
-------------------------------------------
| rollout/                |               |
|    ep_len_mean          | 1.44e+03      |
|    ep_rew_mean          | 1.47e+03      |
| time/                   |               |
|    fps                  | 663           |
|    iterations           | 193           |
|    time_elapsed         | 297           |
|    total_timesteps      | 197632        |
| train/                  |               |
|    approx_kl            | 0.013388159   |
|    clip_fraction        | 0.141         |
|    clip_range           | 0.2           |
|    entropy_loss         | -15.7         |
|    explained_variance   | 0.00022816658 |
|    learning_rate        | 0.0003        |
|    loss                 | -0.0384       |
|    n_updates            | 1920          |
|    policy_gradient_loss | -0.021        |
|    std                  | 0.904         |
|    value_loss           | 0.00637       |
-------------------------------------------
-------------------------------------------
| rollout/                |               |
|    ep_len_mean          | 1.44e+03      |
|    ep_rew_mean          | 1.47e+03      |
| time/                   |               |
|    fps                  | 664           |
|    iterations           | 194           |
|    time_elapsed         | 299           |
|    total_timesteps      | 198656        |
| train/                  |               |
|    approx_kl            | 0.01565446    |
|    clip_fraction        | 0.206         |
|    clip_range           | 0.2           |
|    entropy_loss         | -15.7         |
|    explained_variance   | 0.00019657612 |
|    learning_rate        | 0.0003        |
|    loss                 | -0.0228       |
|    n_updates            | 1930          |
|    policy_gradient_loss | -0.0257       |
|    std                  | 0.902         |
|    value_loss           | 0.00654       |
-------------------------------------------
-------------------------------------------
| rollout/                |               |
|    ep_len_mean          | 1.44e+03      |
|    ep_rew_mean          | 1.47e+03      |
| time/                   |               |
|    fps                  | 664           |
|    iterations           | 195           |
|    time_elapsed         | 300           |
|    total_timesteps      | 199680        |
| train/                  |               |
|    approx_kl            | 0.013670541   |
|    clip_fraction        | 0.189         |
|    clip_range           | 0.2           |
|    entropy_loss         | -15.7         |
|    explained_variance   | 0.00023132563 |
|    learning_rate        | 0.0003        |
|    loss                 | -0.0367       |
|    n_updates            | 1940          |
|    policy_gradient_loss | -0.0255       |
|    std                  | 0.902         |
|    value_loss           | 0.0088        |
-------------------------------------------
-------------------------------------------
| rollout/                |               |
|    ep_len_mean          | 1.44e+03      |
|    ep_rew_mean          | 1.47e+03      |
| time/                   |               |
|    fps                  | 663           |
|    iterations           | 196           |
|    time_elapsed         | 302           |
|    total_timesteps      | 200704        |
| train/                  |               |
|    approx_kl            | 0.016376654   |
|    clip_fraction        | 0.159         |
|    clip_range           | 0.2           |
|    entropy_loss         | -15.7         |
|    explained_variance   | 0.00026911497 |
|    learning_rate        | 0.0003        |
|    loss                 | -0.0406       |
|    n_updates            | 1950          |
|    policy_gradient_loss | -0.023        |
|    std                  | 0.901         |
|    value_loss           | 0.0064        |
-------------------------------------------
Política MuJoCo guardada en /home/juli/unitree_ros2/nova-spot-micro-tesis/Experimentos/campana_distribuida_step_s23_20260928/mujoco/step_semilla_1052/policy.zip
