Using cpu device
Wrapping the env with a `Monitor` wrapper
Wrapping the env in a DummyVecEnv.
-----------------------------
| time/              |      |
|    fps             | 1997 |
|    iterations      | 1    |
|    time_elapsed    | 0    |
|    total_timesteps | 1024 |
-----------------------------
-----------------------------------------
| rollout/                |             |
|    ep_len_mean          | 1.49e+03    |
|    ep_rew_mean          | 1.35e+03    |
| time/                   |             |
|    fps                  | 1901        |
|    iterations           | 2           |
|    time_elapsed         | 1           |
|    total_timesteps      | 2048        |
| train/                  |             |
|    approx_kl            | 0.007252458 |
|    clip_fraction        | 0.0916      |
|    clip_range           | 0.2         |
|    entropy_loss         | -17         |
|    explained_variance   | 0.014321864 |
|    learning_rate        | 0.0003      |
|    loss                 | 76.8        |
|    n_updates            | 10          |
|    policy_gradient_loss | -0.0107     |
|    std                  | 1           |
|    value_loss           | 192         |
-----------------------------------------
-------------------------------------------
| rollout/                |               |
|    ep_len_mean          | 1.49e+03      |
|    ep_rew_mean          | -1.05e+03     |
| time/                   |               |
|    fps                  | 1871          |
|    iterations           | 3             |
|    time_elapsed         | 1             |
|    total_timesteps      | 3072          |
| train/                  |               |
|    approx_kl            | 0.009011887   |
|    clip_fraction        | 0.113         |
|    clip_range           | 0.2           |
|    entropy_loss         | -17           |
|    explained_variance   | -0.0018229485 |
|    learning_rate        | 0.0003        |
|    loss                 | 125           |
|    n_updates            | 20            |
|    policy_gradient_loss | -0.0128       |
|    std                  | 1             |
|    value_loss           | 232           |
-------------------------------------------
------------------------------------------
| rollout/                |              |
|    ep_len_mean          | 1.49e+03     |
|    ep_rew_mean          | -1.05e+03    |
| time/                   |              |
|    fps                  | 1856         |
|    iterations           | 4            |
|    time_elapsed         | 2            |
|    total_timesteps      | 4096         |
| train/                  |              |
|    approx_kl            | 0.0069033476 |
|    clip_fraction        | 0.0623       |
|    clip_range           | 0.2          |
|    entropy_loss         | -17          |
|    explained_variance   | 0.0007047057 |
|    learning_rate        | 0.0003       |
|    loss                 | 1.88e+03     |
|    n_updates            | 30           |
|    policy_gradient_loss | 0.00397      |
|    std                  | 0.999        |
|    value_loss           | 3.67e+03     |
------------------------------------------
------------------------------------------
| rollout/                |              |
|    ep_len_mean          | 1.49e+03     |
|    ep_rew_mean          | -272         |
| time/                   |              |
|    fps                  | 1848         |
|    iterations           | 5            |
|    time_elapsed         | 2            |
|    total_timesteps      | 5120         |
| train/                  |              |
|    approx_kl            | 0.010911355  |
|    clip_fraction        | 0.0745       |
|    clip_range           | 0.2          |
|    entropy_loss         | -17          |
|    explained_variance   | -0.018604755 |
|    learning_rate        | 0.0003       |
|    loss                 | 71           |
|    n_updates            | 40           |
|    policy_gradient_loss | -0.00965     |
|    std                  | 0.999        |
|    value_loss           | 167          |
------------------------------------------
------------------------------------------
| rollout/                |              |
|    ep_len_mean          | 1.49e+03     |
|    ep_rew_mean          | 124          |
| time/                   |              |
|    fps                  | 1845         |
|    iterations           | 6            |
|    time_elapsed         | 3            |
|    total_timesteps      | 6144         |
| train/                  |              |
|    approx_kl            | 0.011114526  |
|    clip_fraction        | 0.088        |
|    clip_range           | 0.2          |
|    entropy_loss         | -17          |
|    explained_variance   | -0.008801103 |
|    learning_rate        | 0.0003       |
|    loss                 | 77.5         |
|    n_updates            | 50           |
|    policy_gradient_loss | -0.00911     |
|    std                  | 0.999        |
|    value_loss           | 177          |
------------------------------------------
--------------------------------------------
| rollout/                |                |
|    ep_len_mean          | 1.49e+03       |
|    ep_rew_mean          | 124            |
| time/                   |                |
|    fps                  | 1840           |
|    iterations           | 7              |
|    time_elapsed         | 3              |
|    total_timesteps      | 7168           |
| train/                  |                |
|    approx_kl            | 0.009190249    |
|    clip_fraction        | 0.068          |
|    clip_range           | 0.2            |
|    entropy_loss         | -17            |
|    explained_variance   | -0.00019943714 |
|    learning_rate        | 0.0003         |
|    loss                 | 69.2           |
|    n_updates            | 60             |
|    policy_gradient_loss | -0.00777       |
|    std                  | 0.998          |
|    value_loss           | 155            |
--------------------------------------------
------------------------------------------
| rollout/                |              |
|    ep_len_mean          | 1.49e+03     |
|    ep_rew_mean          | 220          |
| time/                   |              |
|    fps                  | 1838         |
|    iterations           | 8            |
|    time_elapsed         | 4            |
|    total_timesteps      | 8192         |
| train/                  |              |
|    approx_kl            | 0.0045284834 |
|    clip_fraction        | 0.052        |
|    clip_range           | 0.2          |
|    entropy_loss         | -17          |
|    explained_variance   | -0.001101017 |
|    learning_rate        | 0.0003       |
|    loss                 | 30.8         |
|    n_updates            | 70           |
|    policy_gradient_loss | -0.00922     |
|    std                  | 0.999        |
|    value_loss           | 62.6         |
------------------------------------------
-------------------------------------------
| rollout/                |               |
|    ep_len_mean          | 1.49e+03      |
|    ep_rew_mean          | 416           |
| time/                   |               |
|    fps                  | 1837          |
|    iterations           | 9             |
|    time_elapsed         | 5             |
|    total_timesteps      | 9216          |
| train/                  |               |
|    approx_kl            | 0.006626224   |
|    clip_fraction        | 0.0655        |
|    clip_range           | 0.2           |
|    entropy_loss         | -17           |
|    explained_variance   | -0.0008736849 |
|    learning_rate        | 0.0003        |
|    loss                 | 67.6          |
|    n_updates            | 80            |
|    policy_gradient_loss | -0.00864      |
|    std                  | 0.998         |
|    value_loss           | 140           |
-------------------------------------------
------------------------------------------
| rollout/                |              |
|    ep_len_mean          | 1.49e+03     |
|    ep_rew_mean          | 416          |
| time/                   |              |
|    fps                  | 1836         |
|    iterations           | 10           |
|    time_elapsed         | 5            |
|    total_timesteps      | 10240        |
| train/                  |              |
|    approx_kl            | 0.011740979  |
|    clip_fraction        | 0.0721       |
|    clip_range           | 0.2          |
|    entropy_loss         | -17          |
|    explained_variance   | 0.0002028346 |
|    learning_rate        | 0.0003       |
|    loss                 | 85.8         |
|    n_updates            | 90           |
|    policy_gradient_loss | -0.00785     |
|    std                  | 0.998        |
|    value_loss           | 182          |
------------------------------------------
------------------------------------------
| rollout/                |              |
|    ep_len_mean          | 1.49e+03     |
|    ep_rew_mean          | 539          |
| time/                   |              |
|    fps                  | 1835         |
|    iterations           | 11           |
|    time_elapsed         | 6            |
|    total_timesteps      | 11264        |
| train/                  |              |
|    approx_kl            | 0.009830087  |
|    clip_fraction        | 0.0867       |
|    clip_range           | 0.2          |
|    entropy_loss         | -17          |
|    explained_variance   | 0.0014247894 |
|    learning_rate        | 0.0003       |
|    loss                 | 60.6         |
|    n_updates            | 100          |
|    policy_gradient_loss | -0.00991     |
|    std                  | 0.997        |
|    value_loss           | 134          |
------------------------------------------
-------------------------------------------
| rollout/                |               |
|    ep_len_mean          | 1.49e+03      |
|    ep_rew_mean          | 338           |
| time/                   |               |
|    fps                  | 1833          |
|    iterations           | 12            |
|    time_elapsed         | 6             |
|    total_timesteps      | 12288         |
| train/                  |               |
|    approx_kl            | 0.007264934   |
|    clip_fraction        | 0.0957        |
|    clip_range           | 0.2           |
|    entropy_loss         | -17           |
|    explained_variance   | 0.00057429075 |
|    learning_rate        | 0.0003        |
|    loss                 | 60.2          |
|    n_updates            | 110           |
|    policy_gradient_loss | -0.0133       |
|    std                  | 0.996         |
|    value_loss           | 127           |
-------------------------------------------
-------------------------------------------
| rollout/                |               |
|    ep_len_mean          | 1.49e+03      |
|    ep_rew_mean          | 338           |
| time/                   |               |
|    fps                  | 1832          |
|    iterations           | 13            |
|    time_elapsed         | 7             |
|    total_timesteps      | 13312         |
| train/                  |               |
|    approx_kl            | 0.009995459   |
|    clip_fraction        | 0.064         |
|    clip_range           | 0.2           |
|    entropy_loss         | -17           |
|    explained_variance   | 6.0081482e-05 |
|    learning_rate        | 0.0003        |
|    loss                 | 560           |
|    n_updates            | 120           |
|    policy_gradient_loss | -0.00976      |
|    std                  | 0.997         |
|    value_loss           | 1.12e+03      |
-------------------------------------------
------------------------------------------
| rollout/                |              |
|    ep_len_mean          | 1.49e+03     |
|    ep_rew_mean          | 403          |
| time/                   |              |
|    fps                  | 1832         |
|    iterations           | 14           |
|    time_elapsed         | 7            |
|    total_timesteps      | 14336        |
| train/                  |              |
|    approx_kl            | 0.0059138583 |
|    clip_fraction        | 0.0518       |
|    clip_range           | 0.2          |
|    entropy_loss         | -17          |
|    explained_variance   | 0.0002527833 |
|    learning_rate        | 0.0003       |
|    loss                 | 31.3         |
|    n_updates            | 130          |
|    policy_gradient_loss | -0.00848     |
|    std                  | 0.998        |
|    value_loss           | 72.6         |
------------------------------------------
-------------------------------------------
| rollout/                |               |
|    ep_len_mean          | 1.49e+03      |
|    ep_rew_mean          | 496           |
| time/                   |               |
|    fps                  | 1831          |
|    iterations           | 15            |
|    time_elapsed         | 8             |
|    total_timesteps      | 15360         |
| train/                  |               |
|    approx_kl            | 0.010555706   |
|    clip_fraction        | 0.079         |
|    clip_range           | 0.2           |
|    entropy_loss         | -17           |
|    explained_variance   | -0.0010380745 |
|    learning_rate        | 0.0003        |
|    loss                 | 75            |
|    n_updates            | 140           |
|    policy_gradient_loss | -0.00835      |
|    std                  | 0.999         |
|    value_loss           | 158           |
-------------------------------------------
-------------------------------------------
| rollout/                |               |
|    ep_len_mean          | 1.49e+03      |
|    ep_rew_mean          | 496           |
| time/                   |               |
|    fps                  | 1831          |
|    iterations           | 16            |
|    time_elapsed         | 8             |
|    total_timesteps      | 16384         |
| train/                  |               |
|    approx_kl            | 0.01277297    |
|    clip_fraction        | 0.128         |
|    clip_range           | 0.2           |
|    entropy_loss         | -17           |
|    explained_variance   | -0.0002924204 |
|    learning_rate        | 0.0003        |
|    loss                 | 59.9          |
|    n_updates            | 150           |
|    policy_gradient_loss | -0.0117       |
|    std                  | 0.999         |
|    value_loss           | 130           |
-------------------------------------------
-------------------------------------------
| rollout/                |               |
|    ep_len_mean          | 1.49e+03      |
|    ep_rew_mean          | 539           |
| time/                   |               |
|    fps                  | 1829          |
|    iterations           | 17            |
|    time_elapsed         | 9             |
|    total_timesteps      | 17408         |
| train/                  |               |
|    approx_kl            | 0.009792755   |
|    clip_fraction        | 0.129         |
|    clip_range           | 0.2           |
|    entropy_loss         | -17           |
|    explained_variance   | -8.189678e-05 |
|    learning_rate        | 0.0003        |
|    loss                 | 25.5          |
|    n_updates            | 160           |
|    policy_gradient_loss | -0.0159       |
|    std                  | 0.998         |
|    value_loss           | 58.2          |
-------------------------------------------
-------------------------------------------
| rollout/                |               |
|    ep_len_mean          | 1.49e+03      |
|    ep_rew_mean          | 549           |
| time/                   |               |
|    fps                  | 1829          |
|    iterations           | 18            |
|    time_elapsed         | 10            |
|    total_timesteps      | 18432         |
| train/                  |               |
|    approx_kl            | 0.008160738   |
|    clip_fraction        | 0.0952        |
|    clip_range           | 0.2           |
|    entropy_loss         | -17           |
|    explained_variance   | 0.00036752224 |
|    learning_rate        | 0.0003        |
|    loss                 | 33            |
|    n_updates            | 170           |
|    policy_gradient_loss | -0.014        |
|    std                  | 0.999         |
|    value_loss           | 68.7          |
-------------------------------------------
--------------------------------------------
| rollout/                |                |
|    ep_len_mean          | 1.49e+03       |
|    ep_rew_mean          | 607            |
| time/                   |                |
|    fps                  | 1829           |
|    iterations           | 19             |
|    time_elapsed         | 10             |
|    total_timesteps      | 19456          |
| train/                  |                |
|    approx_kl            | 0.006366374    |
|    clip_fraction        | 0.0771         |
|    clip_range           | 0.2            |
|    entropy_loss         | -17            |
|    explained_variance   | -0.00016105175 |
|    learning_rate        | 0.0003         |
|    loss                 | 39.9           |
|    n_updates            | 180            |
|    policy_gradient_loss | -0.0143        |
|    std                  | 1              |
|    value_loss           | 89.6           |
--------------------------------------------
--------------------------------------------
| rollout/                |                |
|    ep_len_mean          | 1.49e+03       |
|    ep_rew_mean          | 607            |
| time/                   |                |
|    fps                  | 1829           |
|    iterations           | 20             |
|    time_elapsed         | 11             |
|    total_timesteps      | 20480          |
| train/                  |                |
|    approx_kl            | 0.008104432    |
|    clip_fraction        | 0.0648         |
|    clip_range           | 0.2            |
|    entropy_loss         | -17            |
|    explained_variance   | -0.00067186356 |
|    learning_rate        | 0.0003         |
|    loss                 | 56.7           |
|    n_updates            | 190            |
|    policy_gradient_loss | -0.00875       |
|    std                  | 0.999          |
|    value_loss           | 117            |
--------------------------------------------
-------------------------------------------
| rollout/                |               |
|    ep_len_mean          | 1.49e+03      |
|    ep_rew_mean          | 642           |
| time/                   |               |
|    fps                  | 1829          |
|    iterations           | 21            |
|    time_elapsed         | 11            |
|    total_timesteps      | 21504         |
| train/                  |               |
|    approx_kl            | 0.006479686   |
|    clip_fraction        | 0.0721        |
|    clip_range           | 0.2           |
|    entropy_loss         | -17           |
|    explained_variance   | -0.0005182028 |
|    learning_rate        | 0.0003        |
|    loss                 | 53            |
|    n_updates            | 200           |
|    policy_gradient_loss | -0.00892      |
|    std                  | 0.999         |
|    value_loss           | 114           |
-------------------------------------------
-------------------------------------------
| rollout/                |               |
|    ep_len_mean          | 1.49e+03      |
|    ep_rew_mean          | 686           |
| time/                   |               |
|    fps                  | 1828          |
|    iterations           | 22            |
|    time_elapsed         | 12            |
|    total_timesteps      | 22528         |
| train/                  |               |
|    approx_kl            | 0.0077048736  |
|    clip_fraction        | 0.105         |
|    clip_range           | 0.2           |
|    entropy_loss         | -17           |
|    explained_variance   | 0.00016242266 |
|    learning_rate        | 0.0003        |
|    loss                 | 42.9          |
|    n_updates            | 210           |
|    policy_gradient_loss | -0.0137       |
|    std                  | 0.998         |
|    value_loss           | 93.2          |
-------------------------------------------
--------------------------------------------
| rollout/                |                |
|    ep_len_mean          | 1.49e+03       |
|    ep_rew_mean          | 686            |
| time/                   |                |
|    fps                  | 1828           |
|    iterations           | 23             |
|    time_elapsed         | 12             |
|    total_timesteps      | 23552          |
| train/                  |                |
|    approx_kl            | 0.0076537253   |
|    clip_fraction        | 0.109          |
|    clip_range           | 0.2            |
|    entropy_loss         | -17            |
|    explained_variance   | -0.00018262863 |
|    learning_rate        | 0.0003         |
|    loss                 | 55.5           |
|    n_updates            | 220            |
|    policy_gradient_loss | -0.0134        |
|    std                  | 0.997          |
|    value_loss           | 120            |
--------------------------------------------
--------------------------------------------
| rollout/                |                |
|    ep_len_mean          | 1.49e+03       |
|    ep_rew_mean          | 728            |
| time/                   |                |
|    fps                  | 1828           |
|    iterations           | 24             |
|    time_elapsed         | 13             |
|    total_timesteps      | 24576          |
| train/                  |                |
|    approx_kl            | 0.009054134    |
|    clip_fraction        | 0.113          |
|    clip_range           | 0.2            |
|    entropy_loss         | -17            |
|    explained_variance   | -0.00012111664 |
|    learning_rate        | 0.0003         |
|    loss                 | 62.8           |
|    n_updates            | 230            |
|    policy_gradient_loss | -0.0115        |
|    std                  | 0.998          |
|    value_loss           | 134            |
--------------------------------------------
-------------------------------------------
| rollout/                |               |
|    ep_len_mean          | 1.49e+03      |
|    ep_rew_mean          | 643           |
| time/                   |               |
|    fps                  | 1827          |
|    iterations           | 25            |
|    time_elapsed         | 14            |
|    total_timesteps      | 25600         |
| train/                  |               |
|    approx_kl            | 0.009492196   |
|    clip_fraction        | 0.101         |
|    clip_range           | 0.2           |
|    entropy_loss         | -17           |
|    explained_variance   | -6.330013e-05 |
|    learning_rate        | 0.0003        |
|    loss                 | 37.9          |
|    n_updates            | 240           |
|    policy_gradient_loss | -0.0128       |
|    std                  | 0.998         |
|    value_loss           | 82            |
-------------------------------------------
------------------------------------------
| rollout/                |              |
|    ep_len_mean          | 1.49e+03     |
|    ep_rew_mean          | 643          |
| time/                   |              |
|    fps                  | 1828         |
|    iterations           | 26           |
|    time_elapsed         | 14           |
|    total_timesteps      | 26624        |
| train/                  |              |
|    approx_kl            | 0.009928348  |
|    clip_fraction        | 0.0833       |
|    clip_range           | 0.2          |
|    entropy_loss         | -17          |
|    explained_variance   | 3.427267e-05 |
|    learning_rate        | 0.0003       |
|    loss                 | 334          |
|    n_updates            | 250          |
|    policy_gradient_loss | -0.00987     |
|    std                  | 0.997        |
|    value_loss           | 661          |
------------------------------------------
-------------------------------------------
| rollout/                |               |
|    ep_len_mean          | 1.49e+03      |
|    ep_rew_mean          | 673           |
| time/                   |               |
|    fps                  | 1828          |
|    iterations           | 27            |
|    time_elapsed         | 15            |
|    total_timesteps      | 27648         |
| train/                  |               |
|    approx_kl            | 0.007074142   |
|    clip_fraction        | 0.101         |
|    clip_range           | 0.2           |
|    entropy_loss         | -17           |
|    explained_variance   | 0.00033289194 |
|    learning_rate        | 0.0003        |
|    loss                 | 37            |
|    n_updates            | 260           |
|    policy_gradient_loss | -0.0129       |
|    std                  | 0.997         |
|    value_loss           | 79.1          |
-------------------------------------------
--------------------------------------------
| rollout/                |                |
|    ep_len_mean          | 1.49e+03       |
|    ep_rew_mean          | 702            |
| time/                   |                |
|    fps                  | 1827           |
|    iterations           | 28             |
|    time_elapsed         | 15             |
|    total_timesteps      | 28672          |
| train/                  |                |
|    approx_kl            | 0.00774968     |
|    clip_fraction        | 0.102          |
|    clip_range           | 0.2            |
|    entropy_loss         | -17            |
|    explained_variance   | -0.00032305717 |
|    learning_rate        | 0.0003         |
|    loss                 | 45.9           |
|    n_updates            | 270            |
|    policy_gradient_loss | -0.0116        |
|    std                  | 0.998          |
|    value_loss           | 100            |
--------------------------------------------
--------------------------------------------
| rollout/                |                |
|    ep_len_mean          | 1.49e+03       |
|    ep_rew_mean          | 702            |
| time/                   |                |
|    fps                  | 1828           |
|    iterations           | 29             |
|    time_elapsed         | 16             |
|    total_timesteps      | 29696          |
| train/                  |                |
|    approx_kl            | 0.0066757496   |
|    clip_fraction        | 0.0642         |
|    clip_range           | 0.2            |
|    entropy_loss         | -17            |
|    explained_variance   | -4.0888786e-05 |
|    learning_rate        | 0.0003         |
|    loss                 | 45             |
|    n_updates            | 280            |
|    policy_gradient_loss | -0.00902       |
|    std                  | 1              |
|    value_loss           | 96.6           |
--------------------------------------------
-------------------------------------------
| rollout/                |               |
|    ep_len_mean          | 1.49e+03      |
|    ep_rew_mean          | 732           |
| time/                   |               |
|    fps                  | 1827          |
|    iterations           | 30            |
|    time_elapsed         | 16            |
|    total_timesteps      | 30720         |
| train/                  |               |
|    approx_kl            | 0.008438807   |
|    clip_fraction        | 0.134         |
|    clip_range           | 0.2           |
|    entropy_loss         | -17           |
|    explained_variance   | 0.00021708012 |
|    learning_rate        | 0.0003        |
|    loss                 | 46.2          |
|    n_updates            | 290           |
|    policy_gradient_loss | -0.0148       |
|    std                  | 1             |
|    value_loss           | 99.8          |
-------------------------------------------
------------------------------------------
| rollout/                |              |
|    ep_len_mean          | 1.49e+03     |
|    ep_rew_mean          | 746          |
| time/                   |              |
|    fps                  | 1828         |
|    iterations           | 31           |
|    time_elapsed         | 17           |
|    total_timesteps      | 31744        |
| train/                  |              |
|    approx_kl            | 0.008901698  |
|    clip_fraction        | 0.116        |
|    clip_range           | 0.2          |
|    entropy_loss         | -17          |
|    explained_variance   | 8.702278e-05 |
|    learning_rate        | 0.0003       |
|    loss                 | 26.5         |
|    n_updates            | 300          |
|    policy_gradient_loss | -0.0151      |
|    std                  | 1            |
|    value_loss           | 55.3         |
------------------------------------------
------------------------------------------
| rollout/                |              |
|    ep_len_mean          | 1.49e+03     |
|    ep_rew_mean          | 746          |
| time/                   |              |
|    fps                  | 1827         |
|    iterations           | 32           |
|    time_elapsed         | 17           |
|    total_timesteps      | 32768        |
| train/                  |              |
|    approx_kl            | 0.006951885  |
|    clip_fraction        | 0.0649       |
|    clip_range           | 0.2          |
|    entropy_loss         | -17          |
|    explained_variance   | 0.0003077984 |
|    learning_rate        | 0.0003       |
|    loss                 | 43.2         |
|    n_updates            | 310          |
|    policy_gradient_loss | -0.00884     |
|    std                  | 1            |
|    value_loss           | 94.1         |
------------------------------------------
--------------------------------------------
| rollout/                |                |
|    ep_len_mean          | 1.49e+03       |
|    ep_rew_mean          | 771            |
| time/                   |                |
|    fps                  | 1827           |
|    iterations           | 33             |
|    time_elapsed         | 18             |
|    total_timesteps      | 33792          |
| train/                  |                |
|    approx_kl            | 0.007995342    |
|    clip_fraction        | 0.104          |
|    clip_range           | 0.2            |
|    entropy_loss         | -17.1          |
|    explained_variance   | -0.00022399426 |
|    learning_rate        | 0.0003         |
|    loss                 | 41.9           |
|    n_updates            | 320            |
|    policy_gradient_loss | -0.0115        |
|    std                  | 1              |
|    value_loss           | 89             |
--------------------------------------------
-------------------------------------------
| rollout/                |               |
|    ep_len_mean          | 1.49e+03      |
|    ep_rew_mean          | 797           |
| time/                   |               |
|    fps                  | 1827          |
|    iterations           | 34            |
|    time_elapsed         | 19            |
|    total_timesteps      | 34816         |
| train/                  |               |
|    approx_kl            | 0.009231477   |
|    clip_fraction        | 0.0651        |
|    clip_range           | 0.2           |
|    entropy_loss         | -17.1         |
|    explained_variance   | 0.00016403198 |
|    learning_rate        | 0.0003        |
|    loss                 | 52.2          |
|    n_updates            | 330           |
|    policy_gradient_loss | -0.00838      |
|    std                  | 1             |
|    value_loss           | 113           |
-------------------------------------------
--------------------------------------------
| rollout/                |                |
|    ep_len_mean          | 1.49e+03       |
|    ep_rew_mean          | 706            |
| time/                   |                |
|    fps                  | 1826           |
|    iterations           | 35             |
|    time_elapsed         | 19             |
|    total_timesteps      | 35840          |
| train/                  |                |
|    approx_kl            | 0.009274922    |
|    clip_fraction        | 0.136          |
|    clip_range           | 0.2            |
|    entropy_loss         | -17.1          |
|    explained_variance   | -1.2516975e-05 |
|    learning_rate        | 0.0003         |
|    loss                 | 33             |
|    n_updates            | 340            |
|    policy_gradient_loss | -0.0166        |
|    std                  | 1.01           |
|    value_loss           | 69.6           |
--------------------------------------------
------------------------------------------
| rollout/                |              |
|    ep_len_mean          | 1.49e+03     |
|    ep_rew_mean          | 706          |
| time/                   |              |
|    fps                  | 1826         |
|    iterations           | 36           |
|    time_elapsed         | 20           |
|    total_timesteps      | 36864        |
| train/                  |              |
|    approx_kl            | 0.005257412  |
|    clip_fraction        | 0.0104       |
|    clip_range           | 0.2          |
|    entropy_loss         | -17.1        |
|    explained_variance   | 4.172325e-06 |
|    learning_rate        | 0.0003       |
|    loss                 | 593          |
|    n_updates            | 350          |
|    policy_gradient_loss | -0.00364     |
|    std                  | 1.01         |
|    value_loss           | 1.17e+03     |
------------------------------------------
------------------------------------------
| rollout/                |              |
|    ep_len_mean          | 1.49e+03     |
|    ep_rew_mean          | 731          |
| time/                   |              |
|    fps                  | 1820         |
|    iterations           | 37           |
|    time_elapsed         | 20           |
|    total_timesteps      | 37888        |
| train/                  |              |
|    approx_kl            | 0.009542536  |
|    clip_fraction        | 0.0913       |
|    clip_range           | 0.2          |
|    entropy_loss         | -17.1        |
|    explained_variance   | 0.0001951456 |
|    learning_rate        | 0.0003       |
|    loss                 | 56.2         |
|    n_updates            | 360          |
|    policy_gradient_loss | -0.0123      |
|    std                  | 1.01         |
|    value_loss           | 122          |
------------------------------------------
--------------------------------------------
| rollout/                |                |
|    ep_len_mean          | 1.49e+03       |
|    ep_rew_mean          | 755            |
| time/                   |                |
|    fps                  | 1820           |
|    iterations           | 38             |
|    time_elapsed         | 21             |
|    total_timesteps      | 38912          |
| train/                  |                |
|    approx_kl            | 0.0069045597   |
|    clip_fraction        | 0.0712         |
|    clip_range           | 0.2            |
|    entropy_loss         | -17.1          |
|    explained_variance   | -2.6106834e-05 |
|    learning_rate        | 0.0003         |
|    loss                 | 41.7           |
|    n_updates            | 370            |
|    policy_gradient_loss | -0.0111        |
|    std                  | 1.01           |
|    value_loss           | 91.4           |
--------------------------------------------
-------------------------------------------
| rollout/                |               |
|    ep_len_mean          | 1.49e+03      |
|    ep_rew_mean          | 755           |
| time/                   |               |
|    fps                  | 1818          |
|    iterations           | 39            |
|    time_elapsed         | 21            |
|    total_timesteps      | 39936         |
| train/                  |               |
|    approx_kl            | 0.009174567   |
|    clip_fraction        | 0.0908        |
|    clip_range           | 0.2           |
|    entropy_loss         | -17.1         |
|    explained_variance   | 0.00011074543 |
|    learning_rate        | 0.0003        |
|    loss                 | 38.2          |
|    n_updates            | 380           |
|    policy_gradient_loss | -0.0125       |
|    std                  | 1.01          |
|    value_loss           | 85.4          |
-------------------------------------------
------------------------------------------
| rollout/                |              |
|    ep_len_mean          | 1.49e+03     |
|    ep_rew_mean          | 746          |
| time/                   |              |
|    fps                  | 1816         |
|    iterations           | 40           |
|    time_elapsed         | 22           |
|    total_timesteps      | 40960        |
| train/                  |              |
|    approx_kl            | 0.015668698  |
|    clip_fraction        | 0.131        |
|    clip_range           | 0.2          |
|    entropy_loss         | -17.1        |
|    explained_variance   | 3.373623e-05 |
|    learning_rate        | 0.0003       |
|    loss                 | 17.7         |
|    n_updates            | 390          |
|    policy_gradient_loss | -0.0201      |
|    std                  | 1.01         |
|    value_loss           | 36.5         |
------------------------------------------
-----------------------------------------
| rollout/                |             |
|    ep_len_mean          | 1.49e+03    |
|    ep_rew_mean          | 756         |
| time/                   |             |
|    fps                  | 1815        |
|    iterations           | 41          |
|    time_elapsed         | 23          |
|    total_timesteps      | 41984       |
| train/                  |             |
|    approx_kl            | 0.00697155  |
|    clip_fraction        | 0.105       |
|    clip_range           | 0.2         |
|    entropy_loss         | -17.1       |
|    explained_variance   | 2.18153e-05 |
|    learning_rate        | 0.0003      |
|    loss                 | 44.6        |
|    n_updates            | 400         |
|    policy_gradient_loss | -0.011      |
|    std                  | 1           |
|    value_loss           | 88          |
-----------------------------------------
--------------------------------------------
| rollout/                |                |
|    ep_len_mean          | 1.49e+03       |
|    ep_rew_mean          | 756            |
| time/                   |                |
|    fps                  | 1814           |
|    iterations           | 42             |
|    time_elapsed         | 23             |
|    total_timesteps      | 43008          |
| train/                  |                |
|    approx_kl            | 0.008158551    |
|    clip_fraction        | 0.102          |
|    clip_range           | 0.2            |
|    entropy_loss         | -17.1          |
|    explained_variance   | -1.4901161e-05 |
|    learning_rate        | 0.0003         |
|    loss                 | 24             |
|    n_updates            | 410            |
|    policy_gradient_loss | -0.0143        |
|    std                  | 1              |
|    value_loss           | 52.3           |
--------------------------------------------
--------------------------------------------
| rollout/                |                |
|    ep_len_mean          | 1.49e+03       |
|    ep_rew_mean          | 768            |
| time/                   |                |
|    fps                  | 1813           |
|    iterations           | 43             |
|    time_elapsed         | 24             |
|    total_timesteps      | 44032          |
| train/                  |                |
|    approx_kl            | 0.009070704    |
|    clip_fraction        | 0.109          |
|    clip_range           | 0.2            |
|    entropy_loss         | -17            |
|    explained_variance   | -5.6028366e-05 |
|    learning_rate        | 0.0003         |
|    loss                 | 18.4           |
|    n_updates            | 420            |
|    policy_gradient_loss | -0.0151        |
|    std                  | 1              |
|    value_loss           | 41.6           |
--------------------------------------------
------------------------------------------
| rollout/                |              |
|    ep_len_mean          | 1.49e+03     |
|    ep_rew_mean          | 788          |
| time/                   |              |
|    fps                  | 1814         |
|    iterations           | 44           |
|    time_elapsed         | 24           |
|    total_timesteps      | 45056        |
| train/                  |              |
|    approx_kl            | 0.007572861  |
|    clip_fraction        | 0.0778       |
|    clip_range           | 0.2          |
|    entropy_loss         | -17          |
|    explained_variance   | 3.129244e-05 |
|    learning_rate        | 0.0003       |
|    loss                 | 38.4         |
|    n_updates            | 430          |
|    policy_gradient_loss | -0.011       |
|    std                  | 1            |
|    value_loss           | 83.1         |
------------------------------------------
-------------------------------------------
| rollout/                |               |
|    ep_len_mean          | 1.49e+03      |
|    ep_rew_mean          | 788           |
| time/                   |               |
|    fps                  | 1814          |
|    iterations           | 45            |
|    time_elapsed         | 25            |
|    total_timesteps      | 46080         |
| train/                  |               |
|    approx_kl            | 0.009568553   |
|    clip_fraction        | 0.0881        |
|    clip_range           | 0.2           |
|    entropy_loss         | -17           |
|    explained_variance   | 5.0723553e-05 |
|    learning_rate        | 0.0003        |
|    loss                 | 43.7          |
|    n_updates            | 440           |
|    policy_gradient_loss | -0.00946      |
|    std                  | 1             |
|    value_loss           | 95.8          |
-------------------------------------------
-------------------------------------------
| rollout/                |               |
|    ep_len_mean          | 1.49e+03      |
|    ep_rew_mean          | 807           |
| time/                   |               |
|    fps                  | 1814          |
|    iterations           | 46            |
|    time_elapsed         | 25            |
|    total_timesteps      | 47104         |
| train/                  |               |
|    approx_kl            | 0.009846017   |
|    clip_fraction        | 0.0942        |
|    clip_range           | 0.2           |
|    entropy_loss         | -17           |
|    explained_variance   | 0.00019425154 |
|    learning_rate        | 0.0003        |
|    loss                 | 37.3          |
|    n_updates            | 450           |
|    policy_gradient_loss | -0.0125       |
|    std                  | 1             |
|    value_loss           | 82.4          |
-------------------------------------------
-------------------------------------------
| rollout/                |               |
|    ep_len_mean          | 1.49e+03      |
|    ep_rew_mean          | 809           |
| time/                   |               |
|    fps                  | 1814          |
|    iterations           | 47            |
|    time_elapsed         | 26            |
|    total_timesteps      | 48128         |
| train/                  |               |
|    approx_kl            | 0.009326665   |
|    clip_fraction        | 0.116         |
|    clip_range           | 0.2           |
|    entropy_loss         | -17           |
|    explained_variance   | 8.6188316e-05 |
|    learning_rate        | 0.0003        |
|    loss                 | 14.1          |
|    n_updates            | 460           |
|    policy_gradient_loss | -0.0177       |
|    std                  | 1             |
|    value_loss           | 31.1          |
-------------------------------------------
-------------------------------------------
| rollout/                |               |
|    ep_len_mean          | 1.49e+03      |
|    ep_rew_mean          | 809           |
| time/                   |               |
|    fps                  | 1814          |
|    iterations           | 48            |
|    time_elapsed         | 27            |
|    total_timesteps      | 49152         |
| train/                  |               |
|    approx_kl            | 0.011799457   |
|    clip_fraction        | 0.163         |
|    clip_range           | 0.2           |
|    entropy_loss         | -17           |
|    explained_variance   | 2.3841858e-05 |
|    learning_rate        | 0.0003        |
|    loss                 | 15            |
|    n_updates            | 470           |
|    policy_gradient_loss | -0.0204       |
|    std                  | 1             |
|    value_loss           | 30.9          |
-------------------------------------------
-------------------------------------------
| rollout/                |               |
|    ep_len_mean          | 1.49e+03      |
|    ep_rew_mean          | 812           |
| time/                   |               |
|    fps                  | 1814          |
|    iterations           | 49            |
|    time_elapsed         | 27            |
|    total_timesteps      | 50176         |
| train/                  |               |
|    approx_kl            | 0.010944574   |
|    clip_fraction        | 0.102         |
|    clip_range           | 0.2           |
|    entropy_loss         | -17.1         |
|    explained_variance   | -4.386902e-05 |
|    learning_rate        | 0.0003        |
|    loss                 | 17.1          |
|    n_updates            | 480           |
|    policy_gradient_loss | -0.0195       |
|    std                  | 1             |
|    value_loss           | 35.2          |
-------------------------------------------
-------------------------------------------
| rollout/                |               |
|    ep_len_mean          | 1.49e+03      |
|    ep_rew_mean          | 811           |
| time/                   |               |
|    fps                  | 1813          |
|    iterations           | 50            |
|    time_elapsed         | 28            |
|    total_timesteps      | 51200         |
| train/                  |               |
|    approx_kl            | 0.010286401   |
|    clip_fraction        | 0.115         |
|    clip_range           | 0.2           |
|    entropy_loss         | -17           |
|    explained_variance   | 1.0609627e-05 |
|    learning_rate        | 0.0003        |
|    loss                 | 16.7          |
|    n_updates            | 490           |
|    policy_gradient_loss | -0.0167       |
|    std                  | 1             |
|    value_loss           | 36.1          |
-------------------------------------------
-------------------------------------------
| rollout/                |               |
|    ep_len_mean          | 1.49e+03      |
|    ep_rew_mean          | 785           |
| time/                   |               |
|    fps                  | 1813          |
|    iterations           | 51            |
|    time_elapsed         | 28            |
|    total_timesteps      | 52224         |
| train/                  |               |
|    approx_kl            | 0.011589935   |
|    clip_fraction        | 0.128         |
|    clip_range           | 0.2           |
|    entropy_loss         | -17           |
|    explained_variance   | -4.172325e-06 |
|    learning_rate        | 0.0003        |
|    loss                 | 12.1          |
|    n_updates            | 500           |
|    policy_gradient_loss | -0.02         |
|    std                  | 1             |
|    value_loss           | 28.2          |
-------------------------------------------
-------------------------------------------
| rollout/                |               |
|    ep_len_mean          | 1.49e+03      |
|    ep_rew_mean          | 785           |
| time/                   |               |
|    fps                  | 1814          |
|    iterations           | 52            |
|    time_elapsed         | 29            |
|    total_timesteps      | 53248         |
| train/                  |               |
|    approx_kl            | 0.009744893   |
|    clip_fraction        | 0.065         |
|    clip_range           | 0.2           |
|    entropy_loss         | -17           |
|    explained_variance   | 1.1861324e-05 |
|    learning_rate        | 0.0003        |
|    loss                 | 184           |
|    n_updates            | 510           |
|    policy_gradient_loss | -0.0104       |
|    std                  | 1             |
|    value_loss           | 412           |
-------------------------------------------
-------------------------------------------
| rollout/                |               |
|    ep_len_mean          | 1.49e+03      |
|    ep_rew_mean          | 782           |
| time/                   |               |
|    fps                  | 1814          |
|    iterations           | 53            |
|    time_elapsed         | 29            |
|    total_timesteps      | 54272         |
| train/                  |               |
|    approx_kl            | 0.0054720216  |
|    clip_fraction        | 0.0595        |
|    clip_range           | 0.2           |
|    entropy_loss         | -17           |
|    explained_variance   | 1.5199184e-05 |
|    learning_rate        | 0.0003        |
|    loss                 | 27.1          |
|    n_updates            | 520           |
|    policy_gradient_loss | -0.00933      |
|    std                  | 1             |
|    value_loss           | 57.8          |
-------------------------------------------
--------------------------------------------
| rollout/                |                |
|    ep_len_mean          | 1.49e+03       |
|    ep_rew_mean          | 764            |
| time/                   |                |
|    fps                  | 1814           |
|    iterations           | 54             |
|    time_elapsed         | 30             |
|    total_timesteps      | 55296          |
| train/                  |                |
|    approx_kl            | 0.0097937165   |
|    clip_fraction        | 0.108          |
|    clip_range           | 0.2            |
|    entropy_loss         | -17            |
|    explained_variance   | -1.7881393e-06 |
|    learning_rate        | 0.0003         |
|    loss                 | 102            |
|    n_updates            | 530            |
|    policy_gradient_loss | -0.0163        |
|    std                  | 0.997          |
|    value_loss           | 226            |
--------------------------------------------
-------------------------------------------
| rollout/                |               |
|    ep_len_mean          | 1.49e+03      |
|    ep_rew_mean          | 764           |
| time/                   |               |
|    fps                  | 1814          |
|    iterations           | 55            |
|    time_elapsed         | 31            |
|    total_timesteps      | 56320         |
| train/                  |               |
|    approx_kl            | 0.0061930222  |
|    clip_fraction        | 0.0436        |
|    clip_range           | 0.2           |
|    entropy_loss         | -17           |
|    explained_variance   | 1.5616417e-05 |
|    learning_rate        | 0.0003        |
|    loss                 | 114           |
|    n_updates            | 540           |
|    policy_gradient_loss | -0.00714      |
|    std                  | 0.996         |
|    value_loss           | 262           |
-------------------------------------------
------------------------------------------
| rollout/                |              |
|    ep_len_mean          | 1.49e+03     |
|    ep_rew_mean          | 721          |
| time/                   |              |
|    fps                  | 1814         |
|    iterations           | 56           |
|    time_elapsed         | 31           |
|    total_timesteps      | 57344        |
| train/                  |              |
|    approx_kl            | 0.0073502837 |
|    clip_fraction        | 0.0285       |
|    clip_range           | 0.2          |
|    entropy_loss         | -17          |
|    explained_variance   | 8.940697e-07 |
|    learning_rate        | 0.0003       |
|    loss                 | 217          |
|    n_updates            | 550          |
|    policy_gradient_loss | -0.00929     |
|    std                  | 0.996        |
|    value_loss           | 428          |
------------------------------------------
-------------------------------------------
| rollout/                |               |
|    ep_len_mean          | 1.49e+03      |
|    ep_rew_mean          | 730           |
| time/                   |               |
|    fps                  | 1814          |
|    iterations           | 57            |
|    time_elapsed         | 32            |
|    total_timesteps      | 58368         |
| train/                  |               |
|    approx_kl            | 0.010841134   |
|    clip_fraction        | 0.0937        |
|    clip_range           | 0.2           |
|    entropy_loss         | -17           |
|    explained_variance   | -5.841255e-06 |
|    learning_rate        | 0.0003        |
|    loss                 | 227           |
|    n_updates            | 560           |
|    policy_gradient_loss | -0.0165       |
|    std                  | 0.998         |
|    value_loss           | 420           |
-------------------------------------------
-------------------------------------------
| rollout/                |               |
|    ep_len_mean          | 1.49e+03      |
|    ep_rew_mean          | 730           |
| time/                   |               |
|    fps                  | 1814          |
|    iterations           | 58            |
|    time_elapsed         | 32            |
|    total_timesteps      | 59392         |
| train/                  |               |
|    approx_kl            | 0.0102648195  |
|    clip_fraction        | 0.129         |
|    clip_range           | 0.2           |
|    entropy_loss         | -17           |
|    explained_variance   | 1.4126301e-05 |
|    learning_rate        | 0.0003        |
|    loss                 | 22.1          |
|    n_updates            | 570           |
|    policy_gradient_loss | -0.0195       |
|    std                  | 1             |
|    value_loss           | 44.3          |
-------------------------------------------
--------------------------------------------
| rollout/                |                |
|    ep_len_mean          | 1.49e+03       |
|    ep_rew_mean          | 689            |
| time/                   |                |
|    fps                  | 1814           |
|    iterations           | 59             |
|    time_elapsed         | 33             |
|    total_timesteps      | 60416          |
| train/                  |                |
|    approx_kl            | 0.008427957    |
|    clip_fraction        | 0.0423         |
|    clip_range           | 0.2            |
|    entropy_loss         | -17            |
|    explained_variance   | -4.7683716e-06 |
|    learning_rate        | 0.0003         |
|    loss                 | 189            |
|    n_updates            | 580            |
|    policy_gradient_loss | -0.00831       |
|    std                  | 1              |
|    value_loss           | 374            |
--------------------------------------------
-------------------------------------------
| rollout/                |               |
|    ep_len_mean          | 1.49e+03      |
|    ep_rew_mean          | 697           |
| time/                   |               |
|    fps                  | 1814          |
|    iterations           | 60            |
|    time_elapsed         | 33            |
|    total_timesteps      | 61440         |
| train/                  |               |
|    approx_kl            | 0.0101884585  |
|    clip_fraction        | 0.111         |
|    clip_range           | 0.2           |
|    entropy_loss         | -17           |
|    explained_variance   | 1.0430813e-05 |
|    learning_rate        | 0.0003        |
|    loss                 | 338           |
|    n_updates            | 590           |
|    policy_gradient_loss | -0.0147       |
|    std                  | 0.998         |
|    value_loss           | 625           |
-------------------------------------------
--------------------------------------------
| rollout/                |                |
|    ep_len_mean          | 1.49e+03       |
|    ep_rew_mean          | 697            |
| time/                   |                |
|    fps                  | 1815           |
|    iterations           | 61             |
|    time_elapsed         | 34             |
|    total_timesteps      | 62464          |
| train/                  |                |
|    approx_kl            | 0.009340936    |
|    clip_fraction        | 0.124          |
|    clip_range           | 0.2            |
|    entropy_loss         | -17            |
|    explained_variance   | -2.9325485e-05 |
|    learning_rate        | 0.0003         |
|    loss                 | 15.9           |
|    n_updates            | 600            |
|    policy_gradient_loss | -0.0201        |
|    std                  | 0.996          |
|    value_loss           | 34.8           |
--------------------------------------------
------------------------------------------
| rollout/                |              |
|    ep_len_mean          | 1.49e+03     |
|    ep_rew_mean          | 711          |
| time/                   |              |
|    fps                  | 1815         |
|    iterations           | 62           |
|    time_elapsed         | 34           |
|    total_timesteps      | 63488        |
| train/                  |              |
|    approx_kl            | 0.007622786  |
|    clip_fraction        | 0.0763       |
|    clip_range           | 0.2          |
|    entropy_loss         | -17          |
|    explained_variance   | -3.71933e-05 |
|    learning_rate        | 0.0003       |
|    loss                 | 27.2         |
|    n_updates            | 610          |
|    policy_gradient_loss | -0.0119      |
|    std                  | 0.996        |
|    value_loss           | 60.4         |
------------------------------------------
------------------------------------------
| rollout/                |              |
|    ep_len_mean          | 1.49e+03     |
|    ep_rew_mean          | 711          |
| time/                   |              |
|    fps                  | 1815         |
|    iterations           | 63           |
|    time_elapsed         | 35           |
|    total_timesteps      | 64512        |
| train/                  |              |
|    approx_kl            | 0.010594065  |
|    clip_fraction        | 0.131        |
|    clip_range           | 0.2          |
|    entropy_loss         | -17          |
|    explained_variance   | 7.224083e-05 |
|    learning_rate        | 0.0003       |
|    loss                 | 10.5         |
|    n_updates            | 620          |
|    policy_gradient_loss | -0.0189      |
|    std                  | 0.995        |
|    value_loss           | 22.5         |
------------------------------------------
-------------------------------------------
| rollout/                |               |
|    ep_len_mean          | 1.49e+03      |
|    ep_rew_mean          | 711           |
| time/                   |               |
|    fps                  | 1814          |
|    iterations           | 64            |
|    time_elapsed         | 36            |
|    total_timesteps      | 65536         |
| train/                  |               |
|    approx_kl            | 0.026685994   |
|    clip_fraction        | 0.25          |
|    clip_range           | 0.2           |
|    entropy_loss         | -16.9         |
|    explained_variance   | 3.0875206e-05 |
|    learning_rate        | 0.0003        |
|    loss                 | 14.7          |
|    n_updates            | 630           |
|    policy_gradient_loss | -0.0219       |
|    std                  | 0.99          |
|    value_loss           | 29.9          |
-------------------------------------------
------------------------------------------
| rollout/                |              |
|    ep_len_mean          | 1.49e+03     |
|    ep_rew_mean          | 722          |
| time/                   |              |
|    fps                  | 1814         |
|    iterations           | 65           |
|    time_elapsed         | 36           |
|    total_timesteps      | 66560        |
| train/                  |              |
|    approx_kl            | 0.013660712  |
|    clip_fraction        | 0.312        |
|    clip_range           | 0.2          |
|    entropy_loss         | -16.9        |
|    explained_variance   | 4.005432e-05 |
|    learning_rate        | 0.0003       |
|    loss                 | 29.2         |
|    n_updates            | 640          |
|    policy_gradient_loss | 0.017        |
|    std                  | 0.99         |
|    value_loss           | 63.4         |
------------------------------------------
--------------------------------------------
| rollout/                |                |
|    ep_len_mean          | 1.49e+03       |
|    ep_rew_mean          | 736            |
| time/                   |                |
|    fps                  | 1814           |
|    iterations           | 66             |
|    time_elapsed         | 37             |
|    total_timesteps      | 67584          |
| train/                  |                |
|    approx_kl            | 0.009261396    |
|    clip_fraction        | 0.054          |
|    clip_range           | 0.2            |
|    entropy_loss         | -16.9          |
|    explained_variance   | -2.8371811e-05 |
|    learning_rate        | 0.0003         |
|    loss                 | 30.2           |
|    n_updates            | 650            |
|    policy_gradient_loss | -0.00961       |
|    std                  | 0.99           |
|    value_loss           | 67.8           |
--------------------------------------------
-------------------------------------------
| rollout/                |               |
|    ep_len_mean          | 1.49e+03      |
|    ep_rew_mean          | 748           |
| time/                   |               |
|    fps                  | 1814          |
|    iterations           | 67            |
|    time_elapsed         | 37            |
|    total_timesteps      | 68608         |
| train/                  |               |
|    approx_kl            | 0.00785422    |
|    clip_fraction        | 0.0535        |
|    clip_range           | 0.2           |
|    entropy_loss         | -16.9         |
|    explained_variance   | 5.1259995e-06 |
|    learning_rate        | 0.0003        |
|    loss                 | 28.4          |
|    n_updates            | 660           |
|    policy_gradient_loss | -0.00828      |
|    std                  | 0.989         |
|    value_loss           | 61.5          |
-------------------------------------------
-------------------------------------------
| rollout/                |               |
|    ep_len_mean          | 1.49e+03      |
|    ep_rew_mean          | 748           |
| time/                   |               |
|    fps                  | 1814          |
|    iterations           | 68            |
|    time_elapsed         | 38            |
|    total_timesteps      | 69632         |
| train/                  |               |
|    approx_kl            | 0.0088907415  |
|    clip_fraction        | 0.043         |
|    clip_range           | 0.2           |
|    entropy_loss         | -16.9         |
|    explained_variance   | 3.3318996e-05 |
|    learning_rate        | 0.0003        |
|    loss                 | 19.7          |
|    n_updates            | 670           |
|    policy_gradient_loss | -0.0106       |
|    std                  | 0.989         |
|    value_loss           | 47.6          |
-------------------------------------------
-------------------------------------------
| rollout/                |               |
|    ep_len_mean          | 1.49e+03      |
|    ep_rew_mean          | 746           |
| time/                   |               |
|    fps                  | 1814          |
|    iterations           | 69            |
|    time_elapsed         | 38            |
|    total_timesteps      | 70656         |
| train/                  |               |
|    approx_kl            | 0.008516076   |
|    clip_fraction        | 0.0865        |
|    clip_range           | 0.2           |
|    entropy_loss         | -16.9         |
|    explained_variance   | -2.503395e-05 |
|    learning_rate        | 0.0003        |
|    loss                 | 13.6          |
|    n_updates            | 680           |
|    policy_gradient_loss | -0.0158       |
|    std                  | 0.988         |
|    value_loss           | 30.1          |
-------------------------------------------
--------------------------------------------
| rollout/                |                |
|    ep_len_mean          | 1.49e+03       |
|    ep_rew_mean          | 750            |
| time/                   |                |
|    fps                  | 1815           |
|    iterations           | 70             |
|    time_elapsed         | 39             |
|    total_timesteps      | 71680          |
| train/                  |                |
|    approx_kl            | 0.010279433    |
|    clip_fraction        | 0.0972         |
|    clip_range           | 0.2            |
|    entropy_loss         | -16.9          |
|    explained_variance   | 1.21593475e-05 |
|    learning_rate        | 0.0003         |
|    loss                 | 19.8           |
|    n_updates            | 690            |
|    policy_gradient_loss | -0.0173        |
|    std                  | 0.986          |
|    value_loss           | 38             |
--------------------------------------------
-------------------------------------------
| rollout/                |               |
|    ep_len_mean          | 1.49e+03      |
|    ep_rew_mean          | 750           |
| time/                   |               |
|    fps                  | 1814          |
|    iterations           | 71            |
|    time_elapsed         | 40            |
|    total_timesteps      | 72704         |
| train/                  |               |
|    approx_kl            | 0.007715055   |
|    clip_fraction        | 0.0365        |
|    clip_range           | 0.2           |
|    entropy_loss         | -16.8         |
|    explained_variance   | 5.0008297e-05 |
|    learning_rate        | 0.0003        |
|    loss                 | 14.7          |
|    n_updates            | 700           |
|    policy_gradient_loss | -0.00937      |
|    std                  | 0.986         |
|    value_loss           | 32.2          |
-------------------------------------------
------------------------------------------
| rollout/                |              |
|    ep_len_mean          | 1.49e+03     |
|    ep_rew_mean          | 736          |
| time/                   |              |
|    fps                  | 1814         |
|    iterations           | 72           |
|    time_elapsed         | 40           |
|    total_timesteps      | 73728        |
| train/                  |              |
|    approx_kl            | 0.007460661  |
|    clip_fraction        | 0.0564       |
|    clip_range           | 0.2          |
|    entropy_loss         | -16.8        |
|    explained_variance   | 4.172325e-07 |
|    learning_rate        | 0.0003       |
|    loss                 | 37.9         |
|    n_updates            | 710          |
|    policy_gradient_loss | -0.0106      |
|    std                  | 0.985        |
|    value_loss           | 75.3         |
------------------------------------------
-------------------------------------------
| rollout/                |               |
|    ep_len_mean          | 1.49e+03      |
|    ep_rew_mean          | 734           |
| time/                   |               |
|    fps                  | 1814          |
|    iterations           | 73            |
|    time_elapsed         | 41            |
|    total_timesteps      | 74752         |
| train/                  |               |
|    approx_kl            | 0.01311845    |
|    clip_fraction        | 0.126         |
|    clip_range           | 0.2           |
|    entropy_loss         | -16.8         |
|    explained_variance   | 1.0371208e-05 |
|    learning_rate        | 0.0003        |
|    loss                 | 124           |
|    n_updates            | 720           |
|    policy_gradient_loss | -0.0174       |
|    std                  | 0.987         |
|    value_loss           | 220           |
-------------------------------------------
-------------------------------------------
| rollout/                |               |
|    ep_len_mean          | 1.49e+03      |
|    ep_rew_mean          | 734           |
| time/                   |               |
|    fps                  | 1814          |
|    iterations           | 74            |
|    time_elapsed         | 41            |
|    total_timesteps      | 75776         |
| train/                  |               |
|    approx_kl            | 0.006003853   |
|    clip_fraction        | 0.0411        |
|    clip_range           | 0.2           |
|    entropy_loss         | -16.9         |
|    explained_variance   | 1.6868114e-05 |
|    learning_rate        | 0.0003        |
|    loss                 | 74.8          |
|    n_updates            | 730           |
|    policy_gradient_loss | -0.00595      |
|    std                  | 0.987         |
|    value_loss           | 143           |
-------------------------------------------
-------------------------------------------
| rollout/                |               |
|    ep_len_mean          | 1.49e+03      |
|    ep_rew_mean          | 742           |
| time/                   |               |
|    fps                  | 1814          |
|    iterations           | 75            |
|    time_elapsed         | 42            |
|    total_timesteps      | 76800         |
| train/                  |               |
|    approx_kl            | 0.008114371   |
|    clip_fraction        | 0.0542        |
|    clip_range           | 0.2           |
|    entropy_loss         | -16.8         |
|    explained_variance   | 2.4735928e-05 |
|    learning_rate        | 0.0003        |
|    loss                 | 23.7          |
|    n_updates            | 740           |
|    policy_gradient_loss | -0.00917      |
|    std                  | 0.987         |
|    value_loss           | 52.1          |
-------------------------------------------
------------------------------------------
| rollout/                |              |
|    ep_len_mean          | 1.49e+03     |
|    ep_rew_mean          | 745          |
| time/                   |              |
|    fps                  | 1814         |
|    iterations           | 76           |
|    time_elapsed         | 42           |
|    total_timesteps      | 77824        |
| train/                  |              |
|    approx_kl            | 0.008425036  |
|    clip_fraction        | 0.0932       |
|    clip_range           | 0.2          |
|    entropy_loss         | -16.9        |
|    explained_variance   | 9.536743e-07 |
|    learning_rate        | 0.0003       |
|    loss                 | 20.1         |
|    n_updates            | 750          |
|    policy_gradient_loss | -0.0143      |
|    std                  | 0.987        |
|    value_loss           | 44.6         |
------------------------------------------
--------------------------------------------
| rollout/                |                |
|    ep_len_mean          | 1.49e+03       |
|    ep_rew_mean          | 745            |
| time/                   |                |
|    fps                  | 1814           |
|    iterations           | 77             |
|    time_elapsed         | 43             |
|    total_timesteps      | 78848          |
| train/                  |                |
|    approx_kl            | 0.00998935     |
|    clip_fraction        | 0.0604         |
|    clip_range           | 0.2            |
|    entropy_loss         | -16.9          |
|    explained_variance   | -2.3245811e-05 |
|    learning_rate        | 0.0003         |
|    loss                 | 15.7           |
|    n_updates            | 760            |
|    policy_gradient_loss | -0.0112        |
|    std                  | 0.987          |
|    value_loss           | 35.8           |
--------------------------------------------
------------------------------------------
| rollout/                |              |
|    ep_len_mean          | 1.49e+03     |
|    ep_rew_mean          | 752          |
| time/                   |              |
|    fps                  | 1814         |
|    iterations           | 78           |
|    time_elapsed         | 44           |
|    total_timesteps      | 79872        |
| train/                  |              |
|    approx_kl            | 0.0070167175 |
|    clip_fraction        | 0.0862       |
|    clip_range           | 0.2          |
|    entropy_loss         | -16.9        |
|    explained_variance   | 5.00679e-06  |
|    learning_rate        | 0.0003       |
|    loss                 | 11.1         |
|    n_updates            | 770          |
|    policy_gradient_loss | -0.0155      |
|    std                  | 0.988        |
|    value_loss           | 25.3         |
------------------------------------------
--------------------------------------------
| rollout/                |                |
|    ep_len_mean          | 1.49e+03       |
|    ep_rew_mean          | 764            |
| time/                   |                |
|    fps                  | 1813           |
|    iterations           | 79             |
|    time_elapsed         | 44             |
|    total_timesteps      | 80896          |
| train/                  |                |
|    approx_kl            | 0.007931237    |
|    clip_fraction        | 0.028          |
|    clip_range           | 0.2            |
|    entropy_loss         | -16.9          |
|    explained_variance   | -4.2438507e-05 |
|    learning_rate        | 0.0003         |
|    loss                 | 28.2           |
|    n_updates            | 780            |
|    policy_gradient_loss | -0.00836       |
|    std                  | 0.988          |
|    value_loss           | 63.4           |
--------------------------------------------
------------------------------------------
| rollout/                |              |
|    ep_len_mean          | 1.49e+03     |
|    ep_rew_mean          | 764          |
| time/                   |              |
|    fps                  | 1813         |
|    iterations           | 80           |
|    time_elapsed         | 45           |
|    total_timesteps      | 81920        |
| train/                  |              |
|    approx_kl            | 0.008429071  |
|    clip_fraction        | 0.0847       |
|    clip_range           | 0.2          |
|    entropy_loss         | -16.9        |
|    explained_variance   | 9.840727e-05 |
|    learning_rate        | 0.0003       |
|    loss                 | 17.7         |
|    n_updates            | 790          |
|    policy_gradient_loss | -0.0126      |
|    std                  | 0.988        |
|    value_loss           | 40.1         |
------------------------------------------
--------------------------------------------
| rollout/                |                |
|    ep_len_mean          | 1.49e+03       |
|    ep_rew_mean          | 747            |
| time/                   |                |
|    fps                  | 1813           |
|    iterations           | 81             |
|    time_elapsed         | 45             |
|    total_timesteps      | 82944          |
| train/                  |                |
|    approx_kl            | 0.004631997    |
|    clip_fraction        | 0.00889        |
|    clip_range           | 0.2            |
|    entropy_loss         | -16.9          |
|    explained_variance   | -2.6226044e-06 |
|    learning_rate        | 0.0003         |
|    loss                 | 292            |
|    n_updates            | 800            |
|    policy_gradient_loss | -0.00529       |
|    std                  | 0.988          |
|    value_loss           | 564            |
--------------------------------------------
-------------------------------------------
| rollout/                |               |
|    ep_len_mean          | 1.49e+03      |
|    ep_rew_mean          | 756           |
| time/                   |               |
|    fps                  | 1813          |
|    iterations           | 82            |
|    time_elapsed         | 46            |
|    total_timesteps      | 83968         |
| train/                  |               |
|    approx_kl            | 0.008784476   |
|    clip_fraction        | 0.0396        |
|    clip_range           | 0.2           |
|    entropy_loss         | -16.9         |
|    explained_variance   | -1.168251e-05 |
|    learning_rate        | 0.0003        |
|    loss                 | 29.3          |
|    n_updates            | 810           |
|    policy_gradient_loss | -0.00809      |
|    std                  | 0.988         |
|    value_loss           | 64.1          |
-------------------------------------------
--------------------------------------------
| rollout/                |                |
|    ep_len_mean          | 1.49e+03       |
|    ep_rew_mean          | 766            |
| time/                   |                |
|    fps                  | 1813           |
|    iterations           | 83             |
|    time_elapsed         | 46             |
|    total_timesteps      | 84992          |
| train/                  |                |
|    approx_kl            | 0.004615771    |
|    clip_fraction        | 0.00771        |
|    clip_range           | 0.2            |
|    entropy_loss         | -16.9          |
|    explained_variance   | -2.4795532e-05 |
|    learning_rate        | 0.0003         |
|    loss                 | 21.9           |
|    n_updates            | 820            |
|    policy_gradient_loss | -0.00612       |
|    std                  | 0.988          |
|    value_loss           | 47.8           |
--------------------------------------------
-------------------------------------------
| rollout/                |               |
|    ep_len_mean          | 1.49e+03      |
|    ep_rew_mean          | 766           |
| time/                   |               |
|    fps                  | 1813          |
|    iterations           | 84            |
|    time_elapsed         | 47            |
|    total_timesteps      | 86016         |
| train/                  |               |
|    approx_kl            | 0.011630867   |
|    clip_fraction        | 0.0654        |
|    clip_range           | 0.2           |
|    entropy_loss         | -16.9         |
|    explained_variance   | -5.173683e-05 |
|    learning_rate        | 0.0003        |
|    loss                 | 19.5          |
|    n_updates            | 830           |
|    policy_gradient_loss | -0.0114       |
|    std                  | 0.989         |
|    value_loss           | 45.3          |
-------------------------------------------
-------------------------------------------
| rollout/                |               |
|    ep_len_mean          | 1.49e+03      |
|    ep_rew_mean          | 757           |
| time/                   |               |
|    fps                  | 1814          |
|    iterations           | 85            |
|    time_elapsed         | 47            |
|    total_timesteps      | 87040         |
| train/                  |               |
|    approx_kl            | 0.008315981   |
|    clip_fraction        | 0.0857        |
|    clip_range           | 0.2           |
|    entropy_loss         | -16.9         |
|    explained_variance   | 1.1920929e-06 |
|    learning_rate        | 0.0003        |
|    loss                 | 41.4          |
|    n_updates            | 840           |
|    policy_gradient_loss | -0.0143       |
|    std                  | 0.987         |
|    value_loss           | 85.2          |
-------------------------------------------
------------------------------------------
| rollout/                |              |
|    ep_len_mean          | 1.49e+03     |
|    ep_rew_mean          | 766          |
| time/                   |              |
|    fps                  | 1814         |
|    iterations           | 86           |
|    time_elapsed         | 48           |
|    total_timesteps      | 88064        |
| train/                  |              |
|    approx_kl            | 0.023162305  |
|    clip_fraction        | 0.217        |
|    clip_range           | 0.2          |
|    entropy_loss         | -16.8        |
|    explained_variance   | 9.000301e-06 |
|    learning_rate        | 0.0003       |
|    loss                 | 40.3         |
|    n_updates            | 850          |
|    policy_gradient_loss | -0.022       |
|    std                  | 0.985        |
|    value_loss           | 79.6         |
------------------------------------------
------------------------------------------
| rollout/                |              |
|    ep_len_mean          | 1.49e+03     |
|    ep_rew_mean          | 766          |
| time/                   |              |
|    fps                  | 1814         |
|    iterations           | 87           |
|    time_elapsed         | 49           |
|    total_timesteps      | 89088        |
| train/                  |              |
|    approx_kl            | 0.007217639  |
|    clip_fraction        | 0.0592       |
|    clip_range           | 0.2          |
|    entropy_loss         | -16.8        |
|    explained_variance   | -6.67572e-06 |
|    learning_rate        | 0.0003       |
|    loss                 | 25.6         |
|    n_updates            | 860          |
|    policy_gradient_loss | -0.0034      |
|    std                  | 0.984        |
|    value_loss           | 57.2         |
------------------------------------------
--------------------------------------------
| rollout/                |                |
|    ep_len_mean          | 1.49e+03       |
|    ep_rew_mean          | 771            |
| time/                   |                |
|    fps                  | 1814           |
|    iterations           | 88             |
|    time_elapsed         | 49             |
|    total_timesteps      | 90112          |
| train/                  |                |
|    approx_kl            | 0.008329527    |
|    clip_fraction        | 0.0888         |
|    clip_range           | 0.2            |
|    entropy_loss         | -16.8          |
|    explained_variance   | -2.2649765e-06 |
|    learning_rate        | 0.0003         |
|    loss                 | 8.54           |
|    n_updates            | 870            |
|    policy_gradient_loss | -0.0129        |
|    std                  | 0.984          |
|    value_loss           | 19.8           |
--------------------------------------------
--------------------------------------------
| rollout/                |                |
|    ep_len_mean          | 1.49e+03       |
|    ep_rew_mean          | 761            |
| time/                   |                |
|    fps                  | 1814           |
|    iterations           | 89             |
|    time_elapsed         | 50             |
|    total_timesteps      | 91136          |
| train/                  |                |
|    approx_kl            | 0.010811944    |
|    clip_fraction        | 0.11           |
|    clip_range           | 0.2            |
|    entropy_loss         | -16.8          |
|    explained_variance   | -5.9604645e-07 |
|    learning_rate        | 0.0003         |
|    loss                 | 10.6           |
|    n_updates            | 880            |
|    policy_gradient_loss | -0.0166        |
|    std                  | 0.984          |
|    value_loss           | 23.4           |
--------------------------------------------
------------------------------------------
| rollout/                |              |
|    ep_len_mean          | 1.49e+03     |
|    ep_rew_mean          | 761          |
| time/                   |              |
|    fps                  | 1814         |
|    iterations           | 90           |
|    time_elapsed         | 50           |
|    total_timesteps      | 92160        |
| train/                  |              |
|    approx_kl            | 0.0028226117 |
|    clip_fraction        | 0.00156      |
|    clip_range           | 0.2          |
|    entropy_loss         | -16.8        |
|    explained_variance   | 9.000301e-06 |
|    learning_rate        | 0.0003       |
|    loss                 | 122          |
|    n_updates            | 890          |
|    policy_gradient_loss | -0.00554     |
|    std                  | 0.984        |
|    value_loss           | 232          |
------------------------------------------
-------------------------------------------
| rollout/                |               |
|    ep_len_mean          | 1.49e+03      |
|    ep_rew_mean          | 772           |
| time/                   |               |
|    fps                  | 1814          |
|    iterations           | 91            |
|    time_elapsed         | 51            |
|    total_timesteps      | 93184         |
| train/                  |               |
|    approx_kl            | 0.010377608   |
|    clip_fraction        | 0.0494        |
|    clip_range           | 0.2           |
|    entropy_loss         | -16.8         |
|    explained_variance   | 8.6545944e-05 |
|    learning_rate        | 0.0003        |
|    loss                 | 30            |
|    n_updates            | 900           |
|    policy_gradient_loss | -0.0086       |
|    std                  | 0.984         |
|    value_loss           | 64.4          |
-------------------------------------------
-------------------------------------------
| rollout/                |               |
|    ep_len_mean          | 1.49e+03      |
|    ep_rew_mean          | 779           |
| time/                   |               |
|    fps                  | 1814          |
|    iterations           | 92            |
|    time_elapsed         | 51            |
|    total_timesteps      | 94208         |
| train/                  |               |
|    approx_kl            | 0.0086147385  |
|    clip_fraction        | 0.0463        |
|    clip_range           | 0.2           |
|    entropy_loss         | -16.8         |
|    explained_variance   | 3.4213066e-05 |
|    learning_rate        | 0.0003        |
|    loss                 | 12.7          |
|    n_updates            | 910           |
|    policy_gradient_loss | -0.0127       |
|    std                  | 0.985         |
|    value_loss           | 28.9          |
-------------------------------------------
-------------------------------------------
| rollout/                |               |
|    ep_len_mean          | 1.49e+03      |
|    ep_rew_mean          | 779           |
| time/                   |               |
|    fps                  | 1814          |
|    iterations           | 93            |
|    time_elapsed         | 52            |
|    total_timesteps      | 95232         |
| train/                  |               |
|    approx_kl            | 0.0045744353  |
|    clip_fraction        | 0.00625       |
|    clip_range           | 0.2           |
|    entropy_loss         | -16.8         |
|    explained_variance   | 2.6404858e-05 |
|    learning_rate        | 0.0003        |
|    loss                 | 19.9          |
|    n_updates            | 920           |
|    policy_gradient_loss | -0.00629      |
|    std                  | 0.985         |
|    value_loss           | 45.2          |
-------------------------------------------
-------------------------------------------
| rollout/                |               |
|    ep_len_mean          | 1.49e+03      |
|    ep_rew_mean          | 788           |
| time/                   |               |
|    fps                  | 1814          |
|    iterations           | 94            |
|    time_elapsed         | 53            |
|    total_timesteps      | 96256         |
| train/                  |               |
|    approx_kl            | 0.005685056   |
|    clip_fraction        | 0.0153        |
|    clip_range           | 0.2           |
|    entropy_loss         | -16.8         |
|    explained_variance   | 3.2365322e-05 |
|    learning_rate        | 0.0003        |
|    loss                 | 19.6          |
|    n_updates            | 930           |
|    policy_gradient_loss | -0.00619      |
|    std                  | 0.985         |
|    value_loss           | 44.2          |
-------------------------------------------
--------------------------------------------
| rollout/                |                |
|    ep_len_mean          | 1.49e+03       |
|    ep_rew_mean          | 797            |
| time/                   |                |
|    fps                  | 1814           |
|    iterations           | 95             |
|    time_elapsed         | 53             |
|    total_timesteps      | 97280          |
| train/                  |                |
|    approx_kl            | 0.009989528    |
|    clip_fraction        | 0.062          |
|    clip_range           | 0.2            |
|    entropy_loss         | -16.8          |
|    explained_variance   | -4.2796135e-05 |
|    learning_rate        | 0.0003         |
|    loss                 | 18.8           |
|    n_updates            | 940            |
|    policy_gradient_loss | -0.0123        |
|    std                  | 0.985          |
|    value_loss           | 42.2           |
--------------------------------------------
------------------------------------------
| rollout/                |              |
|    ep_len_mean          | 1.49e+03     |
|    ep_rew_mean          | 797          |
| time/                   |              |
|    fps                  | 1814         |
|    iterations           | 96           |
|    time_elapsed         | 54           |
|    total_timesteps      | 98304        |
| train/                  |              |
|    approx_kl            | 0.0059927227 |
|    clip_fraction        | 0.0216       |
|    clip_range           | 0.2          |
|    entropy_loss         | -16.8        |
|    explained_variance   | 6.67572e-06  |
|    learning_rate        | 0.0003       |
|    loss                 | 20.6         |
|    n_updates            | 950          |
|    policy_gradient_loss | -0.00636     |
|    std                  | 0.984        |
|    value_loss           | 45           |
------------------------------------------
--------------------------------------------
| rollout/                |                |
|    ep_len_mean          | 1.49e+03       |
|    ep_rew_mean          | 803            |
| time/                   |                |
|    fps                  | 1814           |
|    iterations           | 97             |
|    time_elapsed         | 54             |
|    total_timesteps      | 99328          |
| train/                  |                |
|    approx_kl            | 0.0072381794   |
|    clip_fraction        | 0.0841         |
|    clip_range           | 0.2            |
|    entropy_loss         | -16.8          |
|    explained_variance   | -1.0848045e-05 |
|    learning_rate        | 0.0003         |
|    loss                 | 10.3           |
|    n_updates            | 960            |
|    policy_gradient_loss | -0.0142        |
|    std                  | 0.983          |
|    value_loss           | 21.9           |
--------------------------------------------
--------------------------------------------
| rollout/                |                |
|    ep_len_mean          | 1.49e+03       |
|    ep_rew_mean          | 803            |
| time/                   |                |
|    fps                  | 1814           |
|    iterations           | 98             |
|    time_elapsed         | 55             |
|    total_timesteps      | 100352         |
| train/                  |                |
|    approx_kl            | 0.009496588    |
|    clip_fraction        | 0.0865         |
|    clip_range           | 0.2            |
|    entropy_loss         | -16.8          |
|    explained_variance   | -7.2717667e-06 |
|    learning_rate        | 0.0003         |
|    loss                 | 18             |
|    n_updates            | 970            |
|    policy_gradient_loss | -0.0165        |
|    std                  | 0.981          |
|    value_loss           | 36.9           |
--------------------------------------------
-------------------------------------------
| rollout/                |               |
|    ep_len_mean          | 1.49e+03      |
|    ep_rew_mean          | 811           |
| time/                   |               |
|    fps                  | 1814          |
|    iterations           | 99            |
|    time_elapsed         | 55            |
|    total_timesteps      | 101376        |
| train/                  |               |
|    approx_kl            | 0.013548107   |
|    clip_fraction        | 0.113         |
|    clip_range           | 0.2           |
|    entropy_loss         | -16.8         |
|    explained_variance   | 3.9339066e-06 |
|    learning_rate        | 0.0003        |
|    loss                 | 17.5          |
|    n_updates            | 980           |
|    policy_gradient_loss | -0.0174       |
|    std                  | 0.982         |
|    value_loss           | 38.8          |
-------------------------------------------
--------------------------------------------
| rollout/                |                |
|    ep_len_mean          | 1.49e+03       |
|    ep_rew_mean          | 811            |
| time/                   |                |
|    fps                  | 1814           |
|    iterations           | 100            |
|    time_elapsed         | 56             |
|    total_timesteps      | 102400         |
| train/                  |                |
|    approx_kl            | 0.0060757073   |
|    clip_fraction        | 0.0245         |
|    clip_range           | 0.2            |
|    entropy_loss         | -16.8          |
|    explained_variance   | -5.4717064e-05 |
|    learning_rate        | 0.0003         |
|    loss                 | 15.5           |
|    n_updates            | 990            |
|    policy_gradient_loss | -0.00463       |
|    std                  | 0.981          |
|    value_loss           | 35.4           |
--------------------------------------------
-------------------------------------------
| rollout/                |               |
|    ep_len_mean          | 1.49e+03      |
|    ep_rew_mean          | 817           |
| time/                   |               |
|    fps                  | 1814          |
|    iterations           | 101           |
|    time_elapsed         | 57            |
|    total_timesteps      | 103424        |
| train/                  |               |
|    approx_kl            | 0.00842894    |
|    clip_fraction        | 0.0575        |
|    clip_range           | 0.2           |
|    entropy_loss         | -16.8         |
|    explained_variance   | 1.9669533e-06 |
|    learning_rate        | 0.0003        |
|    loss                 | 16.3          |
|    n_updates            | 1000          |
|    policy_gradient_loss | -0.0107       |
|    std                  | 0.981         |
|    value_loss           | 37.1          |
-------------------------------------------
-------------------------------------------
| rollout/                |               |
|    ep_len_mean          | 1.49e+03      |
|    ep_rew_mean          | 816           |
| time/                   |               |
|    fps                  | 1814          |
|    iterations           | 102           |
|    time_elapsed         | 57            |
|    total_timesteps      | 104448        |
| train/                  |               |
|    approx_kl            | 0.01048585    |
|    clip_fraction        | 0.102         |
|    clip_range           | 0.2           |
|    entropy_loss         | -16.8         |
|    explained_variance   | 2.2649765e-06 |
|    learning_rate        | 0.0003        |
|    loss                 | 16.6          |
|    n_updates            | 1010          |
|    policy_gradient_loss | -0.0144       |
|    std                  | 0.981         |
|    value_loss           | 35.3          |
-------------------------------------------
------------------------------------------
| rollout/                |              |
|    ep_len_mean          | 1.49e+03     |
|    ep_rew_mean          | 816          |
| time/                   |              |
|    fps                  | 1813         |
|    iterations           | 103          |
|    time_elapsed         | 58           |
|    total_timesteps      | 105472       |
| train/                  |              |
|    approx_kl            | 0.008530928  |
|    clip_fraction        | 0.0824       |
|    clip_range           | 0.2          |
|    entropy_loss         | -16.8        |
|    explained_variance   | 1.013279e-06 |
|    learning_rate        | 0.0003       |
|    loss                 | 101          |
|    n_updates            | 1020         |
|    policy_gradient_loss | -0.0135      |
|    std                  | 0.981        |
|    value_loss           | 219          |
------------------------------------------
-------------------------------------------
| rollout/                |               |
|    ep_len_mean          | 1.49e+03      |
|    ep_rew_mean          | 822           |
| time/                   |               |
|    fps                  | 1813          |
|    iterations           | 104           |
|    time_elapsed         | 58            |
|    total_timesteps      | 106496        |
| train/                  |               |
|    approx_kl            | 0.0069687134  |
|    clip_fraction        | 0.0831        |
|    clip_range           | 0.2           |
|    entropy_loss         | -16.8         |
|    explained_variance   | -1.335144e-05 |
|    learning_rate        | 0.0003        |
|    loss                 | 14            |
|    n_updates            | 1030          |
|    policy_gradient_loss | -0.014        |
|    std                  | 0.981         |
|    value_loss           | 30.6          |
-------------------------------------------
--------------------------------------------
| rollout/                |                |
|    ep_len_mean          | 1.49e+03       |
|    ep_rew_mean          | 830            |
| time/                   |                |
|    fps                  | 1813           |
|    iterations           | 105            |
|    time_elapsed         | 59             |
|    total_timesteps      | 107520         |
| train/                  |                |
|    approx_kl            | 0.007798057    |
|    clip_fraction        | 0.037          |
|    clip_range           | 0.2            |
|    entropy_loss         | -16.8          |
|    explained_variance   | -1.4305115e-06 |
|    learning_rate        | 0.0003         |
|    loss                 | 11             |
|    n_updates            | 1040           |
|    policy_gradient_loss | -0.00823       |
|    std                  | 0.981          |
|    value_loss           | 25.9           |
--------------------------------------------
-------------------------------------------
| rollout/                |               |
|    ep_len_mean          | 1.49e+03      |
|    ep_rew_mean          | 830           |
| time/                   |               |
|    fps                  | 1814          |
|    iterations           | 106           |
|    time_elapsed         | 59            |
|    total_timesteps      | 108544        |
| train/                  |               |
|    approx_kl            | 0.009383457   |
|    clip_fraction        | 0.0819        |
|    clip_range           | 0.2           |
|    entropy_loss         | -16.8         |
|    explained_variance   | -5.197525e-05 |
|    learning_rate        | 0.0003        |
|    loss                 | 12.6          |
|    n_updates            | 1050          |
|    policy_gradient_loss | -0.0132       |
|    std                  | 0.981         |
|    value_loss           | 28.7          |
-------------------------------------------
-------------------------------------------
| rollout/                |               |
|    ep_len_mean          | 1.49e+03      |
|    ep_rew_mean          | 837           |
| time/                   |               |
|    fps                  | 1813          |
|    iterations           | 107           |
|    time_elapsed         | 60            |
|    total_timesteps      | 109568        |
| train/                  |               |
|    approx_kl            | 0.00724437    |
|    clip_fraction        | 0.0692        |
|    clip_range           | 0.2           |
|    entropy_loss         | -16.8         |
|    explained_variance   | 6.5624714e-05 |
|    learning_rate        | 0.0003        |
|    loss                 | 13.1          |
|    n_updates            | 1060          |
|    policy_gradient_loss | -0.0123       |
|    std                  | 0.98          |
|    value_loss           | 31            |
-------------------------------------------
-------------------------------------------
| rollout/                |               |
|    ep_len_mean          | 1.49e+03      |
|    ep_rew_mean          | 816           |
| time/                   |               |
|    fps                  | 1813          |
|    iterations           | 108           |
|    time_elapsed         | 60            |
|    total_timesteps      | 110592        |
| train/                  |               |
|    approx_kl            | 0.009169139   |
|    clip_fraction        | 0.132         |
|    clip_range           | 0.2           |
|    entropy_loss         | -16.8         |
|    explained_variance   | 1.9073486e-06 |
|    learning_rate        | 0.0003        |
|    loss                 | 40.1          |
|    n_updates            | 1070          |
|    policy_gradient_loss | -0.0156       |
|    std                  | 0.981         |
|    value_loss           | 79            |
-------------------------------------------
-------------------------------------------
| rollout/                |               |
|    ep_len_mean          | 1.49e+03      |
|    ep_rew_mean          | 816           |
| time/                   |               |
|    fps                  | 1813          |
|    iterations           | 109           |
|    time_elapsed         | 61            |
|    total_timesteps      | 111616        |
| train/                  |               |
|    approx_kl            | 0.0041508004  |
|    clip_fraction        | 0.00771       |
|    clip_range           | 0.2           |
|    entropy_loss         | -16.8         |
|    explained_variance   | 1.0728836e-06 |
|    learning_rate        | 0.0003        |
|    loss                 | 366           |
|    n_updates            | 1080          |
|    policy_gradient_loss | -0.00597      |
|    std                  | 0.982         |
|    value_loss           | 854           |
-------------------------------------------
------------------------------------------
| rollout/                |              |
|    ep_len_mean          | 1.49e+03     |
|    ep_rew_mean          | 816          |
| time/                   |              |
|    fps                  | 1813         |
|    iterations           | 110          |
|    time_elapsed         | 62           |
|    total_timesteps      | 112640       |
| train/                  |              |
|    approx_kl            | 0.018646447  |
|    clip_fraction        | 0.239        |
|    clip_range           | 0.2          |
|    entropy_loss         | -16.8        |
|    explained_variance   | 4.887581e-06 |
|    learning_rate        | 0.0003       |
|    loss                 | 25.6         |
|    n_updates            | 1090         |
|    policy_gradient_loss | -0.0188      |
|    std                  | 0.979        |
|    value_loss           | 52.6         |
------------------------------------------
------------------------------------------
| rollout/                |              |
|    ep_len_mean          | 1.49e+03     |
|    ep_rew_mean          | 824          |
| time/                   |              |
|    fps                  | 1813         |
|    iterations           | 111          |
|    time_elapsed         | 62           |
|    total_timesteps      | 113664       |
| train/                  |              |
|    approx_kl            | 0.0139418375 |
|    clip_fraction        | 0.242        |
|    clip_range           | 0.2          |
|    entropy_loss         | -16.8        |
|    explained_variance   | -8.34465e-07 |
|    learning_rate        | 0.0003       |
|    loss                 | 40.1         |
|    n_updates            | 1100         |
|    policy_gradient_loss | -0.00813     |
|    std                  | 0.98         |
|    value_loss           | 86.2         |
------------------------------------------
--------------------------------------------
| rollout/                |                |
|    ep_len_mean          | 1.49e+03       |
|    ep_rew_mean          | 824            |
| time/                   |                |
|    fps                  | 1813           |
|    iterations           | 112            |
|    time_elapsed         | 63             |
|    total_timesteps      | 114688         |
| train/                  |                |
|    approx_kl            | 0.007513034    |
|    clip_fraction        | 0.0433         |
|    clip_range           | 0.2            |
|    entropy_loss         | -16.8          |
|    explained_variance   | -2.0623207e-05 |
|    learning_rate        | 0.0003         |
|    loss                 | 10.3           |
|    n_updates            | 1110           |
|    policy_gradient_loss | -0.01          |
|    std                  | 0.98           |
|    value_loss           | 25.1           |
--------------------------------------------
--------------------------------------------
| rollout/                |                |
|    ep_len_mean          | 1.49e+03       |
|    ep_rew_mean          | 825            |
| time/                   |                |
|    fps                  | 1813           |
|    iterations           | 113            |
|    time_elapsed         | 63             |
|    total_timesteps      | 115712         |
| train/                  |                |
|    approx_kl            | 0.010858804    |
|    clip_fraction        | 0.138          |
|    clip_range           | 0.2            |
|    entropy_loss         | -16.8          |
|    explained_variance   | -2.9802322e-06 |
|    learning_rate        | 0.0003         |
|    loss                 | 10.4           |
|    n_updates            | 1120           |
|    policy_gradient_loss | -0.0206        |
|    std                  | 0.985          |
|    value_loss           | 22.5           |
--------------------------------------------
--------------------------------------------
| rollout/                |                |
|    ep_len_mean          | 1.49e+03       |
|    ep_rew_mean          | 830            |
| time/                   |                |
|    fps                  | 1813           |
|    iterations           | 114            |
|    time_elapsed         | 64             |
|    total_timesteps      | 116736         |
| train/                  |                |
|    approx_kl            | 0.013331408    |
|    clip_fraction        | 0.112          |
|    clip_range           | 0.2            |
|    entropy_loss         | -16.8          |
|    explained_variance   | -1.2874603e-05 |
|    learning_rate        | 0.0003         |
|    loss                 | 14.5           |
|    n_updates            | 1130           |
|    policy_gradient_loss | -0.00938       |
|    std                  | 0.986          |
|    value_loss           | 32.9           |
--------------------------------------------
--------------------------------------------
| rollout/                |                |
|    ep_len_mean          | 1.49e+03       |
|    ep_rew_mean          | 835            |
| time/                   |                |
|    fps                  | 1813           |
|    iterations           | 115            |
|    time_elapsed         | 64             |
|    total_timesteps      | 117760         |
| train/                  |                |
|    approx_kl            | 0.012250645    |
|    clip_fraction        | 0.111          |
|    clip_range           | 0.2            |
|    entropy_loss         | -16.8          |
|    explained_variance   | -3.5762787e-07 |
|    learning_rate        | 0.0003         |
|    loss                 | 7.8            |
|    n_updates            | 1140           |
|    policy_gradient_loss | -0.0174        |
|    std                  | 0.986          |
|    value_loss           | 17.1           |
--------------------------------------------
--------------------------------------------
| rollout/                |                |
|    ep_len_mean          | 1.49e+03       |
|    ep_rew_mean          | 835            |
| time/                   |                |
|    fps                  | 1813           |
|    iterations           | 116            |
|    time_elapsed         | 65             |
|    total_timesteps      | 118784         |
| train/                  |                |
|    approx_kl            | 0.008308811    |
|    clip_fraction        | 0.0917         |
|    clip_range           | 0.2            |
|    entropy_loss         | -16.8          |
|    explained_variance   | -1.4424324e-05 |
|    learning_rate        | 0.0003         |
|    loss                 | 5.69           |
|    n_updates            | 1150           |
|    policy_gradient_loss | -0.0112        |
|    std                  | 0.985          |
|    value_loss           | 14.4           |
--------------------------------------------
-------------------------------------------
| rollout/                |               |
|    ep_len_mean          | 1.49e+03      |
|    ep_rew_mean          | 837           |
| time/                   |               |
|    fps                  | 1813          |
|    iterations           | 117           |
|    time_elapsed         | 66            |
|    total_timesteps      | 119808        |
| train/                  |               |
|    approx_kl            | 0.011427812   |
|    clip_fraction        | 0.112         |
|    clip_range           | 0.2           |
|    entropy_loss         | -16.8         |
|    explained_variance   | 2.5629997e-05 |
|    learning_rate        | 0.0003        |
|    loss                 | 1.84          |
|    n_updates            | 1160          |
|    policy_gradient_loss | -0.0187       |
|    std                  | 0.985         |
|    value_loss           | 4.55          |
-------------------------------------------
------------------------------------------
| rollout/                |              |
|    ep_len_mean          | 1.49e+03     |
|    ep_rew_mean          | 842          |
| time/                   |              |
|    fps                  | 1813         |
|    iterations           | 118          |
|    time_elapsed         | 66           |
|    total_timesteps      | 120832       |
| train/                  |              |
|    approx_kl            | 0.010840407  |
|    clip_fraction        | 0.107        |
|    clip_range           | 0.2          |
|    entropy_loss         | -16.8        |
|    explained_variance   | 4.172325e-06 |
|    learning_rate        | 0.0003       |
|    loss                 | 9.63         |
|    n_updates            | 1170         |
|    policy_gradient_loss | -0.0175      |
|    std                  | 0.985        |
|    value_loss           | 21.4         |
------------------------------------------
-------------------------------------------
| rollout/                |               |
|    ep_len_mean          | 1.49e+03      |
|    ep_rew_mean          | 842           |
| time/                   |               |
|    fps                  | 1813          |
|    iterations           | 119           |
|    time_elapsed         | 67            |
|    total_timesteps      | 121856        |
| train/                  |               |
|    approx_kl            | 0.009993834   |
|    clip_fraction        | 0.102         |
|    clip_range           | 0.2           |
|    entropy_loss         | -16.8         |
|    explained_variance   | 1.9192696e-05 |
|    learning_rate        | 0.0003        |
|    loss                 | 4.91          |
|    n_updates            | 1180          |
|    policy_gradient_loss | -0.0167       |
|    std                  | 0.985         |
|    value_loss           | 11.5          |
-------------------------------------------
--------------------------------------------
| rollout/                |                |
|    ep_len_mean          | 1.49e+03       |
|    ep_rew_mean          | 847            |
| time/                   |                |
|    fps                  | 1813           |
|    iterations           | 120            |
|    time_elapsed         | 67             |
|    total_timesteps      | 122880         |
| train/                  |                |
|    approx_kl            | 0.009467226    |
|    clip_fraction        | 0.0588         |
|    clip_range           | 0.2            |
|    entropy_loss         | -16.8          |
|    explained_variance   | -2.0623207e-05 |
|    learning_rate        | 0.0003         |
|    loss                 | 8.85           |
|    n_updates            | 1190           |
|    policy_gradient_loss | -0.0103        |
|    std                  | 0.985          |
|    value_loss           | 21             |
--------------------------------------------
--------------------------------------------
| rollout/                |                |
|    ep_len_mean          | 1.49e+03       |
|    ep_rew_mean          | 844            |
| time/                   |                |
|    fps                  | 1813           |
|    iterations           | 121            |
|    time_elapsed         | 68             |
|    total_timesteps      | 123904         |
| train/                  |                |
|    approx_kl            | 0.00823611     |
|    clip_fraction        | 0.0846         |
|    clip_range           | 0.2            |
|    entropy_loss         | -16.8          |
|    explained_variance   | -4.4107437e-06 |
|    learning_rate        | 0.0003         |
|    loss                 | 30.1           |
|    n_updates            | 1200           |
|    policy_gradient_loss | -0.0146        |
|    std                  | 0.984          |
|    value_loss           | 64.3           |
--------------------------------------------
--------------------------------------------
| rollout/                |                |
|    ep_len_mean          | 1.49e+03       |
|    ep_rew_mean          | 844            |
| time/                   |                |
|    fps                  | 1813           |
|    iterations           | 122            |
|    time_elapsed         | 68             |
|    total_timesteps      | 124928         |
| train/                  |                |
|    approx_kl            | 0.01239197     |
|    clip_fraction        | 0.14           |
|    clip_range           | 0.2            |
|    entropy_loss         | -16.8          |
|    explained_variance   | -1.9073486e-06 |
|    learning_rate        | 0.0003         |
|    loss                 | 14.7           |
|    n_updates            | 1210           |
|    policy_gradient_loss | -0.019         |
|    std                  | 0.981          |
|    value_loss           | 27.4           |
--------------------------------------------
-------------------------------------------
| rollout/                |               |
|    ep_len_mean          | 1.49e+03      |
|    ep_rew_mean          | 848           |
| time/                   |               |
|    fps                  | 1813          |
|    iterations           | 123           |
|    time_elapsed         | 69            |
|    total_timesteps      | 125952        |
| train/                  |               |
|    approx_kl            | 0.0114673395  |
|    clip_fraction        | 0.129         |
|    clip_range           | 0.2           |
|    entropy_loss         | -16.8         |
|    explained_variance   | 4.9233437e-05 |
|    learning_rate        | 0.0003        |
|    loss                 | 5.91          |
|    n_updates            | 1220          |
|    policy_gradient_loss | -0.0113       |
|    std                  | 0.98          |
|    value_loss           | 13.3          |
-------------------------------------------
--------------------------------------------
| rollout/                |                |
|    ep_len_mean          | 1.49e+03       |
|    ep_rew_mean          | 845            |
| time/                   |                |
|    fps                  | 1814           |
|    iterations           | 124            |
|    time_elapsed         | 69             |
|    total_timesteps      | 126976         |
| train/                  |                |
|    approx_kl            | 0.010043465    |
|    clip_fraction        | 0.109          |
|    clip_range           | 0.2            |
|    entropy_loss         | -16.8          |
|    explained_variance   | -1.3113022e-06 |
|    learning_rate        | 0.0003         |
|    loss                 | 3.78           |
|    n_updates            | 1230           |
|    policy_gradient_loss | -0.0187        |
|    std                  | 0.98           |
|    value_loss           | 9.92           |
--------------------------------------------
-------------------------------------------
| rollout/                |               |
|    ep_len_mean          | 1.49e+03      |
|    ep_rew_mean          | 845           |
| time/                   |               |
|    fps                  | 1813          |
|    iterations           | 125           |
|    time_elapsed         | 70            |
|    total_timesteps      | 128000        |
| train/                  |               |
|    approx_kl            | 0.006348203   |
|    clip_fraction        | 0.0538        |
|    clip_range           | 0.2           |
|    entropy_loss         | -16.8         |
|    explained_variance   | 3.3974648e-06 |
|    learning_rate        | 0.0003        |
|    loss                 | 50.7          |
|    n_updates            | 1240          |
|    policy_gradient_loss | -0.00919      |
|    std                  | 0.98          |
|    value_loss           | 94.9          |
-------------------------------------------
------------------------------------------
| rollout/                |              |
|    ep_len_mean          | 1.49e+03     |
|    ep_rew_mean          | 850          |
| time/                   |              |
|    fps                  | 1814         |
|    iterations           | 126          |
|    time_elapsed         | 71           |
|    total_timesteps      | 129024       |
| train/                  |              |
|    approx_kl            | 0.009046289  |
|    clip_fraction        | 0.127        |
|    clip_range           | 0.2          |
|    entropy_loss         | -16.8        |
|    explained_variance   | 2.503395e-05 |
|    learning_rate        | 0.0003       |
|    loss                 | 5.84         |
|    n_updates            | 1250         |
|    policy_gradient_loss | -0.018       |
|    std                  | 0.981        |
|    value_loss           | 13.3         |
------------------------------------------
------------------------------------------
| rollout/                |              |
|    ep_len_mean          | 1.49e+03     |
|    ep_rew_mean          | 849          |
| time/                   |              |
|    fps                  | 1814         |
|    iterations           | 127          |
|    time_elapsed         | 71           |
|    total_timesteps      | 130048       |
| train/                  |              |
|    approx_kl            | 0.009258417  |
|    clip_fraction        | 0.0724       |
|    clip_range           | 0.2          |
|    entropy_loss         | -16.8        |
|    explained_variance   | 2.861023e-06 |
|    learning_rate        | 0.0003       |
|    loss                 | 8.71         |
|    n_updates            | 1260         |
|    policy_gradient_loss | -0.0136      |
|    std                  | 0.98         |
|    value_loss           | 18.7         |
------------------------------------------
-------------------------------------------
| rollout/                |               |
|    ep_len_mean          | 1.49e+03      |
|    ep_rew_mean          | 849           |
| time/                   |               |
|    fps                  | 1814          |
|    iterations           | 128           |
|    time_elapsed         | 72            |
|    total_timesteps      | 131072        |
| train/                  |               |
|    approx_kl            | 0.012025002   |
|    clip_fraction        | 0.111         |
|    clip_range           | 0.2           |
|    entropy_loss         | -16.8         |
|    explained_variance   | 1.1920929e-06 |
|    learning_rate        | 0.0003        |
|    loss                 | 64.9          |
|    n_updates            | 1270          |
|    policy_gradient_loss | -0.0176       |
|    std                  | 0.98          |
|    value_loss           | 127           |
-------------------------------------------
-------------------------------------------
| rollout/                |               |
|    ep_len_mean          | 1.49e+03      |
|    ep_rew_mean          | 855           |
| time/                   |               |
|    fps                  | 1814          |
|    iterations           | 129           |
|    time_elapsed         | 72            |
|    total_timesteps      | 132096        |
| train/                  |               |
|    approx_kl            | 0.009049705   |
|    clip_fraction        | 0.0735        |
|    clip_range           | 0.2           |
|    entropy_loss         | -16.8         |
|    explained_variance   | 5.7816505e-06 |
|    learning_rate        | 0.0003        |
|    loss                 | 8.68          |
|    n_updates            | 1280          |
|    policy_gradient_loss | -0.015        |
|    std                  | 0.98          |
|    value_loss           | 20.3          |
-------------------------------------------
-------------------------------------------
| rollout/                |               |
|    ep_len_mean          | 1.49e+03      |
|    ep_rew_mean          | 859           |
| time/                   |               |
|    fps                  | 1814          |
|    iterations           | 130           |
|    time_elapsed         | 73            |
|    total_timesteps      | 133120        |
| train/                  |               |
|    approx_kl            | 0.00861175    |
|    clip_fraction        | 0.0673        |
|    clip_range           | 0.2           |
|    entropy_loss         | -16.8         |
|    explained_variance   | 1.0609627e-05 |
|    learning_rate        | 0.0003        |
|    loss                 | 6.1           |
|    n_updates            | 1290          |
|    policy_gradient_loss | -0.0131       |
|    std                  | 0.98          |
|    value_loss           | 14.8          |
-------------------------------------------
-------------------------------------------
| rollout/                |               |
|    ep_len_mean          | 1.49e+03      |
|    ep_rew_mean          | 863           |
| time/                   |               |
|    fps                  | 1814          |
|    iterations           | 131           |
|    time_elapsed         | 73            |
|    total_timesteps      | 134144        |
| train/                  |               |
|    approx_kl            | 0.013406905   |
|    clip_fraction        | 0.125         |
|    clip_range           | 0.2           |
|    entropy_loss         | -16.8         |
|    explained_variance   | 2.3841858e-07 |
|    learning_rate        | 0.0003        |
|    loss                 | 6.3           |
|    n_updates            | 1300          |
|    policy_gradient_loss | -0.0186       |
|    std                  | 0.981         |
|    value_loss           | 13.2          |
-------------------------------------------
------------------------------------------
| rollout/                |              |
|    ep_len_mean          | 1.49e+03     |
|    ep_rew_mean          | 863          |
| time/                   |              |
|    fps                  | 1814         |
|    iterations           | 132          |
|    time_elapsed         | 74           |
|    total_timesteps      | 135168       |
| train/                  |              |
|    approx_kl            | 0.014474386  |
|    clip_fraction        | 0.145        |
|    clip_range           | 0.2          |
|    entropy_loss         | -16.8        |
|    explained_variance   | 9.298325e-06 |
|    learning_rate        | 0.0003       |
|    loss                 | 2.25         |
|    n_updates            | 1310         |
|    policy_gradient_loss | -0.0221      |
|    std                  | 0.982        |
|    value_loss           | 5.78         |
------------------------------------------
-------------------------------------------
| rollout/                |               |
|    ep_len_mean          | 1.49e+03      |
|    ep_rew_mean          | 862           |
| time/                   |               |
|    fps                  | 1814          |
|    iterations           | 133           |
|    time_elapsed         | 75            |
|    total_timesteps      | 136192        |
| train/                  |               |
|    approx_kl            | 0.008043624   |
|    clip_fraction        | 0.0671        |
|    clip_range           | 0.2           |
|    entropy_loss         | -16.8         |
|    explained_variance   | 1.3411045e-05 |
|    learning_rate        | 0.0003        |
|    loss                 | 6.69          |
|    n_updates            | 1320          |
|    policy_gradient_loss | -0.0118       |
|    std                  | 0.981         |
|    value_loss           | 15            |
-------------------------------------------
-------------------------------------------
| rollout/                |               |
|    ep_len_mean          | 1.49e+03      |
|    ep_rew_mean          | 866           |
| time/                   |               |
|    fps                  | 1814          |
|    iterations           | 134           |
|    time_elapsed         | 75            |
|    total_timesteps      | 137216        |
| train/                  |               |
|    approx_kl            | 0.009426545   |
|    clip_fraction        | 0.121         |
|    clip_range           | 0.2           |
|    entropy_loss         | -16.8         |
|    explained_variance   | 1.1920929e-07 |
|    learning_rate        | 0.0003        |
|    loss                 | 89.8          |
|    n_updates            | 1330          |
|    policy_gradient_loss | -0.0162       |
|    std                  | 0.98          |
|    value_loss           | 182           |
-------------------------------------------
--------------------------------------------
| rollout/                |                |
|    ep_len_mean          | 1.49e+03       |
|    ep_rew_mean          | 866            |
| time/                   |                |
|    fps                  | 1814           |
|    iterations           | 135            |
|    time_elapsed         | 76             |
|    total_timesteps      | 138240         |
| train/                  |                |
|    approx_kl            | 0.010127207    |
|    clip_fraction        | 0.114          |
|    clip_range           | 0.2            |
|    entropy_loss         | -16.8          |
|    explained_variance   | -6.7949295e-06 |
|    learning_rate        | 0.0003         |
|    loss                 | 4.92           |
|    n_updates            | 1340           |
|    policy_gradient_loss | -0.0155        |
|    std                  | 0.982          |
|    value_loss           | 11.8           |
--------------------------------------------
-------------------------------------------
| rollout/                |               |
|    ep_len_mean          | 1.49e+03      |
|    ep_rew_mean          | 872           |
| time/                   |               |
|    fps                  | 1814          |
|    iterations           | 136           |
|    time_elapsed         | 76            |
|    total_timesteps      | 139264        |
| train/                  |               |
|    approx_kl            | 0.0065393904  |
|    clip_fraction        | 0.0711        |
|    clip_range           | 0.2           |
|    entropy_loss         | -16.8         |
|    explained_variance   | 1.1265278e-05 |
|    learning_rate        | 0.0003        |
|    loss                 | 4.92          |
|    n_updates            | 1350          |
|    policy_gradient_loss | -0.0105       |
|    std                  | 0.982         |
|    value_loss           | 11.9          |
-------------------------------------------
-------------------------------------------
| rollout/                |               |
|    ep_len_mean          | 1.49e+03      |
|    ep_rew_mean          | 856           |
| time/                   |               |
|    fps                  | 1815          |
|    iterations           | 137           |
|    time_elapsed         | 77            |
|    total_timesteps      | 140288        |
| train/                  |               |
|    approx_kl            | 0.0067805396  |
|    clip_fraction        | 0.0723        |
|    clip_range           | 0.2           |
|    entropy_loss         | -16.8         |
|    explained_variance   | 1.7285347e-06 |
|    learning_rate        | 0.0003        |
|    loss                 | 25.5          |
|    n_updates            | 1360          |
|    policy_gradient_loss | -0.0143       |
|    std                  | 0.981         |
|    value_loss           | 55.5          |
-------------------------------------------
--------------------------------------------
| rollout/                |                |
|    ep_len_mean          | 1.49e+03       |
|    ep_rew_mean          | 856            |
| time/                   |                |
|    fps                  | 1815           |
|    iterations           | 138            |
|    time_elapsed         | 77             |
|    total_timesteps      | 141312         |
| train/                  |                |
|    approx_kl            | 0.0032247254   |
|    clip_fraction        | 0.00293        |
|    clip_range           | 0.2            |
|    entropy_loss         | -16.8          |
|    explained_variance   | -7.1525574e-07 |
|    learning_rate        | 0.0003         |
|    loss                 | 321            |
|    n_updates            | 1370           |
|    policy_gradient_loss | -0.00474       |
|    std                  | 0.981          |
|    value_loss           | 675            |
--------------------------------------------
--------------------------------------------
| rollout/                |                |
|    ep_len_mean          | 1.49e+03       |
|    ep_rew_mean          | 860            |
| time/                   |                |
|    fps                  | 1815           |
|    iterations           | 139            |
|    time_elapsed         | 78             |
|    total_timesteps      | 142336         |
| train/                  |                |
|    approx_kl            | 0.01119613     |
|    clip_fraction        | 0.116          |
|    clip_range           | 0.2            |
|    entropy_loss         | -16.8          |
|    explained_variance   | -3.4570694e-06 |
|    learning_rate        | 0.0003         |
|    loss                 | 4.27           |
|    n_updates            | 1380           |
|    policy_gradient_loss | -0.0171        |
|    std                  | 0.98           |
|    value_loss           | 10.1           |
--------------------------------------------
------------------------------------------
| rollout/                |              |
|    ep_len_mean          | 1.49e+03     |
|    ep_rew_mean          | 852          |
| time/                   |              |
|    fps                  | 1815         |
|    iterations           | 140          |
|    time_elapsed         | 78           |
|    total_timesteps      | 143360       |
| train/                  |              |
|    approx_kl            | 0.010160898  |
|    clip_fraction        | 0.0974       |
|    clip_range           | 0.2          |
|    entropy_loss         | -16.8        |
|    explained_variance   | 2.026558e-06 |
|    learning_rate        | 0.0003       |
|    loss                 | 28.4         |
|    n_updates            | 1390         |
|    policy_gradient_loss | -0.0136      |
|    std                  | 0.979        |
|    value_loss           | 51.4         |
------------------------------------------
--------------------------------------------
| rollout/                |                |
|    ep_len_mean          | 1.49e+03       |
|    ep_rew_mean          | 852            |
| time/                   |                |
|    fps                  | 1815           |
|    iterations           | 141            |
|    time_elapsed         | 79             |
|    total_timesteps      | 144384         |
| train/                  |                |
|    approx_kl            | 0.006256939    |
|    clip_fraction        | 0.0248         |
|    clip_range           | 0.2            |
|    entropy_loss         | -16.8          |
|    explained_variance   | -1.4305115e-06 |
|    learning_rate        | 0.0003         |
|    loss                 | 98.8           |
|    n_updates            | 1400           |
|    policy_gradient_loss | -0.00762       |
|    std                  | 0.979          |
|    value_loss           | 181            |
--------------------------------------------
-------------------------------------------
| rollout/                |               |
|    ep_len_mean          | 1.49e+03      |
|    ep_rew_mean          | 857           |
| time/                   |               |
|    fps                  | 1815          |
|    iterations           | 142           |
|    time_elapsed         | 80            |
|    total_timesteps      | 145408        |
| train/                  |               |
|    approx_kl            | 0.008693704   |
|    clip_fraction        | 0.0978        |
|    clip_range           | 0.2           |
|    entropy_loss         | -16.8         |
|    explained_variance   | -3.385544e-05 |
|    learning_rate        | 0.0003        |
|    loss                 | 4.66          |
|    n_updates            | 1410          |
|    policy_gradient_loss | -0.0153       |
|    std                  | 0.979         |
|    value_loss           | 11.6          |
-------------------------------------------
--------------------------------------------
| rollout/                |                |
|    ep_len_mean          | 1.49e+03       |
|    ep_rew_mean          | 861            |
| time/                   |                |
|    fps                  | 1815           |
|    iterations           | 143            |
|    time_elapsed         | 80             |
|    total_timesteps      | 146432         |
| train/                  |                |
|    approx_kl            | 0.008072281    |
|    clip_fraction        | 0.0827         |
|    clip_range           | 0.2            |
|    entropy_loss         | -16.8          |
|    explained_variance   | -1.1920929e-06 |
|    learning_rate        | 0.0003         |
|    loss                 | 3.6            |
|    n_updates            | 1420           |
|    policy_gradient_loss | -0.0154        |
|    std                  | 0.981          |
|    value_loss           | 8.9            |
--------------------------------------------
-------------------------------------------
| rollout/                |               |
|    ep_len_mean          | 1.49e+03      |
|    ep_rew_mean          | 861           |
| time/                   |               |
|    fps                  | 1816          |
|    iterations           | 144           |
|    time_elapsed         | 81            |
|    total_timesteps      | 147456        |
| train/                  |               |
|    approx_kl            | 0.009707369   |
|    clip_fraction        | 0.14          |
|    clip_range           | 0.2           |
|    entropy_loss         | -16.8         |
|    explained_variance   | -2.026558e-06 |
|    learning_rate        | 0.0003        |
|    loss                 | 6.59          |
|    n_updates            | 1430          |
|    policy_gradient_loss | -0.0152       |
|    std                  | 0.981         |
|    value_loss           | 16.5          |
-------------------------------------------
-------------------------------------------
| rollout/                |               |
|    ep_len_mean          | 1.49e+03      |
|    ep_rew_mean          | 859           |
| time/                   |               |
|    fps                  | 1816          |
|    iterations           | 145           |
|    time_elapsed         | 81            |
|    total_timesteps      | 148480        |
| train/                  |               |
|    approx_kl            | 0.0061650234  |
|    clip_fraction        | 0.0443        |
|    clip_range           | 0.2           |
|    entropy_loss         | -16.8         |
|    explained_variance   | 1.7881393e-07 |
|    learning_rate        | 0.0003        |
|    loss                 | 61.1          |
|    n_updates            | 1440          |
|    policy_gradient_loss | -0.0117       |
|    std                  | 0.982         |
|    value_loss           | 125           |
-------------------------------------------
--------------------------------------------
| rollout/                |                |
|    ep_len_mean          | 1.49e+03       |
|    ep_rew_mean          | 864            |
| time/                   |                |
|    fps                  | 1816           |
|    iterations           | 146            |
|    time_elapsed         | 82             |
|    total_timesteps      | 149504         |
| train/                  |                |
|    approx_kl            | 0.011818679    |
|    clip_fraction        | 0.122          |
|    clip_range           | 0.2            |
|    entropy_loss         | -16.8          |
|    explained_variance   | -1.1444092e-05 |
|    learning_rate        | 0.0003         |
|    loss                 | 8.83           |
|    n_updates            | 1450           |
|    policy_gradient_loss | -0.0168        |
|    std                  | 0.982          |
|    value_loss           | 19.7           |
--------------------------------------------
-------------------------------------------
| rollout/                |               |
|    ep_len_mean          | 1.49e+03      |
|    ep_rew_mean          | 862           |
| time/                   |               |
|    fps                  | 1816          |
|    iterations           | 147           |
|    time_elapsed         | 82            |
|    total_timesteps      | 150528        |
| train/                  |               |
|    approx_kl            | 0.009722094   |
|    clip_fraction        | 0.0717        |
|    clip_range           | 0.2           |
|    entropy_loss         | -16.8         |
|    explained_variance   | 1.6629696e-05 |
|    learning_rate        | 0.0003        |
|    loss                 | 6.29          |
|    n_updates            | 1460          |
|    policy_gradient_loss | -0.0129       |
|    std                  | 0.982         |
|    value_loss           | 14.9          |
-------------------------------------------
-------------------------------------------
| rollout/                |               |
|    ep_len_mean          | 1.49e+03      |
|    ep_rew_mean          | 862           |
| time/                   |               |
|    fps                  | 1816          |
|    iterations           | 148           |
|    time_elapsed         | 83            |
|    total_timesteps      | 151552        |
| train/                  |               |
|    approx_kl            | 0.022945752   |
|    clip_fraction        | 0.245         |
|    clip_range           | 0.2           |
|    entropy_loss         | -16.8         |
|    explained_variance   | -8.225441e-06 |
|    learning_rate        | 0.0003        |
|    loss                 | 3.56          |
|    n_updates            | 1470          |
|    policy_gradient_loss | -0.0196       |
|    std                  | 0.983         |
|    value_loss           | 6.85          |
-------------------------------------------
------------------------------------------
| rollout/                |              |
|    ep_len_mean          | 1.49e+03     |
|    ep_rew_mean          | 910          |
| time/                   |              |
|    fps                  | 1816         |
|    iterations           | 149          |
|    time_elapsed         | 83           |
|    total_timesteps      | 152576       |
| train/                  |              |
|    approx_kl            | 0.011534598  |
|    clip_fraction        | 0.308        |
|    clip_range           | 0.2          |
|    entropy_loss         | -16.8        |
|    explained_variance   | 7.045269e-05 |
|    learning_rate        | 0.0003       |
|    loss                 | 5.17         |
|    n_updates            | 1480         |
|    policy_gradient_loss | 0.00631      |
|    std                  | 0.983        |
|    value_loss           | 13.3         |
------------------------------------------
-------------------------------------------
| rollout/                |               |
|    ep_len_mean          | 1.49e+03      |
|    ep_rew_mean          | 909           |
| time/                   |               |
|    fps                  | 1816          |
|    iterations           | 150           |
|    time_elapsed         | 84            |
|    total_timesteps      | 153600        |
| train/                  |               |
|    approx_kl            | 0.010885736   |
|    clip_fraction        | 0.107         |
|    clip_range           | 0.2           |
|    entropy_loss         | -16.8         |
|    explained_variance   | 2.0086765e-05 |
|    learning_rate        | 0.0003        |
|    loss                 | 4.28          |
|    n_updates            | 1490          |
|    policy_gradient_loss | -0.0164       |
|    std                  | 0.983         |
|    value_loss           | 10.7          |
-------------------------------------------
-------------------------------------------
| rollout/                |               |
|    ep_len_mean          | 1.49e+03      |
|    ep_rew_mean          | 909           |
| time/                   |               |
|    fps                  | 1816          |
|    iterations           | 151           |
|    time_elapsed         | 85            |
|    total_timesteps      | 154624        |
| train/                  |               |
|    approx_kl            | 0.025845595   |
|    clip_fraction        | 0.255         |
|    clip_range           | 0.2           |
|    entropy_loss         | -16.8         |
|    explained_variance   | 3.5762787e-07 |
|    learning_rate        | 0.0003        |
|    loss                 | 15.4          |
|    n_updates            | 1500          |
|    policy_gradient_loss | -0.0282       |
|    std                  | 0.99          |
|    value_loss           | 28.6          |
-------------------------------------------
-------------------------------------------
| rollout/                |               |
|    ep_len_mean          | 1.49e+03      |
|    ep_rew_mean          | 908           |
| time/                   |               |
|    fps                  | 1816          |
|    iterations           | 152           |
|    time_elapsed         | 85            |
|    total_timesteps      | 155648        |
| train/                  |               |
|    approx_kl            | 0.011940172   |
|    clip_fraction        | 0.157         |
|    clip_range           | 0.2           |
|    entropy_loss         | -16.9         |
|    explained_variance   | 3.7550926e-06 |
|    learning_rate        | 0.0003        |
|    loss                 | 6.11          |
|    n_updates            | 1510          |
|    policy_gradient_loss | -0.0178       |
|    std                  | 0.99          |
|    value_loss           | 12            |
-------------------------------------------
--------------------------------------------
| rollout/                |                |
|    ep_len_mean          | 1.49e+03       |
|    ep_rew_mean          | 915            |
| time/                   |                |
|    fps                  | 1816           |
|    iterations           | 153            |
|    time_elapsed         | 86             |
|    total_timesteps      | 156672         |
| train/                  |                |
|    approx_kl            | 0.00907403     |
|    clip_fraction        | 0.0979         |
|    clip_range           | 0.2            |
|    entropy_loss         | -16.9          |
|    explained_variance   | -1.9073486e-06 |
|    learning_rate        | 0.0003         |
|    loss                 | 2.63           |
|    n_updates            | 1520           |
|    policy_gradient_loss | -0.0105        |
|    std                  | 0.991          |
|    value_loss           | 6.1            |
--------------------------------------------
------------------------------------------
| rollout/                |              |
|    ep_len_mean          | 1.49e+03     |
|    ep_rew_mean          | 915          |
| time/                   |              |
|    fps                  | 1817         |
|    iterations           | 154          |
|    time_elapsed         | 86           |
|    total_timesteps      | 157696       |
| train/                  |              |
|    approx_kl            | 0.0095910095 |
|    clip_fraction        | 0.117        |
|    clip_range           | 0.2          |
|    entropy_loss         | -16.9        |
|    explained_variance   | 8.34465e-06  |
|    learning_rate        | 0.0003       |
|    loss                 | 3.31         |
|    n_updates            | 1530         |
|    policy_gradient_loss | -0.0144      |
|    std                  | 0.991        |
|    value_loss           | 8.43         |
------------------------------------------
------------------------------------------
| rollout/                |              |
|    ep_len_mean          | 1.49e+03     |
|    ep_rew_mean          | 914          |
| time/                   |              |
|    fps                  | 1817         |
|    iterations           | 155          |
|    time_elapsed         | 87           |
|    total_timesteps      | 158720       |
| train/                  |              |
|    approx_kl            | 0.010226207  |
|    clip_fraction        | 0.104        |
|    clip_range           | 0.2          |
|    entropy_loss         | -16.9        |
|    explained_variance   | 2.503395e-06 |
|    learning_rate        | 0.0003       |
|    loss                 | 1.92         |
|    n_updates            | 1540         |
|    policy_gradient_loss | -0.0172      |
|    std                  | 0.99         |
|    value_loss           | 5.34         |
------------------------------------------
-------------------------------------------
| rollout/                |               |
|    ep_len_mean          | 1.49e+03      |
|    ep_rew_mean          | 914           |
| time/                   |               |
|    fps                  | 1817          |
|    iterations           | 156           |
|    time_elapsed         | 87            |
|    total_timesteps      | 159744        |
| train/                  |               |
|    approx_kl            | 0.009236776   |
|    clip_fraction        | 0.072         |
|    clip_range           | 0.2           |
|    entropy_loss         | -16.9         |
|    explained_variance   | 2.4437904e-05 |
|    learning_rate        | 0.0003        |
|    loss                 | 2.45          |
|    n_updates            | 1550          |
|    policy_gradient_loss | -0.0122       |
|    std                  | 0.991         |
|    value_loss           | 6.34          |
-------------------------------------------
------------------------------------------
| rollout/                |              |
|    ep_len_mean          | 1.49e+03     |
|    ep_rew_mean          | 914          |
| time/                   |              |
|    fps                  | 1817         |
|    iterations           | 157          |
|    time_elapsed         | 88           |
|    total_timesteps      | 160768       |
| train/                  |              |
|    approx_kl            | 0.010072909  |
|    clip_fraction        | 0.0804       |
|    clip_range           | 0.2          |
|    entropy_loss         | -16.9        |
|    explained_variance   | 4.708767e-06 |
|    learning_rate        | 0.0003       |
|    loss                 | 2.07         |
|    n_updates            | 1560         |
|    policy_gradient_loss | -0.0122      |
|    std                  | 0.99         |
|    value_loss           | 5.78         |
------------------------------------------
-------------------------------------------
| rollout/                |               |
|    ep_len_mean          | 1.49e+03      |
|    ep_rew_mean          | 939           |
| time/                   |               |
|    fps                  | 1817          |
|    iterations           | 158           |
|    time_elapsed         | 89            |
|    total_timesteps      | 161792        |
| train/                  |               |
|    approx_kl            | 0.008301569   |
|    clip_fraction        | 0.0381        |
|    clip_range           | 0.2           |
|    entropy_loss         | -16.9         |
|    explained_variance   | 1.1563301e-05 |
|    learning_rate        | 0.0003        |
|    loss                 | 2.86          |
|    n_updates            | 1570          |
|    policy_gradient_loss | -0.0102       |
|    std                  | 0.989         |
|    value_loss           | 7.94          |
-------------------------------------------
--------------------------------------------
| rollout/                |                |
|    ep_len_mean          | 1.49e+03       |
|    ep_rew_mean          | 943            |
| time/                   |                |
|    fps                  | 1817           |
|    iterations           | 159            |
|    time_elapsed         | 89             |
|    total_timesteps      | 162816         |
| train/                  |                |
|    approx_kl            | 0.007577206    |
|    clip_fraction        | 0.0702         |
|    clip_range           | 0.2            |
|    entropy_loss         | -16.9          |
|    explained_variance   | -5.6028366e-06 |
|    learning_rate        | 0.0003         |
|    loss                 | 1.79           |
|    n_updates            | 1580           |
|    policy_gradient_loss | -0.0125        |
|    std                  | 0.989          |
|    value_loss           | 5.09           |
--------------------------------------------
-------------------------------------------
| rollout/                |               |
|    ep_len_mean          | 1.49e+03      |
|    ep_rew_mean          | 943           |
| time/                   |               |
|    fps                  | 1817          |
|    iterations           | 160           |
|    time_elapsed         | 90            |
|    total_timesteps      | 163840        |
| train/                  |               |
|    approx_kl            | 0.00846489    |
|    clip_fraction        | 0.0706        |
|    clip_range           | 0.2           |
|    entropy_loss         | -16.9         |
|    explained_variance   | 7.8082085e-06 |
|    learning_rate        | 0.0003        |
|    loss                 | 1.72          |
|    n_updates            | 1590          |
|    policy_gradient_loss | -0.0126       |
|    std                  | 0.987         |
|    value_loss           | 4.63          |
-------------------------------------------
------------------------------------------
| rollout/                |              |
|    ep_len_mean          | 1.49e+03     |
|    ep_rew_mean          | 938          |
| time/                   |              |
|    fps                  | 1817         |
|    iterations           | 161          |
|    time_elapsed         | 90           |
|    total_timesteps      | 164864       |
| train/                  |              |
|    approx_kl            | 0.0053795967 |
|    clip_fraction        | 0.0145       |
|    clip_range           | 0.2          |
|    entropy_loss         | -16.8        |
|    explained_variance   | 2.682209e-06 |
|    learning_rate        | 0.0003       |
|    loss                 | 32.2         |
|    n_updates            | 1600         |
|    policy_gradient_loss | -0.00452     |
|    std                  | 0.987        |
|    value_loss           | 66.3         |
------------------------------------------
-----------------------------------------
| rollout/                |             |
|    ep_len_mean          | 1.49e+03    |
|    ep_rew_mean          | 942         |
| time/                   |             |
|    fps                  | 1817        |
|    iterations           | 162         |
|    time_elapsed         | 91          |
|    total_timesteps      | 165888      |
| train/                  |             |
|    approx_kl            | 0.012376646 |
|    clip_fraction        | 0.11        |
|    clip_range           | 0.2         |
|    entropy_loss         | -16.8       |
|    explained_variance   | 0.0         |
|    learning_rate        | 0.0003      |
|    loss                 | 8.41        |
|    n_updates            | 1610        |
|    policy_gradient_loss | -0.0137     |
|    std                  | 0.988       |
|    value_loss           | 20.6        |
-----------------------------------------
------------------------------------------
| rollout/                |              |
|    ep_len_mean          | 1.49e+03     |
|    ep_rew_mean          | 949          |
| time/                   |              |
|    fps                  | 1817         |
|    iterations           | 163          |
|    time_elapsed         | 91           |
|    total_timesteps      | 166912       |
| train/                  |              |
|    approx_kl            | 0.009330804  |
|    clip_fraction        | 0.125        |
|    clip_range           | 0.2          |
|    entropy_loss         | -16.9        |
|    explained_variance   | 2.503395e-06 |
|    learning_rate        | 0.0003       |
|    loss                 | 1.87         |
|    n_updates            | 1620         |
|    policy_gradient_loss | -0.016       |
|    std                  | 0.989        |
|    value_loss           | 5.34         |
------------------------------------------
--------------------------------------------
| rollout/                |                |
|    ep_len_mean          | 1.49e+03       |
|    ep_rew_mean          | 949            |
| time/                   |                |
|    fps                  | 1817           |
|    iterations           | 164            |
|    time_elapsed         | 92             |
|    total_timesteps      | 167936         |
| train/                  |                |
|    approx_kl            | 0.017235454    |
|    clip_fraction        | 0.191          |
|    clip_range           | 0.2            |
|    entropy_loss         | -16.8          |
|    explained_variance   | -5.9604645e-07 |
|    learning_rate        | 0.0003         |
|    loss                 | 1.14           |
|    n_updates            | 1630           |
|    policy_gradient_loss | -0.0238        |
|    std                  | 0.982          |
|    value_loss           | 2.52           |
--------------------------------------------
-------------------------------------------
| rollout/                |               |
|    ep_len_mean          | 1.49e+03      |
|    ep_rew_mean          | 948           |
| time/                   |               |
|    fps                  | 1817          |
|    iterations           | 165           |
|    time_elapsed         | 92            |
|    total_timesteps      | 168960        |
| train/                  |               |
|    approx_kl            | 0.010699712   |
|    clip_fraction        | 0.177         |
|    clip_range           | 0.2           |
|    entropy_loss         | -16.8         |
|    explained_variance   | 6.4373016e-06 |
|    learning_rate        | 0.0003        |
|    loss                 | 1.52          |
|    n_updates            | 1640          |
|    policy_gradient_loss | -0.0144       |
|    std                  | 0.98          |
|    value_loss           | 4.16          |
-------------------------------------------
-------------------------------------------
| rollout/                |               |
|    ep_len_mean          | 1.49e+03      |
|    ep_rew_mean          | 949           |
| time/                   |               |
|    fps                  | 1817          |
|    iterations           | 166           |
|    time_elapsed         | 93            |
|    total_timesteps      | 169984        |
| train/                  |               |
|    approx_kl            | 0.010916991   |
|    clip_fraction        | 0.121         |
|    clip_range           | 0.2           |
|    entropy_loss         | -16.7         |
|    explained_variance   | 1.0728836e-06 |
|    learning_rate        | 0.0003        |
|    loss                 | 6.82          |
|    n_updates            | 1650          |
|    policy_gradient_loss | -0.0162       |
|    std                  | 0.979         |
|    value_loss           | 13.2          |
-------------------------------------------
-------------------------------------------
| rollout/                |               |
|    ep_len_mean          | 1.49e+03      |
|    ep_rew_mean          | 949           |
| time/                   |               |
|    fps                  | 1817          |
|    iterations           | 167           |
|    time_elapsed         | 94            |
|    total_timesteps      | 171008        |
| train/                  |               |
|    approx_kl            | 0.01543933    |
|    clip_fraction        | 0.153         |
|    clip_range           | 0.2           |
|    entropy_loss         | -16.7         |
|    explained_variance   | 5.9604645e-08 |
|    learning_rate        | 0.0003        |
|    loss                 | 11.4          |
|    n_updates            | 1660          |
|    policy_gradient_loss | -0.0168       |
|    std                  | 0.976         |
|    value_loss           | 23.5          |
-------------------------------------------
-----------------------------------------
| rollout/                |             |
|    ep_len_mean          | 1.49e+03    |
|    ep_rew_mean          | 947         |
| time/                   |             |
|    fps                  | 1816        |
|    iterations           | 168         |
|    time_elapsed         | 94          |
|    total_timesteps      | 172032      |
| train/                  |             |
|    approx_kl            | 0.013289185 |
|    clip_fraction        | 0.161       |
|    clip_range           | 0.2         |
|    entropy_loss         | -16.7       |
|    explained_variance   | 5.00679e-06 |
|    learning_rate        | 0.0003      |
|    loss                 | 1.97        |
|    n_updates            | 1670        |
|    policy_gradient_loss | -0.0192     |
|    std                  | 0.974       |
|    value_loss           | 4.18        |
-----------------------------------------
--------------------------------------------
| rollout/                |                |
|    ep_len_mean          | 1.49e+03       |
|    ep_rew_mean          | 948            |
| time/                   |                |
|    fps                  | 1816           |
|    iterations           | 169            |
|    time_elapsed         | 95             |
|    total_timesteps      | 173056         |
| train/                  |                |
|    approx_kl            | 0.013468426    |
|    clip_fraction        | 0.141          |
|    clip_range           | 0.2            |
|    entropy_loss         | -16.7          |
|    explained_variance   | -7.1525574e-07 |
|    learning_rate        | 0.0003         |
|    loss                 | 4.68           |
|    n_updates            | 1680           |
|    policy_gradient_loss | -0.0182        |
|    std                  | 0.975          |
|    value_loss           | 9.52           |
--------------------------------------------
------------------------------------------
| rollout/                |              |
|    ep_len_mean          | 1.49e+03     |
|    ep_rew_mean          | 948          |
| time/                   |              |
|    fps                  | 1816         |
|    iterations           | 170          |
|    time_elapsed         | 95           |
|    total_timesteps      | 174080       |
| train/                  |              |
|    approx_kl            | 0.008788684  |
|    clip_fraction        | 0.056        |
|    clip_range           | 0.2          |
|    entropy_loss         | -16.7        |
|    explained_variance   | -1.66893e-05 |
|    learning_rate        | 0.0003       |
|    loss                 | 1.18         |
|    n_updates            | 1690         |
|    policy_gradient_loss | -0.0084      |
|    std                  | 0.976        |
|    value_loss           | 3.6          |
------------------------------------------
-------------------------------------------
| rollout/                |               |
|    ep_len_mean          | 1.49e+03      |
|    ep_rew_mean          | 967           |
| time/                   |               |
|    fps                  | 1816          |
|    iterations           | 171           |
|    time_elapsed         | 96            |
|    total_timesteps      | 175104        |
| train/                  |               |
|    approx_kl            | 0.010267188   |
|    clip_fraction        | 0.111         |
|    clip_range           | 0.2           |
|    entropy_loss         | -16.7         |
|    explained_variance   | 2.9802322e-06 |
|    learning_rate        | 0.0003        |
|    loss                 | 3.83          |
|    n_updates            | 1700          |
|    policy_gradient_loss | -0.0168       |
|    std                  | 0.976         |
|    value_loss           | 8.58          |
-------------------------------------------
------------------------------------------
| rollout/                |              |
|    ep_len_mean          | 1.49e+03     |
|    ep_rew_mean          | 967          |
| time/                   |              |
|    fps                  | 1816         |
|    iterations           | 172          |
|    time_elapsed         | 96           |
|    total_timesteps      | 176128       |
| train/                  |              |
|    approx_kl            | 0.0105069075 |
|    clip_fraction        | 0.0811       |
|    clip_range           | 0.2          |
|    entropy_loss         | -16.7        |
|    explained_variance   | 8.34465e-06  |
|    learning_rate        | 0.0003       |
|    loss                 | 0.988        |
|    n_updates            | 1710         |
|    policy_gradient_loss | -0.0147      |
|    std                  | 0.975        |
|    value_loss           | 2.64         |
------------------------------------------
-------------------------------------------
| rollout/                |               |
|    ep_len_mean          | 1.49e+03      |
|    ep_rew_mean          | 967           |
| time/                   |               |
|    fps                  | 1816          |
|    iterations           | 173           |
|    time_elapsed         | 97            |
|    total_timesteps      | 177152        |
| train/                  |               |
|    approx_kl            | 0.017315408   |
|    clip_fraction        | 0.195         |
|    clip_range           | 0.2           |
|    entropy_loss         | -16.7         |
|    explained_variance   | -3.695488e-06 |
|    learning_rate        | 0.0003        |
|    loss                 | 1.7           |
|    n_updates            | 1720          |
|    policy_gradient_loss | -0.0228       |
|    std                  | 0.972         |
|    value_loss           | 3.54          |
-------------------------------------------
--------------------------------------------
| rollout/                |                |
|    ep_len_mean          | 1.49e+03       |
|    ep_rew_mean          | 968            |
| time/                   |                |
|    fps                  | 1816           |
|    iterations           | 174            |
|    time_elapsed         | 98             |
|    total_timesteps      | 178176         |
| train/                  |                |
|    approx_kl            | 0.0096187275   |
|    clip_fraction        | 0.0919         |
|    clip_range           | 0.2            |
|    entropy_loss         | -16.6          |
|    explained_variance   | -7.1525574e-07 |
|    learning_rate        | 0.0003         |
|    loss                 | 1.19           |
|    n_updates            | 1730           |
|    policy_gradient_loss | -0.012         |
|    std                  | 0.97           |
|    value_loss           | 3.13           |
--------------------------------------------
-----------------------------------------
| rollout/                |             |
|    ep_len_mean          | 1.49e+03    |
|    ep_rew_mean          | 969         |
| time/                   |             |
|    fps                  | 1816        |
|    iterations           | 175         |
|    time_elapsed         | 98          |
|    total_timesteps      | 179200      |
| train/                  |             |
|    approx_kl            | 0.009207029 |
|    clip_fraction        | 0.0817      |
|    clip_range           | 0.2         |
|    entropy_loss         | -16.6       |
|    explained_variance   | 8.34465e-06 |
|    learning_rate        | 0.0003      |
|    loss                 | 0.928       |
|    n_updates            | 1740        |
|    policy_gradient_loss | -0.0137     |
|    std                  | 0.969       |
|    value_loss           | 2.39        |
-----------------------------------------
--------------------------------------------
| rollout/                |                |
|    ep_len_mean          | 1.49e+03       |
|    ep_rew_mean          | 969            |
| time/                   |                |
|    fps                  | 1815           |
|    iterations           | 176            |
|    time_elapsed         | 99             |
|    total_timesteps      | 180224         |
| train/                  |                |
|    approx_kl            | 0.006671756    |
|    clip_fraction        | 0.0665         |
|    clip_range           | 0.2            |
|    entropy_loss         | -16.6          |
|    explained_variance   | -6.3180923e-06 |
|    learning_rate        | 0.0003         |
|    loss                 | 0.867          |
|    n_updates            | 1750           |
|    policy_gradient_loss | -0.00949       |
|    std                  | 0.97           |
|    value_loss           | 2.61           |
--------------------------------------------
--------------------------------------------
| rollout/                |                |
|    ep_len_mean          | 1.49e+03       |
|    ep_rew_mean          | 970            |
| time/                   |                |
|    fps                  | 1815           |
|    iterations           | 177            |
|    time_elapsed         | 99             |
|    total_timesteps      | 181248         |
| train/                  |                |
|    approx_kl            | 0.007315485    |
|    clip_fraction        | 0.0233         |
|    clip_range           | 0.2            |
|    entropy_loss         | -16.6          |
|    explained_variance   | -3.5762787e-07 |
|    learning_rate        | 0.0003         |
|    loss                 | 12.6           |
|    n_updates            | 1760           |
|    policy_gradient_loss | -0.00739       |
|    std                  | 0.969          |
|    value_loss           | 26.1           |
--------------------------------------------
--------------------------------------------
| rollout/                |                |
|    ep_len_mean          | 1.49e+03       |
|    ep_rew_mean          | 963            |
| time/                   |                |
|    fps                  | 1815           |
|    iterations           | 178            |
|    time_elapsed         | 100            |
|    total_timesteps      | 182272         |
| train/                  |                |
|    approx_kl            | 0.015792932    |
|    clip_fraction        | 0.145          |
|    clip_range           | 0.2            |
|    entropy_loss         | -16.6          |
|    explained_variance   | -5.2452087e-06 |
|    learning_rate        | 0.0003         |
|    loss                 | 3.36           |
|    n_updates            | 1770           |
|    policy_gradient_loss | -0.0188        |
|    std                  | 0.971          |
|    value_loss           | 7.35           |
--------------------------------------------
------------------------------------------
| rollout/                |              |
|    ep_len_mean          | 1.49e+03     |
|    ep_rew_mean          | 962          |
| time/                   |              |
|    fps                  | 1815         |
|    iterations           | 179          |
|    time_elapsed         | 100          |
|    total_timesteps      | 183296       |
| train/                  |              |
|    approx_kl            | 0.0070594456 |
|    clip_fraction        | 0.105        |
|    clip_range           | 0.2          |
|    entropy_loss         | -16.6        |
|    explained_variance   | 9.536743e-07 |
|    learning_rate        | 0.0003       |
|    loss                 | 112          |
|    n_updates            | 1780         |
|    policy_gradient_loss | 0.0013       |
|    std                  | 0.971        |
|    value_loss           | 220          |
------------------------------------------
--------------------------------------------
| rollout/                |                |
|    ep_len_mean          | 1.49e+03       |
|    ep_rew_mean          | 962            |
| time/                   |                |
|    fps                  | 1815           |
|    iterations           | 180            |
|    time_elapsed         | 101            |
|    total_timesteps      | 184320         |
| train/                  |                |
|    approx_kl            | 0.016355954    |
|    clip_fraction        | 0.168          |
|    clip_range           | 0.2            |
|    entropy_loss         | -16.6          |
|    explained_variance   | -1.1920929e-07 |
|    learning_rate        | 0.0003         |
|    loss                 | 2.69           |
|    n_updates            | 1790           |
|    policy_gradient_loss | -0.0213        |
|    std                  | 0.972          |
|    value_loss           | 5.75           |
--------------------------------------------
-------------------------------------------
| rollout/                |               |
|    ep_len_mean          | 1.49e+03      |
|    ep_rew_mean          | 989           |
| time/                   |               |
|    fps                  | 1815          |
|    iterations           | 181           |
|    time_elapsed         | 102           |
|    total_timesteps      | 185344        |
| train/                  |               |
|    approx_kl            | 0.013408624   |
|    clip_fraction        | 0.158         |
|    clip_range           | 0.2           |
|    entropy_loss         | -16.7         |
|    explained_variance   | 5.4836273e-06 |
|    learning_rate        | 0.0003        |
|    loss                 | 1.68          |
|    n_updates            | 1800          |
|    policy_gradient_loss | -0.0197       |
|    std                  | 0.974         |
|    value_loss           | 3.82          |
-------------------------------------------
-------------------------------------------
| rollout/                |               |
|    ep_len_mean          | 1.49e+03      |
|    ep_rew_mean          | 989           |
| time/                   |               |
|    fps                  | 1815          |
|    iterations           | 182           |
|    time_elapsed         | 102           |
|    total_timesteps      | 186368        |
| train/                  |               |
|    approx_kl            | 0.00887034    |
|    clip_fraction        | 0.0828        |
|    clip_range           | 0.2           |
|    entropy_loss         | -16.7         |
|    explained_variance   | -9.536743e-07 |
|    learning_rate        | 0.0003        |
|    loss                 | 0.903         |
|    n_updates            | 1810          |
|    policy_gradient_loss | -0.0114       |
|    std                  | 0.974         |
|    value_loss           | 2.63          |
-------------------------------------------
-------------------------------------------
| rollout/                |               |
|    ep_len_mean          | 1.49e+03      |
|    ep_rew_mean          | 989           |
| time/                   |               |
|    fps                  | 1815          |
|    iterations           | 183           |
|    time_elapsed         | 103           |
|    total_timesteps      | 187392        |
| train/                  |               |
|    approx_kl            | 0.020664878   |
|    clip_fraction        | 0.201         |
|    clip_range           | 0.2           |
|    entropy_loss         | -16.7         |
|    explained_variance   | -2.861023e-06 |
|    learning_rate        | 0.0003        |
|    loss                 | 1.08          |
|    n_updates            | 1820          |
|    policy_gradient_loss | -0.0234       |
|    std                  | 0.977         |
|    value_loss           | 2.2           |
-------------------------------------------
-------------------------------------------
| rollout/                |               |
|    ep_len_mean          | 1.49e+03      |
|    ep_rew_mean          | 989           |
| time/                   |               |
|    fps                  | 1815          |
|    iterations           | 184           |
|    time_elapsed         | 103           |
|    total_timesteps      | 188416        |
| train/                  |               |
|    approx_kl            | 0.006681454   |
|    clip_fraction        | 0.132         |
|    clip_range           | 0.2           |
|    entropy_loss         | -16.7         |
|    explained_variance   | 2.4020672e-05 |
|    learning_rate        | 0.0003        |
|    loss                 | 0.937         |
|    n_updates            | 1830          |
|    policy_gradient_loss | -0.00787      |
|    std                  | 0.977         |
|    value_loss           | 3.11          |
-------------------------------------------
-------------------------------------------
| rollout/                |               |
|    ep_len_mean          | 1.49e+03      |
|    ep_rew_mean          | 990           |
| time/                   |               |
|    fps                  | 1815          |
|    iterations           | 185           |
|    time_elapsed         | 104           |
|    total_timesteps      | 189440        |
| train/                  |               |
|    approx_kl            | 0.015570427   |
|    clip_fraction        | 0.136         |
|    clip_range           | 0.2           |
|    entropy_loss         | -16.7         |
|    explained_variance   | 1.1920929e-07 |
|    learning_rate        | 0.0003        |
|    loss                 | 2.07          |
|    n_updates            | 1840          |
|    policy_gradient_loss | -0.0195       |
|    std                  | 0.978         |
|    value_loss           | 3.84          |
-------------------------------------------
-------------------------------------------
| rollout/                |               |
|    ep_len_mean          | 1.49e+03      |
|    ep_rew_mean          | 990           |
| time/                   |               |
|    fps                  | 1815          |
|    iterations           | 186           |
|    time_elapsed         | 104           |
|    total_timesteps      | 190464        |
| train/                  |               |
|    approx_kl            | 0.0060607973  |
|    clip_fraction        | 0.0382        |
|    clip_range           | 0.2           |
|    entropy_loss         | -16.7         |
|    explained_variance   | 2.3841858e-07 |
|    learning_rate        | 0.0003        |
|    loss                 | 76.5          |
|    n_updates            | 1850          |
|    policy_gradient_loss | -0.00138      |
|    std                  | 0.978         |
|    value_loss           | 152           |
-------------------------------------------
------------------------------------------
| rollout/                |              |
|    ep_len_mean          | 1.49e+03     |
|    ep_rew_mean          | 994          |
| time/                   |              |
|    fps                  | 1815         |
|    iterations           | 187          |
|    time_elapsed         | 105          |
|    total_timesteps      | 191488       |
| train/                  |              |
|    approx_kl            | 0.009789871  |
|    clip_fraction        | 0.106        |
|    clip_range           | 0.2          |
|    entropy_loss         | -16.7        |
|    explained_variance   | 4.172325e-06 |
|    learning_rate        | 0.0003       |
|    loss                 | 1.04         |
|    n_updates            | 1860         |
|    policy_gradient_loss | -0.0161      |
|    std                  | 0.978        |
|    value_loss           | 3.08         |
------------------------------------------
-------------------------------------------
| rollout/                |               |
|    ep_len_mean          | 1.49e+03      |
|    ep_rew_mean          | 997           |
| time/                   |               |
|    fps                  | 1814          |
|    iterations           | 188           |
|    time_elapsed         | 106           |
|    total_timesteps      | 192512        |
| train/                  |               |
|    approx_kl            | 0.0089264     |
|    clip_fraction        | 0.101         |
|    clip_range           | 0.2           |
|    entropy_loss         | -16.7         |
|    explained_variance   | -2.861023e-06 |
|    learning_rate        | 0.0003        |
|    loss                 | 0.448         |
|    n_updates            | 1870          |
|    policy_gradient_loss | -0.0169       |
|    std                  | 0.977         |
|    value_loss           | 1.58          |
-------------------------------------------
-------------------------------------------
| rollout/                |               |
|    ep_len_mean          | 1.49e+03      |
|    ep_rew_mean          | 997           |
| time/                   |               |
|    fps                  | 1814          |
|    iterations           | 189           |
|    time_elapsed         | 106           |
|    total_timesteps      | 193536        |
| train/                  |               |
|    approx_kl            | 0.007842538   |
|    clip_fraction        | 0.0554        |
|    clip_range           | 0.2           |
|    entropy_loss         | -16.7         |
|    explained_variance   | 5.9604645e-08 |
|    learning_rate        | 0.0003        |
|    loss                 | 0.62          |
|    n_updates            | 1880          |
|    policy_gradient_loss | -0.00951      |
|    std                  | 0.977         |
|    value_loss           | 2.13          |
-------------------------------------------
------------------------------------------
| rollout/                |              |
|    ep_len_mean          | 1.49e+03     |
|    ep_rew_mean          | 992          |
| time/                   |              |
|    fps                  | 1814         |
|    iterations           | 190          |
|    time_elapsed         | 107          |
|    total_timesteps      | 194560       |
| train/                  |              |
|    approx_kl            | 0.0020609447 |
|    clip_fraction        | 0.000195     |
|    clip_range           | 0.2          |
|    entropy_loss         | -16.7        |
|    explained_variance   | 8.34465e-07  |
|    learning_rate        | 0.0003       |
|    loss                 | 39.4         |
|    n_updates            | 1890         |
|    policy_gradient_loss | -0.00334     |
|    std                  | 0.977        |
|    value_loss           | 78.3         |
------------------------------------------
--------------------------------------------
| rollout/                |                |
|    ep_len_mean          | 1.49e+03       |
|    ep_rew_mean          | 992            |
| time/                   |                |
|    fps                  | 1814           |
|    iterations           | 191            |
|    time_elapsed         | 107            |
|    total_timesteps      | 195584         |
| train/                  |                |
|    approx_kl            | 0.012237182    |
|    clip_fraction        | 0.122          |
|    clip_range           | 0.2            |
|    entropy_loss         | -16.7          |
|    explained_variance   | -2.2649765e-06 |
|    learning_rate        | 0.0003         |
|    loss                 | 2              |
|    n_updates            | 1900           |
|    policy_gradient_loss | -0.0167        |
|    std                  | 0.979          |
|    value_loss           | 4.44           |
--------------------------------------------
-------------------------------------------
| rollout/                |               |
|    ep_len_mean          | 1.49e+03      |
|    ep_rew_mean          | 992           |
| time/                   |               |
|    fps                  | 1814          |
|    iterations           | 192           |
|    time_elapsed         | 108           |
|    total_timesteps      | 196608        |
| train/                  |               |
|    approx_kl            | 0.020768652   |
|    clip_fraction        | 0.188         |
|    clip_range           | 0.2           |
|    entropy_loss         | -16.7         |
|    explained_variance   | -2.503395e-06 |
|    learning_rate        | 0.0003        |
|    loss                 | 1.81          |
|    n_updates            | 1910          |
|    policy_gradient_loss | -0.021        |
|    std                  | 0.98          |
|    value_loss           | 3.22          |
-------------------------------------------
--------------------------------------------
| rollout/                |                |
|    ep_len_mean          | 1.49e+03       |
|    ep_rew_mean          | 995            |
| time/                   |                |
|    fps                  | 1814           |
|    iterations           | 193            |
|    time_elapsed         | 108            |
|    total_timesteps      | 197632         |
| train/                  |                |
|    approx_kl            | 0.008676017    |
|    clip_fraction        | 0.0825         |
|    clip_range           | 0.2            |
|    entropy_loss         | -16.8          |
|    explained_variance   | -1.4305115e-06 |
|    learning_rate        | 0.0003         |
|    loss                 | 3.55           |
|    n_updates            | 1920           |
|    policy_gradient_loss | -0.0125        |
|    std                  | 0.981          |
|    value_loss           | 7.93           |
--------------------------------------------
------------------------------------------
| rollout/                |              |
|    ep_len_mean          | 1.49e+03     |
|    ep_rew_mean          | 999          |
| time/                   |              |
|    fps                  | 1814         |
|    iterations           | 194          |
|    time_elapsed         | 109          |
|    total_timesteps      | 198656       |
| train/                  |              |
|    approx_kl            | 0.013164542  |
|    clip_fraction        | 0.118        |
|    clip_range           | 0.2          |
|    entropy_loss         | -16.8        |
|    explained_variance   | 7.987022e-06 |
|    learning_rate        | 0.0003       |
|    loss                 | 1.45         |
|    n_updates            | 1930         |
|    policy_gradient_loss | -0.0182      |
|    std                  | 0.983        |
|    value_loss           | 3.51         |
------------------------------------------
-------------------------------------------
| rollout/                |               |
|    ep_len_mean          | 1.49e+03      |
|    ep_rew_mean          | 1e+03         |
| time/                   |               |
|    fps                  | 1814          |
|    iterations           | 195           |
|    time_elapsed         | 110           |
|    total_timesteps      | 199680        |
| train/                  |               |
|    approx_kl            | 0.01179954    |
|    clip_fraction        | 0.109         |
|    clip_range           | 0.2           |
|    entropy_loss         | -16.8         |
|    explained_variance   | 5.1259995e-06 |
|    learning_rate        | 0.0003        |
|    loss                 | 0.708         |
|    n_updates            | 1940          |
|    policy_gradient_loss | -0.0165       |
|    std                  | 0.981         |
|    value_loss           | 1.92          |
-------------------------------------------
-------------------------------------------
| rollout/                |               |
|    ep_len_mean          | 1.49e+03      |
|    ep_rew_mean          | 1e+03         |
| time/                   |               |
|    fps                  | 1814          |
|    iterations           | 196           |
|    time_elapsed         | 110           |
|    total_timesteps      | 200704        |
| train/                  |               |
|    approx_kl            | 0.0066576786  |
|    clip_fraction        | 0.0386        |
|    clip_range           | 0.2           |
|    entropy_loss         | -16.7         |
|    explained_variance   | 2.6226044e-06 |
|    learning_rate        | 0.0003        |
|    loss                 | 6.36          |
|    n_updates            | 1950          |
|    policy_gradient_loss | -0.00754      |
|    std                  | 0.979         |
|    value_loss           | 14            |
-------------------------------------------
Política MuJoCo guardada en /home/pavilion/Documentos/Cuadrupedo/Experimentos/campana_step_estabilidad_xy48_w32_l64_20260929/mujoco/step_semilla_37/policy.zip
